parameter_name,parameter_value,bcr_system,bcr_capital,bcr_haircut,bcr_excluding_risk,bcr_excluding_emissions,bcr_excluding_emissions_and_risk
wildfire_ignition_rate_mult,0.29999999999999993,0.0051795510567337,0.6435704291873436,0.0041888639337752,0.0683609495098761,0.0055170258031143,0.3548123856272467
wildfire_ignition_rate_mult,0.3386513675054067,0.0050095974809261,0.6435704291873436,0.0040514171944113,0.0683609495098761,0.0053246153718622,0.3548123856272467
wildfire_ignition_rate_mult,0.3822824957109401,0.0048306699643565,0.6435704291873436,0.0039067129502194,0.0683609495098761,0.0051229303582177,0.3548123856272467
wildfire_ignition_rate_mult,0.4315349664862988,0.0046434522805428,0.6435704291873436,0.0037553041900967,0.0683609495098761,0.0049128662257261,0.3548123856272467
wildfire_ignition_rate_mult,0.4871330217566165,0.0044488195521917,0.6435704291873436,0.0035978986529774,0.0683609495098761,0.0046955216150132,0.3548123856272467
wildfire_ignition_rate_mult,0.5498942132497306,0.0042478299522949,0.6435704291873436,0.0034353521162506,0.068360949509876,0.0044721823809601,0.3548123856272436
wildfire_ignition_rate_mult,0.6207414243344368,0.0040417075210644,0.6435704291873436,0.0032686544992822,0.068360949509876,0.0042442959750796,0.3548123856272467
wildfire_ignition_rate_mult,0.7007164407270365,0.0038318162455552,0.6435704291873436,0.0030989089008,0.068360949509876,0.0040134369102686,0.3548123856272467
wildfire_ignition_rate_mult,0.7909952696191074,0.0036196262921817,0.6435704291873436,0.0029273042900799,0.068360949509876,0.0037812648542423,0.3548123856272467
wildfire_ignition_rate_mult,0.8929054324893952,0.0034066740097734,0.6435704291873436,0.0027550831601741,0.068360949509876,0.0035494776126259,0.3548123856272467
wildfire_ignition_rate_mult,1.0079454858851344,0.0031945179336129,0.6435704291873436,0.0025835059470092,0.068360949509876,0.0033197617801195,0.3548123856272467
wildfire_ignition_rate_mult,1.1378070572196748,0.002984693429333,0.6435704291873436,0.0024138143484955,0.068360949509876,0.0030937440798933,0.3548123856272467
wildfire_ignition_rate_mult,1.284399719615818,0.0027786687570037,0.6435704291873436,0.0022471957921892,0.068360949509876,0.0028729463396639,0.3548123856272467
wildfire_ignition_rate_mult,1.4498790715715255,0.0025778051880714,0.6435704291873436,0.0020847511806207,0.068360949509876,0.0026587466790273,0.3548123856272467
wildfire_ignition_rate_mult,1.6366784343505554,0.0023833233941268,0.6435704291873436,0.0019274677088473,0.068360949509876,0.0024523488643318,0.3548123856272467
wildfire_ignition_rate_mult,1.847544633198079,0.0021962777101654,0.6435704291873436,0.0017761980503514,0.0683609495098763,0.002254761016528,0.3548123856272531
wildfire_ignition_rate_mult,2.0855783885326815,0.0020175391461618,0.6435704291873436,0.0016316466179727,0.0683609495098763,0.0020667840411354,0.3548123856272531
wildfire_ignition_rate_mult,2.354279911054383,0.0018477872781412,0.6435704291873436,0.0014943630059659,0.0683609495098763,0.0018890093898108,0.3548123856272531
wildfire_ignition_rate_mult,2.6576003712302474,0.0016875104827881,0.6435704291873436,0.0013647421797356,0.0683609495098763,0.0017218251404128,0.3548123856272531
wildfire_ignition_rate_mult,3.0,0.0015370134540729,0.6435704291873436,0.0012430305547665,0.0683609495098763,0.0015654289457462,0.3548123856272531
congestion_binding_hours_mult,0.5,0.0020885246803946,0.4188077647447324,0.0016988410951259,0.0448019200367952,0.0021708030223403,0.2396582350719135
congestion_binding_hours_mult,0.5789473684210527,0.0022653833484512,0.4542966064988288,0.0018403265665445,0.0485439630914178,0.0023546242716865,0.2584180202753566
congestion_binding_hours_mult,0.6578947368421053,0.0024422235494856,0.4897854482529252,0.001981797264498,0.0522776422258739,0.0025384255709246,0.2769556672910438
congestion_binding_hours_mult,0.7368421052631579,0.0026190452863901,0.5252742900070219,0.0021232531913004,0.0560029854504243,0.0027222069233022,0.2952750984671818
congestion_binding_hours_mult,0.8157894736842105,0.0027958485620563,0.5607631317611184,0.0022646943492648,0.0597200206503968,0.0029059683320661,0.3133801443485101
congestion_binding_hours_mult,0.8947368421052632,0.0029726333793752,0.5962519735152148,0.0024061207407041,0.0634287755868815,0.0030897098004625,0.3312745463465104
congestion_binding_hours_mult,0.9736842105263157,0.0031493997412373,0.6317408152693113,0.0025475323679306,0.0671292778974222,0.003273431331737,0.3489619593169847
congestion_binding_hours_mult,1.0526315789473684,0.0033261476505325,0.667229657023408,0.0026889292332562,0.0708215550967018,0.0034571329291343,0.3664459540486647
congestion_binding_hours_mult,1.131578947368421,0.0035028771101499,0.702718498777504,0.0028303113389922,0.074505634577226,0.0036408145958985,0.3837300196665108
congestion_binding_hours_mult,1.2105263157894737,0.0036795881229781,0.7382073405316006,0.0029716786874496,0.0781815436099999,0.0038244763352729,0.4008175659529837
congestion_binding_hours_mult,1.2894736842105263,0.0038562806919053,0.7736961822856976,0.0031130312809386,0.0818493093452001,0.0040081181505003,0.4177119255905765
congestion_binding_hours_mult,1.3684210526315788,0.0040329548198188,0.8091850240397938,0.0032543691217692,0.0855089588128444,0.0041917400448226,0.43441635632878
congestion_binding_hours_mult,1.4473684210526314,0.0042096105096055,0.8446738657938906,0.0033956922122509,0.0891605189234553,0.0043753420214811,0.4509340430783045
congestion_binding_hours_mult,1.526315789473684,0.0043862477641515,0.8801627075479871,0.0035370005546926,0.0928040164687199,0.0045589240837163,0.4672680999354946
congestion_binding_hours_mult,1.6052631578947367,0.0045628665863426,0.915651549302083,0.0036782941514027,0.0964394781221437,0.0047424862347681,0.4834215721395575
congestion_binding_hours_mult,1.6842105263157894,0.0047394669790636,0.9511403910561804,0.0038195730046893,0.100066930439704,0.0049260284778756,0.4993974379653103
congestion_binding_hours_mult,1.763157894736842,0.004916048945199,0.9866292328102764,0.0039608371168599,0.1036863998604943,0.0051095508162773,0.5151986105537543
congestion_binding_hours_mult,1.8421052631578947,0.0050926124876327,1.0221180745643734,0.0041020864902214,0.1072979127073684,0.0052930532532109,0.5308279396829809
congestion_binding_hours_mult,1.9210526315789473,0.0052691576092478,1.0576069163184696,0.0042433211270805,0.1109014951875762,0.0054765357919135,0.5462882134815513
congestion_binding_hours_mult,2.0,0.005445684312927,1.0930957580725658,0.0043845410297432,0.1144971733934004,0.0056599984356215,0.5615821600866719
wacc_nominal_mult,0.7,0.0043065434256572,0.9706166471572124,0.0034828355271292,0.1114507921515316,0.0044400723831273,0.5026802966966868
wacc_nominal_mult,0.7368421052631579,0.0041568333661523,0.9178807069719718,0.0033617603486217,0.1044651903628099,0.0042904276340789,0.4803470058061199
wacc_nominal_mult,0.7736842105263158,0.0040109570580258,0.8693937710117237,0.0032437856440169,0.0980499519140711,0.0041442999912758,0.4593262015411181
wacc_nominal_mult,0.8105263157894737,0.0038691337529609,0.8247498542063979,0.0031290887289662,0.0921520471428472,0.0040019332417697,0.4395455639083937
wacc_nominal_mult,0.8473684210526315,0.0037315308929379,0.7835856399277863,0.0030178050190035,0.0867235685521352,0.003863520301589,0.4209339567566311
wacc_nominal_mult,0.8842105263157894,0.0035982680322886,0.7455757239832325,0.0029100312014329,0.0817212645000622,0.0037292065324812,0.4034220642267021
wacc_nominal_mult,0.9210526315789473,0.0034694211808066,0.710428407698041,0.0028058287477373,0.0771061043084977,0.0035990935675671,0.3869428742368251
wacc_nominal_mult,0.9578947368421051,0.0033450273712896,0.6778819758136767,0.0027052276074911,0.0728428757672342,0.0034732434514423,0.3714320310402791
wacc_nominal_mult,0.9947368421052631,0.0032250892849293,0.6477014023477712,0.0026082299490575,0.0688998149418018,0.0033516829257753,0.3568280774667018
wacc_nominal_mult,1.031578947368421,0.0031095797992163,0.6196754341787835,0.00251481383762,0.0652482674378595,0.0032344077193648,0.3430726056423481
wacc_nominal_mult,1.068421052631579,0.0029984463534173,0.5936140080030208,0.0024249367656799,0.0618623797626016,0.0031213867297778,0.3301103329761953
wacc_nominal_mult,1.1052631578947367,0.0028916150547546,0.5693459615338681,0.002338538973851,0.0587188190964213,0.0030125660104891,0.3178891181432561
wacc_nominal_mult,1.1421052631578945,0.0027889944732457,0.546717004438145,0.0022555465198647,0.0557965196001554,0.0029078725017823,0.3063599297931708
wacc_nominal_mult,1.1789473684210525,0.0026904790943016,0.5255879185944964,0.0021758740707931,0.0530764532983248,0.0028072174649156,0.2954767788296208
wacc_nominal_mult,1.2157894736842105,0.0025959524155133,0.505832960870832,0.002099427407517,0.0505414235683593,0.0027104995969291,0.2851966233822914
wacc_nominal_mult,1.2526315789473683,0.0025052896877519,0.4873384448046585,0.0020261056415381,0.0481758793078773,0.0026176078179718,0.2754792540485871
wacc_nominal_mult,1.289473684210526,0.0024183603110588,0.4700014803792076,0.0019558031526106,0.0459657479297642,0.0025284237343536,0.2662871656217946
wacc_nominal_mult,1.3263157894736841,0.0023350299032526,0.453728853562973,0.0018884112616875,0.0438982854353788,0.0024428237890012,0.2575854203425206
wacc_nominal_mult,1.3631578947368421,0.0022551620641531,0.4384360294590205,0.0018238196577033,0.0419619419301205,0.0023606811169935,0.2493415066989996
wacc_nominal_mult,1.4,0.0021786198612909,0.424046264828088,0.0017619175991139,0.0401462410658844,0.0022818671277743,0.2415251969462019
congestion_price_mult,0.7,0.0023303209078831,0.4673565002643363,0.001892274371079,0.0498539559222293,0.0024221122977683,0.2634410667686054
congestion_price_mult,0.7421052631578947,0.0024535695514042,0.4920882797623021,0.0019908725058023,0.0524609000051122,0.0025502129110614,0.2765115798588719
congestion_price_mult,0.7842105263157895,0.0025768113319076,0.5168200592602682,0.0020894651501549,0.0550647419888397,0.0026783061101975,0.2895003233176802
congestion_price_mult,0.8263157894736841,0.0027000462499665,0.5415518387582341,0.0021880523045954,0.0576654874070731,0.0028063918958204,0.3024080620832171
congestion_price_mult,0.8684210526315789,0.002823274306154,0.5662836182562001,0.0022866339695821,0.0602631417803202,0.0029344702685737,0.3152355515822084
congestion_price_mult,0.9105263157894736,0.0029464955010433,0.5910153977541657,0.0023852101455738,0.0628577106159736,0.0030625412291008,0.3279835378772957
congestion_price_mult,0.9526315789473684,0.0030697098352075,0.6157471772521319,0.0024837808330287,0.0654491994083507,0.0031906047780451,0.3406527578116825
congestion_price_mult,0.9947368421052631,0.0031929173092193,0.6404789567500976,0.0025823460324052,0.0680376136387315,0.0033186609160501,0.3532439391511048
congestion_price_mult,1.0368421052631578,0.0033161179236519,0.6652107362480638,0.0026809057441617,0.0706229587753978,0.003446709643759,0.3657578007231906
congestion_price_mult,1.0789473684210527,0.003439311679078,0.6899425157460296,0.0027794599687564,0.0732052402736715,0.003574750961815,0.3781950525542552
congestion_price_mult,1.1210526315789473,0.0035624985760704,0.7146742952439955,0.0028780087066476,0.0757844635759531,0.0037027848708612,0.3905563960035956
congestion_price_mult,1.163157894736842,0.0036856786152019,0.7394060747419617,0.0029765519582934,0.0783606341117597,0.0038308113715408,0.4028425238953311
congestion_price_mult,1.2052631578947368,0.003808851797045,0.7641378542399275,0.003075089724152,0.0809337572977635,0.0039588304644966,0.415054120647845
congestion_price_mult,1.2473684210526317,0.0039320181221724,0.7888696337378934,0.0031736220046813,0.0835038385378292,0.0040868421503716,0.4271918624008792
congestion_price_mult,1.289473684210526,0.0040551775911565,0.8136014132358593,0.0032721488003395,0.0860708832230525,0.0042148464298086,0.4392564171403275
congestion_price_mult,1.331578947368421,0.00417833020457,0.838333192733825,0.0033706701115846,0.0886348967317973,0.0043428433034503,0.4512484448207799
congestion_price_mult,1.3736842105263158,0.0043014759629851,0.8630649722317905,0.0034691859388743,0.0911958844297332,0.0044708327719396,0.4631685974858632
congestion_price_mult,1.4157894736842105,0.0044246148669741,0.887796751729757,0.0035676962826666,0.0937538516698735,0.0045988148359189,0.4750175193864243
congestion_price_mult,1.4578947368421051,0.0045477469171095,0.912528531227723,0.0036662011434192,0.096308803792612,0.0047267894960308,0.4867958470965989
congestion_price_mult,1.5,0.0046708721139633,0.9372603107256888,0.0037647005215901,0.0988607461257601,0.0048547567529177,0.4985042096278162
congestion_average_exceedance_mult,0.5,0.0020885246803946,0.4188077647447324,0.0016988410951259,0.0448019200367952,0.0021708030223403,0.2396582350719135
congestion_average_exceedance_mult,0.5789473684210527,0.0022653833484512,0.4542966064988288,0.0018403265665445,0.0485439630914178,0.0023546242716865,0.2584180202753566
congestion_average_exceedance_mult,0.6578947368421053,0.0024422235494856,0.4897854482529252,0.001981797264498,0.0522776422258739,0.0025384255709246,0.2769556672910438
congestion_average_exceedance_mult,0.7368421052631579,0.0026190452863901,0.5252742900070219,0.0021232531913004,0.0560029854504243,0.0027222069233022,0.2952750984671818
congestion_average_exceedance_mult,0.8157894736842105,0.0027958485620563,0.5607631317611181,0.0022646943492648,0.0597200206503968,0.0029059683320661,0.3133801443485099
congestion_average_exceedance_mult,0.8947368421052632,0.0029726333793752,0.5962519735152148,0.0024061207407041,0.0634287755868815,0.0030897098004625,0.3312745463465104
congestion_average_exceedance_mult,0.9736842105263157,0.0031493997412373,0.6317408152693113,0.0025475323679306,0.0671292778974222,0.003273431331737,0.3489619593169847
congestion_average_exceedance_mult,1.0526315789473684,0.0033261476505325,0.667229657023408,0.0026889292332562,0.0708215550967018,0.0034571329291343,0.3664459540486647
congestion_average_exceedance_mult,1.131578947368421,0.0035028771101499,0.702718498777504,0.0028303113389922,0.074505634577226,0.0036408145958985,0.3837300196665108
congestion_average_exceedance_mult,1.2105263157894737,0.0036795881229781,0.7382073405316006,0.0029716786874496,0.0781815436099999,0.0038244763352729,0.4008175659529837
congestion_average_exceedance_mult,1.2894736842105263,0.0038562806919053,0.7736961822856976,0.0031130312809386,0.0818493093452001,0.0040081181505003,0.4177119255905765
congestion_average_exceedance_mult,1.3684210526315788,0.0040329548198188,0.8091850240397938,0.0032543691217692,0.0855089588128444,0.0041917400448226,0.43441635632878
congestion_average_exceedance_mult,1.4473684210526314,0.0042054662777033,0.8438457928196281,0.0033923767111613,0.0890653256915249,0.0043710339218318,0.4502929098279908
congestion_average_exceedance_mult,1.526315789473684,0.0043376971885155,0.8704624241352003,0.003498158740591,0.0916874449447575,0.0045084536059494,0.4597507236099588
congestion_average_exceedance_mult,1.6052631578947367,0.0044699026108337,0.8970790554507732,0.0036039203797458,0.0942989013750039,0.0046458457587581,0.4690172472016084
congestion_average_exceedance_mult,1.6842105263157894,0.0046020825520266,0.9236956867663452,0.0037096616345205,0.0968997598906918,0.0047832103885305,0.478098225946709
congestion_average_exceedance_mult,1.763157894736842,0.0047342370194606,0.9503123180819172,0.003815382510808,0.0994900848744871,0.0049205475035363,0.4869991773900524
congestion_average_exceedance_mult,1.8421052631578947,0.0048628132235464,0.9762191725624082,0.003918240677975,0.1019882191920718,0.005054163809668,0.4951868903190082
congestion_average_exceedance_mult,1.9210526315789473,0.0048617002091909,0.9762191725624082,0.003917343860038,0.1015008649467249,0.005052961489025,0.4839057012175056
congestion_average_exceedance_mult,2.0,0.0048605877042184,0.9762191725624082,0.0039164474525395,0.101018146228704,0.0050517597402792,0.4731270718338414
congestion_flow_factor_mult,0.5,0.0024603363238604,0.4937286528922693,0.0019962698518485,0.0519976345733002,0.0025571884381777,0.2605775314173975
congestion_flow_factor_mult,0.5368421052631579,0.0026378984029444,0.5292805859205956,0.002138323767758,0.0559212985011097,0.0027417567108701,0.2839070003421469
congestion_flow_factor_mult,0.5736842105263158,0.0027218565512447,0.5460944105027584,0.0022054919244063,0.0577693942685698,0.0028290269414504,0.2947815140941532
congestion_flow_factor_mult,0.6105263157894737,0.0027852475879461,0.5587915294414464,0.0022562058172542,0.0591602553663777,0.0028949182653618,0.3028809624339993
congestion_flow_factor_mult,0.6473684210526316,0.0028486434390763,0.5714886483801344,0.002306923561726,0.060553361901036,0.0029608147906497,0.311047578568639
congestion_flow_factor_mult,0.6842105263157895,0.0029120441051839,0.5841857673188219,0.0023576451582604,0.0619487193145617,0.0030267165179302,0.3192822014991476
congestion_flow_factor_mult,0.7210526315789474,0.0029754495868174,0.5968828862575097,0.0024083706072964,0.0633463330665721,0.0030926234478192,0.3275856842584613
congestion_flow_factor_mult,0.7578947368421052,0.0030388598845255,0.6095800051961975,0.0024590999092728,0.0647462086343547,0.0031585355809329,0.335958894205912
congestion_flow_factor_mult,0.7947368421052632,0.0030672547855063,0.6152739926954106,0.0024818159159587,0.0653552625196005,0.0031880491085301,0.3392120322220563
congestion_flow_factor_mult,0.831578947368421,0.0030925737811338,0.6203528402708858,0.0025020711124606,0.0658947447999063,0.0032143652143261,0.3420120956537572
congestion_flow_factor_mult,0.868421052631579,0.0031178927767612,0.6254316878463608,0.0025223263089626,0.0664342270802122,0.0032406813201222,0.344812159085458
congestion_flow_factor_mult,0.9052631578947368,0.0031432117723886,0.6305105354218359,0.0025425815054646,0.0669737093605181,0.0032669974259183,0.3476122225171587
congestion_flow_factor_mult,0.9421052631578947,0.0031685307680161,0.635589382997311,0.0025628367019665,0.0675131916408239,0.0032933135317144,0.3504122859488596
congestion_flow_factor_mult,0.9789473684210526,0.0031938497636435,0.6406682305727864,0.0025830918984685,0.0680526739211298,0.0033196296375105,0.3532123493805606
congestion_flow_factor_mult,1.0157894736842104,0.003219168759271,0.6457470781482614,0.0026033470949704,0.0685921562014357,0.0033459457433066,0.3560124128122613
congestion_flow_factor_mult,1.0526315789473684,0.0032444877548984,0.6508259257237364,0.0026236022914724,0.0691316384817415,0.0033722618491027,0.3588124762439621
congestion_flow_factor_mult,1.0894736842105264,0.0032698067505258,0.6559047732992116,0.0026438574879743,0.0696711207620474,0.0033985779548988,0.361612539675663
congestion_flow_factor_mult,1.1263157894736842,0.0032951257461533,0.6609836208746869,0.0026641126844763,0.0702106030423533,0.0034248940606948,0.3644126031073638
congestion_flow_factor_mult,1.163157894736842,0.0033204447417807,0.666062468450162,0.0026843678809782,0.0707500853226591,0.0034512101664909,0.3672126665390647
congestion_flow_factor_mult,1.2,0.0033457637374082,0.6711413160256369,0.0027046230774802,0.071289567602965,0.003477526272287,0.3700127299707654
congestion_binding_hours_mult,0.5,0.0020885246803946,0.4188077647447324,0.0016988410951259,0.0448019200367952,0.0021708030223403,0.2396582350719135
congestion_binding_hours_mult,0.5789473684210527,0.0022653833484512,0.4542966064988288,0.0018403265665445,0.0485439630914178,0.0023546242716865,0.2584180202753566
congestion_binding_hours_mult,0.6578947368421053,0.0024422235494856,0.4897854482529252,0.001981797264498,0.0522776422258739,0.0025384255709246,0.2769556672910438
congestion_binding_hours_mult,0.7368421052631579,0.0026190452863901,0.5252742900070219,0.0021232531913004,0.0560029854504243,0.0027222069233022,0.2952750984671818
congestion_binding_hours_mult,0.8157894736842105,0.0027958485620563,0.5607631317611184,0.0022646943492648,0.0597200206503968,0.0029059683320661,0.3133801443485101
congestion_binding_hours_mult,0.8947368421052632,0.0029726333793752,0.5962519735152148,0.0024061207407041,0.0634287755868815,0.0030897098004625,0.3312745463465104
congestion_binding_hours_mult,0.9736842105263157,0.0031493997412373,0.6317408152693113,0.0025475323679306,0.0671292778974222,0.003273431331737,0.3489619593169847
congestion_binding_hours_mult,1.0526315789473684,0.0033261476505325,0.667229657023408,0.0026889292332562,0.0708215550967018,0.0034571329291343,0.3664459540486647
congestion_binding_hours_mult,1.131578947368421,0.0035028771101499,0.702718498777504,0.0028303113389922,0.074505634577226,0.0036408145958985,0.3837300196665108
congestion_binding_hours_mult,1.2105263157894737,0.0036795881229781,0.7382073405316006,0.0029716786874496,0.0781815436099999,0.0038244763352729,0.4008175659529837
congestion_binding_hours_mult,1.2894736842105263,0.0038562806919053,0.7736961822856976,0.0031130312809386,0.0818493093452001,0.0040081181505003,0.4177119255905765
congestion_binding_hours_mult,1.3684210526315788,0.0040329548198188,0.8091850240397938,0.0032543691217692,0.0855089588128444,0.0041917400448226,0.43441635632878
congestion_binding_hours_mult,1.4473684210526314,0.0042096105096055,0.8446738657938906,0.0033956922122509,0.0891605189234553,0.0043753420214811,0.4509340430783045
congestion_binding_hours_mult,1.526315789473684,0.0043862477641515,0.8801627075479871,0.0035370005546926,0.0928040164687199,0.0045589240837163,0.4672680999354946
congestion_binding_hours_mult,1.6052631578947367,0.0045628665863426,0.915651549302083,0.0036782941514027,0.0964394781221437,0.0047424862347681,0.4834215721395575
congestion_binding_hours_mult,1.6842105263157894,0.0047394669790636,0.9511403910561804,0.0038195730046893,0.100066930439704,0.0049260284778756,0.4993974379653103
congestion_binding_hours_mult,1.763157894736842,0.004916048945199,0.9866292328102764,0.0039608371168599,0.1036863998604943,0.0051095508162773,0.5151986105537543
congestion_binding_hours_mult,1.8421052631578947,0.0050926124876327,1.0221180745643734,0.0041020864902214,0.1072979127073684,0.0052930532532109,0.5308279396829809
congestion_binding_hours_mult,1.9210526315789473,0.0052691576092478,1.0576069163184696,0.0042433211270805,0.1109014951875762,0.0054765357919135,0.5462882134815513
congestion_binding_hours_mult,2.0,0.005445684312927,1.0930957580725658,0.0043845410297432,0.1144971733934004,0.0056599984356215,0.5615821600866719
wacc_nominal_mult,0.7,0.0043065434256572,0.9706166471572124,0.0034828355271292,0.1114507921515316,0.0044400723831273,0.5026802966966868
wacc_nominal_mult,0.7368421052631579,0.0041568333661523,0.9178807069719718,0.0033617603486217,0.1044651903628099,0.0042904276340789,0.4803470058061199
wacc_nominal_mult,0.7736842105263158,0.0040109570580258,0.8693937710117237,0.0032437856440169,0.0980499519140711,0.0041442999912758,0.4593262015411181
wacc_nominal_mult,0.8105263157894737,0.0038691337529609,0.8247498542063979,0.0031290887289662,0.0921520471428472,0.0040019332417697,0.4395455639083937
wacc_nominal_mult,0.8473684210526315,0.0037315308929379,0.7835856399277863,0.0030178050190035,0.0867235685521352,0.003863520301589,0.4209339567566311
wacc_nominal_mult,0.8842105263157894,0.0035982680322886,0.7455757239832325,0.0029100312014329,0.0817212645000622,0.0037292065324812,0.4034220642267021
wacc_nominal_mult,0.9210526315789473,0.0034694211808066,0.710428407698041,0.0028058287477373,0.0771061043084977,0.0035990935675671,0.3869428742368251
wacc_nominal_mult,0.9578947368421051,0.0033450273712896,0.6778819758136767,0.0027052276074911,0.0728428757672342,0.0034732434514423,0.3714320310402791
wacc_nominal_mult,0.9947368421052631,0.0032250892849293,0.6477014023477712,0.0026082299490575,0.0688998149418018,0.0033516829257753,0.3568280774667018
wacc_nominal_mult,1.031578947368421,0.0031095797992163,0.6196754341787835,0.00251481383762,0.0652482674378595,0.0032344077193648,0.3430726056423481
wacc_nominal_mult,1.068421052631579,0.0029984463534173,0.5936140080030208,0.0024249367656799,0.0618623797626016,0.0031213867297778,0.3301103329761953
wacc_nominal_mult,1.1052631578947367,0.0028916150547546,0.5693459615338681,0.002338538973851,0.0587188190964213,0.0030125660104891,0.3178891181432561
wacc_nominal_mult,1.1421052631578945,0.0027889944732457,0.546717004438145,0.0022555465198647,0.0557965196001554,0.0029078725017823,0.3063599297931708
wacc_nominal_mult,1.1789473684210525,0.0026904790943016,0.5255879185944964,0.0021758740707931,0.0530764532983248,0.0028072174649156,0.2954767788296208
wacc_nominal_mult,1.2157894736842105,0.0025959524155133,0.505832960870832,0.002099427407517,0.0505414235683593,0.0027104995969291,0.2851966233822914
wacc_nominal_mult,1.2526315789473683,0.0025052896877519,0.4873384448046585,0.0020261056415381,0.0481758793078773,0.0026176078179718,0.2754792540485871
wacc_nominal_mult,1.289473684210526,0.0024183603110588,0.4700014803792076,0.0019558031526106,0.0459657479297642,0.0025284237343536,0.2662871656217946
wacc_nominal_mult,1.3263157894736841,0.0023350299032526,0.453728853562973,0.0018884112616875,0.0438982854353788,0.0024428237890012,0.2575854203425206
wacc_nominal_mult,1.3631578947368421,0.0022551620641531,0.4384360294590205,0.0018238196577033,0.0419619419301205,0.0023606811169935,0.2493415066989996
wacc_nominal_mult,1.4,0.0021786198612909,0.424046264828088,0.0017619175991139,0.0401462410658844,0.0022818671277743,0.2415251969462019
congestion_price_mult,0.7,0.0023303209078831,0.4673565002643363,0.001892274371079,0.0498539559222293,0.0024221122977683,0.2634410667686054
congestion_price_mult,0.7421052631578947,0.0024535695514042,0.4920882797623021,0.0019908725058023,0.0524609000051122,0.0025502129110614,0.2765115798588719
congestion_price_mult,0.7842105263157895,0.0025768113319076,0.5168200592602682,0.0020894651501549,0.0550647419888397,0.0026783061101975,0.2895003233176802
congestion_price_mult,0.8263157894736841,0.0027000462499665,0.5415518387582341,0.0021880523045954,0.0576654874070731,0.0028063918958204,0.3024080620832171
congestion_price_mult,0.8684210526315789,0.002823274306154,0.5662836182562001,0.0022866339695821,0.0602631417803202,0.0029344702685737,0.3152355515822084
congestion_price_mult,0.9105263157894736,0.0029464955010433,0.5910153977541657,0.0023852101455738,0.0628577106159736,0.0030625412291008,0.3279835378772957
congestion_price_mult,0.9526315789473684,0.0030697098352075,0.6157471772521319,0.0024837808330287,0.0654491994083507,0.0031906047780451,0.3406527578116825
congestion_price_mult,0.9947368421052631,0.0031929173092193,0.6404789567500976,0.0025823460324052,0.0680376136387315,0.0033186609160501,0.3532439391511048
congestion_price_mult,1.0368421052631578,0.0033161179236519,0.6652107362480638,0.0026809057441617,0.0706229587753978,0.003446709643759,0.3657578007231906
congestion_price_mult,1.0789473684210527,0.003439311679078,0.6899425157460296,0.0027794599687564,0.0732052402736715,0.003574750961815,0.3781950525542552
congestion_price_mult,1.1210526315789473,0.0035624985760704,0.7146742952439955,0.0028780087066476,0.0757844635759531,0.0037027848708612,0.3905563960035956
congestion_price_mult,1.163157894736842,0.0036856786152019,0.7394060747419617,0.0029765519582934,0.0783606341117597,0.0038308113715408,0.4028425238953311
congestion_price_mult,1.2052631578947368,0.003808851797045,0.7641378542399275,0.003075089724152,0.0809337572977635,0.0039588304644966,0.415054120647845
congestion_price_mult,1.2473684210526317,0.0039320181221724,0.7888696337378934,0.0031736220046813,0.0835038385378292,0.0040868421503716,0.4271918624008792
congestion_price_mult,1.289473684210526,0.0040551775911565,0.8136014132358593,0.0032721488003395,0.0860708832230525,0.0042148464298086,0.4392564171403275
congestion_price_mult,1.331578947368421,0.00417833020457,0.838333192733825,0.0033706701115846,0.0886348967317973,0.0043428433034503,0.4512484448207799
congestion_price_mult,1.3736842105263158,0.0043014759629851,0.8630649722317905,0.0034691859388743,0.0911958844297332,0.0044708327719396,0.4631685974858632
congestion_price_mult,1.4157894736842105,0.0044246148669741,0.887796751729757,0.0035676962826666,0.0937538516698735,0.0045988148359189,0.4750175193864243
congestion_price_mult,1.4578947368421051,0.0045477469171095,0.912528531227723,0.0036662011434192,0.096308803792612,0.0047267894960308,0.4867958470965989
congestion_price_mult,1.5,0.0046708721139633,0.9372603107256888,0.0037647005215901,0.0988607461257601,0.0048547567529177,0.4985042096278162
congestion_average_exceedance_mult,0.5,0.0020885246803946,0.4188077647447324,0.0016988410951259,0.0448019200367952,0.0021708030223403,0.2396582350719135
congestion_average_exceedance_mult,0.5789473684210527,0.0022653833484512,0.4542966064988288,0.0018403265665445,0.0485439630914178,0.0023546242716865,0.2584180202753566
congestion_average_exceedance_mult,0.6578947368421053,0.0024422235494856,0.4897854482529252,0.001981797264498,0.0522776422258739,0.0025384255709246,0.2769556672910438
congestion_average_exceedance_mult,0.7368421052631579,0.0026190452863901,0.5252742900070219,0.0021232531913004,0.0560029854504243,0.0027222069233022,0.2952750984671818
congestion_average_exceedance_mult,0.8157894736842105,0.0027958485620563,0.5607631317611181,0.0022646943492648,0.0597200206503968,0.0029059683320661,0.3133801443485099
congestion_average_exceedance_mult,0.8947368421052632,0.0029726333793752,0.5962519735152148,0.0024061207407041,0.0634287755868815,0.0030897098004625,0.3312745463465104
congestion_average_exceedance_mult,0.9736842105263157,0.0031493997412373,0.6317408152693113,0.0025475323679306,0.0671292778974222,0.003273431331737,0.3489619593169847
congestion_average_exceedance_mult,1.0526315789473684,0.0033261476505325,0.667229657023408,0.0026889292332562,0.0708215550967018,0.0034571329291343,0.3664459540486647
congestion_average_exceedance_mult,1.131578947368421,0.0035028771101499,0.702718498777504,0.0028303113389922,0.074505634577226,0.0036408145958985,0.3837300196665108
congestion_average_exceedance_mult,1.2105263157894737,0.0036795881229781,0.7382073405316006,0.0029716786874496,0.0781815436099999,0.0038244763352729,0.4008175659529837
congestion_average_exceedance_mult,1.2894736842105263,0.0038562806919053,0.7736961822856976,0.0031130312809386,0.0818493093452001,0.0040081181505003,0.4177119255905765
congestion_average_exceedance_mult,1.3684210526315788,0.0040329548198188,0.8091850240397938,0.0032543691217692,0.0855089588128444,0.0041917400448226,0.43441635632878
congestion_average_exceedance_mult,1.4473684210526314,0.0042054662777033,0.8438457928196281,0.0033923767111613,0.0890653256915249,0.0043710339218318,0.4502929098279908
congestion_average_exceedance_mult,1.526315789473684,0.0043376971885155,0.8704624241352003,0.003498158740591,0.0916874449447575,0.0045084536059494,0.4597507236099588
congestion_average_exceedance_mult,1.6052631578947367,0.0044699026108337,0.8970790554507732,0.0036039203797458,0.0942989013750039,0.0046458457587581,0.4690172472016084
congestion_average_exceedance_mult,1.6842105263157894,0.0046020825520266,0.9236956867663452,0.0037096616345205,0.0968997598906918,0.0047832103885305,0.478098225946709
congestion_average_exceedance_mult,1.763157894736842,0.0047342370194606,0.9503123180819172,0.003815382510808,0.0994900848744871,0.0049205475035363,0.4869991773900524
congestion_average_exceedance_mult,1.8421052631578947,0.0048628132235464,0.9762191725624082,0.003918240677975,0.1019882191920718,0.005054163809668,0.4951868903190082
congestion_average_exceedance_mult,1.9210526315789473,0.0048617002091909,0.9762191725624082,0.003917343860038,0.1015008649467249,0.005052961489025,0.4839057012175056
congestion_average_exceedance_mult,2.0,0.0048605877042184,0.9762191725624082,0.0039164474525395,0.101018146228704,0.0050517597402792,0.4731270718338414
congestion_flow_factor_mult,0.5,0.0024603363238604,0.4937286528922693,0.0019962698518485,0.0519976345733002,0.0025571884381777,0.2605775314173975
congestion_flow_factor_mult,0.5368421052631579,0.0026378984029444,0.5292805859205956,0.002138323767758,0.0559212985011097,0.0027417567108701,0.2839070003421469
congestion_flow_factor_mult,0.5736842105263158,0.0027218565512447,0.5460944105027584,0.0022054919244063,0.0577693942685698,0.0028290269414504,0.2947815140941532
congestion_flow_factor_mult,0.6105263157894737,0.0027852475879461,0.5587915294414464,0.0022562058172542,0.0591602553663777,0.0028949182653618,0.3028809624339993
congestion_flow_factor_mult,0.6473684210526316,0.0028486434390763,0.5714886483801344,0.002306923561726,0.060553361901036,0.0029608147906497,0.311047578568639
congestion_flow_factor_mult,0.6842105263157895,0.0029120441051839,0.5841857673188219,0.0023576451582604,0.0619487193145617,0.0030267165179302,0.3192822014991476
congestion_flow_factor_mult,0.7210526315789474,0.0029754495868174,0.5968828862575097,0.0024083706072964,0.0633463330665721,0.0030926234478192,0.3275856842584613
congestion_flow_factor_mult,0.7578947368421052,0.0030388598845255,0.6095800051961975,0.0024590999092728,0.0647462086343547,0.0031585355809329,0.335958894205912
congestion_flow_factor_mult,0.7947368421052632,0.0030672547855063,0.6152739926954106,0.0024818159159587,0.0653552625196005,0.0031880491085301,0.3392120322220563
congestion_flow_factor_mult,0.831578947368421,0.0030925737811338,0.6203528402708858,0.0025020711124606,0.0658947447999063,0.0032143652143261,0.3420120956537572
congestion_flow_factor_mult,0.868421052631579,0.0031178927767612,0.6254316878463608,0.0025223263089626,0.0664342270802122,0.0032406813201222,0.344812159085458
congestion_flow_factor_mult,0.9052631578947368,0.0031432117723886,0.6305105354218359,0.0025425815054646,0.0669737093605181,0.0032669974259183,0.3476122225171587
congestion_flow_factor_mult,0.9421052631578947,0.0031685307680161,0.635589382997311,0.0025628367019665,0.0675131916408239,0.0032933135317144,0.3504122859488596
congestion_flow_factor_mult,0.9789473684210526,0.0031938497636435,0.6406682305727864,0.0025830918984685,0.0680526739211298,0.0033196296375105,0.3532123493805606
congestion_flow_factor_mult,1.0157894736842104,0.003219168759271,0.6457470781482614,0.0026033470949704,0.0685921562014357,0.0033459457433066,0.3560124128122613
congestion_flow_factor_mult,1.0526315789473684,0.0032444877548984,0.6508259257237364,0.0026236022914724,0.0691316384817415,0.0033722618491027,0.3588124762439621
congestion_flow_factor_mult,1.0894736842105264,0.0032698067505258,0.6559047732992116,0.0026438574879743,0.0696711207620474,0.0033985779548988,0.361612539675663
congestion_flow_factor_mult,1.1263157894736842,0.0032951257461533,0.6609836208746869,0.0026641126844763,0.0702106030423533,0.0034248940606948,0.3644126031073638
congestion_flow_factor_mult,1.163157894736842,0.0033204447417807,0.666062468450162,0.0026843678809782,0.0707500853226591,0.0034512101664909,0.3672126665390647
congestion_flow_factor_mult,1.2,0.0033457637374082,0.6711413160256369,0.0027046230774802,0.071289567602965,0.003477526272287,0.3700127299707654
materials_cost_mult,0.8,0.0032107800280485,0.7556235212383728,0.0025966576082483,0.0694965312853035,0.0033373275158686,0.3876925041987518
materials_cost_mult,0.8263157894736842,0.0032104558296547,0.7387003222715237,0.0025963954189303,0.0693449618442614,0.0033369772597883,0.3830222022472078
materials_cost_mult,0.8526315789473684,0.003210131696724,0.7225185533199247,0.0025961332825543,0.0691940520994699,0.0033366270772198,0.3784630816817518
materials_cost_mult,0.8789473684210527,0.0032098076292368,0.7070305341590476,0.0025958711991045,0.0690437977533533,0.00333627696814,0.3740112190211894
materials_cost_mult,0.9052631578947369,0.0032094836271731,0.6921925870882372,0.0025956091685648,0.0688941945455834,0.0033359269325256,0.3696628732457281
materials_cost_mult,0.9315789473684211,0.0032091596905132,0.6779646255729701,0.0025953471909191,0.0687452382526769,0.0033355769703537,0.3654144753121662
materials_cost_mult,0.9578947368421054,0.0032088358192372,0.6643097925978626,0.0025950852661514,0.068596924687599,0.003335227081601,0.3612626183838872
materials_cost_mult,0.9842105263157895,0.0032085120133254,0.6511941418602516,0.0025948233942458,0.0684492496993691,0.0033348772662445,0.3572040487193499
materials_cost_mult,1.0105263157894737,0.003208188272758,0.6385863559982913,0.0025945615751862,0.0683022091726751,0.003334527524261,0.3532356571679952
materials_cost_mult,1.036842105263158,0.0032078645975152,0.6264574969297088,0.0025942998089567,0.0681557990274906,0.0033341778556276,0.3493544712267532
materials_cost_mult,1.063157894736842,0.0032075409875772,0.6147807841115883,0.0025940380955412,0.0680100152186977,0.0033338282603211,0.3455576476145425
materials_cost_mult,1.0894736842105264,0.0032072174429243,0.6035313971448455,0.0025937764349237,0.067864853735714,0.0033334787383185,0.3418424653257698
materials_cost_mult,1.1157894736842104,0.0032068939635367,0.5926862996611785,0.0025935148270884,0.0677203106021253,0.0033331292895967,0.3382063191271655
materials_cost_mult,1.1421052631578947,0.0032065705493946,0.5822240818627159,0.0025932532720191,0.0675763818753225,0.0033327799141327,0.3346467134652924
materials_cost_mult,1.168421052631579,0.0032062472004784,0.5721248194495158,0.0025929917697,0.0674330636461425,0.0033324306119034,0.3311612567547808
materials_cost_mult,1.194736842105263,0.0032059239167683,0.5623699469789925,0.0025927303201152,0.0672903520385154,0.0033320813828858,0.3277476560198509
materials_cost_mult,1.2210526315789474,0.0032056006982445,0.5529421439636761,0.0025924689232485,0.067148243209114,0.0033317322270569,0.3244037118638101
materials_cost_mult,1.2473684210526317,0.0032052775448875,0.5438252322370943,0.0025922075790842,0.0670067333470092,0.0033313831443937,0.3211273137434451
materials_cost_mult,1.2736842105263158,0.0032049544566774,0.5350040833083496,0.0025919462876062,0.0668658186733293,0.0033310341348732,0.317916435526889
materials_cost_mult,1.3,0.0032046314335945,0.526464534589341,0.0025916850487987,0.0667254954409238,0.0033306851984724,0.3147691313153506
wildfire_ignition_rate_mult,0.29999999999999993,0.0051795510567337,0.6435704291873436,0.0041888639337752,0.0683609495098761,0.0055170258031143,0.3548123856272467
wildfire_ignition_rate_mult,0.3386513675054067,0.0050095974809261,0.6435704291873436,0.0040514171944113,0.0683609495098761,0.0053246153718622,0.3548123856272467
wildfire_ignition_rate_mult,0.3822824957109401,0.0048306699643565,0.6435704291873436,0.0039067129502194,0.0683609495098761,0.0051229303582177,0.3548123856272467
wildfire_ignition_rate_mult,0.4315349664862988,0.0046434522805428,0.6435704291873436,0.0037553041900967,0.0683609495098761,0.0049128662257261,0.3548123856272467
wildfire_ignition_rate_mult,0.4871330217566165,0.0044488195521917,0.6435704291873436,0.0035978986529774,0.0683609495098761,0.0046955216150132,0.3548123856272467
wildfire_ignition_rate_mult,0.5498942132497306,0.0042478299522949,0.6435704291873436,0.0034353521162506,0.068360949509876,0.0044721823809601,0.3548123856272436
wildfire_ignition_rate_mult,0.6207414243344368,0.0040417075210644,0.6435704291873436,0.0032686544992822,0.068360949509876,0.0042442959750796,0.3548123856272467
wildfire_ignition_rate_mult,0.7007164407270365,0.0038318162455552,0.6435704291873436,0.0030989089008,0.068360949509876,0.0040134369102686,0.3548123856272467
wildfire_ignition_rate_mult,0.7909952696191074,0.0036196262921817,0.6435704291873436,0.0029273042900799,0.068360949509876,0.0037812648542423,0.3548123856272467
wildfire_ignition_rate_mult,0.8929054324893952,0.0034066740097734,0.6435704291873436,0.0027550831601741,0.068360949509876,0.0035494776126259,0.3548123856272467
wildfire_ignition_rate_mult,1.0079454858851344,0.0031945179336129,0.6435704291873436,0.0025835059470092,0.068360949509876,0.0033197617801195,0.3548123856272467
wildfire_ignition_rate_mult,1.1378070572196748,0.002984693429333,0.6435704291873436,0.0024138143484955,0.068360949509876,0.0030937440798933,0.3548123856272467
wildfire_ignition_rate_mult,1.284399719615818,0.0027786687570037,0.6435704291873436,0.0022471957921892,0.068360949509876,0.0028729463396639,0.3548123856272467
wildfire_ignition_rate_mult,1.4498790715715255,0.0025778051880714,0.6435704291873436,0.0020847511806207,0.068360949509876,0.0026587466790273,0.3548123856272467
wildfire_ignition_rate_mult,1.6366784343505554,0.0023833233941268,0.6435704291873436,0.0019274677088473,0.068360949509876,0.0024523488643318,0.3548123856272467
wildfire_ignition_rate_mult,1.847544633198079,0.0021962777101654,0.6435704291873436,0.0017761980503514,0.0683609495098763,0.002254761016528,0.3548123856272531
wildfire_ignition_rate_mult,2.0855783885326815,0.0020175391461618,0.6435704291873436,0.0016316466179727,0.0683609495098763,0.0020667840411354,0.3548123856272531
wildfire_ignition_rate_mult,2.354279911054383,0.0018477872781412,0.6435704291873436,0.0014943630059659,0.0683609495098763,0.0018890093898108,0.3548123856272531
wildfire_ignition_rate_mult,2.6576003712302474,0.0016875104827881,0.6435704291873436,0.0013647421797356,0.0683609495098763,0.0017218251404128,0.3548123856272531
wildfire_ignition_rate_mult,3.0,0.0015370134540729,0.6435704291873436,0.0012430305547665,0.0683609495098763,0.0015654289457462,0.3548123856272531
congestion_binding_hours_mult,0.5,0.0020885246803946,0.4188077647447324,0.0016988410951259,0.0448019200367952,0.0021708030223403,0.2396582350719135
congestion_binding_hours_mult,0.5789473684210527,0.0022653833484512,0.4542966064988288,0.0018403265665445,0.0485439630914178,0.0023546242716865,0.2584180202753566
congestion_binding_hours_mult,0.6578947368421053,0.0024422235494856,0.4897854482529252,0.001981797264498,0.0522776422258739,0.0025384255709246,0.2769556672910438
congestion_binding_hours_mult,0.7368421052631579,0.0026190452863901,0.5252742900070219,0.0021232531913004,0.0560029854504243,0.0027222069233022,0.2952750984671818
congestion_binding_hours_mult,0.8157894736842105,0.0027958485620563,0.5607631317611184,0.0022646943492648,0.0597200206503968,0.0029059683320661,0.3133801443485101
congestion_binding_hours_mult,0.8947368421052632,0.0029726333793752,0.5962519735152148,0.0024061207407041,0.0634287755868815,0.0030897098004625,0.3312745463465104
congestion_binding_hours_mult,0.9736842105263157,0.0031493997412373,0.6317408152693113,0.0025475323679306,0.0671292778974222,0.003273431331737,0.3489619593169847
congestion_binding_hours_mult,1.0526315789473684,0.0033261476505325,0.667229657023408,0.0026889292332562,0.0708215550967018,0.0034571329291343,0.3664459540486647
congestion_binding_hours_mult,1.131578947368421,0.0035028771101499,0.702718498777504,0.0028303113389922,0.074505634577226,0.0036408145958985,0.3837300196665108
congestion_binding_hours_mult,1.2105263157894737,0.0036795881229781,0.7382073405316006,0.0029716786874496,0.0781815436099999,0.0038244763352729,0.4008175659529837
congestion_binding_hours_mult,1.2894736842105263,0.0038562806919053,0.7736961822856976,0.0031130312809386,0.0818493093452001,0.0040081181505003,0.4177119255905765
congestion_binding_hours_mult,1.3684210526315788,0.0040329548198188,0.8091850240397938,0.0032543691217692,0.0855089588128444,0.0041917400448226,0.43441635632878
congestion_binding_hours_mult,1.4473684210526314,0.0042096105096055,0.8446738657938906,0.0033956922122509,0.0891605189234553,0.0043753420214811,0.4509340430783045
congestion_binding_hours_mult,1.526315789473684,0.0043862477641515,0.8801627075479871,0.0035370005546926,0.0928040164687199,0.0045589240837163,0.4672680999354946
congestion_binding_hours_mult,1.6052631578947367,0.0045628665863426,0.915651549302083,0.0036782941514027,0.0964394781221437,0.0047424862347681,0.4834215721395575
congestion_binding_hours_mult,1.6842105263157894,0.0047394669790636,0.9511403910561804,0.0038195730046893,0.100066930439704,0.0049260284778756,0.4993974379653103
congestion_binding_hours_mult,1.763157894736842,0.004916048945199,0.9866292328102764,0.0039608371168599,0.1036863998604943,0.0051095508162773,0.5151986105537543
congestion_binding_hours_mult,1.8421052631578947,0.0050926124876327,1.0221180745643734,0.0041020864902214,0.1072979127073684,0.0052930532532109,0.5308279396829809
congestion_binding_hours_mult,1.9210526315789473,0.0052691576092478,1.0576069163184696,0.0042433211270805,0.1109014951875762,0.0054765357919135,0.5462882134815513
congestion_binding_hours_mult,2.0,0.005445684312927,1.0930957580725658,0.0043845410297432,0.1144971733934004,0.0056599984356215,0.5615821600866719
wacc_nominal_mult,0.7,0.0043065434256572,0.9706166471572124,0.0034828355271292,0.1114507921515316,0.0044400723831273,0.5026802966966868
wacc_nominal_mult,0.7368421052631579,0.0041568333661523,0.9178807069719718,0.0033617603486217,0.1044651903628099,0.0042904276340789,0.4803470058061199
wacc_nominal_mult,0.7736842105263158,0.0040109570580258,0.8693937710117237,0.0032437856440169,0.0980499519140711,0.0041442999912758,0.4593262015411181
wacc_nominal_mult,0.8105263157894737,0.0038691337529609,0.8247498542063979,0.0031290887289662,0.0921520471428472,0.0040019332417697,0.4395455639083937
wacc_nominal_mult,0.8473684210526315,0.0037315308929379,0.7835856399277863,0.0030178050190035,0.0867235685521352,0.003863520301589,0.4209339567566311
wacc_nominal_mult,0.8842105263157894,0.0035982680322886,0.7455757239832325,0.0029100312014329,0.0817212645000622,0.0037292065324812,0.4034220642267021
wacc_nominal_mult,0.9210526315789473,0.0034694211808066,0.710428407698041,0.0028058287477373,0.0771061043084977,0.0035990935675671,0.3869428742368251
wacc_nominal_mult,0.9578947368421051,0.0033450273712896,0.6778819758136767,0.0027052276074911,0.0728428757672342,0.0034732434514423,0.3714320310402791
wacc_nominal_mult,0.9947368421052631,0.0032250892849293,0.6477014023477712,0.0026082299490575,0.0688998149418018,0.0033516829257753,0.3568280774667018
wacc_nominal_mult,1.031578947368421,0.0031095797992163,0.6196754341787835,0.00251481383762,0.0652482674378595,0.0032344077193648,0.3430726056423481
wacc_nominal_mult,1.068421052631579,0.0029984463534173,0.5936140080030208,0.0024249367656799,0.0618623797626016,0.0031213867297778,0.3301103329761953
wacc_nominal_mult,1.1052631578947367,0.0028916150547546,0.5693459615338681,0.002338538973851,0.0587188190964213,0.0030125660104891,0.3178891181432561
wacc_nominal_mult,1.1421052631578945,0.0027889944732457,0.546717004438145,0.0022555465198647,0.0557965196001554,0.0029078725017823,0.3063599297931708
wacc_nominal_mult,1.1789473684210525,0.0026904790943016,0.5255879185944964,0.0021758740707931,0.0530764532983248,0.0028072174649156,0.2954767788296208
wacc_nominal_mult,1.2157894736842105,0.0025959524155133,0.505832960870832,0.002099427407517,0.0505414235683593,0.0027104995969291,0.2851966233822914
wacc_nominal_mult,1.2526315789473683,0.0025052896877519,0.4873384448046585,0.0020261056415381,0.0481758793078773,0.0026176078179718,0.2754792540485871
wacc_nominal_mult,1.289473684210526,0.0024183603110588,0.4700014803792076,0.0019558031526106,0.0459657479297642,0.0025284237343536,0.2662871656217946
wacc_nominal_mult,1.3263157894736841,0.0023350299032526,0.453728853562973,0.0018884112616875,0.0438982854353788,0.0024428237890012,0.2575854203425206
wacc_nominal_mult,1.3631578947368421,0.0022551620641531,0.4384360294590205,0.0018238196577033,0.0419619419301205,0.0023606811169935,0.2493415066989996
wacc_nominal_mult,1.4,0.0021786198612909,0.424046264828088,0.0017619175991139,0.0401462410658844,0.0022818671277743,0.2415251969462019
congestion_price_mult,0.7,0.0023303209078831,0.4673565002643363,0.001892274371079,0.0498539559222293,0.0024221122977683,0.2634410667686054
congestion_price_mult,0.7421052631578947,0.0024535695514042,0.4920882797623021,0.0019908725058023,0.0524609000051122,0.0025502129110614,0.2765115798588719
congestion_price_mult,0.7842105263157895,0.0025768113319076,0.5168200592602682,0.0020894651501549,0.0550647419888397,0.0026783061101975,0.2895003233176802
congestion_price_mult,0.8263157894736841,0.0027000462499665,0.5415518387582341,0.0021880523045954,0.0576654874070731,0.0028063918958204,0.3024080620832171
congestion_price_mult,0.8684210526315789,0.002823274306154,0.5662836182562001,0.0022866339695821,0.0602631417803202,0.0029344702685737,0.3152355515822084
congestion_price_mult,0.9105263157894736,0.0029464955010433,0.5910153977541657,0.0023852101455738,0.0628577106159736,0.0030625412291008,0.3279835378772957
congestion_price_mult,0.9526315789473684,0.0030697098352075,0.6157471772521319,0.0024837808330287,0.0654491994083507,0.0031906047780451,0.3406527578116825
congestion_price_mult,0.9947368421052631,0.0031929173092193,0.6404789567500976,0.0025823460324052,0.0680376136387315,0.0033186609160501,0.3532439391511048
congestion_price_mult,1.0368421052631578,0.0033161179236519,0.6652107362480638,0.0026809057441617,0.0706229587753978,0.003446709643759,0.3657578007231906
congestion_price_mult,1.0789473684210527,0.003439311679078,0.6899425157460296,0.0027794599687564,0.0732052402736715,0.003574750961815,0.3781950525542552
congestion_price_mult,1.1210526315789473,0.0035624985760704,0.7146742952439955,0.0028780087066476,0.0757844635759531,0.0037027848708612,0.3905563960035956
congestion_price_mult,1.163157894736842,0.0036856786152019,0.7394060747419617,0.0029765519582934,0.0783606341117597,0.0038308113715408,0.4028425238953311
congestion_price_mult,1.2052631578947368,0.003808851797045,0.7641378542399275,0.003075089724152,0.0809337572977635,0.0039588304644966,0.415054120647845
congestion_price_mult,1.2473684210526317,0.0039320181221724,0.7888696337378934,0.0031736220046813,0.0835038385378292,0.0040868421503716,0.4271918624008792
congestion_price_mult,1.289473684210526,0.0040551775911565,0.8136014132358593,0.0032721488003395,0.0860708832230525,0.0042148464298086,0.4392564171403275
congestion_price_mult,1.331578947368421,0.00417833020457,0.838333192733825,0.0033706701115846,0.0886348967317973,0.0043428433034503,0.4512484448207799
congestion_price_mult,1.3736842105263158,0.0043014759629851,0.8630649722317905,0.0034691859388743,0.0911958844297332,0.0044708327719396,0.4631685974858632
congestion_price_mult,1.4157894736842105,0.0044246148669741,0.887796751729757,0.0035676962826666,0.0937538516698735,0.0045988148359189,0.4750175193864243
congestion_price_mult,1.4578947368421051,0.0045477469171095,0.912528531227723,0.0036662011434192,0.096308803792612,0.0047267894960308,0.4867958470965989
congestion_price_mult,1.5,0.0046708721139633,0.9372603107256888,0.0037647005215901,0.0988607461257601,0.0048547567529177,0.4985042096278162
congestion_average_exceedance_mult,0.5,0.0020885246803946,0.4188077647447324,0.0016988410951259,0.0448019200367952,0.0021708030223403,0.2396582350719135
congestion_average_exceedance_mult,0.5789473684210527,0.0022653833484512,0.4542966064988288,0.0018403265665445,0.0485439630914178,0.0023546242716865,0.2584180202753566
congestion_average_exceedance_mult,0.6578947368421053,0.0024422235494856,0.4897854482529252,0.001981797264498,0.0522776422258739,0.0025384255709246,0.2769556672910438
congestion_average_exceedance_mult,0.7368421052631579,0.0026190452863901,0.5252742900070219,0.0021232531913004,0.0560029854504243,0.0027222069233022,0.2952750984671818
congestion_average_exceedance_mult,0.8157894736842105,0.0027958485620563,0.5607631317611181,0.0022646943492648,0.0597200206503968,0.0029059683320661,0.3133801443485099
congestion_average_exceedance_mult,0.8947368421052632,0.0029726333793752,0.5962519735152148,0.0024061207407041,0.0634287755868815,0.0030897098004625,0.3312745463465104
congestion_average_exceedance_mult,0.9736842105263157,0.0031493997412373,0.6317408152693113,0.0025475323679306,0.0671292778974222,0.003273431331737,0.3489619593169847
congestion_average_exceedance_mult,1.0526315789473684,0.0033261476505325,0.667229657023408,0.0026889292332562,0.0708215550967018,0.0034571329291343,0.3664459540486647
congestion_average_exceedance_mult,1.131578947368421,0.0035028771101499,0.702718498777504,0.0028303113389922,0.074505634577226,0.0036408145958985,0.3837300196665108
congestion_average_exceedance_mult,1.2105263157894737,0.0036795881229781,0.7382073405316006,0.0029716786874496,0.0781815436099999,0.0038244763352729,0.4008175659529837
congestion_average_exceedance_mult,1.2894736842105263,0.0038562806919053,0.7736961822856976,0.0031130312809386,0.0818493093452001,0.0040081181505003,0.4177119255905765
congestion_average_exceedance_mult,1.3684210526315788,0.0040329548198188,0.8091850240397938,0.0032543691217692,0.0855089588128444,0.0041917400448226,0.43441635632878
congestion_average_exceedance_mult,1.4473684210526314,0.0042054662777033,0.8438457928196281,0.0033923767111613,0.0890653256915249,0.0043710339218318,0.4502929098279908
congestion_average_exceedance_mult,1.526315789473684,0.0043376971885155,0.8704624241352003,0.003498158740591,0.0916874449447575,0.0045084536059494,0.4597507236099588
congestion_average_exceedance_mult,1.6052631578947367,0.0044699026108337,0.8970790554507732,0.0036039203797458,0.0942989013750039,0.0046458457587581,0.4690172472016084
congestion_average_exceedance_mult,1.6842105263157894,0.0046020825520266,0.9236956867663452,0.0037096616345205,0.0968997598906918,0.0047832103885305,0.478098225946709
congestion_average_exceedance_mult,1.763157894736842,0.0047342370194606,0.9503123180819172,0.003815382510808,0.0994900848744871,0.0049205475035363,0.4869991773900524
congestion_average_exceedance_mult,1.8421052631578947,0.0048628132235464,0.9762191725624082,0.003918240677975,0.1019882191920718,0.005054163809668,0.4951868903190082
congestion_average_exceedance_mult,1.9210526315789473,0.0048617002091909,0.9762191725624082,0.003917343860038,0.1015008649467249,0.005052961489025,0.4839057012175056
congestion_average_exceedance_mult,2.0,0.0048605877042184,0.9762191725624082,0.0039164474525395,0.101018146228704,0.0050517597402792,0.4731270718338414
congestion_saturation_factor_mult,0.5,0.0032083177611449,0.6435704291873436,0.0028874859850304,0.068360949509876,0.0033346674122511,0.3548123856272467
congestion_saturation_factor_mult,0.5789473684210527,0.0032083177611449,0.6435704291873436,0.0028412512973629,0.068360949509876,0.0033346674122511,0.3548123856272467
congestion_saturation_factor_mult,0.6578947368421053,0.0032083177611449,0.6435704291873436,0.0027950166096954,0.068360949509876,0.0033346674122511,0.3548123856272467
congestion_saturation_factor_mult,0.7368421052631579,0.0032083177611449,0.6435704291873436,0.0027487819220279,0.068360949509876,0.0033346674122511,0.3548123856272467
congestion_saturation_factor_mult,0.8157894736842105,0.0032083177611449,0.6435704291873436,0.0027025472343604,0.068360949509876,0.0033346674122511,0.3548123856272467
congestion_saturation_factor_mult,0.8947368421052632,0.0032083177611449,0.6435704291873436,0.0026563125466929,0.068360949509876,0.0033346674122511,0.3548123856272467
congestion_saturation_factor_mult,0.9736842105263157,0.0032083177611449,0.6435704291873436,0.0026100778590254,0.068360949509876,0.0033346674122511,0.3548123856272467
congestion_saturation_factor_mult,1.0526315789473684,0.0032083177611449,0.6435704291873436,0.0025638431713579,0.068360949509876,0.0033346674122511,0.3548123856272467
congestion_saturation_factor_mult,1.131578947368421,0.0032083177611449,0.6435704291873436,0.0025176084836904,0.068360949509876,0.0033346674122511,0.3548123856272467
congestion_saturation_factor_mult,1.2105263157894737,0.0032083177611449,0.6435704291873436,0.0024713737960229,0.068360949509876,0.0033346674122511,0.3548123856272467
congestion_saturation_factor_mult,1.2894736842105263,0.0032083177611449,0.6435704291873436,0.0024251391083554,0.068360949509876,0.0033346674122511,0.3548123856272467
congestion_saturation_factor_mult,1.3684210526315788,0.0032083177611449,0.6435704291873436,0.0023789044206879,0.068360949509876,0.0033346674122511,0.3548123856272467
congestion_saturation_factor_mult,1.4473684210526314,0.0032083177611449,0.6435704291873436,0.0023326697330204,0.068360949509876,0.0033346674122511,0.3548123856272467
congestion_saturation_factor_mult,1.526315789473684,0.0032083177611449,0.6435704291873436,0.0022864350453529,0.068360949509876,0.0033346674122511,0.3548123856272467
congestion_saturation_factor_mult,1.6052631578947367,0.0032083177611449,0.6435704291873436,0.0022402003576854,0.068360949509876,0.0033346674122511,0.3548123856272467
congestion_saturation_factor_mult,1.6842105263157894,0.0032083177611449,0.6435704291873436,0.0021939656700179,0.068360949509876,0.0033346674122511,0.3548123856272467
congestion_saturation_factor_mult,1.763157894736842,0.0032083177611449,0.6435704291873436,0.0021477309823504,0.068360949509876,0.0033346674122511,0.3548123856272467
congestion_saturation_factor_mult,1.8421052631578947,0.0032083177611449,0.6435704291873436,0.0021014962946829,0.068360949509876,0.0033346674122511,0.3548123856272467
congestion_saturation_factor_mult,1.9210526315789473,0.0032083177611449,0.6435704291873436,0.0020552616070154,0.068360949509876,0.0033346674122511,0.3548123856272467
congestion_saturation_factor_mult,2.0,0.0032083177611449,0.6435704291873436,0.0020090269193479,0.068360949509876,0.0033346674122511,0.3548123856272467
wacc_nominal_mult,0.7,0.0043065434256572,0.9706166471572124,0.0034828355271292,0.1114507921515316,0.0044400723831273,0.5026802966966868
wacc_nominal_mult,0.7368421052631579,0.0041568333661523,0.9178807069719718,0.0033617603486217,0.1044651903628099,0.0042904276340789,0.4803470058061199
wacc_nominal_mult,0.7736842105263158,0.0040109570580258,0.8693937710117237,0.0032437856440169,0.0980499519140711,0.0041442999912758,0.4593262015411181
wacc_nominal_mult,0.8105263157894737,0.0038691337529609,0.8247498542063979,0.0031290887289662,0.0921520471428472,0.0040019332417697,0.4395455639083937
wacc_nominal_mult,0.8473684210526315,0.0037315308929379,0.7835856399277863,0.0030178050190035,0.0867235685521352,0.003863520301589,0.4209339567566311
wacc_nominal_mult,0.8842105263157894,0.0035982680322886,0.7455757239832325,0.0029100312014329,0.0817212645000622,0.0037292065324812,0.4034220642267021
wacc_nominal_mult,0.9210526315789473,0.0034694211808066,0.710428407698041,0.0028058287477373,0.0771061043084977,0.0035990935675671,0.3869428742368251
wacc_nominal_mult,0.9578947368421051,0.0033450273712896,0.6778819758136767,0.0027052276074911,0.0728428757672342,0.0034732434514423,0.3714320310402791
wacc_nominal_mult,0.9947368421052631,0.0032250892849293,0.6477014023477712,0.0026082299490575,0.0688998149418018,0.0033516829257753,0.3568280774667018
wacc_nominal_mult,1.031578947368421,0.0031095797992163,0.6196754341787835,0.00251481383762,0.0652482674378595,0.0032344077193648,0.3430726056423481
wacc_nominal_mult,1.068421052631579,0.0029984463534173,0.5936140080030208,0.0024249367656799,0.0618623797626016,0.0031213867297778,0.3301103329761953
wacc_nominal_mult,1.1052631578947367,0.0028916150547546,0.5693459615338681,0.002338538973851,0.0587188190964213,0.0030125660104891,0.3178891181432561
wacc_nominal_mult,1.1421052631578945,0.0027889944732457,0.546717004438145,0.0022555465198647,0.0557965196001554,0.0029078725017823,0.3063599297931708
wacc_nominal_mult,1.1789473684210525,0.0026904790943016,0.5255879185944964,0.0021758740707931,0.0530764532983248,0.0028072174649156,0.2954767788296208
wacc_nominal_mult,1.2157894736842105,0.0025959524155133,0.505832960870832,0.002099427407517,0.0505414235683593,0.0027104995969291,0.2851966233822914
wacc_nominal_mult,1.2526315789473683,0.0025052896877519,0.4873384448046585,0.0020261056415381,0.0481758793078773,0.0026176078179718,0.2754792540485871
wacc_nominal_mult,1.289473684210526,0.0024183603110588,0.4700014803792076,0.0019558031526106,0.0459657479297642,0.0025284237343536,0.2662871656217946
wacc_nominal_mult,1.3263157894736841,0.0023350299032526,0.453728853562973,0.0018884112616875,0.0438982854353788,0.0024428237890012,0.2575854203425206
wacc_nominal_mult,1.3631578947368421,0.0022551620641531,0.4384360294590205,0.0018238196577033,0.0419619419301205,0.0023606811169935,0.2493415066989996
wacc_nominal_mult,1.4,0.0021786198612909,0.424046264828088,0.0017619175991139,0.0401462410658844,0.0022818671277743,0.2415251969462019
congestion_binding_hours_mult,0.5,0.0020885246803946,0.4188077647447324,0.0016988410951259,0.0448019200367952,0.0021708030223403,0.2396582350719135
congestion_binding_hours_mult,0.5789473684210527,0.0022653833484512,0.4542966064988288,0.0018403265665445,0.0485439630914178,0.0023546242716865,0.2584180202753566
congestion_binding_hours_mult,0.6578947368421053,0.0024422235494856,0.4897854482529252,0.001981797264498,0.0522776422258739,0.0025384255709246,0.2769556672910438
congestion_binding_hours_mult,0.7368421052631579,0.0026190452863901,0.5252742900070219,0.0021232531913004,0.0560029854504243,0.0027222069233022,0.2952750984671818
congestion_binding_hours_mult,0.8157894736842105,0.0027958485620563,0.5607631317611184,0.0022646943492648,0.0597200206503968,0.0029059683320661,0.3133801443485101
congestion_binding_hours_mult,0.8947368421052632,0.0029726333793752,0.5962519735152148,0.0024061207407041,0.0634287755868815,0.0030897098004625,0.3312745463465104
congestion_binding_hours_mult,0.9736842105263157,0.0031493997412373,0.6317408152693113,0.0025475323679306,0.0671292778974222,0.003273431331737,0.3489619593169847
congestion_binding_hours_mult,1.0526315789473684,0.0033261476505325,0.667229657023408,0.0026889292332562,0.0708215550967018,0.0034571329291343,0.3664459540486647
congestion_binding_hours_mult,1.131578947368421,0.0035028771101499,0.702718498777504,0.0028303113389922,0.074505634577226,0.0036408145958985,0.3837300196665108
congestion_binding_hours_mult,1.2105263157894737,0.0036795881229781,0.7382073405316006,0.0029716786874496,0.0781815436099999,0.0038244763352729,0.4008175659529837
congestion_binding_hours_mult,1.2894736842105263,0.0038562806919053,0.7736961822856976,0.0031130312809386,0.0818493093452001,0.0040081181505003,0.4177119255905765
congestion_binding_hours_mult,1.3684210526315788,0.0040329548198188,0.8091850240397938,0.0032543691217692,0.0855089588128444,0.0041917400448226,0.43441635632878
congestion_binding_hours_mult,1.4473684210526314,0.0042096105096055,0.8446738657938906,0.0033956922122509,0.0891605189234553,0.0043753420214811,0.4509340430783045
congestion_binding_hours_mult,1.526315789473684,0.0043862477641515,0.8801627075479871,0.0035370005546926,0.0928040164687199,0.0045589240837163,0.4672680999354946
congestion_binding_hours_mult,1.6052631578947367,0.0045628665863426,0.915651549302083,0.0036782941514027,0.0964394781221437,0.0047424862347681,0.4834215721395575
congestion_binding_hours_mult,1.6842105263157894,0.0047394669790636,0.9511403910561804,0.0038195730046893,0.100066930439704,0.0049260284778756,0.4993974379653103
congestion_binding_hours_mult,1.763157894736842,0.004916048945199,0.9866292328102764,0.0039608371168599,0.1036863998604943,0.0051095508162773,0.5151986105537543
congestion_binding_hours_mult,1.8421052631578947,0.0050926124876327,1.0221180745643734,0.0041020864902214,0.1072979127073684,0.0052930532532109,0.5308279396829809
congestion_binding_hours_mult,1.9210526315789473,0.0052691576092478,1.0576069163184696,0.0042433211270805,0.1109014951875762,0.0054765357919135,0.5462882134815513
congestion_binding_hours_mult,2.0,0.005445684312927,1.0930957580725658,0.0043845410297432,0.1144971733934004,0.0056599984356215,0.5615821600866719
congestion_price_mult,0.7,0.0023303209078831,0.4673565002643363,0.001892274371079,0.0498539559222293,0.0024221122977683,0.2634410667686054
congestion_price_mult,0.7421052631578947,0.0024535695514042,0.4920882797623021,0.0019908725058023,0.0524609000051122,0.0025502129110614,0.2765115798588719
congestion_price_mult,0.7842105263157895,0.0025768113319076,0.5168200592602682,0.0020894651501549,0.0550647419888397,0.0026783061101975,0.2895003233176802
congestion_price_mult,0.8263157894736841,0.0027000462499665,0.5415518387582341,0.0021880523045954,0.0576654874070731,0.0028063918958204,0.3024080620832171
congestion_price_mult,0.8684210526315789,0.002823274306154,0.5662836182562001,0.0022866339695821,0.0602631417803202,0.0029344702685737,0.3152355515822084
congestion_price_mult,0.9105263157894736,0.0029464955010433,0.5910153977541657,0.0023852101455738,0.0628577106159736,0.0030625412291008,0.3279835378772957
congestion_price_mult,0.9526315789473684,0.0030697098352075,0.6157471772521319,0.0024837808330287,0.0654491994083507,0.0031906047780451,0.3406527578116825
congestion_price_mult,0.9947368421052631,0.0031929173092193,0.6404789567500976,0.0025823460324052,0.0680376136387315,0.0033186609160501,0.3532439391511048
congestion_price_mult,1.0368421052631578,0.0033161179236519,0.6652107362480638,0.0026809057441617,0.0706229587753978,0.003446709643759,0.3657578007231906
congestion_price_mult,1.0789473684210527,0.003439311679078,0.6899425157460296,0.0027794599687564,0.0732052402736715,0.003574750961815,0.3781950525542552
congestion_price_mult,1.1210526315789473,0.0035624985760704,0.7146742952439955,0.0028780087066476,0.0757844635759531,0.0037027848708612,0.3905563960035956
congestion_price_mult,1.163157894736842,0.0036856786152019,0.7394060747419617,0.0029765519582934,0.0783606341117597,0.0038308113715408,0.4028425238953311
congestion_price_mult,1.2052631578947368,0.003808851797045,0.7641378542399275,0.003075089724152,0.0809337572977635,0.0039588304644966,0.415054120647845
congestion_price_mult,1.2473684210526317,0.0039320181221724,0.7888696337378934,0.0031736220046813,0.0835038385378292,0.0040868421503716,0.4271918624008792
congestion_price_mult,1.289473684210526,0.0040551775911565,0.8136014132358593,0.0032721488003395,0.0860708832230525,0.0042148464298086,0.4392564171403275
congestion_price_mult,1.331578947368421,0.00417833020457,0.838333192733825,0.0033706701115846,0.0886348967317973,0.0043428433034503,0.4512484448207799
congestion_price_mult,1.3736842105263158,0.0043014759629851,0.8630649722317905,0.0034691859388743,0.0911958844297332,0.0044708327719396,0.4631685974858632
congestion_price_mult,1.4157894736842105,0.0044246148669741,0.887796751729757,0.0035676962826666,0.0937538516698735,0.0045988148359189,0.4750175193864243
congestion_price_mult,1.4578947368421051,0.0045477469171095,0.912528531227723,0.0036662011434192,0.096308803792612,0.0047267894960308,0.4867958470965989
congestion_price_mult,1.5,0.0046708721139633,0.9372603107256888,0.0037647005215901,0.0988607461257601,0.0048547567529177,0.4985042096278162
electricity_price_mult,0.7,0.0032377925936906,0.6435704291873436,0.0026185035097053,0.0848118449759632,0.0033346674122511,0.3548123856272404
electricity_price_mult,0.7421052631578947,0.0032336231462163,0.6435704291873436,0.0026151315479353,0.0820409055430099,0.0033346674122511,0.3548123856272404
electricity_price_mult,0.7842105263157895,0.0032294644232921,0.6435704291873436,0.0026117682594424,0.0794452997762086,0.0033346674122511,0.3548123856272467
electricity_price_mult,0.8263157894736841,0.0032253163835931,0.6435704291873436,0.0026084136108057,0.0770088964432592,0.0033346674122511,0.3548123856272404
electricity_price_mult,0.8684210526315789,0.0032211789860063,0.6435704291873436,0.002605067568776,0.0747174842615788,0.0033346674122511,0.3548123856272467
electricity_price_mult,0.9105263157894736,0.0032170521896294,0.6435704291873436,0.0026017301002742,0.0725584945099592,0.0033346674122511,0.3548123856272467
electricity_price_mult,0.9526315789473684,0.0032129359537696,0.6435704291873436,0.0025984011723908,0.0705207703810786,0.0033346674122511,0.3548123856272467
electricity_price_mult,0.9947368421052631,0.0032088302379419,0.6435704291873436,0.0025950807523844,0.0685943741372086,0.0033346674122511,0.3548123856272467
electricity_price_mult,1.0368421052631578,0.0032047350018681,0.6435704291873436,0.0025917688076807,0.0667704250327169,0.0033346674122511,0.3548123856272467
electricity_price_mult,1.0789473684210527,0.0032006502054753,0.6435704291873436,0.0025884653058716,0.0650409624249954,0.0033346674122511,0.3548123856272404
electricity_price_mult,1.1210526315789473,0.0031965758088946,0.6435704291873436,0.0025851702147137,0.06339882962217,0.0033346674122511,0.3548123856272467
electricity_price_mult,1.163157894736842,0.00319251177246,0.6435704291873436,0.002581883502128,0.0618375748929521,0.0033346674122511,0.3548123856272467
electricity_price_mult,1.2052631578947368,0.0031884580567069,0.6435704291873436,0.0025786051361982,0.060351366751307,0.0033346674122511,0.3548123856272467
electricity_price_mult,1.2473684210526317,0.0031844146223707,0.6435704291873436,0.0025753350851699,0.0589349211707233,0.0033346674122511,0.3548123856272467
electricity_price_mult,1.289473684210526,0.0031803814303861,0.6435704291873436,0.0025720733174496,0.0575834388131196,0.0033346674122511,0.3548123856272467
electricity_price_mult,1.331578947368421,0.0031763584418852,0.6435704291873436,0.0025688198016037,0.0562925507008521,0.0033346674122511,0.3548123856272467
electricity_price_mult,1.3736842105263158,0.0031723456181964,0.6435704291873436,0.0025655745063574,0.0550582710359475,0.0033346674122511,0.3548123856272467
electricity_price_mult,1.4157894736842105,0.0031683429208436,0.6435704291873436,0.0025623374005938,0.0538769560931217,0.0033346674122511,0.3548123856272467
electricity_price_mult,1.4578947368421051,0.0031643503115445,0.6435704291873436,0.0025591084533527,0.052745268293521,0.0033346674122511,0.3548123856272467
electricity_price_mult,1.5,0.0031603677522094,0.6435704291873436,0.0025558876338299,0.0516601447131096,0.0033346674122511,0.3548123856272467
congestion_average_exceedance_mult,0.5,0.0020885246803946,0.4188077647447324,0.0016988410951259,0.0448019200367952,0.0021708030223403,0.2396582350719135
congestion_average_exceedance_mult,0.5789473684210527,0.0022653833484512,0.4542966064988288,0.0018403265665445,0.0485439630914178,0.0023546242716865,0.2584180202753566
congestion_average_exceedance_mult,0.6578947368421053,0.0024422235494856,0.4897854482529252,0.001981797264498,0.0522776422258739,0.0025384255709246,0.2769556672910438
congestion_average_exceedance_mult,0.7368421052631579,0.0026190452863901,0.5252742900070219,0.0021232531913004,0.0560029854504243,0.0027222069233022,0.2952750984671818
congestion_average_exceedance_mult,0.8157894736842105,0.0027958485620563,0.5607631317611181,0.0022646943492648,0.0597200206503968,0.0029059683320661,0.3133801443485099
congestion_average_exceedance_mult,0.8947368421052632,0.0029726333793752,0.5962519735152148,0.0024061207407041,0.0634287755868815,0.0030897098004625,0.3312745463465104
congestion_average_exceedance_mult,0.9736842105263157,0.0031493997412373,0.6317408152693113,0.0025475323679306,0.0671292778974222,0.003273431331737,0.3489619593169847
congestion_average_exceedance_mult,1.0526315789473684,0.0033261476505325,0.667229657023408,0.0026889292332562,0.0708215550967018,0.0034571329291343,0.3664459540486647
congestion_average_exceedance_mult,1.131578947368421,0.0035028771101499,0.702718498777504,0.0028303113389922,0.074505634577226,0.0036408145958985,0.3837300196665108
congestion_average_exceedance_mult,1.2105263157894737,0.0036795881229781,0.7382073405316006,0.0029716786874496,0.0781815436099999,0.0038244763352729,0.4008175659529837
congestion_average_exceedance_mult,1.2894736842105263,0.0038562806919053,0.7736961822856976,0.0031130312809386,0.0818493093452001,0.0040081181505003,0.4177119255905765
congestion_average_exceedance_mult,1.3684210526315788,0.0040329548198188,0.8091850240397938,0.0032543691217692,0.0855089588128444,0.0041917400448226,0.43441635632878
congestion_average_exceedance_mult,1.4473684210526314,0.0042054662777033,0.8438457928196281,0.0033923767111613,0.0890653256915249,0.0043710339218318,0.4502929098279908
congestion_average_exceedance_mult,1.526315789473684,0.0043376971885155,0.8704624241352003,0.003498158740591,0.0916874449447575,0.0045084536059494,0.4597507236099588
congestion_average_exceedance_mult,1.6052631578947367,0.0044699026108337,0.8970790554507732,0.0036039203797458,0.0942989013750039,0.0046458457587581,0.4690172472016084
congestion_average_exceedance_mult,1.6842105263157894,0.0046020825520266,0.9236956867663452,0.0037096616345205,0.0968997598906918,0.0047832103885305,0.478098225946709
congestion_average_exceedance_mult,1.763157894736842,0.0047342370194606,0.9503123180819172,0.003815382510808,0.0994900848744871,0.0049205475035363,0.4869991773900524
congestion_average_exceedance_mult,1.8421052631578947,0.0048628132235464,0.9762191725624082,0.003918240677975,0.1019882191920718,0.005054163809668,0.4951868903190082
congestion_average_exceedance_mult,1.9210526315789473,0.0048617002091909,0.9762191725624082,0.003917343860038,0.1015008649467249,0.005052961489025,0.4839057012175056
congestion_average_exceedance_mult,2.0,0.0048605877042184,0.9762191725624082,0.0039164474525395,0.101018146228704,0.0050517597402792,0.4731270718338414
delay_years,0.0,0.0033595866710415,0.64364155684732,0.0027170021657422,0.076697910618813,0.0034884610697604,0.4897504631621351
delay_years,1.0,0.0033215699937917,0.6436250172147117,0.002686256897191,0.0745340121883995,0.0034498441333367,0.4499615856675755
delay_years,2.0,0.0032836831159929,0.6436076756002262,0.0026556166014904,0.0724241377850038,0.0034113361954721,0.4146396727364593
delay_years,3.0,0.003245930809288,0.6435894931634065,0.0026250851376163,0.0703668966499836,0.0033729422989915,0.3831060197576255
delay_years,4.0,0.0032083177611449,0.6435704291873436,0.0025946662964696,0.068360949509876,0.0033346674122511,0.3548123856272467
delay_years,5.0,0.0031708485728988,0.6435504409884807,0.0025643637992931,0.0664050060400684,0.003296516426867,0.3293110682838293
delay_years,6.0,0.0031335277579094,0.643529483822128,0.0025341812961812,0.0644978224545701,0.0032584941555537,0.3062328562085085
delay_years,7.0,0.0030963597398339,0.6435075107834869,0.0025041223646829,0.0626381992145183,0.0032206053300727,0.2852705391321949
delay_years,8.0,0.0030593488510164,0.6434844727039756,0.0024741905084995,0.0608249788486139,0.003182854599295,0.2661664086227672
delay_years,9.0,0.0030224993309967,0.643460318042644,0.0024443891562787,0.0590570438792272,0.0031452465273775,0.2487026658950837
delay_years,11.0,0.0029493008833678,0.6434084402611098,0.0023851912964791,0.0556527484383443,0.0030704761830607,0.2179816373474811
delay_years,12.0,0.0029129599590592,0.6433806011464457,0.0023558012614184,0.0540143356817271,0.0030333226006393,0.2044289464663626
delay_years,13.0,0.0028767964080049,0.643351413205685,0.0023265546736216,0.0524171002568605,0.0029963290542159,0.1919175213982441
delay_years,14.0,0.0028408139875334,0.6433208112187303,0.0022974545717572,0.0508600968639547,0.0029594996611598,0.1803443230718686
delay_years,15.0,0.0028050163557373,0.6432887268249475,0.0022685039142383,0.0493424096783611,0.0029228384456798,0.1696192458422692
delay_years,16.0,0.0027694070708233,0.6432550883732385,0.0022397055786973,0.0478631508773043,0.0028863493378412,0.1596631476813214
delay_years,17.0,0.0027339895905825,0.6432198207650852,0.0022110623615572,0.0464214592367923,0.0028500361727039,0.1504062300685737
delay_years,18.0,0.0026987672719795,0.6431828452902489,0.0021825769776999,0.0450164987956498,0.0028139026895835,0.1417866972303243
delay_years,19.0,0.0026637433708607,0.6431440794547959,0.0021542520602293,0.0436474575838459,0.0027779525314347,0.1337496400975067
delay_years,20.0,0.0026289210417791,0.6431034368011038,0.0021260901603306,0.0423135464124888,0.0027421892443553,0.1262461022299904
wildfire_ignition_rate_mult,0.29999999999999993,0.0051795510567337,0.6435704291873436,0.0041888639337752,0.0683609495098761,0.0055170258031143,0.3548123856272467
wildfire_ignition_rate_mult,0.3386513675054067,0.0050095974809261,0.6435704291873436,0.0040514171944113,0.0683609495098761,0.0053246153718622,0.3548123856272467
wildfire_ignition_rate_mult,0.3822824957109401,0.0048306699643565,0.6435704291873436,0.0039067129502194,0.0683609495098761,0.0051229303582177,0.3548123856272467
wildfire_ignition_rate_mult,0.4315349664862988,0.0046434522805428,0.6435704291873436,0.0037553041900967,0.0683609495098761,0.0049128662257261,0.3548123856272467
wildfire_ignition_rate_mult,0.4871330217566165,0.0044488195521917,0.6435704291873436,0.0035978986529774,0.0683609495098761,0.0046955216150132,0.3548123856272467
wildfire_ignition_rate_mult,0.5498942132497306,0.0042478299522949,0.6435704291873436,0.0034353521162506,0.068360949509876,0.0044721823809601,0.3548123856272436
wildfire_ignition_rate_mult,0.6207414243344368,0.0040417075210644,0.6435704291873436,0.0032686544992822,0.068360949509876,0.0042442959750796,0.3548123856272467
wildfire_ignition_rate_mult,0.7007164407270365,0.0038318162455552,0.6435704291873436,0.0030989089008,0.068360949509876,0.0040134369102686,0.3548123856272467
wildfire_ignition_rate_mult,0.7909952696191074,0.0036196262921817,0.6435704291873436,0.0029273042900799,0.068360949509876,0.0037812648542423,0.3548123856272467
wildfire_ignition_rate_mult,0.8929054324893952,0.0034066740097734,0.6435704291873436,0.0027550831601741,0.068360949509876,0.0035494776126259,0.3548123856272467
wildfire_ignition_rate_mult,1.0079454858851344,0.0031945179336129,0.6435704291873436,0.0025835059470092,0.068360949509876,0.0033197617801195,0.3548123856272467
wildfire_ignition_rate_mult,1.1378070572196748,0.002984693429333,0.6435704291873436,0.0024138143484955,0.068360949509876,0.0030937440798933,0.3548123856272467
wildfire_ignition_rate_mult,1.284399719615818,0.0027786687570037,0.6435704291873436,0.0022471957921892,0.068360949509876,0.0028729463396639,0.3548123856272467
wildfire_ignition_rate_mult,1.4498790715715255,0.0025778051880714,0.6435704291873436,0.0020847511806207,0.068360949509876,0.0026587466790273,0.3548123856272467
wildfire_ignition_rate_mult,1.6366784343505554,0.0023833233941268,0.6435704291873436,0.0019274677088473,0.068360949509876,0.0024523488643318,0.3548123856272467
wildfire_ignition_rate_mult,1.847544633198079,0.0021962777101654,0.6435704291873436,0.0017761980503514,0.0683609495098763,0.002254761016528,0.3548123856272531
wildfire_ignition_rate_mult,2.0855783885326815,0.0020175391461618,0.6435704291873436,0.0016316466179727,0.0683609495098763,0.0020667840411354,0.3548123856272531
wildfire_ignition_rate_mult,2.354279911054383,0.0018477872781412,0.6435704291873436,0.0014943630059659,0.0683609495098763,0.0018890093898108,0.3548123856272531
wildfire_ignition_rate_mult,2.6576003712302474,0.0016875104827881,0.6435704291873436,0.0013647421797356,0.0683609495098763,0.0017218251404128,0.3548123856272531
wildfire_ignition_rate_mult,3.0,0.0015370134540729,0.6435704291873436,0.0012430305547665,0.0683609495098763,0.0015654289457462,0.3548123856272531
congestion_binding_hours_mult,0.5,0.0020885246803946,0.4188077647447324,0.0016988410951259,0.0448019200367952,0.0021708030223403,0.2396582350719135
congestion_binding_hours_mult,0.5789473684210527,0.0022653833484512,0.4542966064988288,0.0018403265665445,0.0485439630914178,0.0023546242716865,0.2584180202753566
congestion_binding_hours_mult,0.6578947368421053,0.0024422235494856,0.4897854482529252,0.001981797264498,0.0522776422258739,0.0025384255709246,0.2769556672910438
congestion_binding_hours_mult,0.7368421052631579,0.0026190452863901,0.5252742900070219,0.0021232531913004,0.0560029854504243,0.0027222069233022,0.2952750984671818
congestion_binding_hours_mult,0.8157894736842105,0.0027958485620563,0.5607631317611184,0.0022646943492648,0.0597200206503968,0.0029059683320661,0.3133801443485101
congestion_binding_hours_mult,0.8947368421052632,0.0029726333793752,0.5962519735152148,0.0024061207407041,0.0634287755868815,0.0030897098004625,0.3312745463465104
congestion_binding_hours_mult,0.9736842105263157,0.0031493997412373,0.6317408152693113,0.0025475323679306,0.0671292778974222,0.003273431331737,0.3489619593169847
congestion_binding_hours_mult,1.0526315789473684,0.0033261476505325,0.667229657023408,0.0026889292332562,0.0708215550967018,0.0034571329291343,0.3664459540486647
congestion_binding_hours_mult,1.131578947368421,0.0035028771101499,0.702718498777504,0.0028303113389922,0.074505634577226,0.0036408145958985,0.3837300196665108
congestion_binding_hours_mult,1.2105263157894737,0.0036795881229781,0.7382073405316006,0.0029716786874496,0.0781815436099999,0.0038244763352729,0.4008175659529837
congestion_binding_hours_mult,1.2894736842105263,0.0038562806919053,0.7736961822856976,0.0031130312809386,0.0818493093452001,0.0040081181505003,0.4177119255905765
congestion_binding_hours_mult,1.3684210526315788,0.0040329548198188,0.8091850240397938,0.0032543691217692,0.0855089588128444,0.0041917400448226,0.43441635632878
congestion_binding_hours_mult,1.4473684210526314,0.0042096105096055,0.8446738657938906,0.0033956922122509,0.0891605189234553,0.0043753420214811,0.4509340430783045
congestion_binding_hours_mult,1.526315789473684,0.0043862477641515,0.8801627075479871,0.0035370005546926,0.0928040164687199,0.0045589240837163,0.4672680999354946
congestion_binding_hours_mult,1.6052631578947367,0.0045628665863426,0.915651549302083,0.0036782941514027,0.0964394781221437,0.0047424862347681,0.4834215721395575
congestion_binding_hours_mult,1.6842105263157894,0.0047394669790636,0.9511403910561804,0.0038195730046893,0.100066930439704,0.0049260284778756,0.4993974379653103
congestion_binding_hours_mult,1.763157894736842,0.004916048945199,0.9866292328102764,0.0039608371168599,0.1036863998604943,0.0051095508162773,0.5151986105537543
congestion_binding_hours_mult,1.8421052631578947,0.0050926124876327,1.0221180745643734,0.0041020864902214,0.1072979127073684,0.0052930532532109,0.5308279396829809
congestion_binding_hours_mult,1.9210526315789473,0.0052691576092478,1.0576069163184696,0.0042433211270805,0.1109014951875762,0.0054765357919135,0.5462882134815513
congestion_binding_hours_mult,2.0,0.005445684312927,1.0930957580725658,0.0043845410297432,0.1144971733934004,0.0056599984356215,0.5615821600866719
wacc_nominal_mult,0.7,0.0043065434256572,0.9706166471572124,0.0034828355271292,0.1114507921515316,0.0044400723831273,0.5026802966966868
wacc_nominal_mult,0.7368421052631579,0.0041568333661523,0.9178807069719718,0.0033617603486217,0.1044651903628099,0.0042904276340789,0.4803470058061199
wacc_nominal_mult,0.7736842105263158,0.0040109570580258,0.8693937710117237,0.0032437856440169,0.0980499519140711,0.0041442999912758,0.4593262015411181
wacc_nominal_mult,0.8105263157894737,0.0038691337529609,0.8247498542063979,0.0031290887289662,0.0921520471428472,0.0040019332417697,0.4395455639083937
wacc_nominal_mult,0.8473684210526315,0.0037315308929379,0.7835856399277863,0.0030178050190035,0.0867235685521352,0.003863520301589,0.4209339567566311
wacc_nominal_mult,0.8842105263157894,0.0035982680322886,0.7455757239832325,0.0029100312014329,0.0817212645000622,0.0037292065324812,0.4034220642267021
wacc_nominal_mult,0.9210526315789473,0.0034694211808066,0.710428407698041,0.0028058287477373,0.0771061043084977,0.0035990935675671,0.3869428742368251
wacc_nominal_mult,0.9578947368421051,0.0033450273712896,0.6778819758136767,0.0027052276074911,0.0728428757672342,0.0034732434514423,0.3714320310402791
wacc_nominal_mult,0.9947368421052631,0.0032250892849293,0.6477014023477712,0.0026082299490575,0.0688998149418018,0.0033516829257753,0.3568280774667018
wacc_nominal_mult,1.031578947368421,0.0031095797992163,0.6196754341787835,0.00251481383762,0.0652482674378595,0.0032344077193648,0.3430726056423481
wacc_nominal_mult,1.068421052631579,0.0029984463534173,0.5936140080030208,0.0024249367656799,0.0618623797626016,0.0031213867297778,0.3301103329761953
wacc_nominal_mult,1.1052631578947367,0.0028916150547546,0.5693459615338681,0.002338538973851,0.0587188190964213,0.0030125660104891,0.3178891181432561
wacc_nominal_mult,1.1421052631578945,0.0027889944732457,0.546717004438145,0.0022555465198647,0.0557965196001554,0.0029078725017823,0.3063599297931708
wacc_nominal_mult,1.1789473684210525,0.0026904790943016,0.5255879185944964,0.0021758740707931,0.0530764532983248,0.0028072174649156,0.2954767788296208
wacc_nominal_mult,1.2157894736842105,0.0025959524155133,0.505832960870832,0.002099427407517,0.0505414235683593,0.0027104995969291,0.2851966233822914
wacc_nominal_mult,1.2526315789473683,0.0025052896877519,0.4873384448046585,0.0020261056415381,0.0481758793078773,0.0026176078179718,0.2754792540485871
wacc_nominal_mult,1.289473684210526,0.0024183603110588,0.4700014803792076,0.0019558031526106,0.0459657479297642,0.0025284237343536,0.2662871656217946
wacc_nominal_mult,1.3263157894736841,0.0023350299032526,0.453728853562973,0.0018884112616875,0.0438982854353788,0.0024428237890012,0.2575854203425206
wacc_nominal_mult,1.3631578947368421,0.0022551620641531,0.4384360294590205,0.0018238196577033,0.0419619419301205,0.0023606811169935,0.2493415066989996
wacc_nominal_mult,1.4,0.0021786198612909,0.424046264828088,0.0017619175991139,0.0401462410658844,0.0022818671277743,0.2415251969462019
congestion_price_mult,0.7,0.0023303209078831,0.4673565002643363,0.001892274371079,0.0498539559222293,0.0024221122977683,0.2634410667686054
congestion_price_mult,0.7421052631578947,0.0024535695514042,0.4920882797623021,0.0019908725058023,0.0524609000051122,0.0025502129110614,0.2765115798588719
congestion_price_mult,0.7842105263157895,0.0025768113319076,0.5168200592602682,0.0020894651501549,0.0550647419888397,0.0026783061101975,0.2895003233176802
congestion_price_mult,0.8263157894736841,0.0027000462499665,0.5415518387582341,0.0021880523045954,0.0576654874070731,0.0028063918958204,0.3024080620832171
congestion_price_mult,0.8684210526315789,0.002823274306154,0.5662836182562001,0.0022866339695821,0.0602631417803202,0.0029344702685737,0.3152355515822084
congestion_price_mult,0.9105263157894736,0.0029464955010433,0.5910153977541657,0.0023852101455738,0.0628577106159736,0.0030625412291008,0.3279835378772957
congestion_price_mult,0.9526315789473684,0.0030697098352075,0.6157471772521319,0.0024837808330287,0.0654491994083507,0.0031906047780451,0.3406527578116825
congestion_price_mult,0.9947368421052631,0.0031929173092193,0.6404789567500976,0.0025823460324052,0.0680376136387315,0.0033186609160501,0.3532439391511048
congestion_price_mult,1.0368421052631578,0.0033161179236519,0.6652107362480638,0.0026809057441617,0.0706229587753978,0.003446709643759,0.3657578007231906
congestion_price_mult,1.0789473684210527,0.003439311679078,0.6899425157460296,0.0027794599687564,0.0732052402736715,0.003574750961815,0.3781950525542552
congestion_price_mult,1.1210526315789473,0.0035624985760704,0.7146742952439955,0.0028780087066476,0.0757844635759531,0.0037027848708612,0.3905563960035956
congestion_price_mult,1.163157894736842,0.0036856786152019,0.7394060747419617,0.0029765519582934,0.0783606341117597,0.0038308113715408,0.4028425238953311
congestion_price_mult,1.2052631578947368,0.003808851797045,0.7641378542399275,0.003075089724152,0.0809337572977635,0.0039588304644966,0.415054120647845
congestion_price_mult,1.2473684210526317,0.0039320181221724,0.7888696337378934,0.0031736220046813,0.0835038385378292,0.0040868421503716,0.4271918624008792
congestion_price_mult,1.289473684210526,0.0040551775911565,0.8136014132358593,0.0032721488003395,0.0860708832230525,0.0042148464298086,0.4392564171403275
congestion_price_mult,1.331578947368421,0.00417833020457,0.838333192733825,0.0033706701115846,0.0886348967317973,0.0043428433034503,0.4512484448207799
congestion_price_mult,1.3736842105263158,0.0043014759629851,0.8630649722317905,0.0034691859388743,0.0911958844297332,0.0044708327719396,0.4631685974858632
congestion_price_mult,1.4157894736842105,0.0044246148669741,0.887796751729757,0.0035676962826666,0.0937538516698735,0.0045988148359189,0.4750175193864243
congestion_price_mult,1.4578947368421051,0.0045477469171095,0.912528531227723,0.0036662011434192,0.096308803792612,0.0047267894960308,0.4867958470965989
congestion_price_mult,1.5,0.0046708721139633,0.9372603107256888,0.0037647005215901,0.0988607461257601,0.0048547567529177,0.4985042096278162
congestion_average_exceedance_mult,0.5,0.0020885246803946,0.4188077647447324,0.0016988410951259,0.0448019200367952,0.0021708030223403,0.2396582350719135
congestion_average_exceedance_mult,0.5789473684210527,0.0022653833484512,0.4542966064988288,0.0018403265665445,0.0485439630914178,0.0023546242716865,0.2584180202753566
congestion_average_exceedance_mult,0.6578947368421053,0.0024422235494856,0.4897854482529252,0.001981797264498,0.0522776422258739,0.0025384255709246,0.2769556672910438
congestion_average_exceedance_mult,0.7368421052631579,0.0026190452863901,0.5252742900070219,0.0021232531913004,0.0560029854504243,0.0027222069233022,0.2952750984671818
congestion_average_exceedance_mult,0.8157894736842105,0.0027958485620563,0.5607631317611181,0.0022646943492648,0.0597200206503968,0.0029059683320661,0.3133801443485099
congestion_average_exceedance_mult,0.8947368421052632,0.0029726333793752,0.5962519735152148,0.0024061207407041,0.0634287755868815,0.0030897098004625,0.3312745463465104
congestion_average_exceedance_mult,0.9736842105263157,0.0031493997412373,0.6317408152693113,0.0025475323679306,0.0671292778974222,0.003273431331737,0.3489619593169847
congestion_average_exceedance_mult,1.0526315789473684,0.0033261476505325,0.667229657023408,0.0026889292332562,0.0708215550967018,0.0034571329291343,0.3664459540486647
congestion_average_exceedance_mult,1.131578947368421,0.0035028771101499,0.702718498777504,0.0028303113389922,0.074505634577226,0.0036408145958985,0.3837300196665108
congestion_average_exceedance_mult,1.2105263157894737,0.0036795881229781,0.7382073405316006,0.0029716786874496,0.0781815436099999,0.0038244763352729,0.4008175659529837
congestion_average_exceedance_mult,1.2894736842105263,0.0038562806919053,0.7736961822856976,0.0031130312809386,0.0818493093452001,0.0040081181505003,0.4177119255905765
congestion_average_exceedance_mult,1.3684210526315788,0.0040329548198188,0.8091850240397938,0.0032543691217692,0.0855089588128444,0.0041917400448226,0.43441635632878
congestion_average_exceedance_mult,1.4473684210526314,0.0042054662777033,0.8438457928196281,0.0033923767111613,0.0890653256915249,0.0043710339218318,0.4502929098279908
congestion_average_exceedance_mult,1.526315789473684,0.0043376971885155,0.8704624241352003,0.003498158740591,0.0916874449447575,0.0045084536059494,0.4597507236099588
congestion_average_exceedance_mult,1.6052631578947367,0.0044699026108337,0.8970790554507732,0.0036039203797458,0.0942989013750039,0.0046458457587581,0.4690172472016084
congestion_average_exceedance_mult,1.6842105263157894,0.0046020825520266,0.9236956867663452,0.0037096616345205,0.0968997598906918,0.0047832103885305,0.478098225946709
congestion_average_exceedance_mult,1.763157894736842,0.0047342370194606,0.9503123180819172,0.003815382510808,0.0994900848744871,0.0049205475035363,0.4869991773900524
congestion_average_exceedance_mult,1.8421052631578947,0.0048628132235464,0.9762191725624082,0.003918240677975,0.1019882191920718,0.005054163809668,0.4951868903190082
congestion_average_exceedance_mult,1.9210526315789473,0.0048617002091909,0.9762191725624082,0.003917343860038,0.1015008649467249,0.005052961489025,0.4839057012175056
congestion_average_exceedance_mult,2.0,0.0048605877042184,0.9762191725624082,0.0039164474525395,0.101018146228704,0.0050517597402792,0.4731270718338414
congestion_flow_factor_mult,0.5,0.0024603363238604,0.4937286528922693,0.0019962698518485,0.0519976345733002,0.0025571884381777,0.2605775314173975
congestion_flow_factor_mult,0.5368421052631579,0.0026378984029444,0.5292805859205956,0.002138323767758,0.0559212985011097,0.0027417567108701,0.2839070003421469
congestion_flow_factor_mult,0.5736842105263158,0.0027218565512447,0.5460944105027584,0.0022054919244063,0.0577693942685698,0.0028290269414504,0.2947815140941532
congestion_flow_factor_mult,0.6105263157894737,0.0027852475879461,0.5587915294414464,0.0022562058172542,0.0591602553663777,0.0028949182653618,0.3028809624339993
congestion_flow_factor_mult,0.6473684210526316,0.0028486434390763,0.5714886483801344,0.002306923561726,0.060553361901036,0.0029608147906497,0.311047578568639
congestion_flow_factor_mult,0.6842105263157895,0.0029120441051839,0.5841857673188219,0.0023576451582604,0.0619487193145617,0.0030267165179302,0.3192822014991476
congestion_flow_factor_mult,0.7210526315789474,0.0029754495868174,0.5968828862575097,0.0024083706072964,0.0633463330665721,0.0030926234478192,0.3275856842584613
congestion_flow_factor_mult,0.7578947368421052,0.0030388598845255,0.6095800051961975,0.0024590999092728,0.0647462086343547,0.0031585355809329,0.335958894205912
congestion_flow_factor_mult,0.7947368421052632,0.0030672547855063,0.6152739926954106,0.0024818159159587,0.0653552625196005,0.0031880491085301,0.3392120322220563
congestion_flow_factor_mult,0.831578947368421,0.0030925737811338,0.6203528402708858,0.0025020711124606,0.0658947447999063,0.0032143652143261,0.3420120956537572
congestion_flow_factor_mult,0.868421052631579,0.0031178927767612,0.6254316878463608,0.0025223263089626,0.0664342270802122,0.0032406813201222,0.344812159085458
congestion_flow_factor_mult,0.9052631578947368,0.0031432117723886,0.6305105354218359,0.0025425815054646,0.0669737093605181,0.0032669974259183,0.3476122225171587
congestion_flow_factor_mult,0.9421052631578947,0.0031685307680161,0.635589382997311,0.0025628367019665,0.0675131916408239,0.0032933135317144,0.3504122859488596
congestion_flow_factor_mult,0.9789473684210526,0.0031938497636435,0.6406682305727864,0.0025830918984685,0.0680526739211298,0.0033196296375105,0.3532123493805606
congestion_flow_factor_mult,1.0157894736842104,0.003219168759271,0.6457470781482614,0.0026033470949704,0.0685921562014357,0.0033459457433066,0.3560124128122613
congestion_flow_factor_mult,1.0526315789473684,0.0032444877548984,0.6508259257237364,0.0026236022914724,0.0691316384817415,0.0033722618491027,0.3588124762439621
congestion_flow_factor_mult,1.0894736842105264,0.0032698067505258,0.6559047732992116,0.0026438574879743,0.0696711207620474,0.0033985779548988,0.361612539675663
congestion_flow_factor_mult,1.1263157894736842,0.0032951257461533,0.6609836208746869,0.0026641126844763,0.0702106030423533,0.0034248940606948,0.3644126031073638
congestion_flow_factor_mult,1.163157894736842,0.0033204447417807,0.666062468450162,0.0026843678809782,0.0707500853226591,0.0034512101664909,0.3672126665390647
congestion_flow_factor_mult,1.2,0.0033457637374082,0.6711413160256369,0.0027046230774802,0.071289567602965,0.003477526272287,0.3700127299707654
delay_years,0.0,0.0033595866710415,0.64364155684732,0.0027170021657422,0.076697910618813,0.0034884610697604,0.4897504631621351
delay_years,1.0,0.0033215699937917,0.6436250172147117,0.002686256897191,0.0745340121883995,0.0034498441333367,0.4499615856675755
delay_years,2.0,0.0032836831159929,0.6436076756002262,0.0026556166014904,0.0724241377850038,0.0034113361954721,0.4146396727364593
delay_years,3.0,0.003245930809288,0.6435894931634065,0.0026250851376163,0.0703668966499836,0.0033729422989915,0.3831060197576255
delay_years,4.0,0.0032083177611449,0.6435704291873436,0.0025946662964696,0.068360949509876,0.0033346674122511,0.3548123856272467
delay_years,5.0,0.0031708485728988,0.6435504409884807,0.0025643637992931,0.0664050060400684,0.003296516426867,0.3293110682838293
delay_years,6.0,0.0031335277579094,0.643529483822128,0.0025341812961812,0.0644978224545701,0.0032584941555537,0.3062328562085085
delay_years,7.0,0.0030963597398339,0.6435075107834869,0.0025041223646829,0.0626381992145183,0.0032206053300727,0.2852705391321949
delay_years,8.0,0.0030593488510164,0.6434844727039756,0.0024741905084995,0.0608249788486139,0.003182854599295,0.2661664086227672
delay_years,9.0,0.0030224993309967,0.643460318042644,0.0024443891562787,0.0590570438792272,0.0031452465273775,0.2487026658950837
delay_years,11.0,0.0029493008833678,0.6434084402611098,0.0023851912964791,0.0556527484383443,0.0030704761830607,0.2179816373474811
delay_years,12.0,0.0029129599590592,0.6433806011464457,0.0023558012614184,0.0540143356817271,0.0030333226006393,0.2044289464663626
delay_years,13.0,0.0028767964080049,0.643351413205685,0.0023265546736216,0.0524171002568605,0.0029963290542159,0.1919175213982441
delay_years,14.0,0.0028408139875334,0.6433208112187303,0.0022974545717572,0.0508600968639547,0.0029594996611598,0.1803443230718686
delay_years,15.0,0.0028050163557373,0.6432887268249475,0.0022685039142383,0.0493424096783611,0.0029228384456798,0.1696192458422692
delay_years,16.0,0.0027694070708233,0.6432550883732385,0.0022397055786973,0.0478631508773043,0.0028863493378412,0.1596631476813214
delay_years,17.0,0.0027339895905825,0.6432198207650852,0.0022110623615572,0.0464214592367923,0.0028500361727039,0.1504062300685737
delay_years,18.0,0.0026987672719795,0.6431828452902489,0.0021825769776999,0.0450164987956498,0.0028139026895835,0.1417866972303243
delay_years,19.0,0.0026637433708607,0.6431440794547959,0.0021542520602293,0.0436474575838459,0.0027779525314347,0.1337496400975067
delay_years,20.0,0.0026289210417791,0.6431034368011038,0.0021260901603306,0.0423135464124888,0.0027421892443553,0.1262461022299904
wacc_nominal_mult,0.7,0.0043065434256572,0.9706166471572124,0.0034828355271292,0.1114507921515316,0.0044400723831273,0.5026802966966868
wacc_nominal_mult,0.7368421052631579,0.0041568333661523,0.9178807069719718,0.0033617603486217,0.1044651903628099,0.0042904276340789,0.4803470058061199
wacc_nominal_mult,0.7736842105263158,0.0040109570580258,0.8693937710117237,0.0032437856440169,0.0980499519140711,0.0041442999912758,0.4593262015411181
wacc_nominal_mult,0.8105263157894737,0.0038691337529609,0.8247498542063979,0.0031290887289662,0.0921520471428472,0.0040019332417697,0.4395455639083937
wacc_nominal_mult,0.8473684210526315,0.0037315308929379,0.7835856399277863,0.0030178050190035,0.0867235685521352,0.003863520301589,0.4209339567566311
wacc_nominal_mult,0.8842105263157894,0.0035982680322886,0.7455757239832325,0.0029100312014329,0.0817212645000622,0.0037292065324812,0.4034220642267021
wacc_nominal_mult,0.9210526315789473,0.0034694211808066,0.710428407698041,0.0028058287477373,0.0771061043084977,0.0035990935675671,0.3869428742368251
wacc_nominal_mult,0.9578947368421051,0.0033450273712896,0.6778819758136767,0.0027052276074911,0.0728428757672342,0.0034732434514423,0.3714320310402791
wacc_nominal_mult,0.9947368421052631,0.0032250892849293,0.6477014023477712,0.0026082299490575,0.0688998149418018,0.0033516829257753,0.3568280774667018
wacc_nominal_mult,1.031578947368421,0.0031095797992163,0.6196754341787835,0.00251481383762,0.0652482674378595,0.0032344077193648,0.3430726056423481
wacc_nominal_mult,1.068421052631579,0.0029984463534173,0.5936140080030208,0.0024249367656799,0.0618623797626016,0.0031213867297778,0.3301103329761953
wacc_nominal_mult,1.1052631578947367,0.0028916150547546,0.5693459615338681,0.002338538973851,0.0587188190964213,0.0030125660104891,0.3178891181432561
wacc_nominal_mult,1.1421052631578945,0.0027889944732457,0.546717004438145,0.0022555465198647,0.0557965196001554,0.0029078725017823,0.3063599297931708
wacc_nominal_mult,1.1789473684210525,0.0026904790943016,0.5255879185944964,0.0021758740707931,0.0530764532983248,0.0028072174649156,0.2954767788296208
wacc_nominal_mult,1.2157894736842105,0.0025959524155133,0.505832960870832,0.002099427407517,0.0505414235683593,0.0027104995969291,0.2851966233822914
wacc_nominal_mult,1.2526315789473683,0.0025052896877519,0.4873384448046585,0.0020261056415381,0.0481758793078773,0.0026176078179718,0.2754792540485871
wacc_nominal_mult,1.289473684210526,0.0024183603110588,0.4700014803792076,0.0019558031526106,0.0459657479297642,0.0025284237343536,0.2662871656217946
wacc_nominal_mult,1.3263157894736841,0.0023350299032526,0.453728853562973,0.0018884112616875,0.0438982854353788,0.0024428237890012,0.2575854203425206
wacc_nominal_mult,1.3631578947368421,0.0022551620641531,0.4384360294590205,0.0018238196577033,0.0419619419301205,0.0023606811169935,0.2493415066989996
wacc_nominal_mult,1.4,0.0021786198612909,0.424046264828088,0.0017619175991139,0.0401462410658844,0.0022818671277743,0.2415251969462019
congestion_binding_hours_mult,0.5,0.0020885246803946,0.4188077647447324,0.0016988410951259,0.0448019200367952,0.0021708030223403,0.2396582350719135
congestion_binding_hours_mult,0.5789473684210527,0.0022653833484512,0.4542966064988288,0.0018403265665445,0.0485439630914178,0.0023546242716865,0.2584180202753566
congestion_binding_hours_mult,0.6578947368421053,0.0024422235494856,0.4897854482529252,0.001981797264498,0.0522776422258739,0.0025384255709246,0.2769556672910438
congestion_binding_hours_mult,0.7368421052631579,0.0026190452863901,0.5252742900070219,0.0021232531913004,0.0560029854504243,0.0027222069233022,0.2952750984671818
congestion_binding_hours_mult,0.8157894736842105,0.0027958485620563,0.5607631317611184,0.0022646943492648,0.0597200206503968,0.0029059683320661,0.3133801443485101
congestion_binding_hours_mult,0.8947368421052632,0.0029726333793752,0.5962519735152148,0.0024061207407041,0.0634287755868815,0.0030897098004625,0.3312745463465104
congestion_binding_hours_mult,0.9736842105263157,0.0031493997412373,0.6317408152693113,0.0025475323679306,0.0671292778974222,0.003273431331737,0.3489619593169847
congestion_binding_hours_mult,1.0526315789473684,0.0033261476505325,0.667229657023408,0.0026889292332562,0.0708215550967018,0.0034571329291343,0.3664459540486647
congestion_binding_hours_mult,1.131578947368421,0.0035028771101499,0.702718498777504,0.0028303113389922,0.074505634577226,0.0036408145958985,0.3837300196665108
congestion_binding_hours_mult,1.2105263157894737,0.0036795881229781,0.7382073405316006,0.0029716786874496,0.0781815436099999,0.0038244763352729,0.4008175659529837
congestion_binding_hours_mult,1.2894736842105263,0.0038562806919053,0.7736961822856976,0.0031130312809386,0.0818493093452001,0.0040081181505003,0.4177119255905765
congestion_binding_hours_mult,1.3684210526315788,0.0040329548198188,0.8091850240397938,0.0032543691217692,0.0855089588128444,0.0041917400448226,0.43441635632878
congestion_binding_hours_mult,1.4473684210526314,0.0042096105096055,0.8446738657938906,0.0033956922122509,0.0891605189234553,0.0043753420214811,0.4509340430783045
congestion_binding_hours_mult,1.526315789473684,0.0043862477641515,0.8801627075479871,0.0035370005546926,0.0928040164687199,0.0045589240837163,0.4672680999354946
congestion_binding_hours_mult,1.6052631578947367,0.0045628665863426,0.915651549302083,0.0036782941514027,0.0964394781221437,0.0047424862347681,0.4834215721395575
congestion_binding_hours_mult,1.6842105263157894,0.0047394669790636,0.9511403910561804,0.0038195730046893,0.100066930439704,0.0049260284778756,0.4993974379653103
congestion_binding_hours_mult,1.763157894736842,0.004916048945199,0.9866292328102764,0.0039608371168599,0.1036863998604943,0.0051095508162773,0.5151986105537543
congestion_binding_hours_mult,1.8421052631578947,0.0050926124876327,1.0221180745643734,0.0041020864902214,0.1072979127073684,0.0052930532532109,0.5308279396829809
congestion_binding_hours_mult,1.9210526315789473,0.0052691576092478,1.0576069163184696,0.0042433211270805,0.1109014951875762,0.0054765357919135,0.5462882134815513
congestion_binding_hours_mult,2.0,0.005445684312927,1.0930957580725658,0.0043845410297432,0.1144971733934004,0.0056599984356215,0.5615821600866719
congestion_price_mult,0.7,0.0023303209078831,0.4673565002643363,0.001892274371079,0.0498539559222293,0.0024221122977683,0.2634410667686054
congestion_price_mult,0.7421052631578947,0.0024535695514042,0.4920882797623021,0.0019908725058023,0.0524609000051122,0.0025502129110614,0.2765115798588719
congestion_price_mult,0.7842105263157895,0.0025768113319076,0.5168200592602682,0.0020894651501549,0.0550647419888397,0.0026783061101975,0.2895003233176802
congestion_price_mult,0.8263157894736841,0.0027000462499665,0.5415518387582341,0.0021880523045954,0.0576654874070731,0.0028063918958204,0.3024080620832171
congestion_price_mult,0.8684210526315789,0.002823274306154,0.5662836182562001,0.0022866339695821,0.0602631417803202,0.0029344702685737,0.3152355515822084
congestion_price_mult,0.9105263157894736,0.0029464955010433,0.5910153977541657,0.0023852101455738,0.0628577106159736,0.0030625412291008,0.3279835378772957
congestion_price_mult,0.9526315789473684,0.0030697098352075,0.6157471772521319,0.0024837808330287,0.0654491994083507,0.0031906047780451,0.3406527578116825
congestion_price_mult,0.9947368421052631,0.0031929173092193,0.6404789567500976,0.0025823460324052,0.0680376136387315,0.0033186609160501,0.3532439391511048
congestion_price_mult,1.0368421052631578,0.0033161179236519,0.6652107362480638,0.0026809057441617,0.0706229587753978,0.003446709643759,0.3657578007231906
congestion_price_mult,1.0789473684210527,0.003439311679078,0.6899425157460296,0.0027794599687564,0.0732052402736715,0.003574750961815,0.3781950525542552
congestion_price_mult,1.1210526315789473,0.0035624985760704,0.7146742952439955,0.0028780087066476,0.0757844635759531,0.0037027848708612,0.3905563960035956
congestion_price_mult,1.163157894736842,0.0036856786152019,0.7394060747419617,0.0029765519582934,0.0783606341117597,0.0038308113715408,0.4028425238953311
congestion_price_mult,1.2052631578947368,0.003808851797045,0.7641378542399275,0.003075089724152,0.0809337572977635,0.0039588304644966,0.415054120647845
congestion_price_mult,1.2473684210526317,0.0039320181221724,0.7888696337378934,0.0031736220046813,0.0835038385378292,0.0040868421503716,0.4271918624008792
congestion_price_mult,1.289473684210526,0.0040551775911565,0.8136014132358593,0.0032721488003395,0.0860708832230525,0.0042148464298086,0.4392564171403275
congestion_price_mult,1.331578947368421,0.00417833020457,0.838333192733825,0.0033706701115846,0.0886348967317973,0.0043428433034503,0.4512484448207799
congestion_price_mult,1.3736842105263158,0.0043014759629851,0.8630649722317905,0.0034691859388743,0.0911958844297332,0.0044708327719396,0.4631685974858632
congestion_price_mult,1.4157894736842105,0.0044246148669741,0.887796751729757,0.0035676962826666,0.0937538516698735,0.0045988148359189,0.4750175193864243
congestion_price_mult,1.4578947368421051,0.0045477469171095,0.912528531227723,0.0036662011434192,0.096308803792612,0.0047267894960308,0.4867958470965989
congestion_price_mult,1.5,0.0046708721139633,0.9372603107256888,0.0037647005215901,0.0988607461257601,0.0048547567529177,0.4985042096278162
congestion_flow_factor_mult,0.5,0.0024603363238604,0.4937286528922693,0.0019962698518485,0.0519976345733002,0.0025571884381777,0.2605775314173975
congestion_flow_factor_mult,0.5368421052631579,0.0026378984029444,0.5292805859205956,0.002138323767758,0.0559212985011097,0.0027417567108701,0.2839070003421469
congestion_flow_factor_mult,0.5736842105263158,0.0027218565512447,0.5460944105027584,0.0022054919244063,0.0577693942685698,0.0028290269414504,0.2947815140941532
congestion_flow_factor_mult,0.6105263157894737,0.0027852475879461,0.5587915294414464,0.0022562058172542,0.0591602553663777,0.0028949182653618,0.3028809624339993
congestion_flow_factor_mult,0.6473684210526316,0.0028486434390763,0.5714886483801344,0.002306923561726,0.060553361901036,0.0029608147906497,0.311047578568639
congestion_flow_factor_mult,0.6842105263157895,0.0029120441051839,0.5841857673188219,0.0023576451582604,0.0619487193145617,0.0030267165179302,0.3192822014991476
congestion_flow_factor_mult,0.7210526315789474,0.0029754495868174,0.5968828862575097,0.0024083706072964,0.0633463330665721,0.0030926234478192,0.3275856842584613
congestion_flow_factor_mult,0.7578947368421052,0.0030388598845255,0.6095800051961975,0.0024590999092728,0.0647462086343547,0.0031585355809329,0.335958894205912
congestion_flow_factor_mult,0.7947368421052632,0.0030672547855063,0.6152739926954106,0.0024818159159587,0.0653552625196005,0.0031880491085301,0.3392120322220563
congestion_flow_factor_mult,0.831578947368421,0.0030925737811338,0.6203528402708858,0.0025020711124606,0.0658947447999063,0.0032143652143261,0.3420120956537572
congestion_flow_factor_mult,0.868421052631579,0.0031178927767612,0.6254316878463608,0.0025223263089626,0.0664342270802122,0.0032406813201222,0.344812159085458
congestion_flow_factor_mult,0.9052631578947368,0.0031432117723886,0.6305105354218359,0.0025425815054646,0.0669737093605181,0.0032669974259183,0.3476122225171587
congestion_flow_factor_mult,0.9421052631578947,0.0031685307680161,0.635589382997311,0.0025628367019665,0.0675131916408239,0.0032933135317144,0.3504122859488596
congestion_flow_factor_mult,0.9789473684210526,0.0031938497636435,0.6406682305727864,0.0025830918984685,0.0680526739211298,0.0033196296375105,0.3532123493805606
congestion_flow_factor_mult,1.0157894736842104,0.003219168759271,0.6457470781482614,0.0026033470949704,0.0685921562014357,0.0033459457433066,0.3560124128122613
congestion_flow_factor_mult,1.0526315789473684,0.0032444877548984,0.6508259257237364,0.0026236022914724,0.0691316384817415,0.0033722618491027,0.3588124762439621
congestion_flow_factor_mult,1.0894736842105264,0.0032698067505258,0.6559047732992116,0.0026438574879743,0.0696711207620474,0.0033985779548988,0.361612539675663
congestion_flow_factor_mult,1.1263157894736842,0.0032951257461533,0.6609836208746869,0.0026641126844763,0.0702106030423533,0.0034248940606948,0.3644126031073638
congestion_flow_factor_mult,1.163157894736842,0.0033204447417807,0.666062468450162,0.0026843678809782,0.0707500853226591,0.0034512101664909,0.3672126665390647
congestion_flow_factor_mult,1.2,0.0033457637374082,0.6711413160256369,0.0027046230774802,0.071289567602965,0.003477526272287,0.3700127299707654
inflation_rate_mult,0.7,0.0028528625624379,0.5607241078643896,0.0023071986287842,0.057604331388655,0.0029730493887269,0.3135116852181832
inflation_rate_mult,0.7368421052631579,0.0028944280296745,0.5699754913445526,0.0023408139141034,0.0588002437588861,0.0030154335711213,0.3182080052444556
inflation_rate_mult,0.7736842105263158,0.0029365749149085,0.579468397691104,0.0023748994102292,0.0600288747019055,0.0030583840461171,0.3230045653681319
inflation_rate_mult,0.8105263157894737,0.0029793052362809,0.5892106752849493,0.0024094567492949,0.0612912984569966,0.0031019017896107,0.3279037318184746
inflation_rate_mult,0.8473684210526315,0.003022620573225,0.5992104558894885,0.0024444872086373,0.0625886272928735,0.0031459873128708,0.3329079130261576
inflation_rate_mult,0.8842105263157894,0.0030665220408696,0.6094761653955627,0.0024799916900956,0.0639220128203273,0.0031906406378642,0.3380195590026802
inflation_rate_mult,0.9210526315789473,0.0031110102640555,0.6200165349789979,0.0025159706989981,0.0652926473419222,0.0032358612723471,0.3432411605880761
inflation_rate_mult,0.9578947368421051,0.0031560853510373,0.6308406126861884,0.0025524243228936,0.0667017652389231,0.0032816481847974,0.3485752485576925
inflation_rate_mult,0.9947368421052631,0.0032017468669466,0.6419577754637663,0.0025893522100905,0.068150644395563,0.0033279997792753,0.3540243925787838
inflation_rate_mult,1.031578947368421,0.0032479938071034,0.6533777416489664,0.002626753548073,0.0696406076606469,0.0033749138703011,0.3595912000072618
inflation_rate_mult,1.068421052631579,0.0032948245702686,0.6651105839377914,0.0026646270418692,0.0711730243463591,0.0034223876578522,0.3652783145144367
inflation_rate_mult,1.1052631578947367,0.0033422369319392,0.6771667428487628,0.0027029708924542,0.0727493117640334,0.0034704177025841,0.371088414533718
inflation_rate_mult,1.1421052631578945,0.0033902280177944,0.6895570407005557,0.0027417827752757,0.0743709367964747,0.0035189999013893,0.3770242115165211
inflation_rate_mult,1.1789473684210525,0.0034387942774122,0.7022926961224751,0.0027810598189968,0.0760394175062833,0.0035681294634158,0.3830884479868133
inflation_rate_mult,1.2157894736842105,0.0034879314583774,0.7153853391173688,0.0028207985845573,0.0777563247794391,0.0036178008866708,0.389283895383155
inflation_rate_mult,1.2526315789473683,0.0035376345809177,0.7288470266971372,0.0028609950446607,0.0795232840032189,0.0036680079353457,0.395613351677296
inflation_rate_mult,1.289473684210526,0.0035878979132042,0.7426902591117727,0.0029016445637986,0.0813419767773061,0.003718743618001,0.4020796387579726
inflation_rate_mult,1.3263157894736841,0.0036387149474645,0.7569279966934045,0.0029427418789331,0.0832141426567114,0.0037700001667571,0.4086855995686305
inflation_rate_mult,1.3631578947368421,0.0036900783770611,0.771573677337628,0.0029842810809596,0.0851415809248844,0.0038217690176417,0.4154340949878304
inflation_rate_mult,1.4,0.003741980074694,0.7866412346449827,0.0030262555970779,0.0871261523950999,0.0038740407922496,0.4223280004409715
