real_wacc_mult,delay_years,construction_years,line_utilization_mult,wildfire_ignition_rate_mult,congestion_price_mult,congestion_flow_factor_mult,congestion_binding_hours_mult,congestion_average_exceedance_mult,congestion_near_binding_hours_mult,congestion_near_binding_relief_factor_mult,congestion_saturation_factor_mult,electricity_price_mult,environmental_mitigation_cost_mult,project_lifetime,social_discount_rate_mult,wacc_nominal_mult,inflation_rate_mult,row_acquisition_cost_mult,row_rent_cost_mult,row_hold_cost_mult,terrain_mult_forested,terrain_mult_scrubbed_flat,terrain_mult_wetland,terrain_mult_farmland,terrain_mult_desert_barren,terrain_mult_urban,terrain_mult_rolling_hills,terrain_mult_mountain,terrain_mult_subsea,outage_rate_mult,veg_om_per_mile_mult,labor_cost_mult,materials_cost_mult,outage_growth_rate_mult,project_name,construction_type,ac_dc,capacity_mw,conductor_type,line_length_miles,line_utilization,converter_type,number_of_converters,reconductoring,old_capacity_mw,old_conductor_type,old_ac_dc,baseline_electricity_price_per_mwh,social_discount_rate,project_lifetime_years,scenario_id,timestamp,build_cost_nominal,build_cost_afudc,build_cost_pv,build_conductor_nominal,build_structure_nominal,build_converter_nominal,insurance_annual,insurance_nominal,insurance_pv,wildfire_liability_annual,wildfire_liability_nominal,wildfire_liability_pv,row_cost_nominal,row_cost_afudc,row_cost_pv,row_acquisition_nominal,row_holding_nominal,row_rent_nominal,env_mitigation_nominal,env_mitigation_afudc,env_mitigation_pv,env_base_cost,env_credits_cost,delay_cost_nominal,delay_cost_afudc,delay_cost_pv,wildfire_eal,wildfire_nominal,wildfire_pv,wildfire_events_per_year,outage_eac,outage_nominal,outage_pv,outage_events_per_year,congestion_benefit_annual,congestion_benefit_nominal,congestion_benefit_pv,congestion_benefit_haircut_pv,curtailment_benefit_annual,curtailment_benefit_nominal,curtailment_benefit_pv,curtailment_benefit_haircut_pv,congestion_delay_cost_nominal,congestion_delay_cost_pv,curtailment_delay_cost_nominal,curtailment_delay_cost_pv,residual_congestion_annual,residual_congestion_nominal,residual_congestion_pv,oandm_annual,oandm_nominal,oandm_pv,line_loss_cost_nominal,line_loss_cost_pv,line_loss_annual_cost,bcr_system,bcr_capital,bcr_haircut,bcr_excluding_risk,bcr_excluding_emissions,bcr_excluding_emissions_and_risk,sample_id
1.0,4.0,1.0,1.0,1.0,1.0,1.0,1.0,1.0,1.0,1.0,1.0,1.0,1.0,50.0,1.0,1.0,1.0,1.0,1.0,1.0,2.25,1.0,1.2,1.0,1.05,1.59,1.4,1.75,1.0,1.0,1.0,1.0,1.0,1.0,S1_Rural_Overhead_AC_500MW,Overhead,AC,460,Standard Aluminum Conductor,100,0.7,LCC Converter,0,False,0,,,50.0,0.03,50.0,sample_0_1763055284733658,2025-11-13T11:34:46.427530,110888367.59000002,114971506.56481408,87488976.57254337,16003827.840000002,94884539.75,0.0,221776.73518000005,11088836.759,3267627.9905381594,600000000.0,30000000000.0,8840317685.854822,3014869.6969696973,3091011.897720947,1517262.2248663192,1130303.0303030305,14659.39393939394,1869907.272727273,36742424.24242424,38352768.09059764,28989128.108093772,3030303.0303030307,33712121.21212121,50080000.0,0,44545896.53325816,477500000.0,30781169493.045395,12868606706.52161,0.0955,38272000.0,1913600000.0,849436341.1610179,2.35,4704000.0,235200000.0,69308090.65710182,55446472.52568145,450000.0,22500000.0,6630238.264391115,5967214.437952005,18000000.0,15649061.083401468,2250000.0,1956132.6354251837,0.0,0.0,0.0,2077514.2734,103875713.67,30609810.289589755,1618024345.07321,718231960.4872692,32360486.9014642,0.0032327090535187483,0.6435704291873436,0.00261439229275841,0.08145653195832879,0.0033346674122511693,0.35481238562724676,sample_0001
0.786860769220036,16.0,0.8345116840007385,0.9403026319709407,0.5756263466592606,1.1427316737289686,0.9182240073620225,1.2160696784736151,0.5743594318366223,0.6027480703105221,0.5187640065858914,1.670366175055757,1.2316163596797849,0.8684726356979444,60.0,1.047136442982502,0.962372635496963,0.9238510930690902,0.7031263168746864,0.9596488949356745,0.9193117660264389,0.9150545974183203,0.7614114719349468,1.3829516770098074,1.2685909773411366,1.2808142967790612,1.1040887439900613,0.889216523291234,1.1715885613544865,1.15951186945802,1.8012761892204607,1.3667749675585525,0.9727902910697698,1.2110492338232752,1.697652220943621,S1_Rural_Overhead_AC_500MW,Overhead,AC,460,Standard Aluminum Conductor,100,0.6582118423796585,LCC Converter,0,False,0,,,61.58081798398924,0.031414093289475,60.0,sample_1_1763055286440405,2025-11-13T11:34:48.094936,99457406.59723456,102504397.14729457,43142649.215471424,14354068.394984314,85103338.20225024,0.0,198914.8131944691,11934888.791668149,1772385.7500858458,600000000.0,36000000000.0,5346165189.878764,2989137.5116897323,3033560.5450072233,738732.8758954912,794745.8066492667,53906.213325206074,2140485.4917152594,36343856.47181195,37670181.84667549,16348071.905947702,2631735.259690741,33712121.21212121,200320000.0,0,137695162.91888058,274861580.52979696,22447854538.07933,5460043651.653769,0.0549723161059593,68938442.31384547,4136306538.830728,1099956054.2584317,4.232999044668083,3235569.0092533487,194134140.55520093,28829810.67786796,19198542.559953567,450000.0,27000000.0,4009623.8924090727,3608661.503168164,48371494.580710344,32641321.10783325,7575530.257800332,5112004.866717024,0.0,0.0,0.0,2545152.357037155,152709141.4222293,22678008.223549873,2193312378.3114896,583261227.5601971,36555206.305191495,0.00257573193422179,0.5452387891768238,0.0017888628292298894,0.038937444753282556,0.0026992144560623655,0.12624320351303422,sample_0002
0.9888912334954699,10.0,1.121035792281451,1.0537730906509493,0.8876093629430976,1.2535009282163405,0.8340570842091983,1.7664986744899889,1.48343816679309,1.450838700993024,0.5606507854750107,0.6080626081048491,0.9338977917228526,1.356846678656067,57.0,0.804533547527558,1.3206494880372475,0.945497176452495,1.3088937310490878,1.0074528923236632,0.9165847225839414,1.0721095579318978,0.7918166901441256,1.2062938746716596,0.9236945864705707,1.0582175921018921,1.482743743450285,0.7918260370493835,0.8366266697135573,0.8796407511466651,1.82223210299671,0.821469309464182,0.8661600831698957,0.8332819702757202,1.2428164130538382,S1_Rural_Overhead_AC_500MW,Overhead,AC,460,Standard Aluminum Conductor,100,0.7376411634556644,LCC Converter,0,False,0,,,46.69488958614263,0.0241360064258267,57.0,sample_2_1763055288108224,2025-11-13T11:34:49.825918,64081674.167312875,66732724.42703941,28633652.767590094,9248509.139069838,54833165.028243035,0.0,128163.34833462576,7305310.855073668,749504.6412582907,600000000.0,34200000000.0,3508825187.5320163,3659919.0688473415,3772112.79600534,974387.4828240436,1479446.550549423,33591.44131797026,2146881.076979948,37823777.814109296,39679015.04030533,17028796.17741034,4111656.601988082,33712121.21212121,125200000.0,0,85877398.21084201,423833470.8053291,32349849058.556683,12583599770.397133,0.0847666941610658,69740467.04589008,3975206621.6157346,1647140613.2934437,4.282245442042267,12370630.766025476,705125953.6634521,72343968.02914783,63546035.6530563,450000.0,25650000.0,2631618.8906490114,2368457.0015841112,131508905.6057952,87035298.34216033,5004466.106526652,3312058.591152801,393468.70005773584,22427715.903290942,2301021.4754467737,1849887.6429668325,105443595.64910944,10818220.592910424,1855442629.8354652,768809071.3623843,32551625.084832724,0.003999742172493866,1.6076473590962719,0.0035163576155972666,0.07456255438694614,0.004170802889384834,0.3167130476982319,sample_0003
0.8698326357634211,13.0,2.917888307722765,0.8357660605141347,0.5802211812921071,1.4219163096212746,0.685981614565211,1.6316904174263656,1.4922148392382937,1.5060805089544678,0.9844522881989087,1.0379680656927996,0.7458292789742239,0.9128880722135794,46.0,1.1687898883248566,1.0063144948486082,1.2169222864627467,1.2969032752559104,1.4026638805997242,0.7715938343927649,1.1221431456664595,0.7894769165984692,1.1016506100637427,1.0751959677622722,0.9943192464183497,1.1390351663718576,1.0997662668818238,0.7476853175943452,0.9134349395612013,1.545457096546462,0.9443343095539641,0.8945568833975674,0.9267180393710872,1.5761062454801709,S1_Rural_Overhead_AC_500MW,Overhead,AC,460,Standard Aluminum Conductor,100,0.5850362423598943,LCC Converter,0,False,0,,,37.2914639487112,0.0350636966497457,46.0,sample_3_1763055289837315,2025-11-13T11:34:51.491110,76998769.827179,85567133.23402116,40878717.870359294,11112753.149745952,65886016.67743304,0.0,153997.539654358,7083886.824100468,1595303.2561332297,600000000.0,27600000000.0,6215566533.259547,4018426.366904286,4326570.499786006,1491479.6396929575,1465893.7020316806,36761.06843360583,2515771.596439,36478448.70367751,41371525.817976005,20306243.74126352,2766327.4915563012,33712121.21212121,162760000.0,0,123142632.12508424,277055614.06698114,16081938443.03385,4318597899.641575,0.0554111228133962,59147733.9990262,2720795763.9552054,774934493.4976028,3.631824176884186,11627242.665754886,534853162.62472475,120449833.97892264,95445217.7412984,450000.0,20700000.0,4661674.89994466,4195507.409950195,198395175.52298588,141896085.37592214,7163049.7384752445,5123152.387971753,2433027.609733553,111919270.04774344,25204408.309260573,2006540.518081304,92300863.83174,20786310.153025717,865141836.4860151,246408885.1293556,18807431.22795685,0.010481921928293175,1.9961488939233738,0.00834796343896002,0.19959297830519335,0.010702875224597898,0.32887357109549775,sample_0004
0.8943272562252956,7.0,0.6393979869846237,1.0729036090378465,0.6930734250358855,0.9547845965604437,1.0735278188154778,1.4834702168792469,1.8921039021552906,1.1891161360853038,1.2671446190530253,1.236207402350824,1.1647480987841308,0.8375144185605997,53.0,0.8713037714058702,1.2561503579297053,1.0218029632506735,1.2802245135942116,0.9878890288697015,1.1546826911486812,1.4271203701004458,0.7609479354963572,1.3343909254194064,1.1170996144741927,0.9075450854172349,1.2575330130176616,1.2211171702941321,0.7337416805212404,1.1810908920227163,0.8248859806448515,1.1501381359558618,0.9758628276050952,1.230362107954583,1.154586350000388,S1_Rural_Overhead_AC_500MW,Overhead,AC,460,Standard Aluminum Conductor,100,0.7510325263264925,LCC Converter,0,False,0,,,58.23740493920654,0.0261391131421761,53.0,sample_4_1763055291502224,2025-11-13T11:34:53.162802,111025839.99651162,113622756.7464636,63012411.992844254,16023668.376698108,95002171.61981352,0.0,222051.67999302325,11768739.039630232,1924379.732155601,600000000.0,31800000000.0,5199815823.639065,3419525.7974259374,3481083.0121910535,1264783.4940964363,1447041.6471837603,29622.159777959103,1942861.990464218,36250043.69260788,37259334.96366606,21392752.95541969,2537922.480486666,33712121.21212121,87640000.0,0,68003856.39986175,330942560.4546353,22982829353.384037,9569791469.727844,0.066188512090927,31570036.25123975,1673211921.315707,739082059.3055124,1.9384820545154011,11080691.379301377,587276643.102973,96029257.28492044,72286841.54534638,450000.0,23850000.0,3899861.867729298,3509875.6809563674,73703965.27958846,55904680.81855488,3437729.0941430805,2607527.926342823,272239.1107084112,14428672.867545793,2359322.0594583713,2268940.396743724,120253841.02741736,19663453.62980318,2207643411.2868433,975148227.0955324,41653649.26956308,0.005976632414860068,1.1664430873316456,0.004533304415729872,0.08249868236568227,0.006346792351266278,0.42318967543707015,sample_0005
0.8201977972280442,8.0,2.517184779541875,0.8554282719476239,0.46652647006627335,0.9339547315650882,1.040559672339534,1.0373966379876425,0.7878054426984747,1.3898919396005982,1.1039123602526855,1.5755191961408013,0.8062926690960037,1.3491892369505627,51.0,1.1977647731162404,0.8276771211710423,0.7847946805190522,1.2713946810285681,0.7859502733548862,0.8250460241441175,1.046890635079633,1.438052762690947,1.1479002331835302,0.8238537267482894,0.7470108739097001,1.1484538940183135,1.2258446627411619,1.0884876296191393,1.4334589349464808,0.6035454108092995,0.9882831429025609,1.282906724849054,1.176773260716585,0.9541769609120899,S1_Rural_Overhead_AC_500MW,Overhead,AC,460,Standard Aluminum Conductor,100,0.5987997903633367,LCC Converter,0,False,0,,,40.31463345480019,0.0359329431934872,51.0,sample_5_1763055293174565,2025-11-13T11:34:54.852910,117495838.02526784,128692410.98817608,78427750.76855046,16957442.917957485,100538395.10731035,0.0,234991.6760505357,11984575.47857732,3211499.4759745644,600000000.0,30600000000.0,8199863578.020328,3003441.8208772615,3260377.8891575653,1498057.8000646424,1437061.260677745,24189.34937211869,1542191.2108273976,37800573.44530474,42106452.04128379,26071339.6842713,4088452.233183523,33712121.21212121,100160000.0,0,83709230.71568233,222766389.45664555,14726599041.0398,4299466406.816615,0.0445532778913291,23098889.96249351,1178043388.087169,370185976.6994676,1.4183317154018538,4394025.189805193,224095284.68006483,60050678.52464573,41128479.173273824,450000.0,22950000.0,6149897.683515244,5534907.915163722,28899587.55704456,22989142.92859621,4732733.150793844,3764810.782567162,0.0,0.0,0.0,2062575.2806007655,105191339.31063902,28188059.867205445,1070549358.5600656,336407269.8095079,20991163.893334623,0.004920591896057288,0.6245505402675612,0.0034684212359113024,0.1133053173834689,0.0050467850389601995,0.26708869945784197,sample_0006
0.7652285418880845,7.0,1.3250635369662014,0.8511083227337451,0.3902047585555413,1.4522912200243239,1.0065819578407051,0.6924057081980678,0.673420354740846,1.9661399378394449,0.9877944624561075,1.8581317113556315,1.259748088885169,1.3966752277030694,54.0,0.8774807693154212,0.9981044019916533,1.3437135648243732,1.2737836995410001,0.8355912418223347,0.7448552845115793,0.7330683125559444,1.2736678345577666,1.1181428408914278,1.296505803538933,0.9992602537646902,1.108075129530504,1.2959980235034605,0.84361627332653,0.942629503232778,0.6388517198500057,1.5828939259407115,0.9688705688773119,0.8847969458256192,1.1474683503418968,S1_Rural_Overhead_AC_500MW,Overhead,AC,460,Standard Aluminum Conductor,100,0.5957758259136215,LCC Converter,0,False,0,,,62.98740444425845,0.0263244230794626,54.0,sample_6_1763055294864772,2025-11-13T11:34:56.532498,87978861.25026815,92296969.55117735,64508152.973483,12697441.396328326,75281419.85393982,0.0,175957.7225005363,9501717.01502896,2941131.5095802355,600000000.0,32400000000.0,10028993787.088615,3153854.4081963557,3283826.4886207855,1666485.4916801597,1439761.575541797,19108.47232611554,1694984.360328443,37944470.386979,40153999.16963597,28117698.282384843,4232349.174857786,33712121.21212121,87640000.0,0,75702901.34445436,186322772.21027097,13255197072.33085,5325727526.417953,0.0372645544420542,24450133.022099417,1320307183.1933684,564219726.5106655,1.5013015416475133,5572217.492984702,300899744.6211739,93139557.69575016,58526444.548527986,450000.0,24300000.0,7521745.340316462,6769570.806284814,20295074.41366036,17108983.086144138,3746278.5916347904,3158156.2971319766,0.0,0.0,0.0,2820704.0289744074,152318017.564618,47148038.636333585,1758734622.48202,751577193.8024175,32569159.675592963,0.005952461602332205,1.0675448982197826,0.00386118610093451,0.10148037740251206,0.0062293137208908975,0.4188086327395532,sample_0007
1.2093800543168332,19.0,1.5233352029028329,0.9071958754738179,0.8217440426537568,0.9513627093228918,0.5463608652463663,1.2693812309817483,0.8953621872449675,1.5380121090308754,1.0723301710273967,1.3925570797732423,1.4102323620992971,1.308118337981208,41.0,0.9101754469982719,1.3462753278534318,0.8620378712345707,1.4209760663688504,1.3317176069233314,1.1956257610744963,1.0562156951484898,1.3694233815676182,0.8877438865247083,1.4761786047423995,1.420521704225032,1.3760869823958526,1.041907297468661,1.0226191019093946,1.123708949341958,1.4308528569255863,0.7873439430389161,0.8112789320967226,0.8024487173490016,0.6469699208965,S1_Rural_Overhead_AC_500MW,Overhead,AC,460,Standard Aluminum Conductor,100,0.6350371128316724,LCC Converter,0,False,0,,,70.51161810496485,0.0273052634099481,41.0,sample_7_1763055296543925,2025-11-13T11:34:58.199425,87382948.48697081,92331417.76394586,18111535.07151987,12611437.016619803,74771511.47035101,0.0,174765.89697394162,7165401.775931606,433872.7131904068,600000000.0,24600000000.0,1489556214.465912,3765683.936914159,3933523.253869903,552472.4244181969,1606133.5538047915,83253.95791947399,2076296.425189894,37676116.17570063,40213146.77336293,8084310.974601327,3963994.9635794186,33712121.21212121,237880000.0,0,120429554.3984269,392382780.3671689,19766375591.975315,6544213151.9583435,0.0784765560734337,54761600.540256046,2245225622.150498,771434813.9908583,3.362504213775128,4590659.689131085,188217047.25437447,11396742.780738924,8222619.811604411,450000.0,18450000.0,1117167.1608494336,1005450.44476449,79889073.67625667,38671822.46060186,9235500.841306277,4470619.478166294,248355.49539495577,10182575.311193185,616565.7859371941,1806377.800774618,74061489.83175933,4484502.131361831,1632560714.1502368,560929894.2718235,39818554.003664315,0.001308714066660076,0.4678391262378299,0.0009650784933733146,0.01653561773296276,0.0013902707820973282,0.06389366429605664,sample_0008
0.840308609107856,18.0,2.2548952369227195,0.8676258159565928,0.5525458411237337,1.2422615172651201,0.5633091885259113,1.4027305155896186,1.3987608021852433,1.838816688185012,1.3908466190658553,0.9059171561828805,0.8010525917870557,1.0571558430481196,51.0,1.296992262430217,0.8030757835556018,1.3479425524275106,0.8569496748454103,1.3615440787400335,0.7822252487393726,0.8512407464470988,0.7209236976128212,1.0116920264968923,0.9666102719564361,0.8491856122422285,1.3368676227441711,1.4785243148463274,0.8157569498237041,1.3595180945952012,0.6730318477158399,0.8289400296768265,1.2741591229382965,0.9068749917629424,0.7757443418658889,S1_Rural_Overhead_AC_500MW,Overhead,AC,460,Standard Aluminum Conductor,100,0.6073380711696149,LCC Converter,0,False,0,,,40.05262958935278,0.0389097678729065,51.0,sample_8_1763055298211176,2025-11-13T11:34:59.893417,69519765.55531003,75425760.38101201,44526247.000161774,10033355.018246992,59486410.53706303,0.0,139039.53111062007,7091016.086641624,2630518.458971292,600000000.0,30600000000.0,11351527603.520674,3678741.4463098226,3832451.871373105,1700658.500142719,968612.8142949636,51601.26631774894,2658527.36569711,36915623.76681248,40673219.041834086,23984746.894803364,3203502.554691272,33712121.21212121,225360000.0,0,183029073.16687793,263840639.13658285,17441927899.326637,3213555876.9645424,0.0527681278273165,25758274.875780627,1313672018.664812,261933466.25628304,1.581624842132224,8030714.241103821,409566426.29629487,151934790.63979438,124406723.9474656,450000.0,22950000.0,8513645.702640507,7662281.132376458,177731019.5744352,140949704.15569797,9114702.856615225,7228421.207413164,2719821.568561623,138710899.99664277,51456882.686963595,1859412.8112379536,94830053.37313564,35178626.421846025,1084518661.492055,216242508.1665081,21265071.79396186,0.01032889219239963,2.285210942473339,0.008501962041660533,0.2269659364883861,0.01047470685701116,0.3269887526088981,sample_0009
1.2528985581886367,2.0,2.764693792740797,1.0337506124241678,2.3185536297531866,1.0508899668647915,0.7122184070535023,1.5331319293077021,1.7073812352564117,1.1344916404854812,1.3605551381540382,0.9347401906676744,1.3162004216826184,1.2997356982891204,59.0,0.7795604759975022,0.7980476684119646,0.7214619396126949,0.9539213932246098,1.2396200445973453,0.9885893430544583,1.4569745274442316,1.4212371519041396,0.7066287390128255,1.180379807615673,0.7227658683584173,1.120306428010399,0.7622944979433677,1.0059560978199977,1.3556272842374562,0.6576106136298813,0.8986103687713504,1.1779457167657852,0.8627208136498081,1.223168037750869,S1_Rural_Overhead_AC_500MW,Overhead,AC,460,Standard Aluminum Conductor,100,0.7236254286969174,LCC Converter,0,False,0,,,65.81002108413092,0.023386814279925,59.0,sample_9_1763055299905293,2025-11-13T11:35:01.590087,93203827.1607064,103003300.03411642,78944974.32658695,13451528.201985871,79752298.95872052,0.0,186407.6543214128,10998051.604963357,3379666.2117861267,600000000.0,35400000000.0,10878307194.270292,3892701.3504801514,4106292.478770557,1930051.7578452355,1078220.241432665,7246.060312060981,2807235.0487354253,37650714.23723976,42392753.455729574,33193380.102241863,3938593.025118547,33712121.21212121,25040000.0,0,23569791.43025656,1107109358.2071466,88425887546.051,40012409769.64005,0.2214218716414293,25168073.404842813,1484916330.885726,717493097.8422503,1.545384942030221,8498102.869362684,501388069.29239833,154074955.96906194,125270945.22513504,450000.0,26550000.0,8158730.395702723,7342857.35613245,47185088.5650709,41833595.004255846,2144112.2067333586,1900937.8688877283,2680396.511168708,158143394.1589538,48596961.084905915,1948242.4935834715,114946307.12142482,35322633.89022029,2633897292.1174407,1272666404.3033426,44642326.985041365,0.003052400087533776,1.4222490853362821,0.002495106852821682,0.10525507363461209,0.003127282904120476,0.6038354997561918,sample_0010
1.1005691770163706,7.0,1.4276188054545338,0.9897031235254288,2.2419455547914544,1.2735564052812314,1.089211209000633,1.8933581939749766,0.86232282605085,1.595757197556132,0.581158042198133,1.5909780408602645,1.3412460739304914,0.9676455529886197,49.0,0.8312852492879426,1.25952772261604,0.7497121376994235,1.1163714158177975,0.7263143924338625,1.0983616540252215,1.3317464113380535,0.9353980916579427,0.7771080180831372,1.284170827139465,1.062300245519899,1.3854429860109092,1.0658643088637731,1.399750181321423,0.8472463357209878,0.8260244258050846,1.5335132431239422,1.2029110277436015,0.9140165401744028,1.614524754012178,S1_Rural_Overhead_AC_500MW,Overhead,AC,460,Standard Aluminum Conductor,100,0.6927921864678,LCC Converter,0,False,0,,,67.06230369652457,0.0249385574786382,49.0,sample_10_1763055301602463,2025-11-13T11:35:03.284606,86306119.435159,90878520.27806664,46405595.7358444,12456024.982581876,73850094.45257713,0.0,172612.238870318,8457999.704645582,1178428.2683518429,600000000.0,29400000000.0,4096215689.214894,2632913.232466045,2756077.9306109,976549.1835464193,1261837.9942425406,28177.30330499006,1342897.9349185145,36644380.46360187,38961888.803342454,20262583.59043872,2932259.2514806655,33712121.21212121,87640000.0,0,65960193.12344346,1070529002.4129196,67266511993.86388,29869401588.708485,0.2141058004825839,31613606.8244122,1549066734.3961978,721947911.4575179,1.941157400641949,8905779.41038088,436383191.1086631,60799988.90914856,41453699.46134794,450000.0,22050000.0,3072161.76691117,2764945.5902200527,63085308.9793431,45182717.435477555,3792428.46245454,2716198.531570232,0.0,0.0,0.0,2757743.6583830267,135129439.2607683,18827188.067169055,2095941980.8918395,976821012.3179768,42774326.14064979,0.0017808603272960529,0.9442295369221327,0.0012328883537757408,0.05420563458663992,0.0018307206863193463,0.3169685065813092,sample_0011
1.1348956133666104,6.0,1.9369587449043963,1.0224275694859661,0.6245510903276468,1.2346063152652982,0.794550845423318,1.8210037764174396,1.4225392339221228,0.5620020327923869,1.0968958792143662,1.0794013320574942,1.494354390490933,0.9344327759682379,55.0,1.0046899139648224,0.9245265833623356,1.33776712670228,0.9791102993111247,1.3402710225403691,1.113966580941145,1.2139452401575728,1.117695487952608,1.1924948267194553,0.9369130356036667,1.3262725776732207,1.2335036600976648,1.3228322559008032,1.0776444804725935,0.8127208381101936,0.7222350346737355,1.5035462000438717,0.8736994975101511,0.8425343840597925,1.673118202632596,S1_Rural_Overhead_AC_500MW,Overhead,AC,460,Standard Aluminum Conductor,100,0.7156992986401762,LCC Converter,0,False,0,,,74.71771952454665,0.0301406974189446,55.0,sample_11_1763055303296384,2025-11-13T11:35:04.957488,80203960.79859698,86022936.92394719,62241444.226678625,11575338.411083331,68628622.38751365,0.0,160407.92159719396,8822435.687845668,3167647.8874853933,600000000.0,33000000000.0,11848471780.987673,3929116.087174665,4078303.6936269617,1974483.6804961248,1106691.3383122713,24495.112418004013,2797929.63644439,36543735.68475223,39719734.01701799,29142897.440635744,2831614.472631024,33712121.21212121,75120000.0,0,67259536.69009416,298223145.63145137,21726288997.068893,7749016810.687385,0.0596446291262902,27641379.247033205,1520275858.5868263,583020779.4184612,1.6972523314832786,11780434.882425182,647923918.533385,232633583.78696272,182412583.74277136,450000.0,24750000.0,8886353.835740758,7997718.452166679,91381907.11684032,79158811.54372245,3571631.4352069786,3093895.8115821797,400640.99719540746,22035254.84574741,7911639.249294244,2719535.6784559367,149574462.3150765,53703902.90595722,2744455193.538643,1052489518.2531517,49899185.33706623,0.011212284787954684,2.587007031450056,0.008839578859552789,0.17756941698696657,0.011788266726980547,0.7850368724473554,sample_0012
1.1036978597285099,14.0,2.483740044499968,1.084881521422783,0.34749839986405523,1.2396344696426902,0.7633821827505514,1.9820587100001537,0.7465695181744727,0.8699384865705571,1.4718189401271942,1.6308730024440183,0.7898790425990824,1.450777205115204,43.0,1.3339621694199675,1.1645236355771305,0.7588436472506598,1.4303717642373437,1.185341240912433,1.4843221332685126,1.1072429108323627,1.4764349424542376,1.1157162145816764,1.236002387385402,0.9542248407037159,1.3995996666251767,1.4677588247280422,1.382941244269609,1.105256001324788,1.5687958597097942,0.6661899270827778,0.9620387200988463,1.2580029929546452,0.6704468088643456,S1_Rural_Overhead_AC_500MW,Overhead,AC,460,Standard Aluminum Conductor,100,0.759417064995948,LCC Converter,0,False,0,,,39.49395212995412,0.040018865082599,43.0,sample_12_1763055304969105,2025-11-13T11:35:06.632384,142028695.92354095,155375067.26617038,49419885.616323195,20498117.58708801,121530578.33645292,0.0,284057.3918470819,12214467.84942452,1298846.8811400998,600000000.0,25800000000.0,2743488291.632237,3669650.5397432153,3954537.6999136135,920813.7381561171,1616753.5395773612,76157.4200959065,1976739.5800699475,38108415.77307637,42382566.07338155,13950781.898609808,4396294.560955163,33712121.21212121,175280000.0,0,110265891.15763004,165930485.93508637,8860319476.722122,2073240238.9657805,0.0331860971870172,60040955.14281326,2581761071.14097,640360805.3259653,3.686670270318016,7941298.695322898,341475843.8988846,36311433.318287894,24467566.0625195,450000.0,19350000.0,2057616.2187241777,1851854.5968517603,108852565.71030134,63866470.6270839,7417683.020024985,4352136.595293975,0.0,0.0,0.0,1651906.430430542,71031976.5085133,7553309.917930324,1234088441.561656,306094114.2522703,28699731.19910828,0.006379094171867032,0.5967983438734115,0.0043757680985335775,0.06879598131493858,0.00672113302555435,0.15248314469536856,sample_0013
1.0718020389082357,1.0,2.808288084715594,0.8949483420829857,2.561148954599823,0.7618627151710415,0.7047767100852027,0.8057529557853846,0.7947138402992338,1.2559951807317915,1.453574015232759,1.7911394580044782,1.0848050112427237,1.2737653860835856,42.0,0.7135291750749888,1.3530418447482866,1.2308227610228828,1.3060128316577897,1.3169866350811297,1.3323969837339682,0.9422527653534903,0.9887076770881729,0.7608185560243496,1.3312779766631526,1.46610692080725,0.9560527872402702,1.0903692170507278,0.8465213324933565,1.3463565094135266,0.7697882472420992,0.8070528476287773,0.9321507028581657,1.0713781202559625,0.659541394970879,S1_Rural_Overhead_AC_500MW,Overhead,AC,460,Standard Aluminum Conductor,100,0.6264638394580899,LCC Converter,0,False,0,,,54.24025056213618,0.0214058752522496,42.0,sample_13_1763055306644207,2025-11-13T11:35:08.336689,97220542.2601816,107611837.47221804,78986017.92519188,14031235.689177044,83189306.57100457,0.0,194441.0845203632,8166525.549855256,2060129.2802002816,600000000.0,25200000000.0,6357080198.19607,3644736.273353405,3942232.955930825,2007453.962065496,1476190.261237441,4883.033067054124,2163662.979048909,37572016.32146541,42385535.8458776,32648727.591463383,3859895.109344199,33712121.21212121,12520000.0,0,11714301.788853873,1222948625.8214154,63445338873.188576,37193476507.22061,0.244589725164283,29461335.79844962,1237376103.534884,748040579.356159,1.8090023810189328,2838509.7229609787,119217408.3643611,30074389.920370407,19300904.628012884,450000.0,18900000.0,4767810.14864705,4291029.133782345,6688391.691109248,5650310.348436214,1713729.6381220175,1447747.7928773593,0.0,0.0,0.0,1831506.654126691,76923279.47332102,19405057.8063552,1262436316.1801112,763190424.2031469,30058007.528097887,0.0007705773508759133,0.3065956152629867,0.0005217641189188214,0.03799129175775796,0.0007838071361517989,0.2263660177613955,sample_0014
1.3785717557992792,5.0,0.971178661312846,0.9122159190516587,0.7792316074891458,0.9624735649334436,1.0269946960724483,1.3902698777322096,0.6134932868374264,0.9621099139209622,1.1110007468513698,1.2517538342237735,1.1428250815741454,0.8649374960268799,54.0,0.7457239197549381,0.7432269396312072,1.1337218257722053,1.336975747707006,0.9072584652112499,1.2565207877233044,0.7361922580968497,1.1650373665412357,0.7009743223535513,1.4695685042757718,1.1789099117081903,0.7954196572621414,0.9624311833375759,1.4538212242364874,1.4945705071085937,0.5079079997792157,0.705086224416366,1.0929573452196597,0.8607125701114632,1.6471711404978404,S1_Rural_Overhead_AC_500MW,Overhead,AC,460,Standard Aluminum Conductor,100,0.638551143336161,LCC Converter,0,False,0,,,57.14125407870727,0.0223717175926481,54.0,sample_14_1763055308348145,2025-11-13T11:35:10.039629,81635885.01818003,84553720.19601306,68909133.83391011,11781999.120300952,69853885.89787908,0.0,163271.77003636005,8816675.581963442,4194157.7360056,600000000.0,32400000000.0,15412919459.640491,3362800.9823438516,3461568.759516231,2234555.5545182982,1511187.7390748886,23024.791525341883,1828588.4517436211,36333143.92735418,37881367.13637893,31348810.522409968,2621022.7152329693,33712121.21212121,62600000.0,0,58231217.12559197,372083092.5760671,26470380731.627052,12697613033.629652,0.0744166185152134,19438654.967550147,1049687368.247708,530838438.35593534,1.193583799481157,4121738.223725379,222573864.0811705,105880032.12666816,79372884.89020957,450000.0,24300000.0,11559689.594730362,10403720.635257328,17646570.05849214,16167897.03912612,2687030.3975907806,2461873.9316053824,0.0,0.0,0.0,1701499.2095308667,91880957.3146668,43708450.46190201,1755889967.197709,887972853.9251412,32516480.874031648,0.0039466781214274604,1.145837225392719,0.003017031713374913,0.10530548163019494,0.004068074370429163,0.5167725912858404,sample_0015
0.990028661577409,2.0,0.802896391195658,1.096683785848176,2.0948992791117256,0.8612022816437341,1.133660024211247,0.7768699375952948,1.7531967133277486,0.7124363037769662,0.8242109810383926,1.8855679855663814,1.4415438474738795,0.885323645532845,44.0,0.9851336357082177,1.18693294838593,1.3210461078211948,1.1573489556092869,0.9636910487351059,1.4358078422744722,0.7137546847705614,1.182518485554915,1.027251702836977,0.8137756532253292,1.3822053481461558,0.853829617680528,0.9433528198220664,1.2732941790838397,1.4631275375346116,1.235717259882127,1.495425794756028,1.2847439785015657,1.2723319326534248,1.5294016372206756,S1_Rural_Overhead_AC_500MW,Overhead,AC,460,Standard Aluminum Conductor,100,0.7676786500937232,LCC Converter,0,False,0,,,72.07719237369398,0.0295540090712465,44.0,sample_15_1763055310051647,2025-11-13T11:35:11.741991,104718984.4023878,107803855.42330952,85979827.78462261,15113439.167505557,89605545.23488225,0.0,209437.9688047756,9215270.627410129,3055736.842407514,600000000.0,26400000000.0,8754105647.164309,2901726.0736279134,2971999.720891368,1726479.8812961658,1308155.0316432242,10524.036390586343,1583047.0055941031,36394920.137978315,37671535.52969939,31058700.855159245,2682798.925857106,33712121.21212121,25040000.0,0,23174219.5534072,1000314405.7758492,54949028013.27349,26868182183.75712,0.2000628811551698,47293370.97020877,2080908322.6891856,1065369429.9342844,2.903935560722999,4803440.654086674,211351388.77981365,70083044.9262646,43653775.757469624,450000.0,19800000.0,6565579.235373231,5909021.311835908,11835692.700560156,10599718.78869187,1261303.376038046,1129588.39262515,52133.777406950234,2293886.2059058105,760640.9920103168,2709182.161713936,119204015.1154132,39527444.76842796,2340622624.48008,1198336209.2141986,53195968.73818364,0.002012672647426028,0.6453805301418766,0.001301441311992189,0.0549315246171288,0.002078061833113132,0.38905490495488454,sample_0016
1.109815188157484,11.0,0.5167044627284697,0.9572278951086455,1.0783292432571199,1.4874995598688905,0.8390207184805373,0.9130607915241818,0.9767955568270692,1.2749463617751216,1.0893031411379925,0.6373745584851637,1.1795633298553112,0.7235575816856625,57.0,1.1433586896604049,0.8247027380012669,0.7073755039612759,0.7533591422284632,1.4462890776304833,0.8881380116979883,0.9122864727577549,1.0997865352436103,1.007319119539214,1.0908432559271397,1.3227484615088256,1.2835982054031647,1.0248508622607178,1.36424772367425,1.0305476024294018,1.5188357385752815,0.6156931355656182,1.1741830040959975,1.0373559247116422,0.9125335501207466,S1_Rural_Overhead_AC_500MW,Overhead,AC,460,Standard Aluminum Conductor,100,0.6700595265760518,LCC Converter,0,False,0,,,58.97816649276556,0.0343007606898121,57.0,sample_16_1763055311753716,2025-11-13T11:35:13.418240,92726584.51390168,94475393.64042892,54205988.367655985,13382650.741496883,79343933.77240479,0.0,185453.16902780335,10570830.634584792,2358184.3882097793,600000000.0,34200000000.0,7629476704.783308,3937321.997880857,3966471.608562901,1248580.9196549607,851524.1213673236,35803.8037115849,3049994.072801948,35904719.944502,36711436.765052445,21430773.73380453,2192598.732380796,33712121.21212121,137720000.0,0,107452973.80976254,514902213.65527475,39300834028.07885,10663138296.05491,0.1029804427310549,58128881.38675318,3313346239.0449314,981137170.7563308,3.569263985651912,6689530.000711406,381303210.0405501,85062688.84396124,74219330.09486508,450000.0,25650000.0,5722107.528587483,5149896.775728732,55003577.59354439,42432503.594858386,5182517.008227811,3998052.148663347,0.0,0.0,0.0,1587523.0212461634,90488812.2110313,20186616.514841355,2046018432.0088353,605860236.410151,35895060.21068132,0.004509269840117811,1.1807815742932428,0.0039422598855908975,0.10566521553759181,0.004649177561689837,0.3583888509699074,sample_0017
1.1571370642193672,17.0,0.5013034301269789,0.8233624112995216,1.234878107218599,0.858212791319063,0.7758865596222411,1.3997094575913929,1.903166958075337,0.5023023628236916,1.255538478389009,1.740777605633564,0.8480464733104338,1.2339503264281082,58.0,0.892488819873225,1.3465443780976334,1.279630044138747,0.9083992685364434,0.7470917578784225,1.242669821443916,0.9225829038906544,0.7743867207576104,0.7816038599821292,1.0202204328731954,1.1089844473590273,1.2115266491135013,0.728429718305041,1.0648223919742328,0.7772671383152038,1.62536269770748,1.2951726422391436,1.096154108212632,1.0423358713474038,1.669963427718535,S1_Rural_Overhead_AC_500MW,Overhead,AC,460,Standard Aluminum Conductor,100,0.5763536879096651,LCC Converter,0,False,0,,,42.40232366552169,0.0267746645961967,58.0,sample_17_1763055313429839,2025-11-13T11:35:15.131951,76573645.94664063,77974376.60953432,23159156.47245728,11051397.666365,65522248.28027562,0.0,153147.29189328125,8882542.929810312,722581.6496561462,600000000.0,34800000000.0,2830928215.797643,2706655.8491798034,2740738.709876895,521156.2405766511,1026766.445951798,77421.34240885644,1602468.060819149,37451364.62553972,38262039.83283089,11662687.111930234,3739243.41341851,33712121.21212121,212840000.0,0,125016874.87158962,589654296.1968809,46046139167.196175,13621536683.285414,0.1179308592393762,62205881.166660674,3607941107.666319,1147088239.779754,3.8196023396125782,6328442.481776988,367049663.9430653,29858943.972858246,19463387.77369445,450000.0,26100000.0,2123196.1618482335,1910876.5456634096,144039851.38639417,83429808.74328454,7875586.54355714,4561645.0777053675,2365408.2251431257,137193677.0583013,11160501.477395834,2453859.3922549086,142323844.75078467,11577832.985224131,1215229981.3640666,386363296.5872152,20952241.05800115,0.0017517042067560515,0.9049073449649914,0.0011706967878583013,0.048592112790408856,0.0017895745203803872,0.11766261736391996,sample_0018
0.8393512817512647,14.0,1.828051918557756,0.8700181940524575,1.283472976439225,0.9360599843369927,0.7362233240192373,0.9654833606401797,1.1863965202664082,1.3701839438822532,0.8107266494308727,1.2456659928086904,1.2756957224768435,0.8980468973253498,43.0,0.843376091127707,1.2211404277112077,0.9240704313943536,1.4333744584495158,1.3258980580120323,0.8313766573401655,1.340666710565506,0.9124093523698318,0.7903363472670287,1.473224141439238,1.3912604183265889,0.7200274673551549,0.7480385595480135,1.432093404116817,0.9373922213891364,0.6479421199890297,0.8106877261648,0.8731919678794803,1.1290742304831038,0.8909897010650714,S1_Rural_Overhead_AC_500MW,Overhead,AC,460,Standard Aluminum Conductor,100,0.6090127358367202,LCC Converter,0,False,0,,,63.784786123842174,0.0253012827338312,43.0,sample_18_1763055315143748,2025-11-13T11:35:16.813733,107453812.08035928,114796852.0393074,37952905.38813295,15508139.822601764,91945672.2577575,0.0,214907.62416071852,9241027.838910896,1047394.3834141404,600000000.0,25800000000.0,2924217474.846347,3842067.921377477,4047408.658481025,939571.1968248098,1620147.4939444526,42656.17276188105,2179264.2546711434,36433475.44644045,39415460.854841925,13513353.30898953,2721354.234319242,33712121.21212121,175280000.0,0,110764018.1941542,612858346.24973,32725274750.732124,12841642759.278584,0.1225716692499459,24798040.81622015,1066315755.0974663,434585478.15871656,1.52266398197422,4509861.125853476,193924028.41169947,21979691.18891826,16503820.419623803,450000.0,19350000.0,2193163.10613476,1973846.7955212845,61095370.74276269,36641037.0157247,7122623.36335099,4271687.087462757,195235.00786519024,8395105.33820318,951516.0361685888,1836141.12426012,78954068.34318516,8948793.269742433,1461737866.1124868,595742908.655731,33993903.86308109,0.0014209948412086918,0.4612626943218183,0.001086204776225602,0.02981457053106253,0.0014725649327794038,0.112416050233196,sample_0019
1.1621756961098202,15.0,1.5746919106066568,0.8456272976586934,0.3983751681673867,1.2170419138903612,0.6267576201997759,1.4364337090184416,1.7811313965862419,1.8406727172597217,0.9208685617717449,1.6659956420394668,1.1772027634404711,1.3793745729321565,45.0,0.7563310409558753,1.0989894997084741,1.2354658648683952,1.055527233601695,0.9452543805623237,0.7362630518465243,0.8389449736496435,0.9675423658430511,1.064699577697705,1.3110592503209815,0.941738582870908,1.0550577475436158,0.8405361502636829,0.9304258126643116,1.4429414931526725,0.9186258747462246,1.1303781414594272,0.8813540105301009,0.9681919806812738,1.1632903653072717,S1_Rural_Overhead_AC_500MW,Overhead,AC,460,Standard Aluminum Conductor,100,0.5919391083610853,LCC Converter,0,False,0,,,58.860138172023554,0.0226899312286762,45.0,sample_19_1763055316825785,2025-11-13T11:35:18.514142,84225655.53664975,89160752.89556028,38117351.747058205,12155764.57851331,72069890.95813644,0.0,168451.3110732995,7580308.998298477,1373405.2163446415,600000000.0,27000000000.0,4891877211.0251665,2847707.463561612,2976815.4664415224,916584.888637621,1193065.6307073706,40474.38795014484,1614167.444904097,37892044.16040047,40530493.51132379,17563835.093709756,4179922.9482792625,33712121.21212121,187800000.0,0,130802788.41835482,190224142.79992715,10744064023.613283,4442509235.597508,0.0380448285599854,35157649.47828751,1582094226.522938,679047289.6339197,2.158770805653628,8247175.487962495,371122896.9583123,67240283.04148178,44835879.33815996,450000.0,20250000.0,3668907.9082688736,3302017.117441986,185795438.73757553,125100699.63626868,7458611.359772995,5022068.92570994,4389819.847863411,197541893.15385348,35790766.12378163,2243746.4037607694,100968588.16923463,18293553.166461628,1357485998.064274,582643670.8055154,30166355.512539424,0.006464473792944915,1.2528618845414636,0.004388516720001147,0.07420192170345102,0.006827109487445097,0.19011472657466044,sample_0020
0.8243255086555029,4.0,1.2583438052494436,0.8967036379429889,0.5967074336402902,1.360968476591921,0.8486586321642129,0.5100120998136854,1.3714955949493968,1.7120239357979332,0.928692103023594,1.360423506198572,1.4000082224103192,1.363641688231165,58.0,1.3298432777726883,1.0308620489120595,1.2902921061776667,0.8027912535559996,1.0129745592934618,1.4430845534336563,0.8028789819426525,0.7054421086057477,0.9566614316758002,1.1865577156348135,1.2219078909997019,1.0656080085366053,0.9420397410216516,1.4404657527186222,0.7242424938282054,1.1673522897235746,1.4708589401686067,1.1206820920097271,1.0239109346516508,1.178503083542426,S1_Rural_Overhead_AC_500MW,Overhead,AC,460,Standard Aluminum Conductor,100,0.6276925465600922,LCC Converter,0,False,0,,,70.00041112051596,0.0398952983331806,58.0,sample_20_1763055318526254,2025-11-13T11:35:20.223222,76982535.4094499,80566321.2351872,61979565.7101458,11110410.137290578,65872125.27215932,0.0,153965.0708188998,8929974.107496189,2673078.0746639483,600000000.0,34800000000.0,10416952600.14449,3129440.1302191284,3207049.447771795,1470374.6625048667,907397.3865951146,21154.744956638348,2200887.9986673757,37844368.75221565,39934640.27242726,30753889.68913021,4132247.54009444,33712121.21212121,50080000.0,0,45219138.91788758,284927799.5632386,22250028865.91579,6329787704.650768,0.0569855599126477,44676906.832300656,2591260596.273438,817360120.0067583,2.7432778808504006,5197275.166434719,301441959.65321374,90232948.43109754,65681943.615243785,450000.0,26100000.0,7812714.450108365,7031443.005097526,18020815.551492184,15849809.943360375,2366254.71236225,2081187.022937872,257178.5936491073,14916358.431648225,4465028.699690951,2677859.422114974,155315846.48266846,46491891.11670332,2256035932.45461,711620360.8168768,38897171.24921741,0.0053035770414460405,1.0407821297383075,0.003933280030476028,0.10627054335344213,0.0055159042138709525,0.46470670613118187,sample_0021
1.154436798522871,20.0,0.6320379869659715,1.0671256856347093,1.0379515894248348,0.7918360282815616,0.7898187263413368,1.7160808794531215,1.1628080687070792,0.7876187134570664,1.16668432750355,0.6716270126151049,0.8631609641516856,0.7615931894154153,49.0,0.8699012481951083,1.1326882682879456,1.147762246966266,1.4022588743291626,0.8761190681914991,0.9652993811618664,1.226845406685686,1.1505710859962182,1.0121072679404555,1.3903919928423196,1.259890455751187,0.7126771557026534,0.7958252521762176,0.717453019086902,0.7626237658633144,1.773437150254857,1.306496798391417,0.9498139993862513,1.2626924927033503,0.5696973577458673,S1_Rural_Overhead_AC_500MW,Overhead,AC,460,Standard Aluminum Conductor,100,0.7469879799442964,LCC Converter,0,False,0,,,43.15804820758428,0.0260970374458532,49.0,sample_21_1763055320235338,2025-11-13T11:35:21.940408,127457592.23690988,130404140.59862368,40597149.13949118,18395160.893723696,109062431.34318615,0.0,254915.18447381977,12490844.039217168,1458091.2797565171,600000000.0,29400000000.0,3431944509.9346757,3250049.6587326783,3316681.6659620698,782854.6361660706,1584977.4549235683,70753.51948952493,1594318.6843195849,36019979.361864895,37012158.54900579,11837907.383658774,2307858.149743683,33712121.21212121,250400000.0,0,150476464.1501691,495621883.95035857,31142318728.427063,9756922438.824816,0.0991243767900717,67872986.61455388,3325776344.11314,1095954408.1932008,4.1675773030989145,6244704.1962763285,305990505.6175401,35719130.47096097,30921143.892676815,450000.0,22050000.0,2573958.3824510057,2316562.5442059054,117361506.79309829,69512335.1652832,9284417.094134688,5499090.20850888,78065.09565021377,3825189.686860475,446525.1273904607,2468297.6913490565,120946586.87610376,14118434.517849714,1500926715.7076025,494605493.65153754,30631157.46342046,0.0025403140056322704,0.7195526472051055,0.002204946472193084,0.04851314158996554,0.002626493156896339,0.12992650242571943,sample_0022
1.3517042239735768,12.0,0.6808160702601364,0.885605874222822,0.9030931662087746,1.3026622381128672,0.6584051691343364,1.5706861771812957,0.5199938346874404,1.2074591632209355,1.1717016599783094,1.0233345291949467,1.496183127946276,0.7752517836332624,52.0,1.1380591867320309,1.2032475223044086,1.3457675400096005,1.4427203642651971,1.4475113110462432,0.8833913256654309,0.8751180380211869,0.8601856410197622,1.310537148560408,0.7787712810526944,1.3674358452224085,1.09426545596918,1.0838736692799853,0.9129647856756306,1.3962164714839183,1.0499537010908944,1.5327055934172955,0.9866145274784973,1.2914822842207296,1.3168992535668584,S1_Rural_Overhead_AC_500MW,Overhead,AC,460,Standard Aluminum Conductor,100,0.6199241119559754,LCC Converter,0,False,0,,,74.8091563973138,0.0341417756019609,52.0,sample_22_1763055321952728,2025-11-13T11:35:23.658325,97791185.8098034,100228540.4218786,47798172.99181712,14113593.120570756,83677592.68923266,0.0,195582.37161960683,10170283.324219557,1751774.4762227423,600000000.0,31200000000.0,5374025670.2576885,4465478.658217022,4539448.204420314,1391029.5394883913,1630711.199608844,38849.94433671898,2795917.5142714595,36061369.04131292,37132402.34877046,18223578.650498588,2349247.8291917043,33712121.21212121,150240000.0,0,108677192.67820635,431226986.8646899,29223775163.40471,8252804082.660887,0.0862453973729379,40183828.04815072,2089559058.503837,634726194.4670162,2.467391197563602,5169830.491105752,268831185.5374991,46304669.61680535,36827636.160437144,450000.0,23400000.0,4030519.2526932666,3627467.327423938,48570116.39123405,34521841.44302391,5706367.231617061,4055874.6699051578,0.0,0.0,0.0,2756713.905007052,143349123.0603667,24691085.48510701,2124659703.2615209,645388395.4609127,40858840.447336935,0.0033228813353117204,0.7466712986332773,0.0026706467446946662,0.05677975042267005,0.0034707540767624162,0.20876394203082732,sample_0023
0.9304361758796087,12.0,1.003415038476949,1.0601505646669103,0.3289314883032221,1.4497243481084203,1.086555388798337,0.8441862825694753,1.0561353130593236,1.010722542291047,1.3424857883874861,1.4604060315954865,1.3974547801858703,0.7597242014551111,59.0,0.8834897491498418,1.108769294859753,1.3689237353917334,0.772535430607356,1.1810647095496996,1.0940897181460656,0.9442292637498954,1.3684863049750304,0.9877917109517856,0.9185871072797341,0.8350760569189142,0.9266159089391532,1.1262253659797818,1.380732844477731,1.1781117567048438,1.136307098067713,1.2022761560962334,1.2151833009048039,1.2440102824199526,1.3843698682912668,S1_Rural_Overhead_AC_500MW,Overhead,AC,460,Standard Aluminum Conductor,100,0.7421053952668372,LCC Converter,0,False,0,,,69.87273900929351,0.0265046924744952,59.0,sample_23_1763055323670468,2025-11-13T11:35:25.350184,119684228.58457372,124106574.18880448,66893487.21428208,17273279.705160506,102410948.87941322,0.0,239368.45716914744,14122738.972979698,2715245.6433633375,600000000.0,35400000000.0,6806023672.813253,3519676.615687359,3578707.0163309826,1062347.3832513962,873199.1382319508,48116.07655003097,2598361.400905377,36014315.76198518,37603387.58154032,20131810.00934728,2302194.549863973,33712121.21212121,150240000.0,0,113673285.31111336,157064785.66478857,12544915253.115004,4169773757.061952,0.0314129571329577,43488745.257247515,2565835970.1776032,918202628.412793,2.670321680459126,7012788.819414237,413754540.34544,79548677.86228901,56314004.07118235,450000.0,26550000.0,5104517.7546099415,4594065.979148944,60506664.55762281,44856984.975095645,5851536.767314627,4338072.487910487,0.0,0.0,0.0,2335416.372422698,137789565.97293916,26491498.52764089,2898663994.927313,1037307501.3222952,49129898.219106995,0.006407552963543127,0.9610110021069456,0.004610241608844644,0.06425435163890775,0.006953512703768559,0.30215723250536997,sample_0024
0.932997989789937,10.0,2.715225467196316,0.9634927072984181,2.534050933523231,1.4733226463873779,1.1649613137955723,1.2600345770903476,1.5270768058293291,1.8893654501224075,0.9936756593341531,1.4505980984993616,1.458570132231703,0.9570085545870379,56.0,1.2808821207084653,0.8596126755792546,1.0189789045491935,1.3968970105422391,0.7671033461950864,0.8066182385495617,1.293078096600838,0.9073832518941684,0.8390029640055898,0.7499902279825017,1.111704612978039,1.3838572244264276,1.490943555999842,1.2688596779637338,0.9433979476407588,1.3271653110234032,1.3741385925427174,1.2766943048733452,1.0559678793534988,1.3624270847405724,S1_Rural_Overhead_AC_500MW,Overhead,AC,460,Standard Aluminum Conductor,100,0.6744448951088926,LCC Converter,0,False,0,,,72.92850661158515,0.0384264636212539,56.0,sample_24_1763055325362205,2025-11-13T11:35:27.038192,90082730.4807198,99376128.28542468,58071940.03324219,13001079.746263403,77081650.7344564,0.0,180165.4609614396,10089265.813840618,2661284.9420928247,600000000.0,33600000000.0,8862802874.283705,3259886.718958752,3566530.85183019,1584980.0790744692,1578916.924037137,29561.336293995148,1651408.4586276195,36612147.13511223,41156587.64357425,24459347.827926036,2900025.9229910243,33712121.21212121,125200000.0,0,103047714.00957808,1210009320.7573426,90243683275.2716,20784592268.475716,0.2420018641514685,50793270.78348769,2844423163.875311,719315680.3039169,3.1188384809049974,13763173.518595414,770737717.0413432,203300489.69978788,144319028.94328764,450000.0,25200000.0,6647102.155712776,5982391.9401415,129768048.770519,101863524.1056766,5721851.460238342,4491459.644120825,0.0,0.0,0.0,2554540.978891965,143054294.81795,37733988.55033199,2508422922.2321405,634345818.7624468,44793266.46843108,0.006700104897262987,2.49592138353844,0.0047966031771383925,0.2168297557363132,0.006838544538743575,0.6287470470366914,sample_0025
1.182970903618137,19.0,0.7623314161079501,1.0245920385696394,0.6167952419484912,1.1856275828755323,0.993744983106572,0.9515870920089539,0.5592531292181593,1.0201922518522948,0.6127385274605939,1.4390022900355026,1.287042712371846,0.9428997793489549,43.0,0.915903797927592,1.1976218452226868,1.0012838132877748,1.1016558594799006,1.0532879480350683,0.9273554229052807,1.4447169707289258,1.2072454396532637,1.2184801764836226,1.2223876930751874,1.254922737890992,0.7643584732284772,0.7218717401711511,1.4864003667275714,0.8007882736877828,1.4162819981744619,1.2299228663513935,1.1583679589438214,0.9477047588660739,0.8814034373315458,S1_Rural_Overhead_AC_500MW,Overhead,AC,460,Standard Aluminum Conductor,100,0.7172144269987476,LCC Converter,0,False,0,,,64.3521356185923,0.0274771139378277,43.0,sample_25_1763055327050108,2025-11-13T11:35:28.756057,97858446.06927322,100593552.2623866,27068964.5889982,14123300.375140578,83735145.69413264,0.0,195716.89213854645,8415826.361957498,838995.7485157773,600000000.0,25800000000.0,2572069501.0480514,2999820.5364633477,3063244.1262948983,594493.5504007597,1245204.9563212208,64573.725214458434,1690041.8549276683,36569393.2707544,37785209.08313763,10566156.83280397,2857272.0586331966,33712121.21212121,237880000.0,0,135586760.93463916,294519728.0304046,15726699453.936234,5146326041.785569,0.0589039456060809,54203944.63413301,2330769619.2677193,794629901.740772,3.3282626957099857,3084584.3677860596,132637127.81480056,13222942.29298685,9417373.444863774,450000.0,19350000.0,1929052.1257860383,1736146.9132074344,44889620.971439,25078173.222655,8893049.137248578,4968218.085053552,0.0,0.0,0.0,2370665.927998027,101938634.90391514,10162529.217629166,1853544627.5106196,631929459.2889222,43105689.01187488,0.0016188340929894221,0.3963418001931233,0.0011916384413478112,0.017893370602317826,0.0017360432906209232,0.07051890411846734,sample_0026
0.8215956674601945,11.0,2.9140072292616694,0.9813912588711018,0.3455556169970076,0.8002422933930005,0.5709291922363087,0.5653230931521676,1.567661798716867,1.0940162890962468,0.94540931339039,1.9430294650870343,0.8436503768185967,0.9955656759985212,52.0,0.7295412185735125,0.7911052370856697,1.1357649409274964,0.9370695346530538,0.889990654498666,1.057650570528219,1.4645916977150093,0.819461098395612,1.4701712903070105,1.258607967196356,1.085417555623342,1.496641493760388,1.4145462050213615,1.3440493564257965,1.4707751137396383,1.0817374039962366,1.5783483114779044,0.9714821798766173,1.2429126061824174,1.5685261302521272,S1_Rural_Overhead_AC_500MW,Overhead,AC,460,Standard Aluminum Conductor,100,0.6869738812097712,LCC Converter,0,False,0,,,42.18251884092983,0.0218862365572053,52.0,sample_26_1763055328768391,2025-11-13T11:35:30.464848,121955426.57985067,135507513.28843486,84339245.99534634,17601067.57414022,104354359.00571048,0.0,243910.8531597014,12683364.364304472,4482841.894560918,600000000.0,31200000000.0,11027410637.506384,2893729.379995471,3116050.3365657106,1477081.8859099443,1059172.534622997,42637.41999989427,1791919.4253725798,36728986.89696521,41642930.615192406,26217997.543692585,3016865.684844004,33712121.21212121,137720000.0,0,116971976.08738352,165002807.11607113,11182057439.284851,4681336822.619361,0.0330005614232142,41400253.92574397,2152813204.138686,945585626.6230168,2.542082899391156,1944492.477885255,101113608.85003324,35737861.72530504,21849918.055010267,450000.0,23400000.0,8270557.978129796,7443502.180316816,35524283.54610922,28998499.172408197,6261303.253167751,5111106.518714519,1130333.3237297211,58777332.8339455,20774416.19670847,2814908.3705343283,146375235.26778507,51735250.84806006,1382555322.9603324,607263295.7142581,26587602.364621777,0.00250023621046756,0.3928119309551769,0.0016642376730262717,0.04645317054819943,0.0025895772859582914,0.12939526813990762,sample_0027
0.7402154583772498,8.0,0.934152984553613,0.8460154313917493,1.0166700559527326,1.2841253356459519,0.8918324150054933,1.369311032320361,1.54847766736762,1.6872355087296775,1.1263434070376483,0.8357710152109893,1.2956886501891272,1.4532203615938608,58.0,1.0960757372263994,0.8116259386083746,1.3350121559651453,0.7624420590398368,0.9913729881932809,0.9392105790322399,0.9950099929677645,1.4935870534281959,1.047306626742016,0.8339403920328678,0.8567818305932959,1.1241558963820317,1.1930115857668169,0.7589436744468703,1.0543989449449338,1.0136773009442435,0.9105117382131067,0.8697008465460899,1.2376440534478168,0.8077507035002793,S1_Rural_Overhead_AC_500MW,Overhead,AC,460,Standard Aluminum Conductor,100,0.5922108019742245,LCC Converter,0,False,0,,,64.78443250945635,0.0328822721167919,58.0,sample_27_1763055330477763,2025-11-13T11:35:32.156295,124211830.688554,128479287.04532708,98213633.62523226,17926720.33355926,106285110.35499471,0.0,248423.661377108,14408572.359872265,6273641.334121138,600000000.0,34800000000.0,15152279696.73404,3031497.5264425375,3085605.5523919333,1676522.3728373237,861790.5697632094,27536.515740159783,2142170.4409391684,38115819.27755715,39664940.07115478,30733177.7254036,4403698.065435942,33712121.21212121,100160000.0,0,90184307.96748844,485459951.7174299,37909596590.842834,11556680354.540323,0.0970919903434859,38795457.66173808,2250136544.380809,748350506.5374641,2.3821416572189724,11849399.784388332,687265187.4945233,299242366.2857867,249222747.0328246,450000.0,26100000.0,11364209.772550529,10227788.795295477,87573025.41662982,77846413.65749073,4020368.8430491257,3573832.1763205575,355388.6483736906,20612541.605674054,8974913.668670708,1963416.739621711,113878170.89805922,49583732.666662976,1926964104.9345424,640869803.0385944,33223519.050595555,0.01091178469632202,2.377879718763607,0.009114644069126552,0.30816285135492816,0.011163112331948872,0.8462006969129255,sample_0028
1.3154277290629457,8.0,1.792905544588315,0.8301254248601445,2.946615806710891,0.7785843989485658,0.9964203850576467,0.7887760174922492,1.5041937296857404,0.8352999049459624,0.563706703904648,0.9111132064333616,1.0212862359432326,1.2880250455586348,53.0,1.02774800796832,1.1959860194690386,1.0006925720565851,0.9156648963923505,1.3347940007577448,1.3973812513077697,1.214791451933586,0.755563794992773,1.1278548891945601,1.0247794206577292,0.7339915077169957,0.9345865211233035,1.238349457838026,0.8468884042463221,0.8431425786893805,1.271959353940427,0.9551166195600358,1.197665914591258,1.0274468565144232,1.2090638052769234,S1_Rural_Overhead_AC_500MW,Overhead,AC,460,Standard Aluminum Conductor,100,0.5810877974021011,LCC Converter,0,False,0,,,51.06431179716163,0.0308324402390496,53.0,sample_28_1763055332168515,2025-11-13T11:35:33.859553,86027908.89030905,91790042.58361045,47041214.4714812,12415872.586439537,73612036.30386952,0.0,172055.81778061812,9118958.34237276,1417986.225743535,600000000.0,31800000000.0,4944858862.78448,3757514.213674436,3886009.6368569126,1114284.6761194845,1034978.807134384,40969.52449288768,2681565.8820471647,37615227.41078374,40616543.363253415,21465093.076855488,3903106.1986625306,33712121.21212121,100160000.0,0,76607415.76781961,1407009047.7044504,97711967894.47523,33164833537.24975,0.28140180954089,48680428.394008026,2580062704.8824253,938180512.8846272,2.9891044817600037,3679255.083132571,195000519.40602627,30322328.51045491,24796913.719317652,450000.0,23850000.0,3708644.1470883614,3337779.732379525,32566961.07646588,23608823.494390693,4406807.495064742,3194634.589345347,49597.538368158246,2628669.533512387,408754.7119534678,2020287.963339046,107075262.05696942,16650064.734823152,1352350222.9152925,491751081.6048658,25516041.941797968,0.0008565316595931036,0.4888061358028631,0.0007081271498416549,0.049806815655755635,0.000867265783254521,0.17769975336746743,sample_0029
0.788693257570121,1.0,2.577153211393904,0.8995312407029861,0.7024439305009867,1.0682115577112705,0.7932034301761093,0.8897494665515153,1.9732879816159468,1.9360277148475205,0.6745909708500393,1.4962458070762759,1.4472169723097004,1.2247681210371186,48.0,1.373311357593186,1.2445089681517167,0.9076612795306309,1.2120176840042367,0.9205842763040956,1.2358344983825595,1.0694446345559028,1.464989253180848,1.4542604621062465,0.7516472458319194,1.2482855269558129,0.8415417267995866,1.205815582681045,1.330063519657643,1.2641037348529203,1.2467002434943537,1.0213343488109468,1.0725453600454018,1.1500832315089593,0.7982864317862253,S1_Rural_Overhead_AC_500MW,Overhead,AC,460,Standard Aluminum Conductor,100,0.6296718684920902,LCC Converter,0,False,0,,,72.36084861548503,0.0411993407277955,48.0,sample_29_1763055333871960,2025-11-13T11:35:35.587417,115865803.3527912,127182538.6081946,94899689.48151018,16722190.16026517,99143613.19252604,0.0,231731.6067055824,11123117.121867957,2481560.022947319,600000000.0,28800000000.0,6425260821.930524,3081611.2578635896,3332913.845098776,1716971.786540009,1369947.2610108494,4529.14618892081,1707134.8506638191,37423539.76071854,41801596.327562325,32462556.550779194,3711418.5485973298,33712121.21212121,12520000.0,0,11696414.1883793,335416976.81422114,20535102010.308098,7144721558.308707,0.0670833953628442,47713711.719015904,2290258162.5127635,858031930.3148401,2.9297455722117314,5830925.349773559,279884416.7891308,62442027.009169325,43756302.78960666,450000.0,21600000.0,4818945.616447893,4337051.054803104,24152134.695802256,20559367.436171215,1609718.945127257,1370264.106202969,2142545.5891661807,102842188.27997668,22944023.722115852,2104715.5681339568,101026347.27042994,22538910.802063935,1938462617.9410071,726233770.9955935,40384637.87377098,0.004377567997927234,0.5210828959315676,0.003130075562155862,0.07179071327736522,0.004594741734310585,0.3192720836311985,sample_0030
0.9259197838304183,18.0,0.8679499369891008,1.0119597462600602,0.3328811060185909,1.1162866994941671,1.1865842232225132,1.9100409614175118,0.5823429309420138,1.5867000214059943,1.2423250657295402,1.17526232200167,0.7176897720305159,1.1060306380995022,56.0,1.249355755829853,0.8616538407516163,1.0324791536459135,1.4175811031282413,1.3042151973655258,1.4396078085382844,0.8004203668445331,1.0055782488847171,1.1894931997113771,1.4329978479511674,0.894422070189176,1.0262200268716086,1.2929186193644184,0.8102322407621063,1.403947289479086,1.438367265786641,0.936007300509136,1.1387030809624268,1.1685656159976732,1.0837665981138693,S1_Rural_Overhead_AC_500MW,Overhead,AC,460,Standard Aluminum Conductor,100,0.7083718223820421,LCC Converter,0,False,0,,,35.884488601525796,0.0374806726748955,56.0,sample_30_1763055335600029,2025-11-13T11:35:37.292959,110575020.97606386,114100492.16191176,53911805.196529076,15958604.4737203,94616416.50234357,0.0,221150.04195212777,12384402.349319153,2635522.5133110415,600000000.0,33600000000.0,7150410165.099275,4416623.333366473,4509881.381070698,1492389.2444811317,1602296.216566163,94967.00092615644,2719360.1158741536,37063729.20636213,38467257.76147422,18594726.869644064,3351607.994240916,33712121.21212121,225360000.0,0,162674148.32159543,158950728.12387717,11854701380.487638,2246397655.3793035,0.0317901456247754,55049191.99618632,3082754751.786434,640112041.5240074,3.380163074598607,7352447.452941861,411737057.3647442,87621691.67645627,67025997.11297896,450000.0,25200000.0,5362807.623824458,4826526.86144201,84338224.71479224,59969872.56285384,8490577.471645094,6037343.69180157,0.0,0.0,0.0,1995923.5815491488,111771720.56675231,23786120.443783976,1322624451.333286,274633535.8730391,23618293.77380868,0.008738606452817661,1.2565656046514957,0.006752640863574721,0.15401530096275037,0.008970123850442605,0.2825401225295068,sample_0031
0.7007750186293547,19.0,1.5060403956199857,1.0328613455037667,1.6963267818045467,1.378200702540402,1.118542570542901,1.2539873879603791,1.5072896048252464,1.3614930444937827,1.0734902584383814,0.6169496975855642,0.8166530481839269,1.0369987249148962,43.0,1.2763890337550525,1.3220674223512847,1.1487340019848908,1.3026047264470753,0.7575998361436406,1.2923330463644733,0.9063727268148446,1.0561494856362774,1.1508375000015048,0.7430560416636074,1.232474091536472,1.0798812042612231,0.94936046865042,0.988980793333027,1.2111090366214432,0.9737789749961706,0.9269577605491481,1.0617935425008358,0.9869277951903968,1.8351089778461773,S1_Rural_Overhead_AC_500MW,Overhead,AC,460,Standard Aluminum Conductor,100,0.7230029418526367,LCC Converter,0,False,0,,,40.83265240919635,0.0382916710126515,43.0,sample_31_1763055337305714,2025-11-13T11:35:38.993580,79299049.42970958,83737345.47162995,20236376.84081231,11444738.18607435,67854311.24363524,0.0,158598.09885941917,6819718.250955025,553141.0903078064,600000000.0,25800000000.0,2092614328.7434068,2798582.8492945535,2950602.3482402703,571814.8632067345,1472338.0695901788,89987.89133088087,1236256.888373494,36854541.5906512,39315745.2301215,9690185.636997608,3142420.3785299887,33712121.21212121,237880000.0,0,130448491.83091275,809996038.311671,43251989734.59465,9209947994.511766,0.1619992076623342,37268468.93105344,1602544164.035298,360885593.73142135,2.2883805912410007,11865294.892866915,510207680.3932774,41382476.84596546,36276295.53087345,450000.0,19350000.0,1569460.7465575552,1412514.6719017993,192303260.9966919,101314304.17212784,9227718.178028991,4861591.225536134,0.0,0.0,0.0,1984385.418100164,85328572.97830705,6920922.266109796,1189597964.6234405,267892004.10165116,27665068.944731176,0.0035189382409336004,1.4083351750900472,0.0030877441836505482,0.07917570843252462,0.003597903887135871,0.1564181855884223,sample_0032
1.073928353106514,19.0,2.4353117492336445,0.9595193923690577,0.6540331290484868,1.4353593965969358,1.0141620885464948,0.9485533993194883,1.1387109579514882,1.4270701931295195,0.8286333920392499,0.6039057169560268,0.916490517288659,1.3670384802152151,49.0,1.1783158169234667,0.9838823634067647,0.7471391413834115,1.1484288696900418,1.4196311224796905,1.4099351042635118,1.1796914555538416,1.3896264997595826,0.9613370412933016,0.8914864244713842,0.7182560971131263,1.2615391991132086,1.4210142172640803,1.092178931246898,1.2067178102785785,1.3846517968170429,1.0728733416088403,1.2636821033768402,1.019548946412882,1.2705757547024683,S1_Rural_Overhead_AC_500MW,Overhead,AC,460,Standard Aluminum Conductor,100,0.6716635746583404,LCC Converter,0,False,0,,,45.82452586443295,0.0353494745077039,49.0,sample_32_1763055339006209,2025-11-13T11:35:40.772515,104779433.93229929,114424954.62065862,34315351.60567917,15122163.471873436,89657270.46042585,0.0,209558.86786459855,10268384.52536533,1119098.8155566058,600000000.0,29400000000.0,3204155930.8662186,4073486.1844207793,4297376.746870589,848011.2206359535,1298072.6314981382,98176.7720813016,2677236.78084134,37854662.06125823,42017204.80249239,12897181.555845251,4142540.849137016,33712121.21212121,237880000.0,0,145255651.35476163,312300819.12065244,19623370079.39371,4114147730.3578377,0.0624601638241304,52993393.567781866,2596676284.8213115,582169748.0295438,3.253931722520051,7481738.847651759,366605203.5349362,39954429.836492606,35128688.11729735,450000.0,22050000.0,2403116.948149665,2162805.253334697,119637752.64761417,69205572.18992181,9645890.28715514,5579755.067532967,0.0,0.0,0.0,2170427.7839512713,106350961.41361228,11590648.427440478,1371174783.2167568,307414706.5292324,27983158.841158304,0.004989874756832559,0.8813372243108631,0.004393075037154259,0.07200897011974154,0.0051773710907316445,0.1508399101960434,sample_0033
1.2211186090664654,0.0,2.0930622559589667,1.074823643619992,2.922197759276948,0.8798608401905084,0.7554982123188126,0.9915691854219242,1.926736566325654,0.8550397899723597,0.5200019269692527,0.5924177029868218,1.4997461357681043,1.4660590845360835,57.0,0.9955905717621989,1.3755905125997123,1.326675520508764,0.8865295489211815,1.2048739615167374,0.9817244328131507,1.3565667630009828,1.2924476797992481,1.0524767179024057,1.4428888906718935,0.7604758781806908,0.8446698112542211,0.8685296281764194,0.7280233134762897,1.2389519172812364,1.7842804565196073,1.3270697707344703,1.2081731746117135,0.9430774574632423,1.2023307999336303,S1_Rural_Overhead_AC_500MW,Overhead,AC,460,Standard Aluminum Conductor,100,0.7523765505339944,LCC Converter,0,False,0,,,74.98730678840522,0.0298677171528659,57.0,sample_33_1763055340785308,2025-11-13T11:35:42.503958,103650533.43550764,111799915.94814828,93603659.58190936,14959236.29031419,88691297.14519343,0.0,207301.06687101527,11816160.81164787,2611633.048082749,600000000.0,34200000000.0,7558956895.405851,3612572.955624692,3628329.873255672,1642133.776945088,1002047.03559879,0.0,2610525.9200259023,38154724.498594195,40624473.97218208,35590701.98848905,4442603.286472981,33712121.21212121,0.0,0,0.0,1395349430.0547428,106502545352.17436,44281311743.92708,0.2790698860109485,68287981.63191842,3892414953.0193496,1748109766.211379,4.193059072821077,4375613.935088612,249409994.30005088,55125128.54378666,48593708.13803401,450000.0,25650000.0,5669217.67155439,5102295.904398954,12666131.64617851,11438400.127156433,941878.015181535,850581.5279338902,2002162.5549330933,114123265.63118632,25223767.417224843,2494528.2310864497,142188109.17192763,31426718.95525913,3064949884.721778,1376489632.0405052,53771050.609154,0.0011020005529849923,0.4646589321576124,0.0009733310715810214,0.03850479639541298,0.0011302004179140634,0.30038573158544224,sample_0034
0.7815091235462293,2.0,2.691662343798619,0.8575636833403057,1.5771482138761141,0.7212404310659202,1.184478065584913,1.475884363412919,1.2391599957571107,0.709265681325893,0.7371306634212649,1.4558843769502496,1.1065628219566288,1.3458154669885494,55.0,1.3057462097914763,0.9176118057024184,0.7437326120949107,1.1753271228948439,0.8826555237216245,1.063332624032138,1.2880941876323804,0.8776855884260751,0.9714154954227237,1.2621109884228399,0.9646626911718096,0.7290162390719094,0.7984373803997041,1.4168632230266076,0.9981990759694561,0.9658844618859654,0.7486716445884193,1.0550160192377325,1.134771314570349,1.5167323008715319,S1_Rural_Overhead_AC_500MW,Overhead,AC,460,Standard Aluminum Conductor,100,0.600294578338214,LCC Converter,0,False,0,,,55.32814109783144,0.0391723862937442,55.0,sample_34_1763055342518000,2025-11-13T11:35:44.207982,101889382.51230556,112305084.90336794,83681145.10442534,14705060.3403228,87184322.17198277,0.0,203778.76502461112,11207832.076353611,3021363.3627137076,600000000.0,33000000000.0,8896010422.917635,3203312.1587921376,3458865.8980946597,1763128.9278264514,1328475.808605384,7793.905912148288,1867042.4442746053,37790349.8999653,42413197.891886696,32472739.407777023,4078228.6878440897,33712121.21212121,25040000.0,0,23280419.825335756,753088272.1258445,54864331223.7392,17054306442.833391,0.1506176544251689,36966330.12529968,2033148156.8914824,692796341.3066459,2.269828485432019,5241657.688461447,288291172.8653796,77716402.38319898,55087183.17070329,450000.0,24750000.0,6672007.817188225,6004807.035469405,22278658.155900896,19327152.286093146,2111248.0547093786,1831547.141732964,0.0,0.0,0.0,1757070.6202502348,96638884.11376292,26051530.91924741,1589905110.1291816,541761031.8208735,28907365.638712395,0.00308253489818855,0.7156593246258406,0.002231564635038668,0.11509759193811478,0.0031447680181911904,0.44083392959700646,sample_0035
0.9836196311498637,8.0,2.526040965007883,1.0820244043541716,0.6671319264351238,0.8194871981892395,0.938151471517179,1.9667196306045247,0.703554582091809,1.956326374346097,0.6781119311639678,0.627245456157548,1.1857905415337633,0.8607719126086861,45.0,0.8352179286799926,1.0812630302776025,0.7805322184902146,0.9873061742524187,1.408216917100494,0.8633122391500456,1.3991290360409123,1.15717007181896,0.928305681384381,0.861944808636013,0.938608217411282,1.4991606676838283,1.045162412967874,1.231528926979974,0.9744904554375482,0.8999946626748863,0.9959590762038641,1.168509147503802,1.065589515394619,1.5991401982403148,S1_Rural_Overhead_AC_500MW,Overhead,AC,460,Standard Aluminum Conductor,100,0.7574170830479201,LCC Converter,0,False,0,,,59.28952707668817,0.0250565378603997,45.0,sample_35_1763055344220492,2025-11-13T11:35:45.914123,100810973.77864526,110452956.07702582,55773465.71557933,14549420.320636837,86261553.45800842,0.0,201621.94755729052,9072987.640078072,1624593.439489706,600000000.0,27000000000.0,4834573197.527757,3595133.8228886016,3795422.954537381,1198926.5160752118,1115955.1605944005,25311.268412801575,2453867.393881399,36320520.94729905,40500919.16426023,21121250.03849447,2608399.7351778373,33712121.21212121,100160000.0,0,77243978.74334732,318555494.8727715,17992356709.351307,7927316897.703162,0.0637110989745543,34444595.72989325,1550006807.8451962,711550350.8152221,2.114987457285983,5208082.288403943,234363702.97817743,41964758.403394535,36700317.59793884,450000.0,20250000.0,3625929.898145819,3263336.908331234,42968478.79119815,30890051.76643618,4736718.434253547,3405228.2452944773,0.0,0.0,0.0,2072362.0955599267,93256294.30019668,16698310.40461079,1931516940.46776,886687432.3642598,42922598.677061334,0.003129491104850413,0.5837951333327325,0.0027432334530132943,0.04164890144186009,0.0033323125407240303,0.21923258324136713,sample_0036
0.7095893840890781,9.0,2.8960325686943444,1.0010644580561574,0.4014113354971062,1.1100928579343234,0.8019665335746389,1.72902256745209,0.5916023649539552,1.7089295385533165,0.893002810098004,1.1289650742017958,1.2695393759086078,1.1741969645355383,51.0,1.0363260089321558,0.7505857398582729,1.3571582297314573,1.3638526122413301,0.9817136810039946,1.2726271808604759,0.8077053731537551,0.9341189592062069,1.1482976921251657,1.1535208890108812,1.2170671171808618,1.0463802587832305,1.0356924628317041,1.151681148649839,0.8863414160954409,1.3957380884103485,1.4674857616168735,0.8903003185696033,0.9774565657885234,1.6550166139424043,S1_Rural_Overhead_AC_500MW,Overhead,AC,460,Standard Aluminum Conductor,100,0.7007451206393102,LCC Converter,0,False,0,,,63.47696879543039,0.0310897802679646,51.0,sample_36_1763055345926862,2025-11-13T11:35:47.638880,82087912.36911175,91150525.89809532,66761463.13191272,11847237.414095933,70240674.95501581,0.0,164175.82473822348,8372967.061649398,4323003.212905219,600000000.0,30600000000.0,15798927350.472689,3523497.0710364757,3844872.312491211,2367454.9155266103,1541566.7405030793,41975.87215998162,1939954.458373415,37270293.83192587,42211535.51925559,30938645.975225095,3558172.619804662,33712121.21212121,112680000.0,0,102889333.04228504,191673912.69986823,12671143370.60967,4113337199.346831,0.0383347825399736,53417688.119640864,2724302094.101684,943212280.7284304,3.2799845077643193,5587723.323226472,284973889.4845501,147133391.3969948,113911699.3697808,450000.0,22950000.0,11849195.51285452,10664275.961569067,48628907.97409617,43221884.18165317,5353214.655912455,4757993.4137247475,0.0,0.0,0.0,2673558.619461514,136351489.5925372,70398930.66017087,2098378141.806261,726503876.8090085,41144669.44718159,0.007256947400482307,1.5887524440371223,0.005686417097087631,0.1511007795987254,0.007505857588065107,0.48818773379598185,sample_0037
0.8305635914264635,9.0,1.3223005277588529,1.0120513545012875,0.47701465105617136,1.303183490758814,0.8962692038814635,0.7951068292804978,0.8875068022656184,1.7425316396186468,1.1200970509048476,1.3780963381939142,1.37360659993452,0.8957739927925201,47.0,1.0585841335383723,1.3948825139142946,1.3414256718820834,1.1643569477164506,0.79442845022366,1.4190435392225922,1.232243548327022,1.320182615990167,0.7356449355142807,0.9935286149560294,1.334845921014248,0.9762893547212514,1.1684553001077393,0.9921305426661726,0.7731521753855239,1.827690910442751,1.407804155300611,1.2574093349610338,1.1661321407555099,0.9082713459711869,S1_Rural_Overhead_AC_500MW,Overhead,AC,460,Standard Aluminum Conductor,100,0.7084359481509012,LCC Converter,0,False,0,,,68.680329996726,0.0317575240061511,47.0,sample_37_1763055347652724,2025-11-13T11:35:49.382095,117029144.83412464,122760810.17685533,59048688.89407656,16890087.994736224,100139056.83938845,0.0,234058.28966824932,11000739.614407718,1644503.1502141107,600000000.0,28200000000.0,4215624627.211463,2770393.983348881,2888941.4624378397,982584.3731401716,1316076.186358291,46805.21608188554,1407512.580908704,36426587.85694703,38557023.30716004,18735009.60274275,2714466.6448258185,33712121.21212121,112680000.0,0,82063052.69324711,227774495.87932184,13581360519.752949,4797102967.653881,0.0455548991758643,69949386.52446496,3287621166.649853,1228114233.133416,4.2950736395404645,5827393.099035193,273887475.6546541,40943503.101224825,29658684.761899,450000.0,21150000.0,3161718.4704085984,2845546.623367739,34172892.744667284,23908218.726589985,4645035.237491484,3249783.9524573,0.0,0.0,0.0,2597464.5714082792,122080834.85618912,18249892.69256336,2124846708.2300663,793751576.9991267,45209504.43042695,0.003923088201307885,0.5599505266034919,0.0028911988670777887,0.044033301492234084,0.004221110962460711,0.2121649685373161,sample_0038
0.703783283495694,7.0,0.8319494780632168,1.0212768861978547,0.8827226404080791,1.443427896073173,0.683020431041992,0.5912223022876328,0.8287128881882732,1.5408660505903815,0.6469083171345832,0.5120130273546308,1.2662161395760223,1.3531931306924718,50.0,1.343084202286715,1.381510899065394,1.1886490524422495,0.942654349869751,0.7132305546684707,1.4635188831848802,0.7891662186297814,1.3292625801674505,1.2553507734367404,0.7403942791011489,0.9760095533801618,0.981424646825714,1.4759854050431076,0.8072356007666837,1.1737847571553437,0.6306061819010873,1.4920897980414733,1.2273915368156156,1.2162160970196678,1.7691970584370755,S1_Rural_Overhead_AC_500MW,Overhead,AC,460,Standard Aluminum Conductor,100,0.7148938203384982,LCC Converter,0,False,0,,,63.31080697880112,0.0402925260686014,50.0,sample_38_1763055349394513,2025-11-13T11:35:51.125412,112560054.29041909,115997711.61529924,60770130.0443442,16245091.975611074,96314962.314808,0.0,225120.1085808382,11256005.429041907,1747954.212770947,600000000.0,30000000000.0,4658724332.8641405,2432310.490692447,2491678.633297988,897563.0262977898,1065485.0681861124,37545.02473111078,1329280.3977752237,37812706.45664385,39179738.02024754,21502797.536642637,4100585.2445226423,33712121.21212121,87640000.0,0,66939970.93054293,421500060.7948578,27171235209.74965,7881561264.39218,0.0843000121589715,24134559.793718416,1206727989.6859207,378603299.5759035,1.4819245274675552,3630904.802692007,181545240.1346003,28192307.5910242,25305341.839465555,450000.0,22500000.0,3494043.2496481063,3144638.9246832943,19939872.350290723,14755918.60696572,3524377.2651284477,2608112.186019966,0.0,0.0,0.0,2704928.7659028787,135246438.2951439,21002529.100626513,2110691268.707696,662216079.8033444,42213825.37415392,0.0023008925754063993,0.38098068929627066,0.0020658847665935916,0.037171310131274886,0.002417123777313444,0.16657303139803004,sample_0039
0.9595252148921102,12.0,1.628862600635398,1.0870345840465183,2.1244311219590917,0.7883849543421269,1.0782289116502148,1.7720286365284919,1.8106092628767223,1.9331276803177553,0.7996629794468814,1.2009451854888005,1.429381963863034,1.2691616195190423,57.0,0.9435831733288471,0.9346750481001124,1.1938033698083566,1.2348863485529225,1.2783509357781901,0.9138806651775531,0.7484327550448345,0.9979082743078043,1.0031898756842401,1.0470017753164405,0.9986027457185921,0.7599454468166207,0.922763531427516,0.8021596619477908,1.4115642887996014,1.9316583462960242,0.6287442199737504,0.967302142036384,0.8299331749835455,1.6226913640140777,S1_Rural_Overhead_AC_500MW,Overhead,AC,460,Standard Aluminum Conductor,100,0.7609242088325627,LCC Converter,0,False,0,,,71.46909819315171,0.0283074951998654,57.0,sample_39_1763055351138202,2025-11-13T11:35:52.849453,67467580.81356066,71560797.90353847,40807224.771947056,9737175.968842411,57730404.84471825,0.0,134935.16162712133,7691304.212745916,1904549.0535097937,600000000.0,34200000000.0,8468729857.556958,4183953.239204604,4340491.073419424,1634158.2044887673,1395795.7818492125,40190.81005329937,2747966.647302092,37558065.51369406,40270566.62810678,23186785.540571816,3845944.301572856,33712121.21212121,150240000.0,0,119145555.92162712,1014415860.7354662,77427108140.00575,24271867676.461006,0.2028831721470932,73928428.22944143,4213920409.0781617,1421557939.5454671,4.539397113795657,10396077.676232776,592576427.5452682,146735955.69698977,111491587.7905102,450000.0,25650000.0,6351547.393167718,5716392.6538509475,124106896.44833516,95629682.10442162,6132988.170285929,4725730.204032422,160831.52318069138,9167396.82129941,2270064.537327809,1604163.1538665318,91437299.77039231,22642040.662570395,2968747799.4845204,1001501356.2604471,52083294.7277986,0.004315289714072235,2.3326493264928554,0.0033039038602704217,0.11655398803781705,0.00444065247460176,0.49075034030483317,sample_0040
1.0674480812473743,17.0,1.473836469548507,1.0478115256969878,0.5657711323735987,0.9504085062685201,0.724122920476631,1.442975029692521,1.0259551519874663,1.0651279143844556,1.1497308823999908,0.821741652660325,1.1883429091020234,1.1463087081760888,40.0,1.2613274884988446,1.285582902599316,1.0954192649136583,1.2146838853419015,1.4387767799307416,1.4145589353897543,0.930117874656988,0.7418619603554748,0.7989253622575836,0.9985463606781085,1.4468376690613036,0.9057667313498992,1.0756866549806596,1.369173801767154,0.9084407795617948,1.074221211645127,1.5848836728234137,1.1468070919035356,1.2323875864774179,0.7180138334926358,S1_Rural_Overhead_AC_500MW,Overhead,AC,460,Standard Aluminum Conductor,100,0.7334680679878914,LCC Converter,0,False,0,,,59.41714545510117,0.0378398246549653,40.0,sample_40_1763055352863025,2025-11-13T11:35:54.572220,92498157.97973856,97561519.1682251,27578610.66693174,13349683.3617231,79148474.61801545,0.0,184996.3159594771,7399852.638379084,754159.6757447963,600000000.0,24000000000.0,2445971981.1176996,3648941.2394233346,3787513.383519656,739882.3048889072,1372960.8764622095,88130.45090856447,2187849.91205256,37185783.96416997,39610623.34184233,11393772.8426695,3473662.752048754,33712121.21212121,212840000.0,0,124157219.8236225,270155715.7083934,13206933183.140327,3239411309.518966,0.0540311431416786,41112594.212082304,1644503768.483292,423232843.82770216,2.5244198473660484,5915646.617944961,236625864.71779847,24115843.129478432,20152444.571775474,450000.0,18000000.0,1834478.9858382745,1651031.0872544472,93574411.14790758,52456330.80492257,8313226.411296829,4660262.878896643,80035.87761820873,3201435.1047283495,326275.856897173,2823240.9562498527,112929638.24999411,11509280.458218466,1643489424.1154552,422971790.0924365,41087235.60288638,0.0038358749602909713,0.6534586124231672,0.0032229043615000937,0.039525424648846855,0.004091696120623159,0.11110021944082633,sample_0041
0.8716282958720073,4.0,1.28359373065532,0.9646893458149189,1.317720724624711,1.0032372071950921,0.8664164625452533,0.63952856973256,1.3456634847974942,0.7714607805279927,0.5138999360694699,0.6501205122981606,1.1484209209186216,0.9534843137299257,49.0,1.3141431600146105,1.1187267567138108,1.081398510278147,1.374936209129812,1.108075189816942,1.127453764471885,1.4800454976280752,0.9707829230455951,1.4723030894474047,1.072369069254473,1.2776226484221749,1.4810939913726635,1.3184601704393055,1.4872536804163405,0.7441438056188794,1.485346577557277,0.8446259299713534,1.0532747066963593,1.1197374610978041,1.388970901034935,S1_Rural_Overhead_AC_500MW,Overhead,AC,460,Standard Aluminum Conductor,100,0.6752825420704432,LCC Converter,0,False,0,,,57.42104604593108,0.0394242948004383,49.0,sample_41_1763055354584985,2025-11-13T11:35:56.304185,110591255.43593326,115845359.62963448,83265950.51769623,15960947.492257517,94630307.94367574,0.0,221182.51087186657,10837943.03272146,2796329.3101330013,600000000.0,29400000000.0,7585579797.725359,3613514.478226946,3749221.582554985,1820293.2054726095,1554094.5636527874,16527.788881846034,2042892.1256923135,36601467.61736341,38675920.57620055,27937569.86374832,2889346.405242199,33712121.21212121,50080000.0,0,43857840.543350495,629211646.0082996,39536409230.85497,13164314657.420984,0.1258423292016599,56847184.2162721,2785512026.597333,998734913.1038802,3.490564457259601,3351846.34974498,164240471.137504,42376163.25950837,36866240.66600794,450000.0,22050000.0,5689184.8482940225,5120266.36346462,16422223.779428825,13891773.60885427,2377617.178794894,2011257.4289552297,136752.74282832156,6700884.398587756,1728914.7388034137,1879412.3341134756,92091204.3715603,23760720.38874508,1731166528.2620077,620703280.2813435,35329929.14820424,0.0021295741805273413,0.42526744216464923,0.001860246202731238,0.05848974560972733,0.0021897952167319575,0.23904706232383804,sample_0042
1.2367232826097574,17.0,1.920702036030933,0.8740638230683598,1.22235479066217,0.9447030388389772,1.1462187254979166,1.7642319908373112,1.004683357606487,1.2540243787945382,0.9181047676176541,1.3554377560185218,1.1145674163101484,1.018330694515469,57.0,0.8217986382184277,1.0765584925468201,1.25565034739855,1.036136418381318,1.3684055979313157,1.1637584558439056,1.4140641894455552,1.3361657558248645,1.1108114835951346,1.1736578404736708,1.225944604763559,1.3892253954875446,0.982179176612184,0.7631447090161241,1.4662581549732725,1.2116357330265757,0.8518841341773031,1.249618923995563,1.172130155367479,1.0391556347919364,S1_Rural_Overhead_AC_500MW,Overhead,AC,460,Standard Aluminum Conductor,100,0.6118446761478519,LCC Converter,0,False,0,,,55.728370815507425,0.0246539591465528,57.0,sample_42_1763055356317211,2025-11-13T11:35:58.011992,126421475.96924818,135513950.81606987,53360082.57940352,18245624.68239456,108175851.2868536,0.0,252842.95193849635,14412048.260494292,2113884.2617341955,600000000.0,34200000000.0,5016278078.216066,4199845.189567816,4356307.839114124,1047912.790028291,1171148.133503732,72504.97303169555,2956192.0830323887,36797971.801562026,39964357.48955754,16128164.955982598,3085850.5894408156,33712121.21212121,212840000.0,0,144700002.6204872,583674412.5411861,44549995329.93868,14070306391.204676,0.1167348825082372,46371722.7743931,2643188198.1404066,890388513.1761931,2.8473439726124528,7404485.319975908,422055663.2386268,61904928.98511301,45123273.379099526,450000.0,25650000.0,3762208.558662049,3385987.7027958445,114056479.07978046,74557133.778788,8514315.916213918,5565689.875066122,0.0,0.0,0.0,1888666.5444760616,107653993.03513552,15790127.64019226,1703780560.8533418,573938186.2494684,29890887.03251477,0.0031473633711581305,0.9309712527705449,0.0023250026908714725,0.07401606160184943,0.0032363910210284064,0.2096230255659205,sample_0043
1.040814437385648,18.0,1.1491057303097292,0.9275023522976347,0.9743674246362048,1.0746448188939246,0.7159811091915427,1.325025925535852,1.6975685969366472,1.1276102670963009,0.5385941131242848,1.9046658712264926,1.2077521156502677,0.8567254192740714,40.0,0.9425480552554535,0.7933767634304096,0.796905654815637,0.9936086523424248,1.3573985035380456,1.1611724511504686,1.1324740972104164,1.498271510054221,0.8445819812064694,0.7548582136973097,1.295632168682009,1.0950500559898757,1.0103171588190083,0.7230728703071042,0.79689992108169,1.6366407290569296,1.2701313767916447,1.091048479464097,1.250958197054143,1.2859393851940646,S1_Rural_Overhead_AC_500MW,Overhead,AC,460,Standard Aluminum Conductor,100,0.6492516466083442,LCC Converter,0,False,0,,,60.38760578251339,0.0282764416576636,40.0,sample_43_1763055358025002,2025-11-13T11:35:59.731928,123540975.14074457,128782498.9701358,59782278.22842398,17829899.928263485,105711075.21248108,0.0,247081.95028148915,9883278.011259563,2414946.5934383674,600000000.0,24000000000.0,5864321349.30244,3247620.2943746215,3335006.3981260285,1135485.293015561,1123078.870677953,76599.37976843872,2047942.0439282297,36308258.84628506,38146924.84556924,17660540.939481765,2596137.6341638532,33712121.21212121,225360000.0,0,160261891.53178105,465260445.26378775,22744895836.257355,7640875600.138732,0.0930520890527575,62637513.98246682,2505500559.2986727,873005374.6287757,3.846105713283785,6882241.6886442285,275289667.54576916,67266128.10962604,41642228.40963527,450000.0,18000000.0,4398241.011976828,3958416.910779145,166635548.56104153,116228547.74126948,8617097.578639377,6010438.624644239,2335648.8355025505,93425953.42010202,22828325.550851643,2421931.778809347,96877271.15237388,23671643.728376143,1406714196.6684809,490149183.8429057,35167854.91671202,0.004690584371437656,0.912012159249925,0.0029846585812325303,0.07961440200549806,0.0048460520184550665,0.17479366027648532,sample_0044
0.7524865545989335,3.0,1.412835754462887,0.8587845048581874,0.6426441747678765,1.3849835862155075,0.5578699714517603,1.811865875086079,1.1812636509990395,1.825526560565661,0.7590913783419471,0.6994463787069972,0.8761172089079396,1.3929215384319409,41.0,1.1216535646083634,1.2120980868406053,0.8169400736792538,1.292638543939387,0.8927782465230862,0.7661995184857173,0.8217128463159307,0.7333909201971022,1.4196068641240385,1.085937520794329,1.301844444789459,1.2916605968044559,1.165199360821578,0.8687865914759354,1.187813515649395,1.7125943844911842,0.8473926293491073,0.9370866831184126,1.221974878172969,0.532758796834147,S1_Rural_Overhead_AC_500MW,Overhead,AC,460,Standard Aluminum Conductor,100,0.6011491534007312,LCC Converter,0,False,0,,,43.80586044539698,0.0336496069382509,41.0,sample_44_1763055359744693,2025-11-13T11:36:01.459053,95548610.46507289,100556899.98827904,70740998.1937714,13789936.180575067,81758674.28449781,0.0,191097.22093014576,7834986.058135976,1877206.826476153,600000000.0,24600000000.0,5893984697.440535,2857821.194426869,2998883.4595295787,1553262.4580598772,1461073.263301186,8424.01543324206,1388323.9156924412,37933095.57100588,40293338.44290452,28774175.149799403,4220974.35888467,33712121.21212121,37560000.0,0,32812887.61125048,306862593.45166105,15458275899.919355,6871528440.920103,0.0613725186903322,65544412.28324661,2687320903.613111,1249839288.3604777,4.024596803554283,9956516.455291118,408217174.66693586,97805926.04550125,84123925.88777916,450000.0,18450000.0,4420488.5230804,3978439.6707723606,47090985.19737787,39130341.41636484,1985776.0895082988,1650084.3215155404,1896880.5822875877,77772103.87379108,18633641.87479188,1882939.8758201117,77200534.90862457,18496698.02380719,940217182.3646524,437283233.4727802,22932126.399137866,0.006970154710050173,1.0114573729945098,0.0060071276182001015,0.1570412740708997,0.007184360004612053,0.4784328705233584,sample_0045
0.777418700140507,19.0,2.2136599119881875,0.9608236444235823,1.6053250141681212,0.7229545066068921,0.7841045033950332,1.2012410964538462,1.0784307661394417,1.038635978349271,1.4262303655638315,0.7528058914909903,1.0458587609897672,1.4723486057564241,48.0,1.0738859705237536,1.3044966588561722,1.0511714923434925,1.487618670871091,1.0256875405957153,1.1480031209671102,1.0450306227073871,1.1696272547558937,0.8629103780091849,1.4285561293658462,1.3974375162904717,1.4357835893322028,1.417291185185493,1.1360607983112456,0.7173484945772409,1.7479631880606852,0.7514394421623621,0.9924130621611593,0.9619389782649456,1.1694567144836887,S1_Rural_Overhead_AC_500MW,Overhead,AC,460,Standard Aluminum Conductor,100,0.6725765510965075,LCC Converter,0,False,0,,,52.29293804948835,0.0322165791157126,48.0,sample_45_1763055361471745,2025-11-13T11:36:03.203427,100011006.2196988,108345686.54450436,24450348.707447875,14433965.982465848,85577040.23723294,0.0,200022.01243939757,9601056.597091082,641275.7893417234,600000000.0,28800000000.0,1923615650.660499,3649766.7370980415,3911341.1354168607,644241.0267859539,1681459.8916209603,79937.89247107526,1888368.9530060056,38173783.65380734,41963821.230089374,9705774.379809633,4461662.441686134,33712121.21212121,237880000.0,0,128823109.90284716,766542694.2652779,46929742708.61801,11412157812.712404,0.1533085388530555,66898047.13345856,3211106262.406011,828436800.5097717,4.107713491942611,4275442.778720951,205221253.37860563,13707181.071085049,11643411.737875732,450000.0,21600000.0,1442711.737995373,1298440.5641958362,71523955.30368048,36516352.10746377,9546146.960394684,4873758.200246368,23214.526044502076,1114297.2501360998,74426.3760364499,1760599.5621570116,84508778.98353654,5644528.120518748,1535713096.4999287,396200293.6682935,31994022.843748514,0.001025596666414352,0.43533719243376484,0.0008761197683376327,0.024935053358344794,0.0010538627666437336,0.07167346076900466,sample_0046
1.1264745854457536,9.0,2.442934692773136,0.9990051757863793,0.32424867842929944,1.4469602693144736,1.0475998548005303,1.2879916918299532,1.8436595744758972,0.9469685030090365,0.6002039821526433,1.3232767955674418,1.0025146619149827,0.931209867652124,49.0,1.3458779004304229,1.1128647941960776,0.7141183151129784,0.8802589877106463,0.7217756776213277,1.1808497880728275,1.1608215435695706,1.0488654340091224,1.3165013647959718,1.3499607687716813,0.8255645728434614,0.8729598522541613,1.1355261103614547,0.9138280696639175,1.296705982964225,1.0536189631827173,0.9234516037128693,0.8962256706577565,1.0326167382501665,1.6028374220337882,S1_Rural_Overhead_AC_500MW,Overhead,AC,460,Standard Aluminum Conductor,100,0.6993036230504655,LCC Converter,0,False,0,,,50.12573309574913,0.0403763370129126,49.0,sample_46_1763055363217004,2025-11-13T11:36:04.932537,102929446.1118282,112435653.7002922,51422623.91125338,14855166.245488202,88074279.86634,0.0,205858.8922236564,10087085.718959162,1429173.527512228,600000000.0,29400000000.0,4165494661.1472945,2395283.4434213443,2567476.647314364,803550.6582296363,994959.4012608211,38948.720009871206,1361375.3221506516,36533969.29591553,40588338.36360472,19170039.91379705,2821848.0837943153,33712121.21212121,112680000.0,0,82910228.98171282,154828743.94999048,9728638400.671532,2481846302.8629065,0.030965748789998,40324104.95892896,1975881142.987519,543649592.5497383,2.4760045634793855,12909071.53791566,632544505.3578674,89621114.28592697,65902406.10043397,450000.0,22050000.0,3124120.9958604723,2811708.896274424,141543627.39370352,97010334.47964488,5149320.611747911,3529210.916003528,411614.2664526962,20169099.056182113,2857628.382267943,1979915.0681339088,97015838.33856152,13745542.743061462,1587419316.5068974,436767093.8544965,32396312.58177342,0.011738958163679094,1.299021747203516,0.008697289070967442,0.13069235945868413,0.012425892877772014,0.33987760804470457,sample_0047
1.0284095855834974,4.0,2.1352345888064237,0.8116216819857762,0.4308613144957929,1.491431800174936,0.8429899531901087,1.4171441631897213,1.930029611137738,1.2948067784508657,1.195973339754305,0.6124054267875646,0.9565068247028137,1.0117625546531333,54.0,0.9339234897985302,1.0187997325137184,0.9772260483522235,0.9688120111269425,0.9415732032348934,1.4320548878005175,0.9190351615524905,1.015620660217152,0.7674922614546253,1.1960453675425708,1.4082350841591973,1.2882577215913358,0.8095377414193978,0.9020109984346532,0.8153871593431923,0.5112271343089093,1.0796740400085152,0.8592196143238441,0.8146657292144641,1.0740731236359875,S1_Rural_Overhead_AC_500MW,Overhead,AC,460,Standard Aluminum Conductor,100,0.5681351773900433,LCC Converter,0,False,0,,,47.82534123514069,0.0280177046939559,54.0,sample_47_1763055364945618,2025-11-13T11:36:06.662303,70073333.74355173,75698103.52550288,53137444.06770178,10113248.06902286,59960085.67452887,0.0,140146.66748710346,7567920.044303587,1899517.538497936,600000000.0,32400000000.0,8132269882.21921,3053980.638285133,3217844.265954798,1440750.0504701757,1095051.1519707562,20993.056743102377,1937936.4295712744,36778068.34743374,40314890.92594639,28651299.61433092,3065947.1353125256,33712121.21212121,50080000.0,0,44323123.3531905,205736277.6717411,14636294174.44005,5928527413.044798,0.0411472555343482,19565684.88427058,1056546983.7506112,456877770.65950376,1.201383765625937,13414628.259079544,724389925.9902954,181818962.28746548,159549578.44792,450000.0,24300000.0,6099202.411664409,5489282.170497968,90097984.80387358,75766929.31109978,2760855.5649628905,2321711.7328877975,3420128.538606577,184686941.08475515,46355680.513047785,2179098.674410857,117671328.41818628,29535030.867158704,1251368148.9884748,541123394.3942776,23173484.240527313,0.01224842577277302,2.257831404130527,0.010757162497538402,0.2279025555828906,0.012696224030722758,0.663010897822552,sample_0048
0.8832510677422533,7.0,0.8933661629364511,1.0700923951086097,0.7432110978268988,1.3072905843396756,0.7280270197480598,1.8187263582494126,1.0143248095197188,0.6902810081594815,1.141993174006143,1.4938765526272708,1.2444088771986448,1.440268812526246,43.0,0.9399554696694175,1.384508415872502,0.9618398876935992,1.3394375082973635,0.8415536117619569,0.7537306743465275,0.8950709846558371,1.0433929036085354,1.4278652373635998,1.2976868705613795,1.1391845327233638,0.7890162229835372,1.1139734216434647,0.9476578846439703,1.2979177643879494,1.7503074427051946,1.3975720834475118,1.1759312954191992,1.0018722031020806,1.8773627118496372,S1_Rural_Overhead_AC_500MW,Overhead,AC,460,Standard Aluminum Conductor,100,0.7490646765760267,LCC Converter,0,False,0,,,62.22044385993224,0.0281986640900825,43.0,sample_48_1763055366675058,2025-11-13T11:36:08.401186,94310540.6704957,97406931.889711,47721203.22717151,13611253.273819894,80699287.39667581,0.0,188621.0813409914,8110706.49766263,1246301.9346070755,600000000.0,25800000000.0,3964462272.4455585,2887655.371423318,2978432.5863757003,1118348.6806659768,1513970.2745300503,19336.16103903889,1354348.9358542291,38076572.15917044,39555331.40329587,20474949.977814823,4364450.94704923,33712121.21212121,87640000.0,0,65271153.26186736,354883299.21234417,18949980109.168427,8392517793.359445,0.0709766598424688,66987766.44721321,2880473957.230168,1330451806.880757,4.113222490357208,9422313.105865644,405159463.5522227,62257341.378956154,43656384.87596931,450000.0,19350000.0,2973346.70433417,2676012.033900752,68530088.49599315,49186874.342097186,3552014.773321403,2549427.6769662695,87953.96650495338,3782020.5597129953,581150.3032013802,2584418.6797955777,111130003.23120984,17076383.920421883,1906447406.8444667,880562169.5668356,44335986.20568527,0.0044154685849999604,0.9410828370504772,0.0031362422969088088,0.06007682007228128,0.004695335453552713,0.31784839043135954,sample_0049
0.7052622011684275,16.0,2.327088726152508,1.013712145123952,2.308846754580514,1.395364430588368,0.6458266251470458,1.7224736153885347,1.3170867782534272,1.7230244908122605,1.3340436953951667,1.0854342312482639,0.944675399857388,1.1380359380861282,42.0,1.1794461221683483,0.7812267627876269,1.370144458063307,0.7321049965716564,1.1780751031140437,1.036219040008998,1.1240421726268053,1.248394531535362,1.1782980705255297,1.1307361793662984,1.4013689900083648,0.7930831791359794,1.1549003335618742,1.041665229214594,1.203242529838596,1.3560610357468055,1.2587240561240658,0.8133667024335165,0.9201941169392939,1.0584933982116869,S1_Rural_Overhead_AC_500MW,Overhead,AC,460,Standard Aluminum Conductor,100,0.7095985015867663,LCC Converter,0,False,0,,,47.2337699928694,0.0353833836650504,42.0,sample_49_1763055368414744,2025-11-13T11:36:10.159728,92718379.8450526,100858144.87038162,64618790.54131466,13381466.612714048,79336913.23233853,0.0,185436.7596901052,7788343.906984418,3570556.5412509437,600000000.0,25200000000.0,11552908540.522133,2802923.70810035,2938789.4039080595,1546721.743293807,827500.4961249328,60761.37245997003,1914661.8395154472,37160714.963897355,41066944.961583145,26260094.31215304,3448593.7517761467,33712121.21212121,200320000.0,0,169255763.5043602,1102474325.3121958,57195253906.46818,14867900908.8295,0.2204948650624391,51899167.96010174,2179765054.324273,595500611.8549,3.186743434004993,12066474.201964317,506791916.4825012,232338121.4364392,181900571.3902337,450000.0,18900000.0,8664681.4053916,7798213.264852436,208857752.12333804,172544855.8609859,8247189.926768628,6813298.442147978,1616480.0464883826,67892161.95251207,31125076.891098738,2407387.444958184,101110272.68824372,46353878.288671926,1308901004.0063748,357585028.3483516,31164309.6191994,0.008639336821961094,2.6075328225140937,0.006800218404213078,0.2739682941386248,0.008751518270543964,0.4616124571978192,sample_0050
1.3492028827350784,8.0,1.3782803096648704,1.0663415192316068,1.4488472585052,0.8706014644243145,0.688486298253978,0.6464404109470572,0.7721823838151523,1.1575219746089942,0.7631493001443067,0.8332586205826927,1.172359732714905,1.3905842857679038,45.0,0.8564613206621015,0.7698812782860616,0.9339173532475624,1.4406463663568478,0.9376890431142568,0.7380104853894417,0.9616381195443777,1.0327575338921833,0.9332498859871503,1.121921946817134,1.1953448006853467,1.238051343185954,1.1772608476440065,1.276110625882732,1.495439954986521,0.681822198229949,1.5975200175910167,1.1107806451355078,0.8108731102981827,1.5827523387943823,S1_Rural_Overhead_AC_500MW,Overhead,AC,460,Standard Aluminum Conductor,100,0.7464390634621247,LCC Converter,0,False,0,,,58.61798663574525,0.025693839619863,45.0,sample_50_1763055370176977,2025-11-13T11:36:11.911216,72645510.41098483,76357836.26765418,53753283.622678496,10484474.31623273,62161036.0947521,0.0,145291.0208219697,6538095.936988635,2516223.569868395,600000000.0,27000000000.0,10391104236.035126,3244500.3169785207,3397685.0326245883,1906432.910888828,1628366.9534881946,21637.57287345432,1594495.790616872,37926012.987175465,40226263.59821634,28363149.04228935,4213891.775054255,33712121.21212121,100160000.0,0,86909390.29177795,691824565.9362329,39074995003.89497,17386647159.069115,0.1383649131872465,26094699.17065661,1174261462.6795475,544942099.8905797,1.6022821658403803,2149032.112895112,96706445.08028004,37218027.81946652,31015579.315135133,450000.0,20250000.0,7793328.177026348,7013995.359323709,14672140.959481187,12455597.392729308,4220226.139349191,3582669.8941327916,0.0,0.0,0.0,2839352.2958285464,127770853.3122846,49173342.78130012,1870205325.144342,867910298.942366,41560118.33654093,0.0015294761083649334,0.5357036526665014,0.0012922366942332729,0.04067645083077037,0.0015759531796461976,0.18860026445864747,sample_0051
1.176838975171758,9.0,1.667599510874876,0.8631882476287808,1.631633860156124,0.9837903752084999,1.1576709363001165,1.635138268760332,0.5254855365618486,1.900390512467504,0.6422261231743218,1.909154326463086,1.4701019408974232,1.0650933296238798,40.0,0.863166956086902,1.0313570795051885,1.0358271987388055,0.8223132211174629,1.2524606544117578,1.2131193594220187,1.0846015541211484,1.4556509013126062,1.2736475331457895,0.887630753259294,1.1279409997522583,0.9514326674833031,1.4268069526618876,1.0110771631389206,1.218752926793466,1.5641514294745071,0.660678094233991,1.0845654936977736,0.8930774474227716,1.298768238791084,S1_Rural_Overhead_AC_500MW,Overhead,AC,460,Standard Aluminum Conductor,100,0.6042317733401465,LCC Converter,0,False,0,,,73.50509704487116,0.025895008682607,40.0,sample_51_1763055371924126,2025-11-13T11:36:13.643446,93505267.51292658,99317195.34635326,55673972.898498565,13495033.211625818,80010234.30130076,0.0,187010.53502585317,7480421.401034127,1912172.893824501,600000000.0,24000000000.0,6134968471.888992,2882905.7228727643,2989767.7600471685,1144630.8431613792,929463.125687314,40013.08781686335,1913429.5093685868,36939676.756436,39680836.76298655,22640989.147737384,3227555.5443147873,33712121.21212121,112680000.0,0,89036062.64911143,779105168.2245494,38087626139.61324,17334207857.530178,0.1558210336449098,59863203.50884834,2394528140.3539333,1126984659.5538893,3.675755859265092,4577701.8452688465,183108073.81075385,46806760.82405403,28934494.837060913,450000.0,18000000.0,4601226.353916743,4141103.718525066,32462878.241014753,24662768.925609563,4800419.779893694,3646985.4243504344,0.0,0.0,0.0,1644878.8435483386,65795153.74193354,16818799.74207713,1550051760.9930968,729531855.0299037,38751294.02482742,0.0020127452254560248,0.6469701808002893,0.0012949885168891317,0.054396058543887314,0.002071925447431338,0.23851187709415017,sample_0052
1.2767018363125313,15.0,2.8859495844207843,0.9051435903693443,1.4131733511857467,0.8926266015861919,0.9519487805784489,0.7139168881790798,0.7565554927377351,1.1104510168863337,1.3890166026376254,1.9271558309730783,1.3898937756964014,1.2931885717713962,57.0,1.0299092174261562,0.7452117251375002,1.3320181471514922,1.063483892081102,0.9035339990496527,1.4448464316740883,0.8251358118593635,0.9201417630868955,1.2322425729812112,1.190435436043618,0.7554070188589418,1.1468240996485386,1.0126855831737118,0.7527011677947075,0.7591206669063335,0.8022710085713027,1.590798594382718,1.2092124066944385,0.855834676290963,1.9069014030531015,S1_Rural_Overhead_AC_500MW,Overhead,AC,460,Standard Aluminum Conductor,100,0.6336005132585409,LCC Converter,0,False,0,,,69.49468878482007,0.0308972765227846,57.0,sample_52_1763055373656567,2025-11-13T11:36:15.378431,72532471.97590773,80510792.40058894,52541526.59528483,10468160.18253599,62064311.793371744,0.0,145064.94395181545,8268701.805253481,3602254.3200064357,600000000.0,34200000000.0,14899206749.232084,3265384.1902987966,3515019.5813196525,1861349.6412681364,1202059.0658977306,79427.14883939283,1983897.975561673,37630874.45991332,42593361.65136075,27823360.74846477,3918753.2477921103,33712121.21212121,187800000.0,0,162203268.44649068,674790275.191194,51504576802.62703,12906301631.054892,0.1349580550382388,30704516.0400409,1750157414.2823312,474876359.87832314,1.8853368701425617,3182613.7978665833,181408986.47839525,79030701.6289549,48569806.13492811,450000.0,25650000.0,11174405.061924055,10056964.555731652,31043649.58991513,26114636.728434253,8048677.312989353,6770733.691098914,0.0,0.0,0.0,2830782.4812379656,161354601.43056405,70294022.41678105,2229902802.6503906,605047361.5479405,39121101.800884046,0.003085344165753662,1.0970355691616416,0.0020052497197001248,0.09433129782107404,0.003150544141121751,0.25684009754878384,sample_0053
1.2298347352476129,1.0,1.8122611871824308,0.9833980030364725,1.0423083195686416,1.4091417324387032,0.9071300626434486,1.37259204205397,1.650391575078812,1.4075324670978184,0.8984389315510188,1.2151890000573264,1.018798462763731,1.0861843081858078,57.0,1.3881112290772135,0.9939986743650624,1.349992126790999,1.2899486864498715,0.9353774228192004,1.1025809357658591,1.474480045590416,0.7715885783322307,1.4761571299072942,0.9928870266676155,0.9196622954194733,0.9737966977008958,0.7756225031307616,1.0322339770760958,1.0846409518605162,1.0038466043733607,1.4303140271569523,1.0041663172511446,0.8204065114204786,0.6957513490429938,S1_Rural_Overhead_AC_500MW,Overhead,AC,460,Standard Aluminum Conductor,100,0.6883786021255307,LCC Converter,0,False,0,,,50.93992313818655,0.0416433368723164,57.0,sample_53_1763055375391793,2025-11-13T11:36:17.138676,70198212.94045013,74952517.87335123,63328648.89087455,10131271.106167288,60066941.834282845,0.0,140396.42588090026,8002596.275211315,2961562.4715313236,600000000.0,34200000000.0,12656572072.754824,3479067.927745206,3662164.639683964,2186485.4928674656,1458032.9092297032,4040.792071864333,2016994.2264436383,37003588.81268427,39997296.175957255,34288428.48234571,3291467.6005630544,33712121.21212121,12520000.0,0,12067454.352476869,497702222.59402627,37988013892.418816,11606993817.423525,0.0995404445188052,38419217.24257727,2189895382.8269043,742181914.1639302,2.3590395202773977,12792793.88635209,729189251.5220691,269854863.0575207,204269930.8176256,450000.0,25650000.0,9492429.054566115,8543186.1491095,32317764.015389107,29864360.54036686,1265517.534232094,1169445.7541823308,483539.9874537065,27561779.284861267,10199931.16877799,2626164.6580251143,149691385.5074315,55397070.44869397,1835390266.5691493,622035861.6043578,32199829.23805525,0.01081096873810498,2.7989711398069366,0.008236041728526584,0.3351500224841677,0.011077644152868257,1.3210196586734904,sample_0054
1.1900027332411054,10.0,0.7559425632203045,0.8907495669132681,0.368336720433913,1.039780147355895,0.677348447445993,1.1950486095645363,1.4023661338431885,0.7968048639486767,1.3771334315209947,0.6603353327077325,0.7981230383271212,1.38392388872282,47.0,1.1239591951545191,1.2309737789008788,0.7537002174298053,1.436039875475411,0.9722503818379595,1.1325374710804585,1.4779489853314058,0.8884777331358208,1.1198739124234538,0.7945045936678345,1.3333186591483812,1.1996355459202233,1.330911138606312,1.2873355355804919,1.0217772001960577,1.4083466150152681,0.7995759134603605,0.8296854796499519,0.8819157985351311,1.2127685883070978,S1_Rural_Overhead_AC_500MW,Overhead,AC,460,Standard Aluminum Conductor,100,0.6235246968392877,LCC Converter,0,False,0,,,39.90615191635606,0.0337187758546355,47.0,sample_54_1763055377151745,2025-11-13T11:36:18.879034,78136955.16948408,80302299.4001407,33687722.82726867,11277020.355262144,66859934.814221926,0.0,156273.91033896815,7344873.785931503,941767.139213152,600000000.0,28200000000.0,3615832497.5822215,3367041.810097647,3449005.345554294,1048873.6190379218,1623160.2228858431,41505.78234923353,1702375.8048625705,37905829.96582673,39148307.714073345,17150578.950423345,4193708.753705516,33712121.21212121,125200000.0,0,86257281.91025922,175880784.00719348,10487128187.363262,3447128701.31154,0.0351761568014386,53900241.64986434,2533311357.543624,883494039.8759495,3.3096145452858803,6054067.419741074,284541168.72783047,36484156.1980892,31665800.713763986,450000.0,21150000.0,2711874.373186666,2440686.9358680006,67474470.09677234,45264306.68655217,4840174.153449138,3246963.2882455923,1072359.4293159689,50400893.17785054,6462453.456015675,1821973.56306196,85632757.4639121,10979918.698425174,1032638589.4675575,360133402.6406917,21971033.818458673,0.0046049978020658525,0.7554088321744741,0.004007046080269168,0.06935223710356787,0.00480844680205647,0.19116297345450264,sample_0055
0.84413497516471,12.0,1.7537168239515262,0.9549788439885768,0.6497306930893092,0.8488613295703431,0.78546962999104,1.1136248447968486,0.9546752661039503,1.9747253250540118,1.364727575673471,1.2848913827214796,1.0630698876983038,0.9529189410153139,51.0,1.2146290612679749,0.9859666797837922,0.7838324733344931,0.7191926606661008,1.3696185267073246,1.2679706222203087,0.9581903888648077,1.0095895888298787,1.463868017032533,1.3769332277913382,1.0967925587930423,0.9115733700153676,1.018067155140675,0.8184015285104534,1.1907916043202333,0.9975296819816912,1.1456657602928582,0.9608712784833737,0.841067222843889,1.6938779205366266,S1_Rural_Overhead_AC_500MW,Overhead,AC,460,Standard Aluminum Conductor,100,0.6684851907920037,LCC Converter,0,False,0,,,53.15349438491519,0.0364388718380392,51.0,sample_55_1763055378892616,2025-11-13T11:36:20.609644,79971309.19835085,85206942.54573423,38790961.45924954,11541761.25382184,68429547.94452901,0.0,159942.6183967017,8157073.538231786,1335215.6986433095,600000000.0,30600000000.0,5008855220.807777,3517794.475037612,3616377.9441088177,933787.7051311572,812905.6437225927,55763.042564117866,2649125.788750902,36599754.36671307,39466218.18221227,18397737.46980366,2887633.1545918607,33712121.21212121,150240000.0,0,108451679.8046723,310246405.9501451,20509711700.65419,5252480411.622267,0.062049281190029,38177455.98880328,1947050255.4289677,537198605.078469,2.3441947526569744,5232635.522353107,266864411.64000845,43682522.92453765,32457063.468283273,450000.0,22950000.0,3756641.4156058338,3380977.2740452485,44684192.17859212,30906393.65292699,6189172.570778186,4280820.454218976,0.0,0.0,0.0,2263238.117773394,115425144.00644308,18893720.10356739,1644425586.7360427,453703302.66864127,32243638.95560868,0.0041344101697583895,0.8161929588236586,0.003123350973194027,0.07020809876696534,0.004304619449674176,0.21369925103278378,sample_0056
0.7722260857515396,7.0,1.7774049221024188,0.9739815621971248,0.9169042653051322,1.119615974929467,1.1822423904119266,0.8711167578205564,1.285947401421701,1.151441470895403,0.5963240076795175,0.5826248877799782,1.455724250780033,1.190011823896508,54.0,1.0518116225846224,1.0162719130626239,1.2053674959222058,0.7501955547164608,1.001801558552844,1.1828648355500353,1.3341297378158594,1.3321878055584873,1.0786190374421996,0.7615334334061148,0.7987948565597842,0.8653011950319575,1.1032986152085953,1.1427461291398138,1.3695842607498192,1.2551464491940187,1.5214989216476744,1.103203073100191,1.208583684670325,1.471930858720955,S1_Rural_Overhead_AC_500MW,Overhead,AC,460,Standard Aluminum Conductor,100,0.6817870935379874,LCC Converter,0,False,0,,,72.78621253900165,0.0315543486775386,54.0,sample_56_1763055380622592,2025-11-13T11:36:22.401470,119002225.15014356,126901823.17115028,81904262.53759536,17174850.394781757,101827374.7553618,0.0,238004.4503002871,12852240.316215506,3381727.3278651596,600000000.0,32400000000.0,8525203600.853207,2927047.8654956734,3031356.3042159644,1220399.9656059884,847948.3088158784,30345.14280242269,2048754.4138773729,37318217.64817123,40272759.23737387,26449762.548026204,3606096.436050025,33712121.21212121,87640000.0,0,74165516.40301672,437821786.6832007,31147100250.829742,10520093963.88798,0.0875643573366401,48036964.90355349,2593996104.7918887,942489916.3644092,2.9495941556059444,5518527.249516327,298000471.47388166,78410947.29830523,69274113.42422587,450000.0,24300000.0,6393902.700639907,5754512.430575915,39631206.57362665,32270048.245196376,3949832.214946088,3216184.5968515803,0.0,0.0,0.0,2742425.398500785,148090971.51904237,38966224.80395032,2451098440.945992,890570174.8513057,45390711.86937022,0.004011595253566966,0.7739474787049778,0.003549142288023838,0.07360610116699154,0.004188025856943253,0.3242096271408341,sample_0057
1.2795656142635605,5.0,2.470234650195658,0.943846420220914,0.5684016822885072,0.9157999538470625,0.5916305115435645,1.1607551078868756,1.9626376566121775,1.3374508481697147,1.4089592857569264,1.430152707081372,0.7380450014011745,0.7950160305245324,43.0,1.0868209809515283,0.8785841813324098,1.155134007065933,1.492708943077971,1.4780926833381889,1.3883745036442163,0.9736581319386408,0.8977287408459933,1.1580221344053836,1.271683571701503,1.1801955453651165,1.472645615975606,0.9008188624251043,0.7427004996801142,0.8275984045673519,0.9895579885464967,0.6944193493585172,0.9644337734204184,0.9515479258710557,1.607623471910582,S1_Rural_Overhead_AC_500MW,Overhead,AC,460,Standard Aluminum Conductor,100,0.6606924941546398,LCC Converter,0,False,0,,,36.90225007005872,0.0326046294285458,43.0,sample_57_1763055382414929,2025-11-13T11:36:24.181113,82767002.5064188,90500372.21646042,65608107.38198271,11945246.2664355,70821756.23998329,0.0,165534.0050128376,7117962.215552016,2862061.581667833,600000000.0,25800000000.0,10373922559.703213,4176870.262809218,4472415.897887857,2486487.6807164736,1687213.4417214638,25440.910980413864,2464215.91010734,36121260.69855919,40185109.70223565,29423838.4649502,2409139.486437977,33712121.21212121,62600000.0,0,56618340.246109895,271411803.2927622,14492787587.375078,5800519886.658237,0.0542823606585524,37872363.33765152,1628511623.5190153,683981437.6574892,2.3254612730842674,4963431.800957817,213427567.44118613,85817095.2225077,61270785.01324186,450000.0,19350000.0,7780441.919777407,7002397.727799666,56107134.96537295,48672334.45587333,3361605.5925880456,2916156.5959865456,3674516.023559663,158004189.01306552,63531907.78799421,1687898.9438321094,72579654.58478071,29183554.8865319,946908424.987435,397705350.394346,22021126.16249849,0.0053309354703486396,0.9597932796546349,0.0038885631252724975,0.1339004967988324,0.005454488811235365,0.31064278371771337,sample_0058
0.9642412017474974,0.0,1.7055412760207904,0.9351543005993531,1.0601997114217552,1.1750860480831826,0.8559584245183314,1.0202351241921996,0.8517460270514113,1.6944205056734039,1.237049690039244,1.2275536740458461,0.8596222960854055,0.9369261596430896,49.0,1.3952227974842977,1.3269979478818676,0.8910071622889036,1.4134904601876872,1.3335617232746817,1.1999416628408297,1.2459209697890599,0.7852478837616581,1.4210283037159062,0.7603367519923137,1.2129297733366933,0.8703768880778553,0.8466299270525491,0.7766712153389725,0.8667825404720159,1.1930296401291578,0.7406323248157551,1.0177036039263454,0.910782598033995,0.517032422037789,S1_Rural_Overhead_AC_500MW,Overhead,AC,460,Standard Aluminum Conductor,100,0.6546080104195472,LCC Converter,0,False,0,,,42.98111480427028,0.0418566839245289,49.0,sample_58_1763055384194640,2025-11-13T11:36:25.909304,70625314.32105963,75118102.6307547,62317553.40921001,10192911.989824023,60432402.33123561,0.0,141250.62864211926,6921280.803463844,1566201.471550568,600000000.0,29400000000.0,6652861597.602319,4076911.803674173,4097238.8057594937,2214472.75957557,1597672.5504545677,0.0,2479239.2532196054,36551291.39285785,38447565.146060616,33796561.4290003,2839170.180736635,33712121.21212121,0.0,0,0.0,506245362.2038882,31809843219.353436,11582431475.731491,0.1012490724407776,45659630.38702313,2237321888.9641333,880777368.3159624,2.803619654303521,6003613.6769938655,294177070.1726994,66568684.79752087,50225358.077601545,450000.0,22050000.0,4989646.198201737,4490681.5783815645,6269671.5871268185,5532160.780380084,767493.5742093556,677212.1619819137,0.0,0.0,0.0,1746820.487540088,85594203.8894643,19368924.899100676,1240647130.4393106,488411578.1225456,25319329.192638993,0.0036268876745433483,0.727746962952755,0.002773247042891099,0.11656640908571211,0.0037189496201023202,0.5703082051897995,sample_0059
0.9449490600861596,9.0,1.4887930728383432,0.9375787198723168,0.7705254067273748,1.183245811824937,0.8524677234147802,1.5898886558968521,1.4869931361859432,1.7361807796635582,0.6723839747045004,0.5260622220756839,1.2103137198646232,1.1588555663139437,56.0,1.2015678590673362,1.1469618118909368,0.8713903618289841,1.3129420180447795,0.7017699044521937,0.7106996068059828,1.3239567187830867,1.0667933121826016,0.7030862543420847,0.8191362632994152,1.3440538706593195,1.457391878011232,1.4640669951027314,1.184984209834276,1.2891954093555562,1.3052729171378004,1.1891139686224164,0.8924932268223924,1.11484883038985,0.8128817243972469,S1_Rural_Overhead_AC_500MW,Overhead,AC,460,Standard Aluminum Conductor,100,0.6563051039106217,LCC Converter,0,False,0,,,60.51568599323116,0.03604703577202,56.0,sample_59_1763055385922361,2025-11-13T11:36:27.649356,102498723.34195702,108168002.08065876,53552281.02005614,14793002.709261632,87705720.63269539,0.0,204997.44668391405,11479857.014299188,1621409.5698840972,600000000.0,33600000000.0,4745648093.024744,2986666.956581218,3138047.21808756,1090549.5369140073,1484022.34160819,23441.457394667876,1479203.1575783608,37223804.746405885,39676235.70303278,19973178.477529433,3511683.5342846783,33712121.21212121,112680000.0,0,83714522.37634164,367925881.71232146,27440273532.141136,7401749164.896503,0.0735851763424643,49955405.084697895,2797502684.743082,824306355.6779246,3.067391355273831,11031395.122455124,617758126.857487,87251865.37713599,78071883.34102714,450000.0,25200000.0,3559236.0697685583,3203312.4627917013,105627905.61772734,75169699.01467203,4719956.882777254,3358939.440914662,339126.85493361164,18991103.876282252,2682294.5206819535,2318634.5833935807,129843536.67004052,18339039.648504943,2003550028.7751136,590361908.0135696,35777679.08526988,0.00657024623817354,1.2170458139206692,0.005880316844291077,0.1068537089552784,0.006863403433662029,0.3499438604717099,sample_0060
1.1388297537884162,13.0,1.1502405404016474,0.9207411643627627,0.7920867903069003,1.3270412512218417,0.5269540778393746,1.963602563132149,1.3307226231829103,1.108050552655637,0.7782309223631325,1.6351173646679242,0.7635027112139843,1.091196264968746,50.0,1.11208571201021,1.2245329053286351,0.9807465851507149,0.976849809443291,0.9648671659935844,1.3366307321914952,0.8270527524423434,1.3870697049278764,1.3967553286662304,1.1627559752982979,1.3523698696030595,0.7723930060825615,1.471808131664957,1.0967631178099253,0.8042664232582835,1.883286748519832,1.3332034020748758,1.289175666293376,1.189793436575932,1.4638076677814214,S1_Rural_Overhead_AC_500MW,Overhead,AC,460,Standard Aluminum Conductor,100,0.6445188150539338,LCC Converter,0,False,0,,,38.17513556069921,0.0333625713603062,50.0,sample_60_1763055387662845,2025-11-13T11:36:29.385020,124621644.40213165,129914349.17133124,50073217.06139211,17985866.19584499,106635778.20628664,0.0,249243.28880426323,12462164.440213162,1443759.051768862,600000000.0,30000000000.0,3475541649.354536,2977344.58494464,3063345.003269161,740650.9259644015,1104136.2997646893,63681.138477760986,1809527.1467021897,37018776.56051135,38889484.44654991,15001841.2885453,3306655.34839014,33712121.21212121,162760000.0,0,106695879.6617895,378221442.3715449,24381357745.639008,6932036827.677199,0.0756442884743089,72077150.439351,3603857521.9675503,1094709775.6213543,4.4257238590216055,9283584.164527023,464179208.22635114,53775805.698503174,36189854.95917698,450000.0,22500000.0,2606656.2370159007,2345990.6133143115,176641147.367593,112152164.15738808,6367608.243180742,4042891.792890166,3865401.1094211894,193270055.47105947,22390604.245424263,2502348.6110454667,125117430.55227332,14495028.031488314,1100330422.194789,334236984.18925846,22006608.44389578,0.004635358072343522,0.8566717969894053,0.0031681384018547353,0.08526351475962186,0.004766329889913455,0.1724044315965453,sample_0061
1.3119234079637292,0.0,2.86827546479705,0.941063092711869,1.1094289159251696,0.7567723754879391,1.0233349645768826,1.845035960213648,1.3632923086889919,0.5941857172437865,1.3082694425502854,1.1423337509508413,1.0275255666978769,0.7303650415493489,43.0,0.9055021070609401,0.9747159933517503,0.8282410261804228,1.3877113348227337,0.779359336137921,1.1126029168837173,1.3212458400013394,0.8059217205008167,0.8301521553693507,1.3176570108601746,1.2883062193670507,0.917762646025059,0.7097922029772514,1.37976071659269,1.2385994534743303,1.5339894284992175,1.3874778352419446,0.9950153170574149,1.0251191230415713,1.412478903222311,S1_Rural_Overhead_AC_500MW,Overhead,AC,460,Standard Aluminum Conductor,100,0.6587441648983083,LCC Converter,0,False,0,,,51.37627833489384,0.0271650632118282,43.0,sample_61_1763055389398172,2025-11-13T11:36:31.159160,89935108.9867439,99763879.46747276,80540289.04681414,12979774.454947283,76955334.53179662,0.0,179870.2179734878,7734419.372859975,2659815.7049842128,600000000.0,25800000000.0,8872449485.916315,2879224.5170656964,2913508.711668431,2063037.2114028167,1568534.3269359989,0.0,1310690.190129697,35925348.6107556,39114673.322810784,34032587.47638385,2213227.398634391,33712121.21212121,0.0,0,0.0,529752307.3542685,28287596822.477577,14732396820.884115,0.1059504614708537,58708843.40752205,2524480266.5234485,1369184210.0081525,3.604875156973162,7517315.151298008,323244551.5058143,111161664.91600828,85764920.5869194,450000.0,19350000.0,6654337.114437239,5988903.402993515,19655425.46081534,17602176.34456321,1290723.9591586725,1155892.0862108527,0.0,0.0,0.0,2571548.5133334794,110576586.0733396,38026557.14189084,1312881013.6314816,712057835.1595657,30532116.596080966,0.004555534509317699,1.0101177095292444,0.0035478008449132048,0.1326550342437735,0.004684512232606145,0.6691036147800083,sample_0062
1.0650924110031847,12.0,0.6435505046780196,1.0082352433120674,0.42426806847850534,1.4256119877941416,1.1756531850874743,1.666165622159464,1.9859680063560203,1.3484577018875112,0.6935691925199795,1.5145282924868018,1.1373486155222312,1.228613091418243,42.0,0.8408021308210882,1.124586914707834,0.9735362304512969,0.9058687388755758,1.343726905991756,1.0150483722882224,1.0250723112527604,1.0005975364212245,1.2535621932757528,1.4492201121257917,1.0828047570998103,1.3712927641170332,1.1789527066343952,0.8935330596480204,1.0363215687106995,1.9786482951473618,1.113687522904279,1.1376233817253119,0.87112032046551,0.6624874397533242,S1_Rural_Overhead_AC_500MW,Overhead,AC,460,Standard Aluminum Conductor,100,0.7057646703184471,LCC Converter,0,False,0,,,56.86743077611156,0.0252240639246326,42.0,sample_62_1763055391172890,2025-11-13T11:36:32.929650,85312478.74151638,87321065.62860222,39006616.71883919,12312619.00645036,72999859.73506603,0.0,170624.95748303278,7166248.214287377,1273646.3221460113,600000000.0,25200000000.0,4478757413.689607,3169489.1382608837,3213335.297323644,927377.192014256,1023906.1806078476,44639.98187074096,2100942.975782295,37435191.18611588,38479041.14977057,17695755.345649954,3723069.973994675,33712121.21212121,150240000.0,0,105522326.2574243,202588002.6984863,10510060857.392746,4530817038.143974,0.0405176005396972,75726827.55187984,3180526757.178953,1421435495.2258277,4.649823493596301,18426912.20514379,773930312.6160394,137549449.41699213,95884942.86538877,450000.0,18900000.0,3359068.0602672063,3023161.2542404844,214715454.36678275,148128113.32828364,5689597.727105109,3925145.3948596306,285820.27912813117,12004451.723381508,2133532.8235465833,2222465.865102956,93343566.33432417,16589809.116669916,1563831688.610938,698904942.627233,37234087.824069954,0.01229019423608597,2.445065600582291,0.008626872476672242,0.13626102651933292,0.01308803077157174,0.42036855958090286,sample_0063
1.04669193233182,11.0,1.887477672293366,0.9168481982669212,0.44253554031992454,1.2691578927483356,0.9470353807630902,1.730880438194746,0.9387163911923242,1.6151511421058449,0.6207175932638288,1.9751620348700127,0.8710983025204525,1.0142877228643956,44.0,0.7182700501172098,0.7167574695105363,0.8969702883185723,0.8459641351617149,0.8841877360746475,0.8570261705244953,1.1971630335907433,0.7220772251875553,1.3158430705671136,1.1784057172447835,1.0124909300920983,1.0544865938282184,0.8533006854103823,0.8006438475249367,1.0022322014625682,1.6794066131646057,1.5735431618977649,0.9135087856971422,1.0163567093002073,0.6833836705781744,S1_Rural_Overhead_AC_500MW,Overhead,AC,460,Standard Aluminum Conductor,100,0.6417937387868448,LCC Converter,0,False,0,,,43.55491512602263,0.0215481015035162,44.0,sample_63_1763055392942762,2025-11-13T11:36:34.760571,84438794.16092387,90403118.13452251,57976976.72835535,12186525.549416494,72252268.61150737,0.0,168877.58832184775,7430613.886161301,2829244.075782682,600000000.0,26400000000.0,10051934435.695614,2478353.6210663426,2603743.6055501094,1302813.179588908,956195.8255009686,34549.581687744154,1487608.21387763,36785720.372316346,39893965.46567171,25856424.105320606,3073599.1601951383,33712121.21212121,137720000.0,0,116078002.0451821,211310720.50276396,11607669182.17636,5472096713.907594,0.0422621441005527,64274249.89903579,2828066995.5575747,1379249567.709439,3.9466055409368233,8754012.792057473,385176562.8505288,146657937.72500405,88723299.58365233,450000.0,19800000.0,7538950.826771711,6785055.744094539,95672594.7229323,78448895.72745652,5799364.952532015,4755319.721015152,0.0,0.0,0.0,2808781.80481965,123586399.4120646,47056150.91036987,1098251995.334777,535618000.6276218,24960272.621244933,0.008675807759815973,1.8111785958411388,0.005373727953022208,0.1772537298692044,0.008945388384313161,0.4612477522897032,sample_0064
1.2119621850591429,3.0,1.0713111998736644,0.834843708678039,2.692200598145129,0.870667292434895,0.6016041783832985,1.2556373412542576,0.7775881199768544,1.23038821180727,0.7497074687240948,1.9494299040433274,0.7108543141660687,1.342806685213214,55.0,0.9208379485970142,0.8762776161187189,0.8366956227465097,0.9021598794241077,1.0442709989761616,1.3206578463981182,1.2794526069080594,1.3504875848593734,1.4865633297825909,0.7462567187397948,1.4057626243798047,0.8849187749527466,0.8090826101275498,1.273467062986891,0.8820039614216184,1.660618663834871,0.779545098153185,1.0327997317185118,1.1077194263929895,0.6073141367583659,S1_Rural_Overhead_AC_500MW,Overhead,AC,460,Standard Aluminum Conductor,100,0.5843905960746273,LCC Converter,0,False,0,,,35.54271570830343,0.0276251384579104,55.0,sample_64_1763055394774035,2025-11-13T11:36:36.543423,107515536.43957332,111762303.90717667,90268083.91878548,15517048.115147373,91998488.32442597,0.0,215031.07287914667,11826709.008353068,3725103.06379444,600000000.0,33000000000.0,10394134244.648586,3181094.569636972,3254867.344990159,1607296.6202857157,1019714.0455308852,14520.03272212622,2146860.4913839605,37781232.37943398,39550396.359977946,31805439.680994876,4069111.1673127697,33712121.21212121,37560000.0,0,34488589.71270838,1285525785.614299,93653712465.21635,40070193444.278275,0.2571051571228598,63555197.502288185,3495535862.62585,1599039102.53536,3.9024538600119465,3538397.573611901,194611866.54865456,61297632.31843488,37398544.82071294,450000.0,24750000.0,7795600.68348644,7016040.615137796,12459564.715344444,11182860.958932951,1832090.0399431488,1644359.8672189857,55350.747702373505,3044291.123630543,958871.8369335744,1796434.273545311,98803885.04499207,31120631.6681962,984411897.3073708,450320974.7111653,17898398.132861286,0.0013105575139360478,0.5586414520778832,0.0008424539733100939,0.10514517959684934,0.0013218483048278173,0.3341045435448002,sample_0065
0.8486406402004827,15.0,2.388592680160521,1.015745450685373,2.487911058017293,0.8674747745530133,0.6603889084593489,1.9068652382978386,0.6880592308271096,1.4432730830341525,1.0482203145575921,1.4261406972957804,0.9736563521164054,1.4584332813531844,42.0,1.2541153797337246,1.001210472321459,1.1578147638767349,0.8358434168489329,1.2428557363427486,1.3754711509123505,1.3053687682334716,1.0241109965569026,0.8704192387889953,1.4265013088674325,1.4623291632210027,1.113995947839255,1.2826461946734353,1.444737516350994,0.8496817017949906,1.276855259914186,1.3112918689024893,0.8870757161742673,1.1252625749975789,0.710654731068615,S1_Rural_Overhead_AC_500MW,Overhead,AC,460,Standard Aluminum Conductor,100,0.711021815479761,LCC Converter,0,False,0,,,48.68281760582027,0.0376234613920117,42.0,sample_65_1763055396557308,2025-11-13T11:36:38.363072,115096585.81569172,125479695.1638569,55995761.82706014,16611173.78133563,98485412.03435609,0.0,230193.17163138345,9668113.208518105,2079298.5107146276,600000000.0,25200000000.0,5419705100.664628,3043118.732290398,3202680.9338616338,1014398.9180197072,944756.3469231878,75613.40045060893,2022748.984916601,38131616.00410056,42234670.619830385,19118711.33653894,4419494.791979347,33712121.21212121,187800000.0,0,135538153.88322532,1187977530.2032576,61631073772.0929,15341377948.976051,0.2375955060406515,48867804.50743573,2052447789.3123007,538496468.310511,3.000609860798338,5054182.368664426,212275659.48390588,45653629.938566364,32631930.011632252,450000.0,18900000.0,4064778.8254984696,3658300.942948624,71247497.91213393,49118484.37968228,7824866.706072235,5394513.552592397,0.0,0.0,0.0,2474411.4062506743,103925279.06252833,22350966.865999177,1352887084.3598444,354954177.51639074,32211597.246662963,0.002265576785398826,0.6530821671804234,0.001653679327864683,0.07701540484603679,0.002302824070005484,0.17108275446234175,sample_0066
1.3929149962100733,2.0,1.998197755751687,1.0461396541092183,0.6581020784856538,1.4108794067225803,1.06422775680105,1.8733048818704008,1.8364811115272988,0.6989782022739418,1.156354723515539,1.4205598562088622,0.9992954390677864,0.875467213518245,59.0,1.024398502920028,0.7566809028642287,1.011242115323501,1.4725129907055357,1.4672023329488892,1.329227937016826,0.9487240483549282,1.1345515327331817,0.9826537137659273,1.2473880130990374,0.9241363366476023,1.2766493252060604,0.7867422928250016,1.1867038793345044,0.9761703028729357,1.1233767816644482,1.5115942859527136,0.8992814150714316,1.295669720199932,1.2355093995974946,S1_Rural_Overhead_AC_500MW,Overhead,AC,460,Standard Aluminum Conductor,100,0.7322977578764528,LCC Converter,0,False,0,,,49.96477195338932,0.0307319550876008,59.0,sample_66_1763055398378178,2025-11-13T11:36:40.205301,119716318.52301411,128686655.66201794,106702667.16934846,17277911.046223216,102438407.47679092,0.0,239432.63704602825,14126525.585715666,5954505.645682604,600000000.0,35400000000.0,14921538815.624157,4955511.607541454,5187469.576654512,3006584.859889038,1664385.8955550443,9742.837981988783,3281382.874004421,36365052.1621765,39632948.30796534,33278171.355345756,2652930.9500552877,33712121.21212121,25040000.0,0,23980683.011343226,314243742.4768997,25098949465.399944,9379962879.472748,0.0628487484953799,42993876.18786176,2536638695.083844,1031724104.2922676,2.639935436911453,18460238.625778325,1089154078.920921,459091945.333726,328658427.7637412,450000.0,26550000.0,11191154.111718124,10072038.70054631,69863702.39787422,64589721.76836401,1799188.990088259,1663368.9926235634,353385.5541235769,20849747.69329104,8788427.104559677,2729796.9879897097,161058022.29139286,67887952.85843727,2033874965.1576047,827235597.5395769,34472457.03656957,0.01776240864522629,3.288982263709701,0.012793717173807916,0.4114147213273192,0.01833528291372383,1.4889346156202445,sample_0067
0.9846783113595776,6.0,0.8217943043944889,0.9718192938042333,0.8562768179128449,1.464566738617204,1.166926080026204,1.8661796197328937,1.582518556285854,0.6504037720889139,0.7665580251891766,1.68966510993434,0.9789246037788524,1.4917859271455893,48.0,1.0220325972661546,1.1218457609158692,1.0752043919367051,1.0771369582165446,1.4640053378912183,0.7624521645407923,1.3149953725914438,0.8417953003736134,1.3049637851961535,1.4801909529444228,0.8874939684041491,1.1110180361592454,0.939014475716382,1.14648601173575,1.3451489601466473,1.2641484045594409,0.9197695394584462,0.9337868651800025,1.0611865667187965,0.5513812735490409,S1_Rural_Overhead_AC_500MW,Overhead,AC,460,Standard Aluminum Conductor,100,0.6802735056629633,LCC Converter,0,False,0,,,48.94623018894262,0.0306609779179846,48.0,sample_67_1763055400221916,2025-11-13T11:36:42.062570,102186955.37013356,105269148.05238935,66877858.27043668,14748007.17857137,87438948.19156219,0.0,204373.9107402671,9809947.715532824,2347316.751502278,600000000.0,28800000000.0,6891241870.354229,3854890.316462116,3921876.601143426,1538014.9509783403,1217491.167923549,16765.62995992062,2620633.5185786462,38232684.627713904,39595370.961802624,26026915.889596183,4520563.415592696,33712121.21212121,75120000.0,0,62406486.86941921,408872180.55338347,25032221137.367462,10012119601.320389,0.0817744361106767,48381487.73929892,2322311411.486348,982819638.7077488,2.970748750714686,16511604.17595444,792557000.4458131,189642430.07342157,125555990.58177692,450000.0,21600000.0,5168431.40276567,4651588.262489103,106221527.16807656,85988465.41940472,3069807.43697752,2485070.942550945,0.0,0.0,0.0,1975220.4362095187,94810580.93805689,22686202.95531063,1460569085.0315857,618123811.1988167,30428522.604824703,0.010376265054503576,2.062739392916489,0.006935282457843989,0.21926304482620992,0.010729516136756179,0.7205707371438095,sample_0068
0.802511737348899,14.0,2.226370581682408,0.9199110712569498,1.1759135633923508,1.249183229832048,0.9880081962626576,1.7388264825547406,1.662258633410709,0.5278687789840997,1.0406815815792378,0.6875555084926466,1.4319982377582365,1.2173624214946668,44.0,1.2253950241429261,0.9402125839269242,1.1235521528709964,1.3723031071361786,1.132892762758389,1.3248394276816904,1.2566311539139825,1.285550467223036,0.8083557838306692,1.410609484772912,1.4374340588529502,0.7631282710616614,1.483185385033677,1.1606643922889197,1.075026540674974,0.9342502926103297,1.5370929856599882,1.2706631343469443,1.0181103559573437,0.5615307033289549,S1_Rural_Overhead_AC_500MW,Overhead,AC,460,Standard Aluminum Conductor,100,0.6439377498798649,LCC Converter,0,False,0,,,71.59991188791183,0.0367618507242877,44.0,sample_68_1763055402075870,2025-11-13T11:36:43.885469,113498865.43576226,123014119.00031497,61252529.630974695,16380584.744337708,97118280.69142456,0.0,226997.73087152452,9987900.15834708,2456282.69380535,600000000.0,26400000000.0,6492442063.737323,3539213.602236614,3782005.418951823,1443701.1591677845,1551118.3604902867,67974.70076889487,1920120.5409774324,37401098.24695353,41149288.67191853,20667686.22645775,3688977.034832324,33712121.21212121,175280000.0,0,132113424.41110212,561498726.5198475,30844111686.09145,7983779034.793966,0.1122997453039695,35755627.19878254,1573247596.7464318,430844095.269921,2.195488187634275,13472037.26232008,592769639.5420835,145777369.01020584,125731362.39489935,450000.0,19800000.0,4869331.547802992,4382398.393022693,210913743.2261493,152777138.15911868,7301866.761757083,5289168.406082939,274684.3957533939,12086113.41314933,2972287.5420693397,2762307.8301164852,121541544.52512532,29890205.91539873,1813812957.5298872,496724485.2570902,41223021.762042895,0.009526972425296001,1.80709719443738,0.008228459080660515,0.16635255986375666,0.009835950150449841,0.3684532783205478,sample_0069
1.3956887782413379,17.0,2.640411661713856,0.9669913827428663,0.5292128979612065,0.8739673297378573,0.6353632318919027,0.7847755983876186,1.5162596452046007,1.1496406891707953,0.7546928905836544,1.9912196235878588,0.9683754549406194,1.2466375074103715,50.0,0.7723537625343398,1.1403988926800435,1.091557853686563,0.8676695309526573,0.9785193183469332,0.7784094797350393,0.8605539444342123,1.1299918046036785,0.777619889347213,0.8818512728044205,1.2753406211117881,1.359850993586998,1.1578735681090837,1.4191205723211961,1.0441814816820534,0.7415905204746647,1.2200846986224962,1.0426384791054688,1.2491042707110767,0.7075644229004179,S1_Rural_Overhead_AC_500MW,Overhead,AC,460,Standard Aluminum Conductor,100,0.6768939679200064,LCC Converter,0,False,0,,,48.41877274703097,0.0231706128760301,50.0,sample_69_1763055403899464,2025-11-13T11:36:45.743974,106465909.43187512,117132174.50380416,37400971.21130912,15365561.982809978,91100347.44906516,0.0,212931.81886375023,10646590.943187512,1193334.0962779445,600000000.0,30000000000.0,3362580856.104542,2917820.167531194,3102552.554493935,649284.4848241583,980729.5001373976,48496.79764077714,1888593.8697530197,37489810.62851627,41988881.57505944,13834512.003300888,3777689.4163950654,33712121.21212121,212840000.0,0,134413732.13163614,252699158.77647611,16289791910.04964,5833809449.691407,0.0505398317552952,28382152.39960637,1419107619.9803183,532634074.6027554,1.7427377231154622,3103834.610720947,155191730.53604734,17394824.737541586,10467441.464288715,450000.0,22500000.0,2521935.6420784052,2269742.0778705664,73530471.81642745,43666170.945142075,8838185.247771235,5248568.360033166,1171887.1769159562,58594358.84579781,6567608.977686652,2358122.264143683,117906113.20718414,13215627.969605744,1494541950.5896337,560946863.7891924,29890839.011792675,0.0018885317867748123,0.38386527034286394,0.0012077554549467225,0.024373842239732102,0.001994625252847587,0.07774220358585206,sample_0070
1.017082996865778,20.0,2.3122696969949628,0.977932625694867,2.191205191963496,1.318336416848151,0.7025380449250271,0.7361733938803068,1.5995153272910534,1.730498609501923,0.9242476634309249,1.869656895714456,0.7514884078365716,1.4076489905542098,43.0,1.2697342050108582,0.9573238486859292,1.1839655886443676,0.9391400978171152,0.8048072702351201,1.073448075774318,1.1010999419185896,0.7675617470175086,1.0748343252208006,1.2286503445073518,1.1986728869537637,1.246238961802486,1.2114602525879898,1.301228165976895,0.9840496656073022,0.9021421510774664,1.2898364198409191,1.039326205906116,1.039028369563224,1.8420740432434752,S1_Rural_Overhead_AC_500MW,Overhead,AC,460,Standard Aluminum Conductor,100,0.6845528379864069,LCC Converter,0,False,0,,,37.574420391828575,0.0380920261503257,43.0,sample_70_1763055405758353,2025-11-13T11:36:47.519633,89451612.0732566,97252459.1405186,38415033.6106721,12909994.355079353,76541617.71817724,0.0,178903.2241465132,7692838.638300068,1538426.843544816,600000000.0,25800000000.0,5159527507.2904825,2477274.034425502,2650361.6984926276,823709.2598119294,1061512.8984417696,78680.4910813006,1337080.644902432,37977724.21380064,41928931.44114038,16728315.56526871,4265603.001679424,33712121.21212121,250400000.0,0,170666851.16342908,1046300479.162569,55870122128.458855,11202342772.517456,0.2092600958325138,34526784.406036794,1484651729.459582,314735667.51679504,2.120034055032046,5677244.920858848,244121531.59693047,48819835.55799401,30564567.118264142,450000.0,19350000.0,3869645.630467862,3482681.0674210764,124692698.59001596,81729637.51746972,10040521.363647733,6581044.285804282,1546684.0312860268,66507413.345299155,13300264.67417865,2447055.708697172,105223395.4739784,21042752.068158776,1013328926.7947092,214818566.44244945,23565788.9952258,0.003055835491977861,0.9414373858677357,0.0019746406125703015,0.09314944588030176,0.003094387999505274,0.15018691868239928,sample_0071
0.945799554089207,18.0,1.3113204399721594,1.0442097568446107,1.3858154088585541,0.7545666462332341,0.6619188749992617,1.0544940331662334,1.6386342172963724,1.7573630010967092,1.4170900426153277,0.80660474221856,0.7024255784574083,1.3544206001321484,48.0,0.8126206280271596,0.7284026380108128,1.3169486020306234,1.050423033040662,1.3390970894847711,1.4294766666102365,0.836362377723159,1.1140711457840875,0.7439473235741444,1.3470180469700044,1.1451989873645638,1.2649519802631297,1.3448185994945616,1.4776709772179768,0.9641489502744632,0.5574742330257063,0.8358838661224692,1.1248237497708975,0.9994361574589952,1.1709213468222446,S1_Rural_Overhead_AC_500MW,Overhead,AC,460,Standard Aluminum Conductor,100,0.7309468297912275,LCC Converter,0,False,0,,,35.12127892287042,0.0243786188408147,48.0,sample_71_1763055407532921,2025-11-13T11:36:49.274597,95594508.7793944,100236576.77770856,67673369.03448649,13796560.398574771,81797948.38081962,0.0,191189.0175587888,9177072.842821864,4320901.316920236,600000000.0,28800000000.0,13560092641.592031,3702671.963373709,3808690.9159098943,2091088.165443416,1187296.3373459606,94298.67712355018,2421076.9489041977,37816426.06100651,39996102.32677256,26903142.607192356,4104304.8488852982,33712121.21212121,225360000.0,0,190957551.0826245,661726857.7299597,40512643860.51558,14238999090.05789,0.1323453715459919,21335653.84635983,1024111384.625272,376679407.8535575,1.31006444761041,4590270.838517776,220333000.24885324,103740829.70049898,87005260.66087684,450000.0,21600000.0,10170069.481194025,9153062.533074625,90643824.54333629,75948379.18984014,8690094.197987473,7281230.383528673,1476736.3821200998,70883346.3417648,33374470.247930013,1868266.202706148,89676777.72989511,42223104.646417886,1160056537.1633308,426681527.0833262,24167844.524236057,0.003920765961101299,1.1783772371402181,0.0033097296497859056,0.1298196828903958,0.003979205372636111,0.2527011142499932,sample_0072
1.3897722001487087,7.0,1.8766441251989427,1.0278891792303013,1.5080846593606245,1.1721090771643436,0.9843950111585584,1.4247452795549849,1.6703834865487106,1.4205816685921375,1.4015928618426368,1.81223873439828,0.824768690392597,1.241814797985214,56.0,1.3789209518113341,1.3587396317682856,0.7724488420371269,1.007122265359078,1.3925941382927718,1.4065244664401777,0.9961590628998982,0.9588344994003208,1.4292468924807658,1.1116204869022093,1.1894330665047712,0.8882139590210699,1.2010148041708568,0.923741992271037,1.00071271427553,0.7908167962679673,0.9828472256642145,0.9896221689134755,1.259085643234463,0.8339243439096087,S1_Rural_Overhead_AC_500MW,Overhead,AC,460,Standard Aluminum Conductor,100,0.7195224254612109,LCC Converter,0,False,0,,,41.23843451962985,0.04136762855434,56.0,sample_72_1763055409288116,2025-11-13T11:36:51.087958,113008333.67791031,120943275.44446452,55571579.43129207,16309789.349172894,96698544.32873742,0.0,226016.66735582065,12656933.371925956,1311114.372679715,600000000.0,33600000000.0,3480577927.33209,4129574.461729396,4277938.512106309,1020134.7888276372,1138353.3484210183,36082.893418149266,2955138.219890228,37475196.35753095,40613202.35113281,19587086.394313388,3763075.14540974,33712121.21212121,87640000.0,0,64391318.820323594,720110424.8446983,53706542576.24395,13130134311.83855,0.1440220849689396,30266140.426767644,1694903863.898988,457794159.2719807,1.858419471229723,12305030.368557423,689081700.6392158,71381028.49325334,45509135.545921154,450000.0,25200000.0,2610433.4454990695,2349390.100949161,89140025.409593,60914409.840646,3994489.856339525,2729660.341640236,273320.5986913504,15305953.52671562,1585522.7381505105,2055644.4861218731,115116091.22282489,11924718.041396184,1553962225.130232,419725770.61533415,27749325.44875414,0.004178592831742983,0.971286779812253,0.002702761737176347,0.11583585316872473,0.004280045259286026,0.33780572927875396,sample_0073
0.9002858510689917,9.0,0.5802658894083615,1.0523738407141596,0.5137445608509047,1.1075973516495066,0.6052019881271028,0.7404875501628854,1.9558545620833208,1.8168435704134698,1.0779328444751148,0.7018039367003175,0.9061586785300858,1.4652893807984102,51.0,1.0696335912232469,0.9058432463747277,1.3921196757088568,1.094633607429558,1.4719740409069961,1.4693141596818242,1.485501361897836,1.1124274211889011,0.8966671304325073,1.4372598803346741,1.272332591627484,1.1267468483118672,0.9982055271792882,0.960480891819661,1.0805494387442012,1.06728345411882,1.3816690658100863,1.1405937658909595,0.811749997049043,0.7735738945725307,S1_Rural_Overhead_AC_500MW,Overhead,AC,460,Standard Aluminum Conductor,100,0.7366616884999116,LCC Converter,0,False,0,,,45.30793392650429,0.0320890077366974,51.0,sample_73_1763055411101530,2025-11-13T11:36:52.874437,86277382.24204706,88106832.80423577,63449388.83803128,12451877.522382366,73825504.7196647,0.0,172554.7644840941,8800292.988688799,3424901.923895391,600000000.0,30600000000.0,11908921555.896282,4069502.7508332,4117171.480074606,2084080.4096267028,1237267.6835491671,48463.32394688722,2783771.743337146,38152392.06302548,39107386.27181445,28479127.148872543,4440270.850904274,33712121.21212121,112680000.0,0,97722104.27710146,245313027.80630696,16217108015.524998,5483618655.035099,0.0490626055612613,40847072.356035486,2083200690.1578095,752717005.3230633,2.508116117179227,4338485.721041423,221262771.7731126,86111143.53876406,74024515.6329099,450000.0,22950000.0,8931691.16692221,8038522.050229989,55324346.224125214,47538430.27019552,4311119.650233762,3704406.375610053,2885645.5484471503,147167922.97080466,57274877.45763068,2564142.3323078603,130771258.94770086,50893616.489345394,1607777046.417125,580933526.6275208,31525040.12582598,0.004981081799521255,1.0109585135252552,0.004300826092600322,0.1015952769740873,0.005137498247979069,0.26805027093034234,sample_0074
1.1020501996717382,19.0,1.2561467627272198,0.9965362802720035,1.4245726606376996,1.4023528814385235,0.5614172752470626,0.5412663414258098,0.6224171274757849,1.646980276675107,0.9786797824957384,1.2647937348374672,0.7344001283846012,1.4822533442021295,43.0,1.1619631257752856,1.158365638507405,0.9292476462432739,1.0311286004586298,1.069212786930073,0.9570135573861758,1.1914754001459344,0.8630427566674841,1.0410072279007925,0.7695301808099336,1.2919306202571956,0.8551034673307792,0.9104620255291741,1.49148099143572,1.1159896156096503,1.5077737164723197,1.335552135910942,1.088056678480855,0.8742481830653268,0.967988145584139,S1_Rural_Overhead_AC_500MW,Overhead,AC,460,Standard Aluminum Conductor,100,0.6975753961904024,LCC Converter,0,False,0,,,36.72000641923006,0.0348588937732585,43.0,sample_74_1763055412888107,2025-11-13T11:36:54.621048,68531268.78526023,71715923.08162181,19876759.919583425,9890691.4325879,58640577.35267234,0.0,137062.53757052045,5893689.11553238,584860.4400604663,600000000.0,25800000000.0,2560263878.4921703,2967079.358143789,3066581.40814845,584532.6935490028,1165487.781730512,66638.8840295575,1734952.6923837198,38203798.01273373,40307013.109295025,11230224.85634308,4491676.800612514,33712121.21212121,237880000.0,0,136444818.07540095,680233445.4545015,36322955432.2897,8864393698.874067,0.1360466890909003,57705515.676828615,2481337174.1036305,637443523.9002392,3.5432682337099517,3101806.3535050917,133377673.20071894,13235737.941594344,9887642.256698526,450000.0,19350000.0,1920197.9088691284,1728178.1179822164,34451584.69189187,19155187.749562453,9115266.043227248,5068116.140571094,0.0,0.0,0.0,2505343.246686451,107729759.6075174,10690566.36285937,1016926377.3442028,261243469.96718144,23649450.635911692,0.0012098635336747865,0.47823320120474816,0.0009272642497106548,0.03260192646058512,0.0012356319786672135,0.07442694487969567,sample_0075
1.3235421242570362,1.0,1.402895272901941,0.9958755896112735,0.5044327619325741,0.7108978178751139,0.6001262861829816,0.9179657208030458,1.2702874769038326,1.9402466757926526,0.5586293227431703,0.861663015559506,1.240115345071056,0.7459907718948364,46.0,1.3973302999858501,1.3379002027917315,0.8744573780542995,0.892890527201949,0.8217300721934365,1.1749689451783258,1.3271486416385068,1.0506857658664832,0.8259389464344137,1.1206102989700397,1.3493486405951685,0.990140047861698,0.9857043035506107,0.8658051530224842,1.436260934217576,0.9756126150938786,1.176801345793135,1.1529527729472802,0.8434469595153412,1.18214393404324,S1_Rural_Overhead_AC_500MW,Overhead,AC,460,Standard Aluminum Conductor,100,0.6971129127278914,LCC Converter,0,False,0,,,62.0057672535528,0.0419199089995755,46.0,sample_75_1763055414634602,2025-11-13T11:36:56.370738,79551275.2432107,83690957.95930289,66382455.05334225,11481140.367690016,68070134.87552069,0.0,159102.55048642142,7318717.322375385,1632781.3675824455,600000000.0,27600000000.0,6157467731.0598955,2441726.2296082615,2538446.04910188,1284239.0567706097,1009236.8686252332,4306.083158480809,1428183.2778245474,35972699.30877223,38213763.50699309,30857017.474375036,2260578.0966510195,33712121.21212121,12520000.0,0,11606210.121212143,240866643.82280415,13981317620.95249,5202879959.166252,0.0481733287645608,37338646.004872926,1717577716.2241545,684979096.6814201,2.2926896454706145,2848740.456073391,131042060.97937596,29235045.720727917,24196894.189579435,450000.0,20700000.0,4618100.798294921,4156290.718465428,7170889.089629942,6260030.190004609,1081302.8728058734,943953.886846798,646034.3895262165,29717581.91820596,6629893.177771094,2302935.989286247,105935055.50716735,23633756.73454427,1835278024.299798,731918603.3734474,39897348.35434344,0.0026188999409493367,0.3436040520052115,0.0021934195759227065,0.03841932386853457,0.002776086591326879,0.22685163878478584,sample_0076
1.2496808448041907,17.0,2.063811647027914,0.8337114469930391,0.9915551478336714,0.7451135253614476,0.6201746819066566,1.1555611916214306,1.7468492401536282,1.2023951218362212,1.1285713569391636,0.552677991868414,1.3447752604064749,0.705805504327485,50.0,0.9759945469009695,1.290893368306509,0.8129919722352685,1.4070321963334538,0.8298905323934649,1.2016490207433523,0.9167215721077351,1.1725366671259687,1.1862277874412606,1.1404097519546934,1.0253517363660862,0.8988795657212676,1.3751628915101077,1.1646811206412853,1.0721256795581011,1.2653652550013375,0.7220185802347581,1.0940575568062063,1.224823429405015,0.6288711240296687,S1_Rural_Overhead_AC_500MW,Overhead,AC,460,Standard Aluminum Conductor,100,0.5835980128951274,LCC Converter,0,False,0,,,67.23876302032374,0.029279836407029,50.0,sample_76_1763055416389724,2025-11-13T11:36:58.124931,118505874.9380959,127688109.85604466,29959845.04415938,17103215.258341394,101402659.6797545,0.0,237011.7498761918,11850587.49380959,729969.6557414503,600000000.0,30000000000.0,1847932828.9574652,3249426.203761446,3478874.068173405,601199.2330210146,1590372.7552496311,74865.64708084599,1584187.8014309686,35850925.770689346,39191681.51080602,9409770.165000653,2138804.5585681368,33712121.21212121,212840000.0,0,116521547.83733664,473467583.0905781,30521227067.16992,8662533858.24144,0.0946935166181156,48428059.03941119,2421402951.970559,728715427.5807469,2.9736083492531433,3961158.778755708,198057938.93778545,12199925.579959558,10851399.505864328,450000.0,22500000.0,1385949.6217180982,1247354.6595462894,103224564.53581648,53218742.990517706,8578715.24116256,4422866.2398459995,2145807.767640832,107290388.3820416,6608847.69742571,1723087.9631993168,86154398.15996584,5306918.02396245,1689843765.910276,508554440.0686523,33796875.31820552,0.0011345656813788341,0.3398948805841828,0.001010375191862431,0.018475784455168023,0.001184887531720636,0.05990780827866013,sample_0077
1.2043717089354211,11.0,2.1967159659215394,0.8387540189818095,0.3034933785172986,1.399184488103065,1.0602446170585278,1.509649427839779,1.8821258963437995,1.6226636331605382,1.1812857271650947,0.9427636215654587,0.9042702804777242,1.069408318100188,52.0,1.3171643725075923,0.9765649962809517,1.0644250509434312,0.7593449386900324,1.1070896573488502,1.0765317943532924,1.3003902648826546,1.4622573541190023,0.7144461801020513,0.8939058346837354,0.7780288738081954,0.8140299057883769,1.4022095906022052,1.2379863342505129,0.9253036166308535,1.7202567676604188,1.4853956415384784,1.0702071025233946,0.9566884256979935,1.9906257457559742,S1_Rural_Overhead_AC_500MW,Overhead,AC,460,Standard Aluminum Conductor,100,0.5871278132872666,LCC Converter,0,False,0,,,45.21351402388621,0.0395149311752277,52.0,sample_77_1763055418138492,2025-11-13T11:36:59.890631,101548476.41427246,109943902.73635146,58378437.93507211,14655859.485254748,86892616.92901771,0.0,203096.95282854492,10561041.547084335,2284576.5699203312,600000000.0,31200000000.0,6749219635.556947,3101602.247571854,3234020.358181812,1071411.7943843384,858289.8852466124,43398.58506969572,2199913.777255546,36952752.47909148,40611295.26963216,21795973.014670897,3240631.2669702666,33712121.21212121,137720000.0,0,106916831.10793,144918088.24201006,9820938292.119965,2285830294.3933926,0.028983617648402,65837667.01189955,3423558684.618777,865916371.0450617,4.042603404001985,17034204.87267803,885778653.3792576,191612650.00463063,155483562.8334067,450000.0,23400000.0,5061914.726667711,4555723.25400094,188872239.08822456,140294526.1106171,5938522.184664693,4411141.413459649,417164.3657835352,21692547.02074383,4692556.548001493,2696393.71636156,140212473.25080112,30330922.359433033,1191555413.0784905,301378604.6161832,22914527.174586352,0.01860242788609852,2.4207344831831916,0.015137286727702204,0.29286442682754565,0.01914826528069303,0.5312996102102421,sample_0078
0.7136129792639788,5.0,2.6163987550408287,1.0756066981163008,1.7413476205308436,1.3754966607659735,1.0120902723362115,1.7030606798745869,0.8159385152676486,1.7514522079802588,1.175105315601281,1.8355375783139516,0.8673868052858169,1.2515456226422437,41.0,1.1060653465336958,1.1357564013289507,0.7134174357824877,0.8169613364054341,0.7537051638526036,1.4593962732255699,0.7759915239287336,1.1773576733919942,0.9666342909308745,0.8718493704253045,0.9359672292194534,0.7751801403295728,0.7550525825611926,0.8642390897096025,1.064885498718403,1.091295923841821,1.0373843036360395,1.164772227798702,1.167677571543353,1.5205354750231868,S1_Rural_Overhead_AC_500MW,Overhead,AC,460,Standard Aluminum Conductor,100,0.7529246886814105,LCC Converter,0,False,0,,,43.36934026429085,0.0331819603960108,41.0,sample_78_1763055419904097,2025-11-13T11:37:01.624125,96408277.41520716,105974861.22104838,60963920.826862976,13914006.560261386,82494270.85494578,0.0,192816.55483041433,7905478.748046988,1602158.2836452755,600000000.0,24600000000.0,4985541677.334927,2155472.950125501,2327681.4008482606,961790.9122326336,923413.8741794756,26742.331103621276,1205316.7448424036,37504683.7049765,41961709.61198995,25115302.395259697,3792562.492855285,33712121.21212121,62600000.0,0,51610190.76705607,831493488.8034778,41886681639.27065,16940443947.599829,0.1662986977606955,41766077.59727417,1712409181.488241,724172646.6289792,2.564545421028279,10044141.946000382,411809819.7860157,83459147.14142136,52820666.97499891,450000.0,18450000.0,3739156.258001196,3365240.632201076,52408203.23018432,39749316.925797045,3427379.4397683726,2599516.5485438565,0.0,0.0,0.0,2125179.2605359503,87132349.68197396,17658616.29201633,1276378705.4438968,539776681.4231048,31131187.93765602,0.0037279851896923513,1.0018070706853721,0.0024021136107385717,0.11782957493677083,0.003816048321779511,0.4354236963003699,sample_0079
1.1199936830280897,10.0,2.245374647624562,0.8886659061403401,0.5574609331289384,1.0161065667069247,1.141243112747744,1.5823518737952025,1.716466520393434,1.7621235252368574,0.9763563022304715,1.170777956929172,1.0435333924333667,0.9859605013317037,44.0,0.9828402235212024,1.3131853632253874,1.2922311217580438,1.2640079310767534,1.3105788372941376,0.726065873763247,1.0580693006608417,0.8844336440578522,1.2517845723628325,1.0763144594414984,1.1352066207891915,0.7323475085447814,0.7994708571877898,1.1728689251538829,0.906599751377747,1.8867360638775434,0.863602967784778,0.9114991299976388,0.9311403925369233,0.9746377251320206,S1_Rural_Overhead_AC_500MW,Overhead,AC,460,Standard Aluminum Conductor,100,0.6220661342982381,LCC Converter,0,False,0,,,52.17666962166834,0.029485206705636,44.0,sample_79_1763055421637841,2025-11-13T11:37:03.377166,77598507.2710986,84161845.80244233,37687745.31460932,11199309.521800945,66399197.749297656,0.0,155197.0145421972,6828668.639856677,1065243.159714345,600000000.0,26400000000.0,4118287311.865956,3677512.021236057,3903203.422535239,1170946.875472661,1428711.9948231182,26609.214173614273,2222190.812239324,36699880.30706577,40422496.84688723,18522252.609202877,2987759.0949445567,33712121.21212121,125200000.0,0,90505804.02804236,266187595.5690681,14622152356.554388,5442147361.603089,0.0532375191138136,72209162.63672134,3177203156.015739,1238023709.803722,4.433829750112228,12122696.976006132,533398666.9442699,83207915.23646975,63724316.636291794,450000.0,19800000.0,3088715.4838994667,2779843.9355095206,121661239.93665284,82655806.82680625,5510418.591431052,3743740.363531739,15161.604133122904,667110.5818574078,104066.40321495748,1903608.0573255925,83758754.52232605,13066008.18208298,1259888840.4867468,490926195.0361669,28633837.2837897,0.007479401312836884,1.5039248834648804,0.0057639713362811285,0.11670415368536823,0.007811784826579544,0.3472399418860077,sample_0080
1.332462121265464,4.0,1.694372129411032,0.9701588799354958,0.8391081138282092,0.8035685801125539,0.6684678039199907,1.1705628855093162,0.8097556231157457,1.6262295471990722,0.5254842489293449,0.9767570160426478,1.4532958714772297,1.0433073539944355,52.0,0.9050604564561251,1.2200922466653468,0.7638451565730193,0.7843962377296012,1.1367556441647844,1.359488306419451,0.7195017344912894,1.314562217887048,0.9908401124883577,1.1069722287161563,1.3831043654099484,1.3104662949121808,1.3726937837492308,1.0253641402297815,1.3564090714232324,1.7021016764034498,0.6379107797855761,0.9244111840842718,0.8188675246362366,0.7861480230840934,S1_Rural_Overhead_AC_500MW,Overhead,AC,460,Standard Aluminum Conductor,100,0.679111215954847,LCC Converter,0,False,0,,,72.66479357386149,0.0271518136936837,52.0,sample_80_1763055423390832,2025-11-13T11:37:05.135054,79157739.88175048,84159316.35018267,53081972.12082444,11424343.858636444,67733396.02311404,0.0,158315.47976350097,8232404.94770205,1414268.711917136,600000000.0,31200000000.0,5359938449.593825,3144461.0299079865,3248128.920816535,1105871.629751751,886605.4444640643,19929.27463980223,2237926.3108041203,36873658.64846799,39656455.93245246,25820140.45288321,3161537.4363467745,33712121.21212121,50080000.0,0,42120473.67012927,400674124.3529699,27153241519.08739,11700438058.107656,0.0801348248705939,65142835.35931285,3387427438.684268,1548292802.8935766,3.999938939548107,3248816.1265590987,168938438.58107314,29022424.12067432,23352852.84418752,450000.0,23400000.0,4019953.8371953657,3617958.453475831,15614209.987410342,12340493.876608076,2562467.4582349644,2025213.8278435336,0.0,0.0,0.0,1615850.5176266094,84024226.91658369,14434765.530371577,2343396814.7795143,1071097311.5504258,45065323.361144505,0.0016661050314108455,0.4129885071700256,0.001359956733790915,0.027007752032707086,0.0017612257301958432,0.2168943411772864,sample_0081
0.991670800210725,13.0,1.791155799451888,0.8834041420492691,0.6919231175685471,0.7713472932171836,0.8842328468736199,1.006344850634258,1.1690809593806075,1.9991712352657882,1.4931834525250038,1.5556338003182306,1.122150652201717,0.7265601427583529,59.0,0.8736964266415581,0.851007419730331,0.9599409718489922,1.4641743888648506,1.0815378331671726,0.877899175960103,1.2208556123508294,0.779855855169017,1.364117705242163,0.9427179800855777,1.4686958009892896,0.9414261000758304,1.1820800174951274,1.4284999564260055,0.9273697224076078,0.7588902298021952,1.091829282352809,0.8392286684369721,1.1386226490833788,1.4365807765783296,S1_Rural_Overhead_AC_500MW,Overhead,AC,460,Standard Aluminum Conductor,100,0.6183828994344883,LCC Converter,0,False,0,,,56.107532610085855,0.0262108927992467,59.0,sample_81_1763055425150019,2025-11-13T11:37:06.906296,95006463.96648511,101363566.0321676,54611632.40990001,13711691.551169597,81294772.41531552,0.0,190012.92793297023,11210762.748045243,2545588.0131168,600000000.0,35400000000.0,8038152058.837154,4107424.597668578,4312679.392833636,1619974.6909318203,1654960.7486260282,41825.777043272516,2410638.0719992775,35913818.61441925,38798233.971935034,21216028.10467045,2201697.4022980393,33712121.21212121,162760000.0,0,126441947.95620722,330393288.6389813,26388829225.02961,8467439966.287483,0.0660786577277962,29044246.874989618,1713610565.6243875,591529870.218746,1.783392040035159,5514714.761393267,325368170.92220277,73880193.02198823,50894087.93418023,450000.0,26550000.0,6028614.044127863,5425752.639715079,48322120.97219545,36357315.50052274,6656020.10975335,5007955.326451223,0.0,0.0,0.0,2194596.6083998317,129481199.8955901,29400835.410210237,1801814244.5761116,621977342.8299539,30539224.484340873,0.004440290769589707,1.031778528215655,0.0031295232331289757,0.08886866887984193,0.00459924719205297,0.2882699813368678,sample_0082
0.8758326090650732,5.0,1.306079416005146,0.9786282887401705,0.3188861915444238,0.9885681569711676,0.5969896708312704,1.142808808214562,1.6337732186753318,1.7789528635927028,1.2480405935681032,1.2438372349239817,1.214495443062492,1.300619980224051,41.0,1.1914461169709014,0.8693269240097965,1.125098228745381,1.1471444349441606,0.7486452367699791,1.4708278804245878,1.3169043514775338,0.7975155171168612,0.9433392274049421,0.8214456070139963,1.0908948606103783,1.221265911563806,0.7791527404405085,1.12638866608992,1.1522270613185968,1.3243807155943534,0.8386318617548152,1.2107384437979776,0.9551154813646573,1.4448188883447735,S1_Rural_Overhead_AC_500MW,Overhead,AC,460,Standard Aluminum Conductor,100,0.6850398021181193,LCC Converter,0,False,0,,,60.7247721531246,0.035743383509127,41.0,sample_82_1763055426919980,2025-11-13T11:37:08.649726,74368456.33483036,77965010.41816022,60012794.04127835,10733136.376484215,63635319.95834614,0.0,148736.91266966073,6098213.41945609,2607420.6123477817,600000000.0,24600000000.0,10518252257.146544,2484830.695935672,2600127.988029578,1626675.824230955,1296620.8310126422,26951.806645234792,1161258.0582777949,37653393.87946682,39816201.950660095,30665074.448559217,3941272.6673456095,33712121.21212121,62600000.0,0,56588617.27926814,152268156.46246237,7670544483.420778,3050939663.734302,0.0304536312924924,50686698.74722709,2078154648.6363103,867098811.6918415,3.1122946816467305,5558201.379527734,227886256.5606371,97437607.00982109,73198302.27367999,450000.0,18450000.0,7888689.192859909,7099820.273573919,41901918.27235257,37036277.07082689,2837735.7372023156,2508218.510037951,2533042.087062378,103854725.5695575,44405292.74948509,1871769.8971373893,76742565.78263296,32812913.24237383,1563053350.496867,652175574.9583665,38123252.45114309,0.0068586410652360695,1.1410737898700374,0.005228855666814337,0.11443051888012697,0.0071628351383905145,0.3926228543809337,sample_0083
1.001883263718162,8.0,2.2748311572649653,1.0737504518240613,1.8481035611265668,1.4300885489447162,0.8470260027652579,0.537993468323089,1.5323548030325556,0.874995050030368,0.9061271021312376,1.014532168071956,0.8825342042686326,1.3311224670122632,51.0,0.9001490789615924,1.0919434648404622,1.2694701438970362,1.219711178343496,0.8729950433387688,1.3396092084626396,1.2893832626026844,0.8743529060262133,1.2130392267954564,0.7027021381292838,1.1210974966152676,0.9774013309532206,1.1021226316091892,0.7036718093238346,1.384213110492526,1.023080240932614,0.6502291889050684,0.9880846204525996,1.2116715516482064,0.6381043746945423,S1_Rural_Overhead_AC_500MW,Overhead,AC,460,Standard Aluminum Conductor,100,0.7516253162768428,LCC Converter,0,False,0,,,44.12671021343163,0.0270044723688477,51.0,sample_83_1763055428663425,2025-11-13T11:37:10.397479,98616060.92330822,107071066.31541024,62887660.25402364,14232642.211047413,84383418.71226081,0.0,197232.12184661644,10058838.21417744,2337983.0763367885,600000000.0,30600000000.0,7112380238.412659,3123152.0609431705,3344019.647629924,1408916.8542666002,1378643.2409761332,39275.71822338706,1705233.1017436504,37745825.65761292,41609658.74286674,24781609.61284569,4033704.445491707,33712121.21212121,100160000.0,0,81755575.64741506,882469450.4379358,58338126295.73296,22623320888.556297,0.1764938900875871,39155326.98097301,1996921676.0296235,819374504.8766729,2.4042385661916432,4823399.886601281,245993394.21666536,57176423.39237471,45574959.235001504,450000.0,22950000.0,5334285.178809496,4800856.660928545,43609033.42912903,33871989.76815581,4623674.020769235,3591298.1051804833,481145.0866589165,24538399.41960474,5703478.010270376,1631556.4892539622,83209380.95195207,19340416.88670636,1611433624.507054,661201510.3403082,31596737.735432427,0.001987498279320436,0.7017510220193115,0.0016016751321657164,0.06969792837924119,0.0020301778720378558,0.26523673136406006,sample_0084
0.7824861918909267,6.0,2.841186657913509,1.063077135637075,0.3200578990657407,1.12745494165606,0.8986519035709319,0.8323330628458449,0.8566324314263738,0.8177187634630616,0.8094833827396465,1.9337794046245722,0.780388285890684,0.7505747440191126,46.0,0.835334756581466,1.1829825396757507,0.95395756007342,0.9435356151976183,1.2705066911077725,1.4210938933763844,0.8875093330571705,0.7010982764050291,1.3550261741252771,1.2528072472107024,1.239748548191963,1.2567796342077495,1.2024983052171063,1.214981580754296,1.0075551112381587,1.4626410424630307,0.8622613863237685,0.8415235229842708,1.1879256214454017,0.7049440662345656,S1_Rural_Overhead_AC_500MW,Overhead,AC,460,Standard Aluminum Conductor,100,0.7441539949459525,LCC Converter,0,False,0,,,39.0194142945342,0.0250600426974439,46.0,sample_84_1763055430411306,2025-11-13T11:37:12.146165,97188697.0179438,107704640.25801057,58527691.026711255,14026639.663594082,83162057.35434973,0.0,194377.39403588764,8941360.125650832,1647394.2433632438,600000000.0,27600000000.0,5085141463.7005205,3372895.5673189797,3590594.612720534,1234014.4061764188,1066481.165056702,31248.562811807256,2275165.83945047,35986590.133391246,40688862.056418255,23180508.264443457,2274468.9212700385,33712121.21212121,75120000.0,0,60764005.45229523,152827646.8038912,8871016083.073149,4026218525.654057,0.0305655293607782,55978197.97714511,2574997106.948675,1219914880.6565397,3.4372064497881216,3634374.494638032,167181226.75334945,30802180.728832472,18889256.18664445,450000.0,20700000.0,3813856.097775389,3432470.4879978513,25586089.444959287,18996964.72523005,3978533.996061079,2953951.604987877,0.0,0.0,0.0,1901897.5409628048,87487286.88428901,16119030.075433362,1267022432.5774016,600256798.5244868,27543965.92559569,0.0031143658355334315,0.41735125316195554,0.0020082606016927317,0.044171117036386084,0.0032921568847347504,0.1887218679247566,sample_0085
0.8516978728591084,17.0,2.1182093671442885,1.017831355118195,2.270784481245957,1.3442179271487245,0.5739097201170029,0.8960082459362007,1.700211532959923,0.9156235275817458,1.2028214071101742,0.8011165566182537,1.323605474897854,1.1322309837158344,56.0,1.0795484441278675,0.7649669405062202,0.737305778794249,0.9313388080222376,1.0948959464979164,0.8952073008206074,0.8840805501126647,0.8143979692770096,1.2424208566839847,1.136647598735918,0.7625521554512735,0.8484787869718308,0.8832440918660176,1.0691364125279343,1.483511151568348,0.6626543328151394,1.2811639591165198,1.1864530298780287,1.1084490095485386,0.7424713765027293,S1_Rural_Overhead_AC_500MW,Overhead,AC,460,Standard Aluminum Conductor,100,0.7124819485827365,LCC Converter,0,False,0,,,66.1802737448927,0.032386453323836,56.0,sample_85_1763055432160224,2025-11-13T11:37:13.927265,88609971.56915627,95663760.5021236,44123948.43270535,12788525.62013869,75821445.94901758,0.0,177219.94313831255,9924316.815745505,1985598.5577957183,600000000.0,33600000000.0,6722489092.255419,3441577.332883686,3597753.4838616727,1088639.73680478,1052695.0769463473,55773.58504064098,2333108.6708966973,37143124.19307829,40679355.73734666,18867131.16607939,3431002.980957074,33712121.21212121,212840000.0,0,154423460.5713042,1084299589.7949448,80868128103.11003,18619146819.011597,0.2168599179589889,25361106.62550102,1420221971.028057,354311003.33390987,1.5572376821155778,5032812.236022555,281837485.2172631,56388375.600052014,47353643.34124994,450000.0,25200000.0,5041866.819191562,4537680.137272407,140940030.59323874,98703526.53934497,8603194.21521493,6025013.652759505,3277213.4808408483,183523954.92708752,36718386.46324168,2435998.3212735625,136415905.9913195,27293286.905856725,2459317135.398544,613540094.1083736,43916377.41783114,0.0023008687915011343,0.958653425080243,0.0019435887282779236,0.06126060652314362,0.002354986703526025,0.15782545410994672,sample_0086
1.2277544347322698,11.0,2.477416658823145,0.9522838690590072,2.030194226541814,1.3090303855065415,0.5203508266459834,1.1795024517856727,0.6969687469027492,1.199668235981147,0.5325290218277016,1.0646964640769905,1.034536299762649,0.803572431666819,56.0,1.1531546480279857,1.0387489449848655,0.8066110651476788,1.3252027879128148,0.9011653046397696,1.0454056341809221,0.9355863629562006,1.1367731010031372,1.497388684694435,1.3557384537944241,0.764455410290125,1.3784157440347968,0.7420137206741501,1.2100115333315724,1.2864413842781945,1.2511279108277562,0.8313667159258566,1.0781487494693394,1.2048674907281796,1.2662458183328176,S1_Rural_Overhead_AC_500MW,Overhead,AC,460,Standard Aluminum Conductor,100,0.666598708341305,LCC Converter,0,False,0,,,51.72681498813245,0.0345946394408395,56.0,sample_86_1763055433941173,2025-11-13T11:37:15.669245,116116990.03677791,126999407.81375158,56575665.60314062,16758442.370786363,99358547.66599156,0.0,232233.98007355587,13005102.884119129,1817623.9357048995,600000000.0,33600000000.0,4696015462.842777,3472182.061782953,3735392.1099015055,1138811.3594434806,1497880.7269438785,42143.78579928024,1932157.549039794,36147189.186869144,40226000.12774988,18419902.039882112,2435067.9747479367,33712121.21212121,137720000.0,0,100013444.98547108,969417743.173716,72300127177.23651,18444888610.92724,0.1938835486347432,47883167.40319989,2681457374.5791936,744894822.8653477,2.9401505904452274,4190084.6124205394,234644738.2955502,32794503.550910737,25811265.15654773,450000.0,25200000.0,3522011.597132083,3169810.4374188753,52212084.88662293,35623237.56313214,6064837.496470415,4137914.5726071233,164376.1279378272,9205063.164518325,1286521.3975304326,1862506.836205467,104300382.82750615,14577268.170785423,1750238994.7271066,486207231.30229485,31254267.762984045,0.001475945324963665,0.4770054688022926,0.001177824547894122,0.05045378602546806,0.0015056979559895615,0.15547093014368063,sample_0087
1.1426498162181578,4.0,2.101982724824748,0.8063018097552823,0.5447441409898892,0.986109481282609,0.633120988736132,1.2345422008281473,0.6383691867899821,1.178826638672692,0.8186891662186644,0.5012883367257303,1.0107353531161989,1.3731447183836794,48.0,1.01233699171013,1.0097104881524785,0.8426607459637686,1.3490602214342575,0.8989920302048073,1.0312269173820385,1.1824947801801202,0.8299896237655403,0.766053058255847,1.276039027834218,1.2501170704469526,1.4610192375029638,0.9053200400925481,0.9421751733277604,1.372971889885405,1.9681014033675917,0.8735857320544032,1.162058792968097,1.1792543598786598,1.9612524251123085,S1_Rural_Overhead_AC_500MW,Overhead,AC,460,Standard Aluminum Conductor,100,0.5644112668286976,LCC Converter,0,False,0,,,50.536767655809946,0.0303701097513038,48.0,sample_87_1763055435683043,2025-11-13T11:37:17.421119,102232460.4797436,110305924.25553048,76226909.34950294,14754574.647782682,87477885.83196092,0.0,204464.9209594872,9814316.206055386,2520316.0795458583,600000000.0,28800000000.0,7395839054.598225,3191395.8408552404,3415758.9766350025,1706064.193309863,1524846.8563484182,15117.161622810148,1651431.822884012,37873165.813283876,41438580.816474654,29003658.732651178,4161044.601162665,33712121.21212121,50080000.0,0,43972812.3789008,260115327.32267213,15924938659.185007,6558895385.861656,0.0520230654645344,75323176.90968448,3615512491.664855,1574822619.2314944,4.625038297913841,3462924.4345356715,166220372.85771224,42685386.29343564,38405849.03392933,450000.0,21600000.0,5546879.290948667,4992191.3618538035,17071688.00893402,14211039.459329756,2745892.226171137,2285771.785236686,0.0,0.0,0.0,1916336.081769364,91984131.92492948,23621522.058809347,1164912725.8518367,507405496.26958615,24269015.12191326,0.0029717035171896774,0.4510359505257296,0.002673855513953766,0.068809499304039,0.003067604338507286,0.24920041617714359,sample_0088
0.7140573899110721,15.0,2.652978950934262,1.0880813353849388,1.9332692319239855,0.8976358455635566,0.7097723956841964,1.0667577591470618,0.921085809224721,1.3269269689037377,0.5983482173194915,0.5769132645003716,1.1049288967765882,1.2594251447724527,42.0,0.8806051815385298,1.128302230827928,1.2827628897008663,0.9323125084476145,0.8323362084258847,0.9414772487487202,0.8429074637958693,1.4195148187859288,1.2793823279588525,1.0348041113006163,1.2706233143736194,0.8787626301270405,0.9751579637024121,0.8794038417224218,1.1830157550119507,0.6104659637319723,0.9422083676453852,1.1539817355359723,1.1006519869846574,1.748663501655947,S1_Rural_Overhead_AC_500MW,Overhead,AC,460,Standard Aluminum Conductor,100,0.7616569347694571,LCC Converter,0,False,0,,,55.24644483882941,0.0264181554461558,42.0,sample_88_1763055437435199,2025-11-13T11:37:19.163980,108584002.20053764,119516768.50030586,47469708.04646918,15671253.12747681,92912749.07306084,0.0,217168.00440107528,9121056.18484516,1605891.0088071057,600000000.0,25200000000.0,4436816592.488302,2468247.6609229865,2667776.1996729923,804044.7854887259,1053795.6534877582,51755.57202894101,1362696.435406287,37528561.04476501,42054330.44970004,17144754.16752033,3816439.8326437967,33712121.21212121,187800000.0,0,130074234.70991632,923136058.243703,47891365838.84918,17457644821.517483,0.1846272116487406,23363753.363950044,981277641.2859018,371440319.5414367,1.434595014770135,3721435.709338925,156300299.79223484,27518879.505122356,24343678.18298385,450000.0,18900000.0,3327612.4443662246,2994851.199929604,56051416.586769015,36670553.93984463,7943840.5279204175,5197103.843355715,12202.588295426707,512508.7084079218,90234.4103674213,2003829.942147866,84160857.57021037,14817709.89307754,1693294300.2380724,640958021.9660485,40316530.95804934,0.0013318443172994148,0.47152546525915984,0.0011803826853821551,0.03447181493076884,0.0013697512796236684,0.12150304253285166,sample_0089
0.9771487780799568,17.0,1.0945057150340296,1.0712190810089695,1.2529048145873403,1.3471565989941734,0.9451877270155811,1.9527319291077267,1.7872659326987974,1.8204045643601572,1.0070839228190867,1.0904197083434908,0.9590659669729706,1.4360944501215032,45.0,1.0405558951726561,0.7838050219249868,1.0560893556691977,0.971312834423272,1.251546825089704,0.8334581232679769,1.1714788810975716,1.2094416552738259,1.436637763092477,1.3062908115409995,1.0155306161064284,1.405782735136909,1.1489428612318446,1.4568354876845833,1.4121661188465706,1.118491033300197,0.7858160449590215,1.1288147286696764,0.8172392521365565,0.5127435054082835,S1_Rural_Overhead_AC_500MW,Overhead,AC,460,Standard Aluminum Conductor,100,0.7498533567062786,LCC Converter,0,False,0,,,47.95329834864853,0.0312166768551796,45.0,sample_89_1763055439178161,2025-11-13T11:37:20.947941,85838256.55251378,89303660.34883916,50221384.97283221,12388501.245067185,73449755.3074466,0.0,171676.51310502755,7725443.089726239,2459631.4980642996,600000000.0,27000000000.0,8596277220.144463,3264978.5954915453,3346191.092146079,1389876.166738165,1097877.8401208497,51926.46158413621,2115174.2937865597,38063922.57612576,39883803.07621271,22324545.22003938,4351801.364004555,33712121.21212121,212840000.0,0,164748187.30483323,598262048.9654549,33790483491.590614,9823822535.418934,0.119652409793091,42806888.82646514,1926309997.190931,589100354.0947472,2.628453928255462,18562377.264968023,835306976.923561,265945568.05762008,207947110.3062932,450000.0,20250000.0,6447207.915108347,5802487.123597509,306266229.8657709,233563590.50830537,8142527.571765313,6209623.490999618,940691.537081412,42331119.16866354,13477408.7189927,1804429.7307227529,81199337.88252386,25852296.982605673,1539951612.1069098,470944988.7629079,34221146.935709104,0.013619372101855308,3.684179417045397,0.010687270591606714,0.27481346110389676,0.01394779794795992,0.52358401735132,sample_0090
0.9738576254523881,10.0,2.8777222641049836,0.8597293893048048,2.0711511840995604,1.0569008535068165,0.8095577866849156,0.6783437446984433,0.7127291049414887,1.7740479024766682,1.032689974879471,0.7472913071416838,1.1263229935875454,1.4101629413120298,44.0,0.7946708102161164,0.7865640876026484,0.9377705946207062,0.9052187796603316,1.3514096829932964,1.0046372758053828,1.0764185113574247,1.4278484861909333,1.4232615811867817,1.421662563379209,1.4778577663128474,1.3555386028764178,1.4386772913197265,1.4064968970951497,1.4977946452943787,0.6768025278225474,0.8908830651857937,1.0754804714667971,0.8519026091915447,1.5340810396507194,S1_Rural_Overhead_AC_500MW,Overhead,AC,460,Standard Aluminum Conductor,100,0.6018105725133633,LCC Converter,0,False,0,,,56.31614967937727,0.0238401243064834,44.0,sample_90_1763055440962138,2025-11-13T11:37:22.696322,98598584.76508732,109411532.15695272,65690658.280838095,14230119.98591641,84368464.77917092,0.0,197197.16953017464,8676675.459327685,2918355.3699585204,600000000.0,26400000000.0,8879504843.53771,3382745.0654946803,3594562.8606513925,1586944.026969235,1023171.529737284,36818.433980576665,2322755.1017768197,37985342.24640009,42971562.53815826,26224582.878562327,4273221.034278879,33712121.21212121,125200000.0,0,104735364.44700548,988974690.40754,54326117522.49386,23769719481.395573,0.197794938081508,25902586.344824538,1139713799.1722796,517691573.8386367,1.5904859403829863,3570107.037021023,157084709.62892503,52834637.87862708,44938064.75809174,450000.0,19800000.0,6659628.632653283,5993665.769387954,23689185.14665699,18915532.408004787,5794975.018847243,4627218.584935243,0.0,0.0,0.0,1938390.1815118869,85289167.98652303,28686575.009001236,1299136191.8419523,590105919.8141125,29525822.541862555,0.0017492959265242103,0.636287444969288,0.0014975336947074772,0.07053336179459185,0.001780183436416481,0.23479768838635479,sample_0091
0.8609980758940523,3.0,1.5387178446723055,1.0348762126688829,1.5482251767542952,0.9391153351667754,0.894169455467931,0.6097154339893578,1.2254198687258377,1.9184394862532315,0.616725897675088,0.970178164958348,0.9209531432471276,0.9834268685256101,45.0,1.2233884901627545,0.8887755543332995,1.2992266931498526,0.7984622969027976,1.4130556421194211,0.7293690904644023,1.492874707899579,1.452771302573275,1.297374439889218,1.356858635855542,1.3905595158063242,0.876354651731049,0.8190275245589899,1.321321697009294,0.8186473755265045,0.5403149249956187,1.5491422310426834,1.0141808113782453,1.1330437051870295,1.5597115366416678,S1_Rural_Overhead_AC_500MW,Overhead,AC,460,Standard Aluminum Conductor,100,0.724413348868218,LCC Converter,0,False,0,,,46.04765716235638,0.0367016547048826,45.0,sample_91_1763055442712079,2025-11-13T11:37:24.459696,131988149.80447212,139540194.2526988,114978958.19238976,19049028.065784167,112939121.73868796,0.0,263976.2996089442,11878933.48240249,5546570.813358434,600000000.0,27000000000.0,12606974538.794165,3321669.78882372,3416983.9530269075,1983732.260140068,902504.35377195,8019.081618251347,2411146.3534335187,36692202.63189579,39199501.21095286,32442037.87821376,2980081.419774577,33712121.21212121,37560000.0,0,35351660.56501321,739277521.9001758,41755188955.52464,16242850119.658598,0.1478555043800351,20678932.80943232,930551976.4244545,383916125.4523832,1.269740073739704,3622853.36402512,163028401.3811304,76122033.53008246,61351646.56945982,450000.0,20250000.0,9455230.904095624,8509707.81368606,11464806.375245787,10518369.088898525,2042423.0301025377,1873817.8878162191,0.0,0.0,0.0,2777670.6179794213,124995177.80907395,58363371.26337202,1407816188.866703,580820147.9036067,31284804.19703785,0.0028454032202773734,0.5727881934548421,0.0023228567079009283,0.10165035402992384,0.0029014357262908317,0.3278087422944369,sample_0092
1.0451453951243361,14.0,0.5427993794104821,1.0838567011607476,0.3885917053430055,0.7261465880862804,1.1976040031871715,1.047232843150565,1.2915003891493118,0.9917606125955747,1.1320398215089926,1.4822249487703005,1.4864157351823035,1.2062551900834062,52.0,1.3072231485884203,1.3698469421097412,1.2181944126695015,1.0982682863543793,1.0575246969383676,1.23222212239178,0.9533236900139068,0.9051664770244102,1.3690413671314645,1.057079057458179,0.8590621269577325,1.2154632778477084,1.3698916031823987,1.250426097935081,1.392942836867848,0.5712604919892591,0.6921506602695413,0.826645011085547,1.274532352299112,1.7633469972292952,S1_Rural_Overhead_AC_500MW,Overhead,AC,460,Standard Aluminum Conductor,100,0.7586996908125233,LCC Converter,0,False,0,,,74.32078675911518,0.0392166944576526,52.0,sample_92_1763055444473568,2025-11-13T11:37:26.220868,111155848.89022803,113359146.44206634,38572949.524986245,16042431.751053112,95113417.13917494,0.0,222311.6977804561,11560208.284583718,1137961.451184277,600000000.0,31200000000.0,3071259306.313437,3341892.273914948,3386573.5838793293,723828.687299145,1241375.972152071,63222.70329542018,2037293.5984674569,37367439.969949715,38244421.42749852,13407624.327466495,3655318.757828504,33712121.21212121,175280000.0,0,109187494.87115408,185552539.30128512,12574690023.379856,2805893303.021576,0.037110507860257,21863281.549412925,1136890640.569472,275523478.4523319,1.342462156174759,4613503.799120285,239902197.5542548,23615444.129600946,16614764.03656382,450000.0,23400000.0,2303444.479735078,2073100.03176157,51417695.76580797,31500204.151872143,6544259.720734717,4009232.89454564,0.0,0.0,0.0,1685006.3652436652,87620330.9926706,8625152.467419976,2804615424.1073103,679693692.424138,53934912.00206366,0.003681903911210478,0.4917784352035279,0.0026547017830291014,0.029225518058563098,0.00407539913335189,0.12511262821651084,sample_0093
1.0330267604178243,7.0,2.510333946686716,1.0853044479695875,2.733114992292641,0.7005124429074499,0.7527532560894522,0.7640258115675931,1.0517595303485923,1.3125824417949816,0.5485354997938126,1.469439384182638,1.3146178552644128,1.1770668485094071,45.0,1.0146907252666921,1.3861070806821698,1.0703353157222975,0.7710527884704106,1.2298077850498772,1.1216046654795249,0.7064987575697735,1.1988822402695112,1.3765335335844588,1.3716937742015147,0.8025167507927355,1.2324119013552264,1.1325282484440247,0.9776548709095689,1.2267398039709145,1.2301432048795724,0.7248232899788519,1.0312151326776895,1.152518374141093,0.5848134485379853,S1_Rural_Overhead_AC_500MW,Overhead,AC,460,Standard Aluminum Conductor,100,0.7597131135787112,LCC Converter,0,False,0,,,65.73089276322064,0.0304407217580007,45.0,sample_93_1763055446235084,2025-11-13T11:37:27.994825,112647195.6843525,123351163.86701377,58630583.902738355,16257668.550562603,96389527.1337899,0.0,225294.39136870505,10138247.611591728,1412894.8979942438,600000000.0,27000000000.0,3762796462.2039094,3042571.8614563565,3197932.2675762186,884356.2782266624,871523.3033317064,28773.578112171403,2142274.980012479,37278990.45002851,41522874.43781426,20573222.523038626,3566869.237907294,33712121.21212121,87640000.0,0,66010530.39250332,1305062408.819736,73711327430.80806,28519144805.04509,0.2610124817639472,47080040.737151,2118601833.171795,861220455.9162697,2.8908365314669955,2403584.185090664,108161288.32907988,15073663.447114028,10643696.500493314,450000.0,20250000.0,2822097.346652932,2539887.6119876397,19272524.59476876,13332196.578650177,4279650.276009022,2960543.0511742127,42047.688628716525,1892145.9882922436,263694.82335997676,1726663.9681230362,77699878.56553663,10828475.117780538,2150659316.9821486,874251956.4041886,47792429.266269974,0.000523385541984648,0.22345075963232633,0.00038557161081490996,0.01705741520759519,0.0005371189603910377,0.10232200783248133,sample_0094
0.7937906639593861,6.0,0.6224270959291416,1.0804346834529952,1.1228230968392465,0.8411218216021827,1.1797090618322363,0.8796411145346961,1.3376145856687631,0.7183065218328962,1.0192397353068121,1.9240561055106817,0.7406309032167131,0.8227958874849326,44.0,1.1830940771552603,0.7966122208252248,1.1721694590541523,0.8101068629916197,1.482122349625721,0.8524805037115049,0.8133774169297394,1.2185777104332942,1.261803127993431,1.171719313083245,0.97022762615753,1.1372437067488366,0.995264973197111,0.8517487203614771,1.0248247275804727,1.586806345435513,1.157905077899317,0.9976315751450072,1.2465163800391843,1.892833130417703,S1_Rural_Overhead_AC_500MW,Overhead,AC,460,Standard Aluminum Conductor,100,0.7563042784170966,LCC Converter,0,False,0,,,37.031545160835655,0.0354928223146578,44.0,sample_94_1763055448008790,2025-11-13T11:37:29.751980,117559977.9037641,120235921.26748662,95532671.54517835,16966699.82736505,100593278.07639904,0.0,235119.9558075282,10345278.05553124,4967235.007880966,600000000.0,26400000000.0,12675831766.353004,3359274.13774395,3397170.597584018,1962416.543037986,915666.2421087096,18745.271294339887,2424862.6243409007,36205442.08328767,37186530.60018729,29889695.596552856,2493320.8711664625,33712121.21212121,75120000.0,0,68367533.549471,536148028.74074024,29451553312.067253,11119100885.034344,0.107229605748148,60730252.45250795,2672131107.91035,1065429769.0106575,3.728994911773455,4364880.208351223,192054729.1674538,92214145.33557324,56729107.46610143,450000.0,19800000.0,9506873.82476475,8556186.442288276,23594734.939489473,21257649.237359196,2980092.193168114,2684910.625180813,0.0,0.0,0.0,2278843.247721629,100269102.89975166,48143722.71668146,1177115038.8825634,469338274.706279,26752614.52005826,0.003973088300609974,0.7985335156831632,0.002549957123615246,0.13706370212260235,0.004047281987188934,0.37286966104282177,sample_0095
1.3408435952989972,13.0,2.6951747782650077,0.8495084342326631,1.0049967279219583,1.3107565416339721,0.5169019801493586,1.2225151021976994,1.462603886935555,1.989867604493475,1.1435249691222673,1.3434041301411634,1.4726508291149847,1.3053349095322995,41.0,1.2575561511956348,1.1525222672202735,0.8656071630174261,1.383734349601299,1.0331424946665013,1.0495109643817468,1.2041682492266061,0.7758771891553384,1.4823556295162774,1.083221614929266,1.0944960732202447,1.0820334388128217,1.3263952373633359,1.3104385129572842,1.4325034050421221,1.1449376717008106,1.2452198812808122,1.0338205318165332,0.9319977517809634,1.7819784634810054,S1_Rural_Overhead_AC_500MW,Overhead,AC,460,Standard Aluminum Conductor,100,0.5946559039628642,LCC Converter,0,False,0,,,73.63254145574923,0.037726684535869,41.0,sample_95_1763055449765989,2025-11-13T11:37:31.500411,81783592.4012636,90155418.49037604,31934644.918576945,11803316.807457335,69980275.59380625,0.0,163567.1848025272,6706254.576903615,876126.3745882577,600000000.0,24600000000.0,3213822047.4210443,3269214.8011259353,3570512.9298695205,969185.46674642,1564039.128488741,50001.88267940212,1655173.789957792,37667681.54403727,42284400.38455832,15586281.186267126,3955560.3319160594,33712121.21212121,162760000.0,0,107943676.28518742,479885937.5827351,24174367883.04392,6490133602.340769,0.095977187516547,43819054.57133342,1796581237.4246705,507220835.6905961,2.6906035284969048,6716783.981138654,275388143.2266848,35977580.74391317,26311094.63114114,450000.0,18450000.0,2410366.535565784,2169329.8820092063,132425507.80153506,81623695.44651765,7062828.650219253,4353346.906552342,3422592.409932051,140326288.80721408,18332671.57729258,2390169.6220330354,97996954.50335446,12802633.04727633,1556985073.9503448,439576710.4297123,37975245.70610597,0.0035137144872637053,0.7916654764302458,0.0026068619790142375,0.05376470948042653,0.003661016238266945,0.13988641850830735,sample_0096
1.0200239601927341,1.0,2.9845935659578293,1.0044935266895016,0.4395866226248661,1.4361489449422389,1.1503584012943802,1.299868992579061,1.9237866297852249,1.0581665621937129,0.7821621677223691,1.3523766624527822,0.9083116616479041,1.3285537647277075,57.0,1.2522063424413936,0.7004158628614625,1.2852989298023267,1.2997239726178398,1.0879920126580331,1.482208299771292,0.7778785994637579,1.186427667058919,0.8339364006364827,0.9762861065105042,1.1639123528792894,0.7796904018455958,1.2412300730633894,1.3471228169320626,0.9466786897566168,1.0082184125817153,1.2647980017497786,1.0475323180858453,0.9655367619968935,1.066665189182183,S1_Rural_Overhead_AC_500MW,Overhead,AC,460,Standard Aluminum Conductor,100,0.7031454686826512,LCC Converter,0,False,0,,,45.41558308239521,0.0375661902732418,57.0,sample_96_1763055451514685,2025-11-13T11:37:33.249692,85656577.54001221,95418254.58523248,81058295.26937245,12362280.644102374,73294296.89590983,0.0,171313.1550800244,9764849.839561392,5846370.1506337365,600000000.0,34200000000.0,20476081295.34276,3867363.172438864,4183984.6658594497,2910544.3850407666,1469081.944807437,5432.068841646668,2392849.15878978,37738041.71129608,42894734.84754844,36415473.24951241,4025920.499174871,33712121.21212121,12520000.0,0,12312830.153533457,209902612.3033736,16021192974.94024,5157340973.010188,0.0419805224606747,38586535.08632741,2199432499.9206624,778419796.1086105,2.3693132695670314,14170656.213025972,807727404.1424804,483599181.0437896,352797531.7588098,450000.0,25650000.0,15357060.97150707,13821354.874356356,51516043.33071559,49230639.23222237,1793067.1046810232,1713521.342915036,267718.9218120904,15259978.543289153,9136390.678876458,2415131.725630968,137662508.36096516,82420722.5883019,1686066725.040055,596730163.9757234,29580117.98315886,0.018283739259958243,4.144694852505373,0.013434372729565928,0.5684329923427527,0.01869247956547024,1.7753620241524184,sample_0097
1.084257850323413,10.0,0.6701237681529891,0.9424035675321092,1.8172119678459029,1.2084524856379322,0.9160472283025656,1.6567629458856195,1.604324745976601,0.642794790601623,0.8036909797376314,1.2698184716194776,0.724386229476042,1.0248981915811624,47.0,1.0093432149991797,0.8749763648795366,1.1061974071467908,1.490786866060442,1.009455284595305,1.0432353495973887,0.8176899312708907,1.201540294469345,1.3118484468896778,1.1047928592323528,0.7248393401810513,1.3465360584892547,1.2148145875577263,0.8854952745018386,1.2352839636062938,1.0593085649925293,1.427671221437711,1.1700431506350324,0.9732860937157144,0.9162977732261093,S1_Rural_Overhead_AC_500MW,Overhead,AC,460,Standard Aluminum Conductor,100,0.6596824972724764,LCC Converter,0,False,0,,,36.2193114738021,0.0302802964499753,47.0,sample_97_1763055453264298,2025-11-13T11:37:35.031426,91938613.52859806,94193672.38709764,61102531.07883116,13268927.794123894,78669685.73447417,0.0,183877.2270571961,8642229.671688218,2866783.0217816294,600000000.0,28200000000.0,9354447206.961311,3487617.887696853,3562823.7390798903,1809744.0717980987,1685040.9122440752,38232.9949031237,1764343.9805496542,36817873.307821706,37890371.214031115,25001067.788429733,3105752.095700492,33712121.21212121,125200000.0,0,103794159.3558188,867718714.6464186,51738894856.75077,18896511899.63857,0.1735437429292837,40541857.39939409,1905467297.771522,734220566.585218,2.4893751277324445,11848012.794133078,556856601.3242546,184719350.31686667,137807341.69728538,450000.0,21150000.0,7015835.405220981,6314251.864698883,123382678.0123107,101013435.29835328,4801555.6956688445,3931035.080528003,346726.8443643559,16296161.685124729,5405729.9347377615,2622795.080733082,123271368.79445484,40891330.19565905,1013668860.5109948,390590027.9498878,21567422.56406372,0.0064510416381613304,2.180956602401041,0.004849054687198293,0.26036619255897037,0.006536947775738534,0.5544430790828678,sample_0098
0.742170495820694,12.0,1.7657485829574489,0.8263080429015504,1.912617140266574,1.2598164602258235,0.7593863469116473,0.7673828807607755,1.790464013133317,1.0706100455950365,0.8006249741031661,1.9824205055187778,1.352662104955335,1.0586507319895704,49.0,1.3471293589868953,0.9213540531551323,0.8014739297541649,1.4785216480688885,1.1445346333592676,1.222047785438214,1.346346582552769,1.20456856876794,1.2491805254545585,0.7910659101729189,0.8710379528134544,1.1230872824685654,1.252909322490746,1.1549263652487909,0.7209221576474942,0.6873566879071844,0.889712134418328,0.9802025464076733,0.9601261837343174,1.570891934314943,S1_Rural_Overhead_AC_500MW,Overhead,AC,460,Standard Aluminum Conductor,100,0.5784156300310852,LCC Converter,0,False,0,,,67.63310524776675,0.0404138807696068,49.0,sample_98_1763055455045630,2025-11-13T11:37:36.806727,93085843.65990798,99223231.002034,48542992.460751295,13434500.377735456,79651343.28217253,0.0,186171.68731981597,9122412.678670982,1803695.256992858,600000000.0,29400000000.0,5813006100.850461,3855264.40296711,4059409.224599498,1430981.6678183342,1671177.4991808953,53743.43969850821,2130343.464087706,36920153.73330173,39828248.98292031,19887021.034834664,3208032.5211805166,33712121.21212121,150240000.0,0,111913944.12566936,913274684.4772892,57385463054.82366,13337570986.463198,0.1826549368954578,26306515.15958376,1289019242.8196044,323144547.45002294,1.6152882165818834,5314760.907539645,260423284.4694426,51491229.300149165,31075775.536352143,450000.0,22050000.0,4359754.575637846,3923779.118074062,85780251.53958459,61439542.50709053,6194586.862330852,4436832.208010148,1821980.390554926,89277039.13719139,17651971.87654282,1936897.244783368,94907964.99438503,18765325.83441028,1645564396.1384835,412526938.6412557,33582946.85996905,0.0027687214550710664,0.7994587501244724,0.001735045851746452,0.0799699945648356,0.0028265248790269783,0.1953703892039935,sample_0099
1.051020767718236,12.0,2.9751282718616587,0.9147520983101689,0.6763966170428559,0.9785014908703968,1.110566166938443,1.5033883061359599,1.47496457322915,1.7670188029522604,0.9424532209924146,1.3840607072590365,1.3825588481829518,1.109695035796065,41.0,1.0632144347822727,1.293415493509721,1.0482347237520622,0.8724583978421594,0.8151422913733012,0.8368216542408881,1.127842020723464,1.0733306867625316,1.443906424624206,1.4840243577490506,1.4712472428706573,1.302833159309939,1.092260524786885,0.7906121520449526,0.8072217405605571,1.4677442712799444,0.7740348059866644,1.1833221403597278,0.9595196678313325,1.7362433811210436,S1_Rural_Overhead_AC_500MW,Overhead,AC,460,Standard Aluminum Conductor,100,0.6403264688171182,LCC Converter,0,False,0,,,69.1279424091476,0.0318964330434681,41.0,sample_99_1763055456820884,2025-11-13T11:37:38.560440,98814765.16790695,110038319.15223338,37737528.52889301,14261319.957782704,84553445.21012427,0.0,197629.5303358139,8102810.743768372,965245.6571142284,600000000.0,24600000000.0,2930469921.5974674,2337231.9414076265,2549023.5706294295,643021.7454830495,986142.3708943196,36801.89485959745,1314287.675653709,37074833.44180626,42138657.024488054,15302441.928318037,3362712.229685046,33712121.21212121,150240000.0,0,99532461.40996644,322979384.6379638,16270163077.098228,5391640931.423168,0.0645958769275927,56173508.75042604,2303113858.7674675,796749016.2460773,3.4491990375078694,9809092.12915114,402172777.2951967,47908749.07109312,34647025.64644654,450000.0,18450000.0,2197852.4411981,1978067.1970782904,116973450.40682223,70973052.28356524,6738807.722337746,4088737.6677611927,0.0,0.0,0.0,1789408.651032997,73365754.69235288,8739680.382164158,1619076301.381983,560110150.6304982,39489665.88736544,0.0050526210628847575,0.9333794458233758,0.003693180338441226,0.06278296412827877,0.005355076136172817,0.21054771286362634,sample_0100
0.8078162848265963,6.0,2.589156198421281,0.8736896374087122,0.580628979860837,1.0454954341887088,1.0542900403827642,1.1372383362487966,0.6479524883156781,1.952236642177013,0.8885588819241081,1.5458664254019892,1.0975758639472046,0.8575143726404924,59.0,1.0443016533659162,1.1790211065294856,1.1390439116203095,1.229165380687823,1.4234667172751405,1.27400072173141,1.2181962832620872,0.9486769771847218,1.030110279113184,1.0933376678746085,0.8797646171877197,0.7426600588510479,0.9190507666431635,0.9757066013108135,1.1023223031154714,1.3409182146371208,0.6576098101118648,1.1487361674275607,1.149346595896897,0.5257289874665251,S1_Rural_Overhead_AC_500MW,Overhead,AC,460,Standard Aluminum Conductor,100,0.6115827461860985,LCC Converter,0,False,0,,,54.87879319736023,0.0313290496009774,59.0,sample_100_1763055458581704,2025-11-13T11:37:40.312960,101945124.17054994,111950791.68408623,65044296.507587545,14713105.186878368,87232018.98367158,0.0,203890.24834109988,12029524.652124893,2080291.586446398,600000000.0,35400000000.0,6121798183.205379,4631754.9184449585,4887908.360491792,1631640.3786282786,1389329.354535024,28014.1176883994,3214411.446221535,36310649.6140621,40601154.16647931,24352332.21829633,2598528.4019408864,33712121.21212121,75120000.0,0,61921864.74738818,277250337.88354963,22144250717.469135,7066702114.009047,0.0554500675767099,51319621.910591885,3027857692.724921,1053173793.0306392,3.151157804397234,4884354.645276643,288176924.07132196,49835055.6559755,34427387.78665308,450000.0,26550000.0,4591348.63740403,4132213.773663629,23821537.87566755,18298628.474658336,3865120.289289577,2969010.6723049656,0.0,0.0,0.0,1640966.7812926278,96817040.09626503,16742779.10069597,1735651307.2295432,603708184.5046911,29417818.766602427,0.0036191563347261874,0.5979066154810768,0.0025640721275521296,0.0683106001609743,0.0037705215892723802,0.2819424286287732,sample_0101
0.7457006023083578,6.0,1.2249946474691678,0.9793551268853222,1.7300580227039746,0.9091543750253632,0.6155080294268982,0.6309503176314415,0.8715931364141738,0.6236096298013999,0.6834697555397333,1.5964636640290233,1.2493654961895668,0.9960766364899496,53.0,0.9969041330704742,0.847911331473507,1.0052649351180731,0.9972177295535366,1.2099589959402817,1.1679443809101184,0.9270180289909182,1.2837075842688221,1.2083174924052036,0.9466507615504168,0.9895137992110157,1.153043769205809,0.7849239245492143,0.7057663538857186,1.165374975308796,1.8547563878662365,0.9866116958034078,0.9208775409966762,1.078059368790126,0.8764743702700039,S1_Rural_Overhead_AC_500MW,Overhead,AC,460,Standard Aluminum Conductor,100,0.6855485888197255,LCC Converter,0,False,0,,,62.468274809478345,0.0299071239921142,53.0,sample_101_1763055460327151,2025-11-13T11:37:42.098331,98804015.90607694,103279041.1405635,76230869.03555486,14259768.583734429,84544247.32234251,0.0,197608.03181215387,10473225.686044157,3547086.6964569273,600000000.0,31800000000.0,10770068394.270906,3558421.7020216286,3652163.589318491,1768604.905192301,1127158.22158627,25682.035168594495,2405581.445266764,36730535.26209076,38713340.928518005,28546220.526508473,3018414.0499695446,33712121.21212121,75120000.0,0,66370363.9694673,826102705.8411478,57370008531.49101,21619214949.05501,0.1652205411682295,70985236.4764166,3762217533.25008,1515974028.856071,4.358677511485656,1949433.171375151,103319958.082883,34992547.64295135,23819681.478196096,450000.0,23850000.0,8077551.295703178,7269796.166132857,13004289.477015411,11242688.918477638,3251247.5913611255,2810823.7156077204,113782.96659639,6030497.22960867,2042417.2205769364,2060444.1855493449,109203541.83411528,36985208.00157375,2080716834.8597791,838418473.9913489,39258808.204901494,0.0012315165369270677,0.4042406326601131,0.0008889509610356039,0.04032921434490671,0.001261765027192693,0.18763307183146655,sample_0102
1.2954775785874353,14.0,2.620065192125985,0.8248455553565146,0.45301158922546203,1.2816298786821827,0.5057304377865413,1.935570556524279,1.0988737609791026,1.0333498782837567,0.885096826205144,1.6175995996240273,1.1693396054208436,0.7983614791494102,54.0,0.7096514085746822,1.0837092031930784,1.0421972466073952,1.1679487303885645,1.024553419453849,0.7272023801374935,1.4053379222434392,0.8575310875229935,0.9996728230817171,0.8639618151116941,0.8501038150560596,1.0506561787615194,0.7642546497322148,0.8995081441043017,1.017404403510011,1.285939047240744,1.1337975554604505,0.9741951536127149,0.8502713307511041,0.723466129582114,S1_Rural_Overhead_AC_500MW,Overhead,AC,460,Standard Aluminum Conductor,100,0.5773918887495602,LCC Converter,0,False,0,,,58.46698027104218,0.0212895422572404,54.0,sample_102_1763055462113154,2025-11-13T11:37:43.869322,70095938.70454249,77061767.8892753,30369704.47139562,10116510.50233204,59979428.20221045,0.0,140191.877409085,7570361.38009059,1027891.8256086636,600000000.0,32400000000.0,4399221315.551279,3484385.378949602,3730955.8613037,977953.917122322,1320135.9891967713,37311.21157435147,2126938.1781784794,36131398.42166488,40458597.1804418,16419828.316157805,2419277.2095436677,33712121.21212121,175280000.0,0,121012107.27551064,216313033.85515812,15388735681.906298,6093146497.521747,0.0432626067710316,49215459.21599776,2657634797.663879,1106642270.8515506,3.0219567610157485,8503273.8668228,459176788.8084312,62346306.078161635,42176034.12814735,450000.0,24300000.0,3299415.9866634575,2969474.3879971113,163100261.66615853,105991897.78221416,7479029.336456693,4860301.9078072915,1964649.9490447,106091097.2484138,14404883.222390285,2248106.156612075,121397732.45705204,16483194.20631649,1563913711.054391,651215517.69958,28961365.01952575,0.005225832385265584,1.374276240880794,0.0035938801955743183,0.06818469647312568,0.005511557301423247,0.2107083724453796,sample_0103
1.2348887875833503,14.0,1.5641079007003125,0.8925542673366403,2.3954118242509677,0.9656346210250022,0.586753088928838,1.8987166205392894,1.2162735941392273,1.2796314396544417,1.497447536308283,1.7060398837858513,0.9815954699319933,0.82874005913822,54.0,1.2977983363950394,1.2800889581424069,1.359203501800013,1.087255046547238,1.0165530810937355,1.4551896460258429,0.7711251436198374,1.2951840251136386,1.4037685321510647,1.046548273874905,0.9506728654736805,0.9430147810047074,1.22297907332409,0.8547965868063823,1.146831156508228,1.4735658222265993,1.026233250016607,0.822497984777436,1.0696332527992056,1.3253222457163034,S1_Rural_Overhead_AC_500MW,Overhead,AC,460,Standard Aluminum Conductor,100,0.6247879871356482,LCC Converter,0,False,0,,,49.079773496599664,0.0389339500918511,54.0,sample_103_1763055463883650,2025-11-13T11:37:45.633840,102772914.71485128,108753135.512185,42016134.9150923,14832575.043334017,87940339.67151725,0.0,205545.82942970257,11099474.789203938,1354308.7119476527,600000000.0,32400000000.0,3953304377.0489106,3374562.7229647525,3506609.000971916,868428.5502943709,1228927.6738246053,74662.69397167017,2070972.355168477,36223454.72466128,38746412.06688234,15250496.26512926,2511333.512540061,33712121.21212121,175280000.0,0,116939934.093078,1143809146.079837,81371780081.24838,17069195813.217192,0.2287618292159674,56396311.14825641,3045400802.0058465,697741986.7110306,3.4628796822325083,7977017.341399844,430758936.4355916,52559295.95258513,34625644.920822226,450000.0,24300000.0,2964978.2827866822,2668480.4545080145,124948484.2472445,80116893.63109984,7003848.555315141,4490863.519433929,1249570.1840637976,67476789.93944506,8233218.796815373,2110961.6671711737,113991930.02724338,13908789.997683778,1463267617.0557256,335254148.99145997,27097548.46399492,0.002485566993339667,0.955091032721969,0.0016694868749736736,0.08978216671856347,0.0025234382242640564,0.1960747824099169,sample_0104
0.8679906592876334,2.0,2.372946034557638,0.9908010432884069,0.5619555868797906,0.8769172063865035,0.676569138483936,0.8619248780904831,0.6655487103317685,1.3219872161723716,1.0010182240290453,0.7831724835088932,1.147574030753006,1.221811775833467,53.0,0.7055491067696094,0.7670191407213206,1.3056145310432883,1.0471052985668508,0.9488841504781179,1.1731715924247221,0.8629728989956431,1.1382068278074218,1.3889527207178904,1.008827284967438,1.0383829635119668,1.2227596210211802,0.9170697110130657,1.298891510908943,0.8930959444775727,1.5596909401946415,0.6972595757536529,0.9196389241073928,0.9019924233228035,0.6873281077836819,S1_Rural_Overhead_AC_500MW,Overhead,AC,460,Standard Aluminum Conductor,100,0.6935607303018848,LCC Converter,0,False,0,,,57.3787015376503,0.0211664732030882,53.0,sample_104_1763055465648033,2025-11-13T11:37:47.377541,80111681.06210466,87289326.05731317,73950085.69474714,11562020.251135264,68549660.8109694,0.0,160223.36212420932,8491838.192583093,4608264.812874769,600000000.0,31800000000.0,17256902183.723946,3118608.4838851145,3317081.806515559,2216073.1614034683,1183546.2920164708,8598.992265930054,1926463.1996027136,37414581.13888929,41424973.300902285,35058963.163589574,3702459.926768082,33712121.21212121,25040000.0,0,24260093.598733127,268333792.73510003,18634864490.39694,9683829899.803226,0.05366675854702,59692491.66312932,3163702058.145854,1725352092.2466185,3.665273709457408,2677746.6538740587,141920572.6553251,77016020.13116457,64952654.57994556,450000.0,23850000.0,12942676.637792964,11648408.97401367,7919257.646414551,7475929.082432199,1967825.7155509368,1857664.714659936,0.0,0.0,0.0,1691520.2324859074,89650572.32175308,48650665.32299882,1942718775.650945,1059478371.4180008,36655071.238697074,0.003006275169295195,0.8087983643928187,0.0025598845200627217,0.0715345390828001,0.003116622510393921,0.45415853882760543,sample_0105
1.0143546653014672,14.0,2.7348680553722784,0.9538235398585307,0.8516906986717888,0.9699843260511309,1.0521832324811298,0.6880533299720417,0.9837646620635964,1.3057041076065157,1.339008901579645,1.608949037151245,0.8511753340631035,0.9394582677995535,53.0,1.0358064821466408,1.315630096598721,1.1166935432720757,1.0709880883850937,1.4171805580087407,1.0247662007819733,1.3935777448652225,0.9829599608689068,1.346188131111211,1.294025403855746,1.1175471718371845,1.363436744014832,0.8516570973089994,1.098986670947963,0.861131142386479,1.208200336622676,0.63463058483178,1.0445062421077012,1.1177569157870653,0.7660466320417769,S1_Rural_Overhead_AC_500MW,Overhead,AC,460,Standard Aluminum Conductor,100,0.6676764779009715,LCC Converter,0,False,0,,,42.55876670315518,0.0310741944643992,53.0,sample_105_1763055467391888,2025-11-13T11:37:49.155016,109442718.23531143,120819177.2283162,37237663.42713861,15795186.26746837,93647531.96784309,0.0,218885.4364706229,11600928.132943014,996152.0650574656,600000000.0,31800000000.0,2730612180.836876,4159143.001897428,4396109.417765238,791150.0680119629,1210541.0817201212,52578.580015636544,2896023.3401616705,36558964.44787744,41132954.18743821,13286573.653122889,2846843.235756223,33712121.21212121,175280000.0,0,109872579.99470462,406682308.6157792,28242695914.108448,7693271059.908156,0.0813364617231558,46240243.283223055,2450732894.010822,715556116.5503689,2.8392707910632886,4333577.501671974,229679607.5886146,19722199.18777689,13375796.509041153,450000.0,23850000.0,2047959.1356276576,1843163.222064892,39555131.17572077,22942153.414010108,7530690.624917525,4367834.323764121,0.0,0.0,0.0,1611668.2690605198,85418418.26020753,7334735.011608234,1365969068.4658265,398830702.5820715,25773001.291808046,0.0018551320705103372,0.4242423088517421,0.0012968752848539196,0.036547988734462855,0.0019203990185094094,0.1106045135809632,sample_0106
1.2322839322945809,15.0,2.3369040349887893,0.8227218377161077,0.3804317945613556,0.9300323808497055,0.7982676585391156,1.1878714373812653,1.0675647725331041,0.6490776420791045,0.9363514821644554,0.5882599349266446,1.2521272375798658,0.7436929717600308,50.0,0.8119092080848601,1.057932695676754,1.0684513988378175,0.8612198824772066,1.0339947986446085,1.4082037724045473,0.7018682360138225,1.2998736420431531,0.7399339256662357,0.9841865958142786,0.862977745944792,1.1740158325898848,1.290469185317915,1.482175184480854,0.982504453686663,0.8092344981209831,1.4055624106886015,1.262216511376419,0.8692682748129532,1.9513290246589088,S1_Rural_Overhead_AC_500MW,Overhead,AC,460,Standard Aluminum Conductor,100,0.5759052864012754,LCC Converter,0,False,0,,,62.60636187899329,0.0243572762425458,50.0,sample_106_1763055469169443,2025-11-13T11:37:50.908651,79516761.9320012,86528259.86967462,34592968.11976209,11476159.276320474,68040602.65568073,0.0,159033.5238640024,7951676.19320012,1208955.3833385808,600000000.0,30000000000.0,4561134107.947277,3035010.358770541,3195567.014781548,841641.5917887023,973439.442921206,77412.80192482089,1984158.1139245136,35965736.2780607,39784008.8585545,16202926.09227355,2253615.0659394874,33712121.21212121,187800000.0,0,129124578.5476538,181656181.90304735,11710135548.936516,4220444905.6962495,0.0363312363806094,30971022.712086268,1548551135.6043134,586270163.7217195,1.9017010705843105,4743985.851228352,237199292.5614176,36063259.45609488,31820345.323917866,450000.0,22500000.0,3420850.5809604554,3078765.5228644116,73609825.78761606,48105908.71716351,7801606.815744956,5098550.109441608,0.0,0.0,0.0,2594606.3470279677,129730317.35139836,19723912.51020958,1545139627.1145844,584978591.4934418,30902792.54229169,0.003868060854785016,0.7646397029296486,0.003418891407367508,0.04701171897122591,0.0041032049783993165,0.15490073211247146,sample_0107
1.0059756049803292,1.0,2.4167312732723896,0.8182456389312684,0.5340894394336008,1.11111368971076,0.9556293798880132,1.8559909909167207,0.7953265838606629,1.4976239631073684,1.4112057099202915,1.367425301392136,1.375063901367488,1.2615163743923428,51.0,0.8264681726581999,0.7770889324301399,1.1287525183683993,1.4234410146403043,0.86064821467294,1.0868365906858541,1.3535815935518518,1.1678039310354442,1.0931222581710294,1.1582205567242554,1.15606676612687,1.4939866200994576,1.3327340367507965,1.233877879987186,1.1708234253210363,1.2989440313998546,0.8427034653859343,0.8519058399984973,1.1208154058554192,1.7095493150898087,S1_Rural_Overhead_AC_500MW,Overhead,AC,460,Standard Aluminum Conductor,100,0.5727719472518878,LCC Converter,0,False,0,,,68.7531950683744,0.0247940451797459,51.0,sample_107_1763055470923264,2025-11-13T11:37:52.678288,116189875.07466853,126800566.45252684,107666707.92883918,16768961.414612727,99420913.6600558,0.0,232379.75014933705,11851367.25761619,5787677.33370326,600000000.0,30600000000.0,14943670427.351406,3298496.391252849,3573704.2920329375,2423739.9318994423,1608919.692305556,3983.091432652945,1685593.60751464,37534898.10421922,41634621.42861576,35481700.24482266,3822776.8920980087,33712121.21212121,12520000.0,0,12186368.103518086,255027707.32954437,16859324242.57733,8302354983.018684,0.0510055414659088,49713185.969735235,2535372484.456497,1315259408.8594997,3.0525184737896582,8381969.676744835,427480453.5139866,208762320.6355466,151668944.79266977,450000.0,22950000.0,11207752.820513548,10086977.538462196,20174054.27135284,18969960.788908686,1537529.0729725752,1445761.26512725,0.0,0.0,0.0,1876961.1917670665,95725020.7801204,46747815.757826254,1717942551.1389828,891206368.3415809,33685148.06154868,0.008564745264830495,1.511072525333276,0.006298121594802261,0.19606642022128,0.008872625113209232,0.9534494802818726,sample_0108
0.8453269545635532,13.0,2.742696710410409,0.90069042821397,1.8755141796958792,0.7531070441505201,1.098473094014512,1.7877463120609085,0.8112434392769843,1.0776769870640348,1.0355206134369188,1.1686917254218354,0.8939249420120801,0.8868590722617924,44.0,0.9683609216760332,0.7249038546045514,0.8421270894506925,1.334003492317899,1.4385108949878544,0.9965599206155629,1.2026331922332236,0.7151013690163551,1.450234534387649,0.9089849425974658,1.4414936744287263,0.7694366386220043,1.2875181765982255,0.9484858241940155,1.2738868663991063,0.9075434823365005,0.9476518057065553,0.8215362349871941,1.1820699648614161,0.6151908349640381,S1_Rural_Overhead_AC_500MW,Overhead,AC,460,Standard Aluminum Conductor,100,0.630483299749779,LCC Converter,0,False,0,,,44.696247100604005,0.0290508276502809,44.0,sample_108_1763055472693218,2025-11-13T11:37:54.418292,96299535.33143778,106339873.00907154,59938670.30689983,13898312.492205096,82401222.83923268,0.0,192599.07066287557,8474359.109166525,2755831.1783713647,600000000.0,26400000000.0,8585185283.251415,4020647.280871983,4316735.195176868,1879928.7491479684,1507828.1898017465,47479.134496672734,2465339.956573564,36399572.94624785,40970917.241638586,23386216.634664677,2687451.7341266437,33712121.21212121,162760000.0,0,131527666.48031062,895558020.8047824,49194575713.968834,16787913617.74303,0.1791116041609564,34733504.15598255,1528274182.863232,545666656.2349558,2.1327271834907764,4951232.6490694815,217854236.5590572,70845416.12124208,54286125.8002496,450000.0,19800000.0,6438888.962438563,5795000.066194707,61900681.09383036,48019903.659909464,7084213.519684684,5495630.172563526,0.0,0.0,0.0,2010770.325675858,88473894.32973775,28771393.01331839,1099541840.0762787,392588794.59756446,24989587.27446088,0.0029039916112251697,0.9070415146981512,0.0022575746177726837,0.11130228700100851,0.00294747181916521,0.25609889344697245,sample_0109
1.2948017255760398,4.0,1.9422251664445895,0.875773811110198,1.706233838529447,1.2655257113987655,0.9410928059894463,1.5593605880782384,0.5782549788722228,0.8115092767942458,1.382594805002047,1.9983761468568275,0.7772712238399875,1.1369239421841835,59.0,1.1581427898452903,1.2421525390607764,0.9175171589015174,1.0055592495633632,1.4219373580900236,0.8119584514665532,0.9901156537971936,0.8698336325007945,0.907524781716052,1.414612948076009,1.174246806376893,1.4128904011904866,1.002321105556073,1.2121715102949384,1.428538217889607,1.497161219415794,1.4395414788416891,0.9223932136351247,0.8465640082318098,1.6378455755129457,S1_Rural_Overhead_AC_500MW,Overhead,AC,460,Standard Aluminum Conductor,100,0.6130416677771385,LCC Converter,0,False,0,,,38.86356119199937,0.0347442836953587,59.0,sample_109_1763055474433843,2025-11-13T11:37:56.198359,75476089.25177966,80967465.37360594,50620343.24388305,10892994.140630549,64583095.11114911,0.0,150952.17850355932,8906178.53171,1418008.0096532006,600000000.0,35400000000.0,5636253906.543385,4325719.573128813,4479382.120970777,1436562.0171834412,1136586.6669307104,11902.81880246848,3177230.087395634,37157345.27934601,40387029.95951803,26355678.60427559,3445224.0672247987,33712121.21212121,50080000.0,0,42415348.8319991,814726657.8978112,65073000510.724754,20433154264.562546,0.1629453315795622,57299354.18948127,3380661897.179395,1166784720.281133,3.5183288656271157,5583318.866329581,329415813.1134453,52448337.95304581,31486036.451515313,450000.0,26550000.0,4227190.429907538,3804471.386916784,24411165.35015816,19268643.520582817,2674001.324900065,2110689.0049692644,0.0,0.0,0.0,2637929.6589231538,155637849.87646607,24780068.90882047,1233185096.392291,425615329.6339501,20901442.31173375,0.0020364747922011,0.7227861344332464,0.0012680645715613399,0.09541002708469756,0.0020681028745611423,0.3365423427920519,sample_0110
1.2404227298657897,6.0,1.3643347840133768,1.0183141695523763,0.94984215435754,1.4766172880197361,0.8065352451098213,1.332308276003335,1.86984457909996,1.9813853300065403,0.6248500568680717,0.5686462947466806,1.4777924212297242,1.0308383819027473,51.0,1.149222870985799,0.789551182607347,1.1820346012417,1.224079513938125,1.4058925086487797,0.7974937245317556,1.1141717540468323,1.4838934881997694,1.2285465935805435,1.4912453878910363,1.48751317388418,1.4662860658275199,1.44492632520229,1.3703783228899846,0.7081090617651479,1.027458279186523,1.4975589362816155,1.2954909177812757,0.9762728873712028,0.9335834708040659,S1_Rural_Overhead_AC_500MW,Overhead,AC,460,Standard Aluminum Conductor,100,0.7128199186866634,LCC Converter,0,False,0,,,73.88962106148621,0.0344766861295739,51.0,sample_110_1763055476213119,2025-11-13T11:37:57.943320,116178665.0933203,122054054.90649244,95661633.13825,16767343.54778426,99411321.54553604,0.0,232357.33018664055,11850223.83951867,5290159.754418862,600000000.0,30600000000.0,13660407657.902292,4100332.7136484617,4229110.408261144,2424660.113087807,1383580.7839361231,17536.162008158277,2699215.7677041804,36835873.884553775,39056960.41058947,30595467.66972454,3123752.672432568,33712121.21212121,75120000.0,0,68558941.58921295,453549628.7057254,29983174497.073746,10179624367.2811,0.090709925741145,39322883.261026606,2005467046.312357,730865891.3320453,2.4145269560883293,11606563.008403309,591934713.4285687,264250637.00319675,234197607.87993312,450000.0,22950000.0,10245305.743426727,9220775.169084052,97524606.84201816,87394025.97911745,3313950.6528060194,2969706.8137275567,3264078.6700172992,166468012.17088225,74314408.76649976,2711901.91715906,138306997.77511203,61742809.527732566,2502322199.788675,911938168.374003,49065141.17232696,0.010593477525541769,2.133137911556933,0.009394117611835633,0.20471175598861338,0.010979903707928469,0.639922560535993,sample_0111
0.951010626770967,16.0,0.9302771408422504,1.0776090393860718,0.5392312334207093,1.0194136265527065,0.9764566523129544,1.6778123182161424,0.9164687794415838,0.5495927875937959,0.6817667820195854,0.8448589023391133,0.7088642400218251,0.8190834397946745,47.0,1.2919103768325966,1.0510177862379586,1.0983994289900458,1.1996796996561403,1.0614212203996447,1.229678324635985,1.4994568284024528,1.270369276416076,1.3503469889761155,1.086669226619985,1.3389005047283806,1.2679948541123376,1.334792189891664,1.3372800535353873,1.1175504369985212,1.8314126120701468,0.6536180025187608,0.8771451895142799,0.9442272904085001,1.4551277898050796,S1_Rural_Overhead_AC_500MW,Overhead,AC,460,Standard Aluminum Conductor,100,0.7543263275702502,LCC Converter,0,False,0,,,35.443212001091254,0.0387573113049778,47.0,sample_111_1763055477957800,2025-11-13T11:37:59.719135,103149611.50981176,106678496.15019952,43376915.85539427,14886941.346900836,88262670.16291092,0.0,206299.22301962352,9696063.481922306,1649509.183585314,600000000.0,28200000000.0,4797427230.528377,3293402.276683717,3378175.038779758,1000455.8777156464,1356001.5999143643,72105.3559182914,1865295.320851061,36194192.24180205,37671002.11351614,15872229.858262612,2482071.029680832,33712121.21212121,200320000.0,0,136174650.5044139,257482913.95838872,15352764885.486343,3446345889.3455133,0.0514965827916777,70091823.48914865,3294315703.9899864,790943432.7787253,4.303819638364845,6054816.088249818,284576356.14774144,48412565.96268495,40232208.4949542,450000.0,21150000.0,3598070.422896282,3238263.380606654,95538420.29771794,63584623.3345544,7618624.713379012,5070498.143238646,0.0,0.0,0.0,1635877.22661142,76886229.65073673,13080003.25457811,1198943338.032468,287858373.2403154,25509432.724095065,0.005416429649593928,0.8632527852769888,0.004527050024981068,0.09162169481838524,0.005583820316780327,0.18587914460800345,sample_0112
1.3042415881062557,3.0,2.5512550704024295,1.0500710699828737,2.024286660826557,1.171620111807242,1.161118931014797,0.8124207028100694,1.562384160196278,1.040376904107584,0.9912663969778224,1.288444680824477,1.229599822516219,0.8836440111064217,57.0,1.376332183169511,0.8311093202038401,0.9433552952413984,1.1199190799530379,0.8563350191103265,0.8608840152258017,1.3804989190728114,1.2576500447582086,1.3945412900581164,1.0498136396751474,1.3599698507908995,0.8027345864288322,0.9723588483850076,1.3043030028366276,0.8642775661892248,0.7134754432735755,1.3149376609056846,0.9574252499438509,1.047232564757816,0.9228474884494521,S1_Rural_Overhead_AC_500MW,Overhead,AC,460,Standard Aluminum Conductor,100,0.7350497489880116,LCC Converter,0,False,0,,,61.479991125810955,0.0412899654950853,57.0,sample_112_1763055479734196,2025-11-13T11:38:01.479630,107959235.38930105,118392802.75356013,90206643.07869978,15581084.422638932,92378150.9666621,0.0,215918.4707786021,12307352.834380316,4154494.655166835,600000000.0,34200000000.0,11544620449.151178,3145067.1606405936,3374730.502196217,1813167.6153686712,1265847.9297651006,9465.02843649168,1869754.202439001,36389830.33668613,40621260.099813566,31374163.7480264,2677709.124564914,33712121.21212121,37560000.0,0,34933791.242158696,966596880.5446812,73777238797.76936,20341787223.242565,0.1933193761089362,27306132.16496628,1556449533.403078,475651795.9539541,1.6766672916929024,6902615.923116794,393449107.6176573,132813468.2310845,98588906.8942462,450000.0,25650000.0,8658465.336863384,7792618.803177048,29720034.61988734,26351004.20696024,2498064.7816810934,2214886.907543825,0.0,0.0,0.0,2479059.791054748,141306408.0901206,47699673.930798516,2430722600.2321515,742830104.9622722,42644256.14442371,0.004242846450024258,1.1465060122067505,0.0031904595298168576,0.14412705216175378,0.004339522401800957,0.5925579985492089,sample_0113
1.184825046318938,9.0,1.8387833261063495,0.9850770565801599,2.43461378635088,0.74917318006337,1.1544145647817645,1.085856760760365,1.979305743066246,1.6054503141354126,0.9315619060927598,1.332069453080428,0.8293062232178726,1.4252372669151034,54.0,1.3107183841204202,1.105200394245785,1.3331520962685632,0.7173394743214023,1.1317514180995534,1.2091385566006352,0.731504912811687,0.9421576396091407,0.733044531314743,1.040859161429212,0.8949820815379339,1.2701073049050309,1.1957569828121963,1.1323313439563742,1.0112124597971288,1.9078728868508312,1.0168032453866251,1.241759384634737,1.0288084718512251,1.8546553052413373,S1_Rural_Overhead_AC_500MW,Overhead,AC,460,Standard Aluminum Conductor,100,0.6895539396061119,LCC Converter,0,False,0,,,41.465311160893634,0.0393215515236126,54.0,sample_113_1763055481494299,2025-11-13T11:38:03.266555,82456196.76965447,88125172.3974719,50394514.72859348,11900389.60914164,70555807.16051283,0.0,164912.39353930895,8905269.251122683,1977608.8917614452,600000000.0,32400000000.0,7195125300.112963,3167750.681437733,3271156.5248352503,1113605.6033973545,810810.9815814638,39881.7864641675,2317057.913392102,38031022.02095486,41141127.07141824,24026451.82722745,4318900.8088336475,33712121.21212121,112680000.0,0,90369388.8207442,1162528082.9825454,82703464848.95842,20535856908.86769,0.2325056165965091,73018111.12555502,3942978000.779971,1070186946.661928,4.483501284099454,7052477.429899025,380833781.21454734,84572431.30723691,62041160.84381424,450000.0,24300000.0,5396343.975084725,4856709.577576253,62827630.55985049,48353758.986782,4877452.496747858,3753812.7794355783,172058.59579983458,9291164.173191069,2063305.2595688328,2098938.411267947,113342674.20846914,25170208.11048819,1418786592.2653778,385081248.4474978,26273825.78269218,0.0030566822712928777,1.1910939945840653,0.002272850040057095,0.14228723686608355,0.0030972033105576132,0.3639180045186817,sample_0114
1.2469488730407066,18.0,1.8921090314298,0.9468939975074802,1.1458682789923678,1.1151585686775924,1.0596973010838884,1.3415260084437561,0.9586307581781989,1.0632756709843734,1.1196988037443285,1.7525101622061068,1.1422448856969278,0.9815144255371213,57.0,0.8377743502567829,1.3903283740892065,0.8387822633076818,0.7448080537991493,0.7611297018574064,1.0487938436830877,1.0145206023802922,0.736961606978344,1.2960173755792979,1.0609284919438464,0.9797670938264752,0.861490617002922,1.2317833412723909,1.1580420648634373,1.0936744575692905,1.479640825651332,1.5292662297325563,1.0808887451234686,1.2600159297017912,1.8000186746853044,S1_Rural_Overhead_AC_500MW,Overhead,AC,460,Standard Aluminum Conductor,100,0.662825798255236,LCC Converter,0,False,0,,,57.11224428484639,0.0251332305077034,57.0,sample_114_1763055483281052,2025-11-13T11:38:05.020360,102200627.35309473,109437882.44707116,20620404.97302983,14749980.370767249,87450646.98232748,0.0,204401.25470618944,11650871.518252796,484887.1578318298,600000000.0,34200000000.0,1423339084.279546,2554529.5948302792,2665214.89163818,309500.77705663955,841858.8002032809,69186.06952092687,1643484.7251060717,36686407.35011248,39795595.9720092,7888095.895937512,2974286.1379912766,33712121.21212121,225360000.0,0,114188558.421423,547152103.2188556,41762364632.43301,12613400886.715374,0.1094304206437711,56628813.67932778,3227842379.7216835,1041043476.023074,3.4771559402806305,6716076.778186188,382816376.35661274,15932090.952357749,10347860.692517968,450000.0,25650000.0,1067504.3132096597,960753.8818886938,102699992.96156187,49058706.79901118,8951449.06414341,4276013.097960548,0.0,0.0,0.0,2752328.7163090096,156882736.82961357,6529161.724512607,1951409079.3861315,629368306.181757,34235247.00677424,0.0010684508782721216,0.5898950064052356,0.0007107639320413207,0.02041445030557488,0.0011124560489180822,0.08359552396277396,sample_0115
1.3813808827440432,12.0,2.365994330179878,0.9566764265627508,2.1693462402611967,1.105295662466907,0.8147777882426605,1.0627340403247547,1.1333016876809785,1.3590982313918276,1.2709463334311375,0.818214422020517,1.1350616857180091,1.1660240609059649,41.0,0.7089036751599852,0.8901776318950996,1.0076442448123837,0.8649024570016759,1.0717007376612213,0.7019632372208646,0.830207020729162,0.7161872846663064,1.2252186579980267,1.309159605032811,1.3705379630884447,0.8833317096682585,0.9147926086796991,0.8544326992451129,1.394076612944203,1.2188915142581158,0.9626887154672448,1.2694752025362042,0.8234960501328948,0.6210176667585823,S1_Rural_Overhead_AC_500MW,Overhead,AC,460,Standard Aluminum Conductor,100,0.6696734985939254,LCC Converter,0,False,0,,,56.75308428590046,0.0212671102547995,41.0,sample_115_1763055485035949,2025-11-13T11:38:06.785807,65505024.628379315,71356039.69676377,38271909.149787016,9453932.451090405,56051092.17728891,0.0,131010.04925675863,5371412.019527104,1500446.8972803487,600000000.0,24600000000.0,6871748720.6178255,2712485.2650848376,2875902.759372672,1139238.004219324,977601.8680655306,30871.066876178673,1704012.330143128,37245527.4572908,41228396.09996632,22366230.42801855,3533406.2451695907,33712121.21212121,150240000.0,0,117649690.867702,1035862829.7247216,52181835642.59795,24832850197.44683,0.2071725659449443,46649416.033686616,1912626057.3811512,937105501.0772508,2.864395058506572,6475819.8716121875,265508614.7360997,74167011.52950425,62030107.83518377,450000.0,18450000.0,5153811.540463366,4638430.386417032,68847279.58577198,51658454.5877018,6464697.448580945,4850682.28665009,33932.025939624386,1391213.0635246,388620.5930643079,2029942.3856207377,83227637.81045023,23248756.652195334,1415031388.8274713,693305256.1685052,34512960.703109056,0.002361013973146191,1.283978475205579,0.00198441398132727,0.08311247348288882,0.0024107636743766286,0.3038250232396633,sample_0116
0.8144572513206878,15.0,1.9528089874080656,0.8095199690005739,0.7313141338730169,1.0533043276019458,0.5155048598348116,1.9017981249504117,1.6872693025329952,1.8693799009234504,1.3586909152869584,0.5734333729445276,0.7484084432666369,1.4136564198480717,58.0,0.8856344242808978,0.9525751653519602,0.8046843421668072,1.4548675994142442,0.9520518402912028,0.8993072046783298,1.4620226943830272,1.2539597938971334,0.7710220688722187,0.911419947912865,0.9081343918855979,1.4395492335196702,0.826540889944149,1.410803739178621,0.9617914814212329,1.9607517139877697,1.172356541085224,0.8034109662522443,1.269341474394656,0.7359996096540423,S1_Rural_Overhead_AC_500MW,Overhead,AC,460,Standard Aluminum Conductor,100,0.5666639783004017,LCC Converter,0,False,0,,,37.42042216333184,0.0265690327284269,58.0,sample_116_1763055486800875,2025-11-13T11:38:08.551521,123761572.25580946,132816852.34892207,53456516.50042575,17861737.33671513,105899834.91909432,0.0,247523.1445116189,14356342.381673897,1982172.8155615183,600000000.0,34800000000.0,4804818117.851135,3786641.5254850937,4010258.556564102,1124456.9723036694,1644441.2563076154,49437.369697180555,2092762.899480298,37995928.54499415,41305400.895032436,17098290.993512582,4283807.332872945,33712121.21212121,187800000.0,0,129220146.98308368,349202498.9243656,27269243973.48106,8253677278.934713,0.0698404997848731,75041889.59773992,4352429596.668916,1415095777.5447428,4.607766527871259,7983609.286821473,463049338.63564545,63932984.245274,56600722.88563861,450000.0,26100000.0,3603613.588388352,3243252.2295495127,206275124.59033215,135846197.8104014,7628764.044333629,5024059.936813128,5706556.496228713,330980276.7812653,45698276.73936803,2297268.8632836607,133241594.07045232,18396598.42646769,1047939528.3757292,340714253.6806735,18067922.903029814,0.004436731231530002,0.9422055086163631,0.003931374127941638,0.09022190638151613,0.004538311306073407,0.16559308923944896,sample_0117
0.7187440869511414,16.0,2.865320410612907,0.9504138630448261,0.3631271025081041,1.217895621227016,0.6323435979276276,1.4115239258846999,0.8904495516293489,0.5090949507466491,0.7153571405379962,1.5167644060596321,1.4668809104191747,1.0302004828223341,58.0,1.0887179376646954,1.3634851789379754,0.7103273701809775,0.8542500233606383,0.8694648174830203,0.86701474387685,1.2966021269272177,1.3407219433497057,0.9978409279199275,0.7732262881271119,1.2655380705726142,1.0638952640473238,1.3116879389062386,1.3904713440368865,1.3875249756166887,1.8094952440035095,1.1474506235054804,1.023606798198472,1.1813559078446758,1.9789036412453846,S1_Rural_Overhead_AC_500MW,Overhead,AC,460,Standard Aluminum Conductor,100,0.6652897041313782,LCC Converter,0,False,0,,,73.34404552095873,0.0326615381299408,58.0,sample_117_1763055488566308,2025-11-13T11:38:10.332144,117896408.8879504,130767022.01680014,26381845.427686796,17015254.81710813,100881154.07084228,0.0,235792.8177759008,13675983.431002246,574408.2920223796,600000000.0,34800000000.0,1461643227.5769348,2956714.1531912326,3155656.647859633,383734.32701754046,965561.390040964,50839.64272701393,1940313.1204232548,36833940.85703737,41671476.78150865,8999045.390605813,3121819.6449161647,33712121.21212121,200320000.0,0,106733848.58168817,173393191.44761968,13540284664.31382,3020616288.959671,0.0346786382895239,69253001.97850232,4016674114.7531343,977051345.597242,4.2523138234082465,5681243.714717274,329512135.4536019,13839918.999717548,9641539.69541355,450000.0,26100000.0,1096232.420682701,986609.1786144312,103961926.5804743,50512815.22569404,8489394.184775807,4124810.052473592,139136.7781206722,8069933.130998989,338947.2157449251,2265513.8183694873,131399801.46543026,5518954.882669538,2563253363.275515,623508424.1702094,44194023.50475026,0.0023759513640270145,0.4176235976111955,0.0016906607400778667,0.018058964795332706,0.002637554273052026,0.07337165655882386,sample_0118
1.319912516324517,7.0,2.8198183650516664,0.9033132460414586,0.4144167293414449,1.2512132262920093,1.0351295623585175,0.7922013857711115,1.4784708137979372,1.9904629240670317,0.6096817219601359,0.6764399948658397,1.1167256700986063,1.10022579592616,41.0,0.9722495478774884,1.0364019384369931,0.9572014426757243,1.4453324916948813,1.4979523803316432,1.2272856650611272,1.066427983118924,0.8816928441205656,1.1311520413210228,1.2640438667135179,1.1667972137222056,1.156538101754742,1.1589678959457852,0.8883060078376255,1.1613426526409745,0.7292371719765809,0.8816040980559456,1.0092012110295063,1.072002613015333,1.390456911137425,S1_Rural_Overhead_AC_500MW,Overhead,AC,460,Standard Aluminum Conductor,100,0.632319272229021,LCC Converter,0,False,0,,,55.836283504930314,0.0291674864363246,41.0,sample_118_1763055490347538,2025-11-13T11:38:12.085204,96417407.5149154,106767366.85500775,60299756.09210552,13915324.250719529,82502083.26419586,0.0,192834.8150298308,7906227.416223062,1941451.0259106285,600000000.0,24600000000.0,6040769221.917609,4071829.106711653,4402548.03182064,1813977.992716212,1633663.6951581538,31484.712070528756,2406680.6994829704,37046138.77553382,41824330.039650515,24441633.153854538,3334017.5634126063,33712121.21212121,87640000.0,0,71746155.24396908,197883988.26053995,9968452825.416449,4183077257.704599,0.0395767976521079,27909365.045887705,1144283966.8813958,499527369.7215515,1.7137073541449652,7010936.726764487,287448405.79734397,70585751.3264178,61036346.27344913,450000.0,18450000.0,4530576.916438206,4077519.224794386,51806664.953285106,39536534.134696595,4418918.2642732505,3372321.16661845,0.0,0.0,0.0,1926559.498421331,78988939.43527456,19396502.203761004,1285109011.7896314,561003337.4969702,31344122.238771494,0.006527923390683645,0.8678413671993657,0.005658667503948958,0.09586646453786415,0.006862494270026266,0.33752815804426267,sample_0119
0.7612940081205478,16.0,1.2964380900762629,0.8644896740829243,0.4883789314782353,0.947945684070175,0.6224928931220688,1.6707201459991294,0.5414536299442888,1.166021456889375,1.005365050034105,1.1523551338154352,1.094577377149341,0.9283120054875484,47.0,0.9327378459009354,1.1385937710490217,0.9713890477461824,1.3601730993310697,0.8802248581517007,0.9260000353225906,1.2718991189360054,1.362831928583278,1.2400693747385891,1.4157843430708363,0.886649800940694,0.7829128109238975,0.9318104336081464,0.9201308673404907,1.1394470056660284,1.6823810881531507,0.9690658996373429,1.1168999891698956,0.9376727336100626,1.1418062222211578,S1_Rural_Overhead_AC_500MW,Overhead,AC,460,Standard Aluminum Conductor,100,0.605142771858047,LCC Converter,0,False,0,,,54.72886885746705,0.027982135377028,47.0,sample_119_1763055492100225,2025-11-13T11:38:13.855528,104668301.28429864,109691945.83521096,38104131.71321562,15106124.388562355,89562176.89573629,0.0,209336.6025685973,9838820.320724074,1184329.6714061603,600000000.0,28200000000.0,3394522477.7919164,3150392.142546422,3286045.96273587,835423.7766968709,1537407.7759105726,54298.39722274623,1558685.9694131033,36525187.89541681,38617385.770969786,13505133.248339675,2813066.6832956015,33712121.21212121,200320000.0,0,126359370.407997,233200939.78085735,13904919532.286182,4535563316.422232,0.0466401879561714,64388089.005797386,3026240183.272477,1037427276.6168004,3.953595557159904,3850791.9331378937,180987220.857481,21785999.62389395,16764957.92151488,450000.0,21150000.0,2545891.8583439356,2291302.6725095436,53395863.006742544,32613887.102633215,7783397.140534318,4754054.365303358,0.0,0.0,0.0,2038073.295437612,95789444.88556775,11530476.0212507,1358888832.2899508,465841524.5094971,28912528.3465947,0.002518245039716107,0.46395339676199976,0.0019722401668390917,0.03502360621114549,0.002645806164075886,0.10630534749835627,sample_0120
0.9070859473009882,17.0,2.7299653788698897,1.0294635135104417,2.052372077958384,0.886767961696483,1.1586840419276925,1.210021650996873,1.81852469954843,1.3310547336019642,1.3481481384415113,0.8919411982277575,1.406704391465487,0.8129227008006636,46.0,1.2186399161189883,0.7090360990493089,1.3190346780092477,0.8267084917635054,0.7162165386853804,1.055181774807492,1.1210556408330474,1.400976224950257,1.0571477039952037,0.7360180136673476,1.3104512753087805,1.343403524435801,1.2611937104494655,1.0391043066198582,1.4272538778968764,0.9924042960791943,1.2329417343802982,0.9351923166622496,1.1980416583961837,1.4344881887432481,S1_Rural_Overhead_AC_500MW,Overhead,AC,460,Standard Aluminum Conductor,100,0.7206244594573091,LCC Converter,0,False,0,,,70.33521957327436,0.0365591974835696,46.0,sample_120_1763055493870295,2025-11-13T11:38:15.619731,117273157.2229482,129440632.78546594,85812315.54771072,16925304.783894833,100347852.43905336,0.0,234546.3144458964,10789130.464511236,5444457.347408652,600000000.0,27600000000.0,13927630524.32755,2279818.9675076874,2462376.6367642386,1420117.5850602237,934431.113417538,65740.38258693053,1279647.471503219,36175523.33575959,40700981.951979205,26913379.74676228,2463402.1236383747,33712121.21212121,212840000.0,0,184283087.86872852,980007667.2251282,56885412811.759384,12664004350.97161,0.1960015334450256,37981297.21954292,1747139672.0989742,413487982.1062304,2.3321500957861065,8991111.314600438,413591120.47162014,208708127.32142636,171477051.88883746,450000.0,20700000.0,10445722.893245658,9401150.603921091,138596149.00684914,117428969.83628727,8878484.42049145,7522512.614360693,69071.64781375235,3177295.7994326083,1603340.6507606984,2374514.98473488,109227689.29780447,55118945.63644444,2181844786.2105694,516367759.4449922,47431408.39588194,0.007824956434890912,1.9199464674710565,0.0064583125194505745,0.21873499756919496,0.0079719355817926,0.45135443730019337,sample_0121
1.3621882152701126,8.0,1.3491182122692944,0.8953855725051619,0.6184443843871885,1.3513304502387125,1.1085565245979143,1.4546918800081121,1.3877559680811389,1.0989875732737773,1.2243357639699535,0.8882165360017229,1.384135056157245,1.4063640401783954,40.0,0.9305671102241921,1.2280823667911984,1.1688339394140548,0.8467309477539164,0.8181745947237711,1.302182054485835,1.262629080945435,1.3311080989541195,0.7315924979625275,1.1660842364450146,1.153672665977499,1.301058120906531,0.8141961129252562,1.4025155749315001,1.1979845849242,1.5751189956782095,1.186557475899121,1.1454461359630537,0.9887116716230143,0.9646641861802114,S1_Rural_Overhead_AC_500MW,Overhead,AC,460,Standard Aluminum Conductor,100,0.6267699007536133,LCC Converter,0,False,0,,,69.20675280786224,0.0279170133067257,40.0,sample_121_1763055495635259,2025-11-13T11:38:17.408031,100738291.53819317,105774613.42240316,57927342.06885094,14538930.545302408,86199360.99289076,0.0,201476.58307638633,8059063.323055454,1719516.3925998434,600000000.0,24000000000.0,5120743164.324717,2235642.0396260805,2323681.2087823222,904261.552955754,957062.5560976084,38178.399435034386,1240401.0840934375,37973830.424783014,40226232.164461166,22229222.47162471,4261709.212661805,33712121.21212121,100160000.0,0,77427261.33428624,295307193.54488254,14436497719.181076,6435369632.627267,0.0590614387089765,60282954.202596426,2411318168.103857,1114387587.4895067,3.701529639843792,12046095.04918106,481843801.9672424,102808264.79983282,84545064.63326174,450000.0,18000000.0,3840557.373243537,3456501.635919184,91816098.23709376,68353631.52272163,4207103.195521182,3132030.0810663374,0.0,0.0,0.0,2315375.05517138,92615002.20685518,19760734.97769466,1535114614.1649225,709451242.9043572,38377865.35412306,0.007823758245150116,1.3156641415195054,0.006455795438296384,0.11098786578178399,0.008253304337474624,0.42412855632704766,sample_0122
1.0495989714834602,3.0,0.7427653764455912,0.8794630000615815,2.2298221842203114,1.2792452991054484,0.5214010468272124,1.6176185772845815,1.0174560343061325,0.8214099707145611,0.6524555254708813,1.6257275513181724,0.9372779018013977,1.1154779423941075,53.0,1.2732060641722505,0.9423170567237179,1.2642309055700067,1.2852513162615038,0.9964101825884133,1.1451449314246105,1.3265853842423343,0.7440928849711017,1.4734501668931903,1.2112559738575623,0.7907755452291545,1.17763285019576,0.7339116397962999,0.8204881384953169,1.2555043538598163,0.7874408880554762,1.525256946189857,1.1069741620734577,1.170344867612175,1.6162153183202872,S1_Rural_Overhead_AC_500MW,Overhead,AC,460,Standard Aluminum Conductor,100,0.615624100043107,LCC Converter,0,False,0,,,46.86389509006988,0.0381961819251675,53.0,sample_122_1763055497422737,2025-11-13T11:38:19.155049,101109942.3411803,103862416.44942506,85460982.14805864,14592568.59225784,86517373.74892245,0.0,202219.8846823606,10717653.888165113,4157489.8422012,600000000.0,31800000000.0,12335552011.806246,3428710.5263857534,3500756.1821163883,2089014.8340917437,1452723.457471336,12590.348000590217,1963396.7209138272,37092357.40119426,38290650.120379,32111842.652015623,3380236.1890730527,33712121.21212121,37560000.0,0,35003610.582486495,1064740092.9651988,73942559182.19922,25191969264.74233,0.2129480185930397,30136937.667659186,1597257696.3859367,591677781.8239547,1.8504860869303692,7081089.461322845,375297741.4501108,145581912.25066835,98246607.10676916,450000.0,23850000.0,9251664.008854683,8326497.607969213,28368783.402578168,25949792.907285444,1684244.419400516,1540629.8278100498,893186.4860426878,47338883.76026245,18363247.258036707,2747216.879792068,145602494.6289796,56480727.84731187,1343594660.5210445,497712491.9832074,25350842.651340462,0.003982542875381804,1.2939260898285134,0.002741213948178734,0.20403179855430126,0.004034188079466693,0.5928746919576514,sample_0123
0.9776707361138309,15.0,1.926608975184834,0.9941375216330166,1.6842862871001278,0.8278878228211918,0.6903889203948933,0.7507163165778161,1.4285544835940274,0.9364999492296628,1.0166421728697856,1.4082231778383987,1.223691955480645,1.2489873141598071,51.0,1.23163536072006,1.1248771483949906,1.308495091613073,1.1106819235362244,0.826387336764545,0.8224417469481644,1.0091592607080568,1.417133542143308,0.8424269526738908,0.7165077887937936,0.9495920993552787,0.800147104641915,1.0610952327902277,0.9865785583872364,1.3514985020450632,1.352641071399185,1.3942871310497864,0.9783378154290889,1.2994161702629188,1.2549389226854233,S1_Rural_Overhead_AC_500MW,Overhead,AC,460,Standard Aluminum Conductor,100,0.6958962651431115,LCC Converter,0,False,0,,,61.18459777403225,0.0369490608216018,51.0,sample_123_1763055499169691,2025-11-13T11:38:20.910917,121483845.85417756,130249014.6911728,54273190.309542,17533007.263484012,103950838.59069352,0.0,242967.6917083551,12391352.27712611,2025748.805936519,600000000.0,30600000000.0,5002514017.463974,2904261.7322606454,3072531.7632261515,923851.9985588096,1255407.143875793,45211.86585268682,1603642.7225321657,37496931.255029716,40723939.96919353,17415405.253853064,3784810.042908507,33712121.21212121,187800000.0,0,130997011.29505362,804246702.090311,53166991396.91188,11932394900.575815,0.1608493404180622,51768279.084589615,2640182233.31407,638969670.8339291,3.178706517788085,3144978.022712644,160393879.15834486,26221327.738726884,18836231.44365246,450000.0,22950000.0,3751885.513097979,3376696.9617881807,54102411.200343445,36193987.94758484,7616974.038833176,5095681.697765892,652088.332305071,33256504.94755862,5436801.704968037,2580230.365488478,131591748.63991237,21512730.952737164,2002876433.6460457,484730667.21663886,39272086.934236184,0.0016349783148762315,0.4127834036478571,0.0012116704321176702,0.03951095787961432,0.0016793830155411396,0.10944145258239321,sample_0124
1.1080402082270462,12.0,1.7387978517737943,0.8480600174062951,0.48420555524322983,0.8132790528374254,1.0441379078303652,1.9487070506447546,1.6459013072985882,1.5799846944756795,1.2912677421262142,0.5953262142447711,1.263232373461243,1.0203903088209403,49.0,0.8497434424590997,1.340381392781596,0.8782234061148259,1.035842892428438,1.2567958621408684,0.9011974282252971,1.2358431971791373,1.3966894751824328,0.9510931813106083,1.318879033703214,1.0410619507755206,0.9641607460052726,1.0971530133129885,0.8747358500908591,1.1324259972783257,1.4596484443071778,1.5666058964233698,1.2049584204688224,1.0074812162676068,1.1259420162770168,S1_Rural_Overhead_AC_500MW,Overhead,AC,460,Standard Aluminum Conductor,100,0.5936420121844065,LCC Converter,0,False,0,,,63.16161867306215,0.0254923032737729,49.0,sample_124_1763055500926441,2025-11-13T11:38:22.683988,111102136.49554892,118312027.14976174,39267071.18020914,16034679.775476225,95067456.7200727,0.0,222204.27299109785,10888009.376563797,970258.3708043146,600000000.0,29400000000.0,2619909215.2737827,3548504.852502388,3689212.0116001535,726193.645897437,1170816.3602297194,39633.02435256998,2338055.4679200985,36804213.05703315,39658533.8839826,13668038.426516227,3092091.8449119404,33712121.21212121,150240000.0,0,94937456.5827516,231208152.62864223,14527925854.24492,5551640150.400286,0.0462416305257284,55863665.26052431,2737319597.7656913,1098996541.2287583,3.430173844121868,11211966.051680822,549386336.5323603,48957221.96689232,43128118.44419415,450000.0,22050000.0,1964931.9114553367,1768438.7203098035,129015285.42168924,76978447.51464751,6182459.033298207,3688834.983007344,91265.20035182498,4471994.817239424,398510.8990592573,2799936.791339796,137196902.77565002,12225967.003025398,1592439024.281225,639342582.1490669,32498755.59757602,0.005015602428059876,0.9489548481262189,0.004422108335475654,0.057721559612705045,0.005352672871213904,0.20967631813853782,sample_0125
0.9727026711008305,5.0,0.5952621095412517,1.092765704399188,2.1778127811644867,1.4388009722981954,1.0652125887179325,1.6406141231681055,0.9074020697121417,1.4158384034789124,0.6627236560533778,1.6946582605480218,1.1009174583730008,0.7665281266566452,47.0,1.1557197069900826,1.2717781983073793,1.3619342644686023,0.8373702445087956,0.852688825693213,1.2593525893721043,1.2638884031463689,1.3595747539333187,1.0653898435881413,0.730014124548687,1.1023516510659226,0.7173991107963111,1.0637632779120278,0.9636090049523617,1.0881814238480505,1.088579970918321,0.7962705748591266,1.0508132634442275,0.9947239448649795,0.7470473129570714,S1_Rural_Overhead_AC_500MW,Overhead,AC,460,Standard Aluminum Conductor,100,0.7649359930794316,LCC Converter,0,False,0,,,55.04587291865004,0.0346715912097024,47.0,sample_125_1763055502699172,2025-11-13T11:38:24.477223,96622049.30434148,98724371.76108184,66412380.51058032,13944858.92633991,82677190.37800156,0.0,193244.09860868292,9082472.634608096,2237408.3363191346,600000000.0,28200000000.0,6946887441.618161,2457563.117083149,2494990.339135168,1106267.0112169082,946482.1248538812,23076.682145251863,1488004.310084016,36034933.717141345,36968884.28077524,25565847.89992688,2322812.505020137,33712121.21212121,62600000.0,0,52955527.46977919,1039905603.0060424,62005769550.33145,23627918820.23384,0.2079811206012085,41662132.646985985,1958120234.4083416,792897508.2611277,2.558162931658055,9298618.266612155,437035058.5307713,107660757.43454872,71171119.04988572,450000.0,21150000.0,5210165.58121362,4689149.023092261,43144940.12080359,35769861.94069825,2517867.949293563,2087470.4815666876,0.0,0.0,0.0,1817759.2563453864,85434685.04823315,21046281.58298488,1899655106.256568,769223346.880678,40418193.75013975,0.0034896903772903788,1.2125641601686168,0.002345412267745614,0.115598540858072,0.003574705772510188,0.5447936749657045,sample_0126
1.2852707071581022,6.0,2.1483729864747527,0.8721037148992239,1.9969501492979291,1.3679413403012113,1.0825864222129313,1.8538746173711271,1.8626419861041743,1.5207899023183786,1.2269490759815778,1.5634837569092608,1.0542553503410799,0.8794129588064898,54.0,0.816197628986419,0.9665593098277959,1.3521224956511015,0.7355909461346468,0.8483750959094309,1.3148290731698604,1.3901857544043335,1.447315957686279,1.0222479698022617,1.3859245264139972,1.4578719790536412,1.202009064095853,1.1426148725651768,1.1232716447663822,1.2294177660192218,1.942022278106416,1.2769359263354365,1.281040656713119,0.9385416278020434,1.7541828535593158,S1_Rural_Overhead_AC_500MW,Overhead,AC,460,Standard Aluminum Conductor,100,0.6104726004294567,LCC Converter,0,False,0,,,52.71276751705399,0.0244859288695925,54.0,sample_126_1763055504492507,2025-11-13T11:38:26.271923,109582716.02932411,118435148.35080265,84148597.75261076,15815391.27762456,93767324.75169957,0.0,219165.43205864824,11834933.331167003,3958005.53435914,600000000.0,32400000000.0,10835665544.099085,2606878.277601354,2732118.454049083,1313348.0776603487,831440.6754794645,28911.8960198478,1746525.7061020413,36377008.96608027,39904331.228083126,28485078.00778368,2664887.7539590597,33712121.21212121,75120000.0,0,66641658.585152246,953543696.2897612,67836096798.38606,28998396233.52596,0.1907087392579522,74325076.62768877,4013554137.895193,1817391346.962721,4.563752353550078,19722537.778453745,1065017040.0365022,356178038.4136397,244802322.88813403,450000.0,24300000.0,8126749.158074315,7314074.242266887,138564067.07222193,118569095.73309584,3666767.8439136385,3137648.5744275004,333250.58135560894,17995531.393202882,6018319.736576603,2430607.579477682,131252809.2917948,43895418.00028733,1522043891.6565502,689201964.9807702,28185997.99363982,0.008532363025917113,3.197141753254353,0.00590480470883027,0.3484939198800204,0.008672350040705209,1.0228477475049822,sample_0127
0.9488003455291465,3.0,2.0021459225745364,1.078849347242567,2.50956156691331,1.0339327113274848,1.1217523276593468,1.7999301364029077,0.9649888239762631,1.5574466968413003,0.9823168149541693,1.959098442770024,1.3783637494994236,1.3607241694087535,48.0,1.1891150461152986,1.2968975921587704,1.3296777556116395,0.9580350383916605,1.1212537810452987,1.2698449947679031,1.428261454159515,1.3164497009976452,0.7950079899820809,0.9277977770171151,0.7278203718426292,1.07112336656215,0.9687032263959547,1.3872096333632187,0.7818619055100117,0.6547956500511416,1.0889510404557028,0.9552034770390201,1.2251466872540475,1.3444518232711573,S1_Rural_Overhead_AC_500MW,Overhead,AC,460,Standard Aluminum Conductor,100,0.7551945430697969,LCC Converter,0,False,0,,,68.91818747497118,0.0356734513834589,48.0,sample_127_1763055506286919,2025-11-13T11:38:28.059399,123397946.39619608,132663086.26986004,94402434.38306056,17809257.479883425,105588688.91631263,0.0,246795.89279239217,11846202.854034822,2812032.6230532196,600000000.0,28800000000.0,6836497782.607925,3152449.495464826,3303683.2935265787,1449370.441888602,1082869.9070305736,13961.368515202745,2055618.21991905,37835527.78608713,41220603.44598808,29715880.154154405,4123406.57396592,33712121.21212121,37560000.0,0,33378889.428778592,1198315648.2011054,73364008912.36835,27428745065.129932,0.239663129640221,25060339.118757293,1202896277.70035,479918152.3297423,1.538769777620183,8424011.073933903,404352531.54882735,95984555.04602288,58375916.58189544,450000.0,21600000.0,5127373.33695594,4614636.003260348,32339184.590466954,27138623.58838008,2250965.6651585414,1888981.143795227,0.0,0.0,0.0,2190926.849981021,105164488.799089,24963777.586252365,2384829138.5071573,951472554.1944,49683940.38556577,0.00281551705584204,0.8052384528695056,0.0017540064559808783,0.08662609280660043,0.0028921422675051702,0.4686532253739493,sample_0128
1.2869311967362236,13.0,2.720922006694805,1.0164452804759414,1.2795395831132166,1.0364206873388768,0.8617281171625956,1.6017329759399819,1.2966977388075331,1.4873601007108466,0.8522190886276187,1.3892551108791025,1.2344424977528106,1.1985468229239755,59.0,1.235684539367902,0.9953655734769553,0.8579032679968894,1.0680817229634705,0.7448668881259447,0.7689298458093994,1.15289191599588,1.346243926712398,1.4333549458167212,0.8807053995455953,0.8282516869411534,1.0059236891754448,1.0502722668796658,1.1825586694615111,0.9946782560677968,1.201727150168605,0.8948789340759246,1.267936941025197,1.093619171752887,0.5401493174438088,S1_Rural_Overhead_AC_500MW,Overhead,AC,460,Standard Aluminum Conductor,100,0.7115116963331589,LCC Converter,0,False,0,,,61.722124887640526,0.037070536181037,59.0,sample_128_1763055508074604,2025-11-13T11:38:29.883862,108764624.7198864,120010060.99894115,50302194.28427763,15697321.2513613,93067303.46852513,0.0,217529.24943977283,12834225.716946596,1760818.3535979935,600000000.0,35400000000.0,4856776800.727695,2929515.1744361343,3164517.6046971874,901893.5061733052,1207256.0080768922,36634.14794480163,1685625.0184144406,37344081.2815878,41974367.622388944,18140345.896190707,3631960.0694665927,33712121.21212121,162760000.0,0,115829587.24316062,610980150.936561,48799571351.35781,10060566690.50398,0.1221960301873122,45992501.491252854,2713557587.983918,618320621.1431068,2.824058802896222,8895546.730559457,524837257.103008,72006141.65128376,51999161.590537645,450000.0,26550000.0,3642582.60054577,3278324.340491193,121827535.0762397,81445724.50249684,7074414.903012662,4729479.643879793,103648.49755349188,6115261.355656021,838996.0305801345,1943484.914346804,114665609.94646142,15731787.407606335,2411864345.8659096,549575755.1092589,40879056.70959169,0.004619791794040388,1.090912712528249,0.0033757406806919684,0.09013777893002291,0.004780225931394413,0.26114508533321096,sample_0129
0.8879285424433851,14.0,2.843413222763787,1.0387585109393782,0.363836629745062,1.1499194642525066,0.8761897281251311,0.6594395038378679,0.6785580664829292,1.4823319003303008,0.8749169263476523,0.6557478440775681,1.3480103273129638,1.1877141044110395,47.0,1.2428322708428128,0.8832158570484433,1.2285142105993063,1.052383479831604,0.7352785085259064,0.9799497291225654,0.8987866086384448,0.8156851364313491,0.8667722784344185,1.0649849459839316,1.005606735776825,0.826902251479654,1.1101660908734674,1.3726498476947442,0.8404762648529533,1.9570550635471569,0.818280899396804,1.105204288201306,1.248129975113562,0.7944286849587328,S1_Rural_Overhead_AC_500MW,Overhead,AC,460,Standard Aluminum Conductor,100,0.7271309576575647,LCC Converter,0,False,0,,,67.40051636564819,0.0372849681252843,47.0,sample_129_1763055509898925,2025-11-13T11:38:31.828901,98652963.73024268,109336145.19212016,58717726.88412283,14237968.163460886,84414995.56678179,0.0,197305.92746048537,9273378.590642812,2745135.489104865,600000000.0,28200000000.0,8347855103.3028755,2583513.730306658,2826536.337562548,1217155.9979744754,1189512.2362945098,50279.14192003524,1343722.3520921126,37311254.86185163,42160918.32033696,22977598.171079837,3599133.6497304225,33712121.21212121,175280000.0,0,138952297.72084227,173731990.70326713,10359003497.940104,2455077722.051956,0.0347463981406534,74900411.39207679,3520319335.427609,890285527.3255798,4.599079399335819,3294991.0914333174,154864581.2973659,45843513.6632652,39831156.61333988,450000.0,21150000.0,6260891.327477159,5634802.194729439,31200532.56109297,23693541.755042817,7579535.950243704,5755864.941385358,0.0,0.0,0.0,1845822.4201309253,86753653.74615347,25681096.84946801,2163700110.465263,547197771.0755008,46036172.5630907,0.004161641655019568,0.6284265568813991,0.0036314209536541775,0.06300882664643574,0.004351840342018685,0.18625983831308235,sample_0130
1.1286325874387129,10.0,1.0808454812603987,0.9182368129176048,1.0706241493395,1.227773934019274,1.1290344671102703,1.6461331035593076,1.5757471902820663,1.1163332757581834,1.3948070444050007,0.9613790414912542,0.7728496279058563,1.3153750223133465,56.0,1.2045352448905104,1.0049267184556245,1.2141407293243272,0.7227160521932832,1.2479915763974798,0.9504265198992475,1.146223420892519,1.087024834572388,1.4889561832319311,0.9576903849007561,1.0332035534537578,1.182587648304063,1.1186942440088754,0.9813507426445163,0.853718615950306,0.7036256146168749,1.1667332911835167,0.8545795820241305,1.0904571526737705,1.0435812095209704,S1_Rural_Overhead_AC_500MW,Overhead,AC,460,Standard Aluminum Conductor,100,0.6427657690423233,LCC Converter,0,False,0,,,38.64248139529282,0.0361360573467153,56.0,sample_130_1763055511844684,2025-11-13T11:38:33.609837,101366822.79984282,105407055.74620517,63969891.833581254,14629642.549835568,86737180.25000726,0.0,202733.64559968564,11353084.153582396,2721143.229083894,600000000.0,33600000000.0,8053354600.420936,3463592.1739263367,3523236.8407423813,1212277.414609441,816888.143842711,34831.69191412575,2611872.3381695,37698106.12822226,39480107.8523046,23860380.118298,3985984.91610105,33712121.21212121,125200000.0,0,100333713.77172938,511223031.30961126,38127515655.543236,10042517577.620916,0.1022446062619222,26929159.52261704,1508032933.266554,433981701.5374265,1.6535201943496562,13847839.00980332,775478984.5489858,185869263.32581335,150131100.48204222,450000.0,25200000.0,6040015.9503157,5436014.35528413,127041408.05052914,99698887.48194924,4986380.466567179,3913185.4149533734,0.0,0.0,0.0,2290099.219658984,128245556.30090308,30738301.810101785,1242737776.0831726,357635064.01758635,22191746.001485225,0.009988024943879034,2.155253647177744,0.008096576826839152,0.28053514373737887,0.010177461239739057,0.5878712933645165,sample_0131
0.9425021911541671,20.0,1.6666530762697511,0.8253242514884395,0.9112131937145828,0.9673437220478094,0.9578705829428484,1.8813794638059125,0.5098775827926619,1.6364813169017811,0.7433661812864808,1.3987868731573718,1.0912686971407324,1.1911639292011187,50.0,1.2327919714238227,1.0925716051191654,0.9285799584557548,1.3278566344152927,1.4904643273105709,1.245857485606955,1.4416630808816067,0.7822326674152004,1.2910288141079844,1.2657368835009404,1.486158285982384,1.2178096689697928,1.0304558155270187,0.9333620558208267,1.1771324515668113,0.8766104820746924,1.1240313283698147,1.0669169024195888,1.0583645629154268,0.8016399213885022,S1_Rural_Overhead_AC_500MW,Overhead,AC,460,Standard Aluminum Conductor,100,0.5777269760419076,LCC Converter,0,False,0,,,54.56343485703662,0.0369837591427146,50.0,sample_131_1763055513625008,2025-11-13T11:38:35.369804,97973922.10432714,104060042.97374904,28948587.01215689,14139966.312468488,83833955.79185866,0.0,195947.84420865428,9797392.210432714,938559.4234314426,600000000.0,30000000000.0,2873905841.2870965,4415659.064574169,4588114.338151892,828373.714435461,1500880.3776875883,91317.57836927584,2823461.1085173045,37321708.876367025,40084982.34239739,11397770.482458062,3609587.664245814,33712121.21212121,250400000.0,0,146042765.50343615,435104299.9987134,28048207760.02779,5376743584.712686,0.0870208599997426,33549636.369962625,1677481818.4981313,345803613.4396171,2.0600346328755275,4585039.216259571,229251960.81297857,21961618.310231328,15817693.62910249,450000.0,22500000.0,2155429.3809653223,1939886.4428687904,72379814.40931392,40612475.958877906,9749993.884321388,5470743.403498625,0.0,0.0,0.0,2235654.2170715136,111782710.85357568,10708432.85589992,1352459553.4832177,278802068.35514426,27049191.069664348,0.002644354317262952,0.5857244718550974,0.001947059778158521,0.046046888731335306,0.0027277405898850533,0.09845794375150216,sample_0132
0.8895388555343733,10.0,2.025727192490157,1.0263562416178007,0.4176791054152998,0.9073721279546296,0.7065076118449911,1.3613509053946808,0.8839863912271866,0.7589433010336901,1.4800731908653146,1.937826948196314,1.4515151587922033,0.835116096314716,52.0,1.2118794677325693,0.8985129657955552,1.117697956489515,1.079595469976237,0.9754668737045393,1.371141788880809,1.3483809104121367,1.078085871106079,1.3743829849351707,1.2547379840264061,1.2416956301951452,1.4431902796412315,0.7195328780896505,1.4987546177135647,1.4564716581169455,1.9285661289461986,0.7128799085159303,1.1190844698628737,1.122589005516471,1.1324390678985004,S1_Rural_Overhead_AC_500MW,Overhead,AC,460,Standard Aluminum Conductor,100,0.7184493691324605,LCC Converter,0,False,0,,,72.57575793961017,0.036356384031977,52.0,sample_132_1763055515384991,2025-11-13T11:38:37.152131,110623135.67002788,119030553.92838451,72719870.14917049,15965548.56799736,94657587.10203052,0.0,221246.27134005577,11504806.1096829,3268675.742706209,600000000.0,31200000000.0,8864354792.26382,3202769.0790327815,3375341.913765187,1464961.575716585,1220270.0312155648,50250.26907492273,1932248.778742294,36242776.04943853,39548619.36339304,24243980.67661759,2530654.837317321,33712121.21212121,125200000.0,0,103027379.9668942,199441772.83580565,13515947992.775476,3634971517.127469,0.0398883545671611,73810082.88702892,3838124310.125503,1115051189.8303456,4.532130403023567,4725999.076139874,245751951.95927343,69821554.26469143,42761136.38087738,450000.0,23400000.0,6648266.094197867,5983439.484778077,47273194.053361885,37583033.22778272,5411577.2366205705,4302300.514516634,0.0,0.0,0.0,1711436.156757811,88994680.15140617,25284628.829682805,2534112634.3510146,736209950.4288346,48732935.275981046,0.005229605951496828,0.7769048360246223,0.0033335363265383643,0.07585503192886787,0.005506864516419431,0.28124779042974896,sample_0133
0.8324974999425481,1.0,0.8863450733639121,1.0431003993426167,1.8624745664654827,1.3863390640910502,0.9483512557564969,1.3133453961009276,0.7290242841543201,0.893674893470972,0.7857568875775007,1.3377640051753823,1.200464097059255,1.2806099358061118,45.0,1.0778762577994323,1.2988724845176738,1.209390578746139,1.3795310673352505,0.7340775257007656,0.7474648889988988,1.0519975303820495,1.3654032859951157,1.1265627765615571,1.0006054938352669,0.7080138575344214,1.4202176101029593,0.7180931311782497,1.0511733268482295,0.7680967877806172,0.5957779322667038,0.9073245135286896,0.9431229309390562,0.9364592519194195,1.8229163387305296,S1_Rural_Overhead_AC_500MW,Overhead,AC,460,Standard Aluminum Conductor,100,0.7301702795398316,LCC Converter,0,False,0,,,60.02320485296275,0.0323362877339829,45.0,sample_133_1763055517167752,2025-11-13T11:38:38.958930,90650425.93773036,93602881.3761473,75530624.23886779,13083011.69780172,77567414.23992863,0.0,181300.8518754607,8158538.334395732,2322442.3863364076,600000000.0,27000000000.0,7685928760.881083,2797051.1848375136,2889788.3702756483,1830980.679320963,1559288.1458062076,2739.3455659250553,1235023.693465381,37592757.38123064,39043892.35201788,32941454.92916366,3880636.16910943,33712121.21212121,12520000.0,0,11752995.684913885,889331605.4872681,50230404863.10794,23484025562.62632,0.1778663210974536,22801613.02371129,1026072586.067008,505474084.81077224,1.400078140826754,5797752.327250184,260898854.72625825,74268518.934129,54397768.66457618,450000.0,20250000.0,5764446.570660812,5188001.913594731,9013927.381252935,8014749.815429988,848855.2830137605,754761.208417417,0.0,0.0,0.0,1959353.0281490793,88170886.26670857,25099079.65295074,1855849588.618824,914247086.504156,41241101.96930721,0.0024439096953684436,0.7255733940250328,0.0018195282594305022,0.07462321694881033,0.002514097547816914,0.505746843213098,sample_0134
1.3279697774242345,19.0,1.857438617919279,0.8714257027120345,0.32354572861553804,1.3621703218399925,0.8781949890881658,1.237726153537622,1.0245845861265397,1.5821037290205273,1.2986382777662138,1.5509455062383302,1.2164257480961962,1.4976669407987397,45.0,1.0496324588495929,0.9326182124529232,0.9985851964857468,0.7072500107550019,0.7089063529763145,1.003620578723849,1.377036360072569,0.7876469725566551,1.0704598622019694,1.1430009722350856,0.9668156930253426,1.3958758369287232,0.7886398085825506,1.3967009286754208,1.388008241534373,1.8132606466913948,0.7590483033610319,1.0492448631319837,0.980239041371418,1.3763570317873106,S1_Rural_Overhead_AC_500MW,Overhead,AC,460,Standard Aluminum Conductor,100,0.6099979918984241,LCC Converter,0,False,0,,,60.82128740480981,0.0314889737654877,45.0,sample_134_1763055518974593,2025-11-13T11:38:40.738520,84332506.60247867,90191301.95136423,34825652.47047289,12171185.727721397,72161320.87475727,0.0,168665.01320495733,7589925.59422308,1367592.022473978,600000000.0,27000000000.0,4864999550.839093,2087206.9816898769,2190259.925023853,633566.7035098776,799406.8303382294,69884.22978867828,1217915.9215629692,38250505.8812083,41408821.92388046,16300605.227393365,4538384.6690870905,33712121.21212121,237880000.0,0,159850805.6273591,154493085.41391942,8725935501.460133,2305595473.3218803,0.0308986170827838,69397111.47017306,3122870016.157788,868324278.294051,4.2611625197247776,8932200.700038353,401949031.5017259,72425253.98948538,49959729.546852954,450000.0,20250000.0,3648749.663129319,3283874.696816387,129708152.85702176,84169396.28505108,9385847.378063677,6090604.869734542,0.0,0.0,0.0,1770300.8601853156,79663538.7083392,14354188.149419364,1461907667.097914,406488234.6679131,32486837.046620313,0.008681274004323662,1.4697500335915386,0.006075956242920532,0.10506288777419402,0.009103559745735837,0.23953344265358184,sample_0135
0.9625662111007425,7.0,1.2356082021560968,0.8501454731319579,1.668993904747443,1.0128837721444774,0.9330661719505879,0.8526075328092926,1.8873754481002254,0.5311213709298886,0.8567416467195703,1.7877781691868089,1.1817538266500063,1.312337090649407,57.0,0.9933071429450919,1.0731316227023728,0.9416682467192484,1.483553713948504,0.7710762486774015,1.4872171260016225,0.8673441929317622,1.3810349476764212,1.004263516215337,0.8424881888345879,0.7048165530326068,0.7257472901494241,1.2130923487808425,0.749315703627307,0.7876036804365949,1.5227660182765472,0.6848564443502991,1.1678877788092374,1.2556459241411002,1.889649199502574,S1_Rural_Overhead_AC_500MW,Overhead,AC,460,Standard Aluminum Conductor,100,0.5951018311923705,LCC Converter,0,False,0,,,59.08769133250031,0.0297992142883527,57.0,sample_135_1763055520753970,2025-11-13T11:38:42.553364,118675284.1898493,124097936.01458606,75781384.67958978,17127665.041113827,101547619.14873548,0.0,237350.5683796986,13528982.39764282,2583657.9193171817,600000000.0,34200000000.0,6531245162.68444,3361420.0508069424,3502139.2772757383,1505847.8564442543,1676865.258493309,38152.97801607435,1646401.8142975592,37688900.27469517,39733186.33327204,24337362.850377884,3976779.062573961,33712121.21212121,87640000.0,0,70891532.30907308,796944589.516904,60828223712.29559,21153472272.32187,0.1593889179033808,58279301.05148002,3321920159.934361,1247624963.473694,3.578500142949886,5447678.467330417,310517672.6378338,59300206.0626866,38097083.29725654,450000.0,25650000.0,4898433.87201333,4408590.484811995,48324265.08104307,37854286.38592694,3706023.690970244,2903073.2679688693,894815.8778279532,51004505.03619333,9740436.455928424,1675706.2399466317,95515255.676958,18240747.122885942,1738800111.0525894,653047129.5501908,30505265.10618578,0.00215220589157482,0.6317234493342331,0.001424967283297212,0.07157953040000417,0.0022003784708726133,0.26328362828818314,sample_0136
0.9582145835883471,14.0,2.9311726266590985,1.0543948231499969,0.4128140681141135,0.856489439620226,0.5515290260615433,1.6932836914095981,1.668816620492565,0.8854534934217986,1.2508468521468807,1.1015910014315091,1.363867906821155,1.1503167867714246,49.0,1.0565113233814387,1.047140178033529,1.1041820101308648,1.3525708668031016,0.9158091005275949,1.2972361814738402,1.4161515253673458,0.8370209904595076,1.4390163060442887,0.8783711882799129,1.2461422057965645,0.8239205317042467,1.3070290443673547,0.7787132334633453,0.8975356676027088,1.7322755417306768,1.4519495979646264,1.2283509334888338,0.8765579738835008,1.355339432758144,S1_Rural_Overhead_AC_500MW,Overhead,AC,460,Standard Aluminum Conductor,100,0.7380763762049978,LCC Converter,0,False,0,,,68.19339534105775,0.0316953397014431,49.0,sample_136_1763055522569175,2025-11-13T11:38:44.429458,77781391.8111337,86478376.0265181,35758436.36810119,11225704.109050538,66555687.70208316,0.0,155562.7836222674,7622576.397491102,1276007.3086600455,600000000.0,29400000000.0,4921513792.4957905,3339118.399950083,3662104.193254084,1149620.3628335586,1528814.949447142,66558.43675831053,1743745.0137446304,37197929.656883106,42195335.08678826,18046924.492127255,3485808.4447618932,33712121.21212121,175280000.0,0,124709664.54872136,197118717.52448913,12385921863.57388,3466174014.601847,0.0394237435048978,66297649.53311647,3248584827.122707,965952187.0480522,4.070847523067091,5567614.148644272,272813093.28356934,45668483.03974584,35606885.04662352,450000.0,22050000.0,3691135.344371844,3322021.80993466,147519656.6939546,98528844.95076336,7619027.681996594,5088772.669207141,3722891.26112972,182421671.79535627,30537101.149353266,2653750.0108048986,130033750.52944005,21767445.46668694,2331345490.2169347,693215167.4900975,47578479.39218234,0.004753559224563826,0.8981827904511008,0.0037490335287867923,0.0479183315362161,0.005093607560356312,0.14652735727062605,sample_0137
0.9041627890351804,15.0,1.84231696388164,1.042492676020407,0.7395937476574557,1.0726066970876875,0.8041294275440927,1.7571517745451013,0.5239282728152611,1.8764529354246935,1.3711863771422113,0.6930133305789673,0.8333215975415905,1.4934757835995303,48.0,1.3928250035249687,1.2356619102275448,1.208475520270234,1.0859315588432341,0.9249186896838427,1.0191770257530415,1.0946729370823427,1.4682231945762267,0.7837725069211052,1.2414214742969736,0.7883519538815132,1.368482937283092,0.8313344100107058,1.3503017819093228,1.1888411962016567,1.762544590867527,1.199943913535824,1.299542950296016,1.0967410296376596,1.9884208425745575,S1_Rural_Overhead_AC_500MW,Overhead,AC,460,Standard Aluminum Conductor,100,0.7297448732142848,LCC Converter,0,False,0,,,41.666079877079525,0.041784750105749,48.0,sample_137_1763055524445323,2025-11-13T11:38:46.274646,115900000.42212726,123884111.61031322,43219718.99609995,16727125.61041365,99172874.8117136,0.0,231800.00084425457,11126400.040524218,1343288.088056437,600000000.0,28800000000.0,3477018334.3329315,2973711.5055533336,3130570.7910700087,765133.2778194869,1227431.7316622008,56026.94067935129,1690252.8332117817,38237805.404847056,41368396.83519432,14876719.413234618,4525684.192725849,33712121.21212121,187800000.0,0,121273364.25012584,353156014.50643504,21621132157.124645,4315924152.771298,0.070631202901287,67456106.581682,3237893115.920736,696615656.7358041,4.141979788538689,6004893.601591175,288234892.8763764,34798541.91408505,29975371.227850676,450000.0,21600000.0,2607763.7507497,2346987.3756747297,59872301.35262013,36876052.853908,7579042.633746738,4668021.279122519,0.0,0.0,0.0,2332442.7631581756,111957252.63159244,13516577.085471902,1373014317.0054913,295396801.53291833,28604464.9376144,0.004146353853211122,0.635496209031712,0.0035828166871498843,0.07032110703966468,0.00428671668250165,0.15814020264649634,sample_0138
0.7252432729376299,15.0,0.7126732227946504,0.8391573507593295,1.2150512097551056,1.192168394646566,0.6045129706053137,1.599769675499489,1.4076868484025864,1.860926123257409,0.5709010600213523,0.8579569961618638,1.415747459541553,1.1575033426108101,55.0,0.701125821096415,0.7474110779330413,1.1911486793650894,0.9188250373382199,0.8241919248491154,1.1052908898585607,1.1180363372389095,1.3253317150450488,0.7518918083949635,1.1518603072285012,1.3540945277379466,0.9206009382863533,0.8368935901892227,1.4954559139383488,1.253569917993011,0.6079891545042684,1.5894035840478118,1.0226433543729079,1.2703553061804884,1.5054551349722507,S1_Rural_Overhead_AC_500MW,Overhead,AC,460,Standard Aluminum Conductor,100,0.5874101455315306,LCC Converter,0,False,0,,,70.78737297707764,0.0210337746328924,55.0,sample_138_1763055526291518,2025-11-13T11:38:48.166407,126021151.4031776,129310987.71440113,85856874.37754364,18187848.32970079,107833303.0734768,0.0,252042.3028063552,13862326.654349536,5424849.519105362,600000000.0,33000000000.0,12914140504.278652,2782885.7221844485,2832253.197892614,1447897.3545584758,1038550.7240216848,60760.854645224696,1683574.1435175394,37219707.098820634,38371952.346934594,25736348.504456192,3507585.8866994246,33712121.21212121,187800000.0,0,157054427.99540114,580186952.6580629,42268045221.9347,17056164995.157309,0.1160373905316125,23268960.92118736,1279792850.665305,543786832.6609046,1.428774513085031,8053071.386908787,442918926.2799833,173330825.63587698,143588746.73491442,450000.0,24750000.0,9685605.37820898,8717044.840388093,151863602.1104752,125933721.5729362,7070702.950257593,5863419.043721324,2457251.0683829463,135148808.76106206,52888809.25231035,2829003.84306096,155595211.3683528,60890255.194055855,1974454642.2048235,838950175.0685883,35899175.31281497,0.0057418470309927505,1.6190252770946718,0.004778349967344429,0.1345662766827818,0.005897061925349322,0.35121401679792036,sample_0139
0.850281569220258,6.0,0.7943142523445023,0.901259853791304,0.7992461362376653,1.1964625390360277,0.8591613763916772,1.8099462314119998,1.2493851461368397,1.1842199582608623,0.9070702365568409,1.0428750914888936,1.2912668488214123,1.1228557996907018,56.0,0.9816299227746945,0.9726782343077054,1.1604695305887276,1.1076357215925876,1.4259322014595395,1.2914621652979186,0.8820496765143111,0.9271851037181453,0.9369991306406014,1.3824353446178987,1.3108011392782568,1.1947652085153264,1.3143193720134054,0.9959379721596753,0.9525901061851831,1.872473011727203,1.0070459389553688,0.8512142676373927,1.1987080144669022,1.3116889353587065,S1_Rural_Overhead_AC_500MW,Overhead,AC,460,Standard Aluminum Conductor,100,0.6308818976539128,LCC Converter,0,False,0,,,64.56334244107062,0.0294488976832408,56.0,sample_139_1763055528182384,2025-11-13T11:38:50.063931,109525780.35273238,112717267.37143838,79744449.40064308,15807174.105833398,93718606.24689898,0.0,219051.5607054647,12266887.399506023,3588727.7924538744,600000000.0,33600000000.0,9829816635.579926,4249659.0366283655,4316175.53795049,1889992.58343606,1251964.0125879855,28398.07895838732,2969296.9450819925,37114714.54451728,38398398.76156748,27829546.474438675,3402593.3323960667,33712121.21212121,75120000.0,0,65300918.317616336,381640030.0534852,28463088181.631153,10574190194.253088,0.076328006010697,71663287.10482353,4013144077.8701177,1604664918.424123,4.400311577558927,10885347.357126378,609579451.9990771,178334947.558578,141138732.6084143,450000.0,25200000.0,7372362.476684945,6635126.229016453,66177331.06489653,56434743.146073535,3057441.413555026,2607326.6794174495,73792.29636983523,4132368.5967107727,1208941.2373897512,2086497.845568095,116843879.35181332,34183152.05411157,2023218058.476952,808988408.5305972,36128893.90137414,0.008042603175192444,1.6965151064784938,0.006399783110695455,0.17166888028054092,0.008334611547881244,0.6807757224145035,sample_0140
1.2597310348751198,16.0,1.0313511330296783,1.0565574724124267,1.3751079954362915,0.8855108806519773,0.7000960813232457,1.3815206061588585,1.3420776445264426,0.6724034304629215,1.3181519346751802,1.003890496768531,0.7835188505037534,0.7389666652385632,45.0,1.128983953514044,1.2096073795527156,0.9085937830420581,1.0244258649502225,1.2710403998483586,0.9910787789367588,0.9690425218493801,1.1888132309658404,1.10428310731684,1.3640007603971656,0.9127332703208408,1.331251935452228,0.9708210498811847,0.8326167596035182,1.3008213510229694,1.7875954594390928,1.3225970705505015,0.9391560432175224,1.2285186870560583,1.80603802176575,S1_Rural_Overhead_AC_500MW,Overhead,AC,460,Standard Aluminum Conductor,100,0.7395902306886987,LCC Converter,0,False,0,,,39.175942525187665,0.0338695186054213,45.0,sample_140_1763055530079669,2025-11-13T11:38:51.888176,121833304.07367665,126462743.68830588,39948340.40826332,17583442.393008284,104249861.68066835,0.0,243666.60814735328,10964997.366630897,1118647.7114685872,600000000.0,27000000000.0,2754536749.964782,3361202.3269618317,3441737.108232999,670715.301290793,1157911.6594740392,58114.45698162987,2145176.2105061626,35951414.137086555,37583435.930013925,11810217.870474909,2239292.924965343,33712121.21212121,200320000.0,0,120122814.33017544,656614067.8208292,37086268228.80258,10146409607.385435,0.1313228135641658,68414853.42365296,3078668404.0643835,889568978.794235,4.200849329681867,5961050.051093266,268247252.299197,27366552.39019309,21871948.015426483,450000.0,20250000.0,2065902.562473587,1859312.3062262288,100665467.50096545,58707883.55964476,7664108.009863354,4469691.263563479,556166.8126428957,25027506.56893031,2553303.2075593895,2488825.5383518897,111997149.22583504,11425935.682735275,1233582430.7147002,356438732.3105922,27412942.904771116,0.0020442354061197374,0.561374456347186,0.0016482581102862288,0.04846713186989579,0.0020961282117184987,0.11734139663158302,sample_0141
1.069836065843004,15.0,2.056834279460812,0.9451216171228132,2.1449674110978654,1.3918075645249401,0.6426146524927747,0.9093915485631295,0.6565875535699897,1.138916438437934,0.6462647418632801,1.8326719574499655,0.7203002855206283,1.1614902037084662,57.0,1.3887652280622118,1.1999194036655738,1.0834415109698634,1.2868789320721064,1.048245534414983,0.7736275435040456,1.4089041402037827,1.4085979677986797,1.3909872627838378,1.1920683143122364,1.3737563911408248,0.8594237011864475,1.1440401059993504,0.9994222256787613,1.0832354879321144,0.5162114173959367,1.4179007074175836,1.247020729062434,1.0995818172852085,1.0518448592763348,S1_Rural_Overhead_AC_500MW,Overhead,AC,460,Standard Aluminum Conductor,100,0.6615851319859691,LCC Converter,0,False,0,,,36.015014276031415,0.0416629568418663,57.0,sample_141_1763055531904065,2025-11-13T11:38:53.763504,124481106.85993616,134092486.57377432,46409021.8895372,17965583.28719339,106515523.57274278,0.0,248962.21371987232,14190846.182032725,1414307.12857218,600000000.0,34200000000.0,3408486229.5533686,3766867.9857408954,3975961.5800126647,869345.4371687757,1454563.156554229,42528.41595971785,2269776.413226948,37231788.49608626,40667301.599665195,14287605.960460655,3519667.28396505,33712121.21212121,187800000.0,0,120420963.05411036,1024221938.7992308,78175574618.16391,13348497211.163689,0.2048443877598461,19756443.366577286,1126117271.894905,213293114.1471737,1.2130968308804513,3718526.7436020193,211956024.3853151,21124245.332989033,13381482.924176564,450000.0,25650000.0,2556364.6721650274,2300728.204948525,51029778.46692469,31069668.46024594,7675575.425757365,4673302.351772179,0.0,0.0,0.0,2610337.675357419,148789247.4953729,14828833.368233528,1227339927.268335,232465269.5928636,21532279.425760265,0.0013580889622181627,0.3846379540643153,0.0008993787673967925,0.05076900659689827,0.001376439574655627,0.10121084562085139,sample_0142
1.0099746176811926,14.0,1.7272969992096434,1.01436833161442,0.5931461542957244,1.18837775287442,0.5138755143745279,0.6670239215574167,1.710080897498842,1.2823424763407862,0.5673310939334686,1.8520240951340545,1.4365784311602052,1.0449184156390525,44.0,1.3388017739807985,0.8009357512016632,1.1544448769311164,0.7640516259329531,1.06739256749077,1.3740355093237397,1.3910435383453765,1.1953520377014324,1.1977042592173566,0.8020942929035225,0.739576670452814,1.0889091419871266,1.2747030442046223,0.984683475322046,1.3260382454518158,1.0799538053929074,1.0054318346960067,1.0694695824089693,1.1482814069819556,1.4518938341089318,S1_Rural_Overhead_AC_500MW,Overhead,AC,460,Standard Aluminum Conductor,100,0.710057832130094,LCC Converter,0,False,0,,,71.82892155801026,0.0401640532194239,44.0,sample_142_1763055533779804,2025-11-13T11:38:55.556344,112073716.64748028,119297034.34612145,72107341.9592962,16174901.890944287,95898814.756536,0.0,224147.43329496056,9862487.064978264,3592397.8014296237,600000000.0,26400000000.0,9616164901.70282,2723682.459976123,2826742.0967069054,1306401.8012558932,863609.8680999742,70498.84736262372,1789573.7445135252,36878540.65345167,39717984.69922055,24168217.430360135,3166419.4413304627,33712121.21212121,175280000.0,0,142926910.15198776,283227288.6762084,15558172640.252718,3669869908.525128,0.0566454577352416,41331992.039997354,1818607649.7598836,456016484.36578584,2.5378914426733323,2760865.140769526,121478066.19385916,44248224.108337894,27858468.665231224,450000.0,19800000.0,7212123.676277113,6490911.308649401,76748371.13373376,61132149.37017734,7077283.649644339,5637247.472669894,2609562.490942572,114820749.60147315,41823305.39033693,2084439.8626374088,91715353.956046,33407195.74467349,2087154623.7759137,523354729.0905519,47435332.35854349,0.0035122903817639555,0.5273551295401459,0.002344426380613878,0.05658366502313313,0.003642397540942514,0.13328203115306686,sample_0143
0.7848711379086588,9.0,1.6890246536424212,1.0511271944680047,1.3969494718829591,0.9575680674026347,1.0705814288335838,1.958958600027821,0.6259405924964604,1.855429976472745,0.6669644531924999,1.8638803280415384,0.9978380259525961,1.1529050059338413,54.0,0.7435567874650473,0.7405227532801825,1.2455574917763876,1.3402149415350193,0.8383917347464391,1.1533149919705752,1.3510534796569853,1.2554566138459573,0.7737190403457173,0.7890786674509063,0.8087372157310954,1.4888842942702791,1.3627436023062969,1.224391499120744,1.2716927198652392,0.9839092540771949,0.6077902409981313,0.9120552307994954,1.0147222730949526,1.7747807085829106,S1_Rural_Overhead_AC_500MW,Overhead,AC,460,Standard Aluminum Conductor,100,0.7357890361276033,LCC Converter,0,False,0,,,49.8919012976298,0.0223067036239514,54.0,sample_143_1763055535572748,2025-11-13T11:38:57.371521,99072340.07366368,105311853.46259564,79276574.71172373,14298494.140586767,84773845.93307692,0.0,198144.68014732737,10699812.727955678,5081693.7208210705,600000000.0,32400000000.0,15387827875.195002,3264742.635304236,3441277.0545172635,2114508.9369060094,1514849.0096744308,38040.52230788765,1711853.1033219176,37205772.74525406,40000345.58436304,30158222.34525798,3493651.533132853,33712121.21212121,112680000.0,0,101663024.77641198,667043372.8241129,47454163856.0296,20553088150.71696,0.1334086745648225,37656174.9720424,2033433448.49029,928344743.8369598,2.312186747081408,5627556.092314154,303888028.9849643,144326440.8442253,90524998.0630649,450000.0,24300000.0,11540870.906396251,10386783.815756625,45182328.5174599,40036246.14468041,4810061.09413909,4262214.81395067,0.0,0.0,0.0,1577446.8306726175,85182128.85632135,40455800.52110352,1871423803.30397,854380777.7817733,34655996.35748093,0.004098892447201709,1.3972952172303268,0.0026537093373275454,0.13466683759025924,0.00419310276143951,0.5143316064345316,sample_0144
1.1983076294576303,13.0,0.6529101680368822,1.0102981182795854,2.812624725310926,1.3420401452126585,0.5384258493656693,1.623978171531254,1.7263688565150748,1.6990151677202026,1.3456957891109522,1.642467276108385,0.9413687735089507,1.1410644016629146,55.0,0.7328545622801431,1.353706820446873,0.8916154019471145,1.3543212891429242,1.3756399788910378,1.0797088035100908,0.760173642254876,1.4351410506638207,0.711754658966803,1.3372652484342975,1.2039801161828698,1.4497289551298753,0.9558762025472596,1.341267212932444,1.365026699298801,1.2440091438518879,0.6203475638724495,1.2546831737137527,0.9185258083543889,1.0211850486533347,S1_Rural_Overhead_AC_500MW,Overhead,AC,460,Standard Aluminum Conductor,100,0.7072086827957097,LCC Converter,0,False,0,,,47.06843867544753,0.0219856368684042,55.0,sample_144_1763055537387743,2025-11-13T11:38:59.150684,93359438.74262992,95589829.06445412,30464919.18841378,13473986.652959034,79885452.08967088,0.0,186718.87748525984,10269538.261689292,815705.7178298999,600000000.0,33000000000.0,2621178090.236626,4389235.025521913,4455762.148742256,829781.1694165273,1530793.4571221536,51440.59924407984,2807000.969155679,37169892.12625125,38222821.274399176,12692098.869672077,3457770.9141300437,33712121.21212121,162760000.0,0,99269751.02665424,1343028306.335967,97842912403.44926,39747603412.03713,0.2686056612671934,47610717.95349945,2618589487.4424696,1122646206.0748794,2.923421488051937,9113838.919202894,501261140.55615914,39814991.488267474,26736027.36466484,450000.0,24750000.0,1965883.567677469,1769295.2109097226,184929851.5462312,110283426.13105404,6143809.575616597,3663877.75597381,6255162.907633206,344033959.9198263,27326493.27391497,1593457.4173373731,87640157.95355552,6961226.1167496005,1699905420.105083,728786386.6096015,30907371.27463787,0.0009386319571677692,0.94985031395105,0.0006403888545413094,0.0409177693025693,0.0009542556172464344,0.1429347745399698,sample_0145
1.1497715997751101,0.0,0.6890313940817814,0.8666020494337298,0.7238278779835998,1.0626696225366548,0.9544641445487743,1.9308468258650857,1.3592044112645476,0.6050987768736202,1.2192482551390564,1.747891557226082,0.7065104958219522,1.051679238092917,47.0,0.9466924004237447,1.2470517035629294,0.9857175211083824,1.2823929582604645,0.8091853707026018,1.1982170166351158,0.8329034873522043,0.915194529974891,1.4462802289150445,0.9055415431446019,1.3572987881319698,0.9996704662727929,1.0803800315322716,0.8832633436239096,1.1119915275460475,1.553528385125826,0.6455211802475674,1.027578748542882,0.9158237771880261,0.5950784299410908,S1_Rural_Overhead_AC_500MW,Overhead,AC,460,Standard Aluminum Conductor,100,0.6066214346036108,LCC Converter,0,False,0,,,35.325524791097614,0.0284007720127123,47.0,sample_145_1763055539166025,2025-11-13T11:39:00.944856,73384310.41443618,75235693.15255558,65648414.3165557,10591100.721872892,62793209.69256329,0.0,146768.62082887234,6898125.178957,1964441.5935539615,600000000.0,28200000000.0,8030769448.373189,2864362.257850754,2871675.9892194597,1865058.4207749288,1449492.6467610705,0.0,1414869.6110896834,36899027.99422096,37659836.61000105,34411395.16641035,3186906.7820997485,33712121.21212121,0.0,0,0.0,345627811.7371689,20608522910.935513,10538219305.372784,0.0691255623474337,59456638.3555356,2794462002.7101736,1502850540.7698455,3.650791705045691,10863256.199196603,510573041.3622404,145400509.99059793,94571645.2248114,450000.0,21150000.0,6023077.086279891,5420769.377651903,6917869.651445985,6188614.030727648,310064.1273368016,277378.34124422533,2860.0124512207117,134420.58520737346,38280.16769205035,1625553.7782156484,76401027.57613547,21757412.69796974,880067271.7612047,473296675.35198206,18724835.569387335,0.007323184484313565,1.485639277157406,0.004835857565532628,0.25010185777928823,0.007494736678696616,1.1458376638072771,sample_0146
0.8861455806276222,12.0,2.632087402170922,0.8166500007672921,0.9362608975003742,1.1635347676166385,0.5779768469490499,0.50791649488216,0.9747421022779776,1.1603346237926078,1.3519546561990237,1.7160803673212444,1.426889830696715,1.15350037247579,59.0,1.0653714618173953,0.7728959834393949,1.3991981095976778,0.9603617144764396,1.1533471382042286,0.8078516945981591,0.8928283187902128,1.0742841007089237,0.9484588689409158,0.873701799734822,1.1651646503134125,1.1178811838000895,0.8786058660064667,1.0663615913304951,1.1937987497779583,0.7177473009724418,1.3794509795316972,1.2178531965451074,1.2208166851174802,1.4958165939051116,S1_Rural_Overhead_AC_500MW,Overhead,AC,460,Standard Aluminum Conductor,100,0.5716550005371044,LCC Converter,0,False,0,,,71.34449153483575,0.0319611438545218,59.0,sample_146_1763055540960135,2025-11-13T11:39:02.784678,100175813.27801718,110178736.69961973,76907936.67748128,14457751.559307387,85718061.7187098,0.0,200351.62655603437,11820745.966806028,5357508.264585049,600000000.0,35400000000.0,16044316754.53354,3727282.055584683,3931044.717032359,2106875.678668529,1085499.7560597332,35527.848707164136,2606254.4508177857,37207576.886290275,41663373.229536615,29059767.13323692,3495455.6741690612,33712121.21212121,150240000.0,0,133174269.14888898,447064578.5564287,35707477184.79384,9235811412.869097,0.0894129157112857,27469624.702817295,1620707857.4662204,457628481.67264706,1.6867061572852382,2912508.9499009387,171838028.0441554,77882026.90437421,51151663.4368179,450000.0,26550000.0,12033237.565900158,10829913.80931014,30343815.87965377,26249263.517258354,6584439.330976916,5695944.2344924165,325950.5744189289,19231083.8907168,8716090.437165754,2561314.272302914,151117542.06587192,68490895.82122588,2056845950.4873712,580777889.7472827,34861795.77097239,0.003370858382930279,0.8319742246057441,0.0023236446055988984,0.09600829243428205,0.0034458854539581056,0.25274238451758946,sample_0147
1.3762659093258405,4.0,1.393721928217079,0.8980639524796652,0.8192169115011073,1.1775296223088945,0.6082632424179262,0.9561664920628385,1.1197311264521572,1.392469259221797,0.6345912344197306,1.9184658308006357,1.4348489327783966,1.061188538305921,60.0,1.1035689897740508,1.2169745425446492,0.7928344243054848,1.4148888131251058,0.772062453359671,0.7578676082763944,0.7848661722739971,0.8220813222641377,0.7227259939857255,1.3243346517356982,0.7306665700934996,1.2091856211687593,1.4545603050594318,0.9100602908116724,0.7564192765930415,0.7518925972123243,0.8681234738207124,1.286135050679029,1.155117624324923,1.1583441087751893,S1_Rural_Overhead_AC_500MW,Overhead,AC,460,Standard Aluminum Conductor,100,0.6286447667357656,LCC Converter,0,False,0,,,71.74244663891983,0.0331070696932215,60.0,sample_147_1763055542800632,2025-11-13T11:39:04.587560,98380490.21579903,103465679.65605636,67725245.66334121,14198643.757205408,84181846.45859362,0.0,196760.9804315981,11805658.825895883,1853790.5815364097,600000000.0,36000000000.0,5652921359.1132555,3348269.022410804,3500482.107596602,1515064.1988468985,1599253.113017165,11109.879823629955,1737906.0295700089,36927844.055472486,39203130.77078498,26041749.684469245,3215722.8433512757,33712121.21212121,50080000.0,0,42230074.907664634,391176075.24177873,31947220920.72193,10546354052.536615,0.0782352150483557,28776433.480510075,1726586008.8306046,625855646.0453702,1.766947603448962,4811285.608769026,288677136.5261415,45329698.637674406,27937003.046300694,450000.0,27000000.0,4239691.019334939,3815721.917401445,24479929.67632188,19663239.64129614,2427174.867697686,1949602.0497572655,426045.77761483425,25562746.656890057,4014005.460398187,1909371.702521408,114562302.15128449,17989213.46611617,2396940139.1185575,868846678.7218698,39949002.31864262,0.002772808711752702,0.5202384362056783,0.0017761814904410653,0.047126867080057776,0.002914455561923394,0.27089764864009686,sample_0148
1.0783851297038098,2.0,1.495972208223199,0.8131057107305193,0.35716199797979636,0.7355775108635112,0.7657947512534431,1.712630328929538,1.0939133409892083,1.3196861836103468,0.8966542483064079,1.188376239417796,1.023761251747902,0.7414527190729302,57.0,1.0523538665948555,0.949807774906714,0.8117068089507125,1.2428930468622172,1.3836030748426835,1.3060440245399203,1.4590230075869082,1.2633432484993723,1.4063355999655716,1.283115166332646,1.2607561781979841,1.4263315125593057,1.303100772760369,0.7665417146062209,0.7715349554191385,1.6997575270886403,1.256026285919169,1.2149928619822785,0.9291596494972019,1.3023584280221587,S1_Rural_Overhead_AC_500MW,Overhead,AC,460,Standard Aluminum Conductor,100,0.5691739975113634,LCC Converter,0,False,0,,,51.1880625873951,0.0315706159978456,57.0,sample_148_1763055544603257,2025-11-13T11:39:06.355811,104503004.17546682,110311774.35091431,88048695.2378733,15082268.085780667,89420736.08968616,0.0,209006.00835093364,11913342.476003217,3279837.9133247286,600000000.0,34200000000.0,9415531943.419584,4381895.786369074,4525926.509460641,2141650.145154967,1404845.7772109304,9572.906928961089,2967477.102229183,35958947.63355433,38353323.217657104,30981101.92581353,2246826.421433122,33712121.21212121,25040000.0,0,23266433.882480662,170544854.03535277,13017141556.26775,4965769666.452958,0.0341089708070705,65053120.07673645,3708027844.3739777,1534082073.9527605,3.994430188658305,5640798.986409294,321525542.22532976,88518538.4049092,67479872.84723207,450000.0,25650000.0,7061648.957564692,6355484.061808223,17343848.23653954,15472504.0172614,1573187.493700439,1403445.7338541616,56173.037764887755,3201863.152598602,881498.3857236925,2403947.7879469404,137025023.9129756,37724078.64621213,1417286935.6837013,586358725.6979927,24864683.082170196,0.00572167142717999,0.7888012356480244,0.0044199709542310115,0.12105531297533165,0.005929813295577078,0.47037668346120537,sample_0149
1.0857982525100527,18.0,1.0916399359109568,0.8803261088455924,1.6606328233942813,1.1510235455178193,0.6516138073620148,0.5823476243837169,0.5855254105880724,1.8721375521210561,0.6046386108448536,0.871591945758313,1.2730069097393852,0.8902001943978385,48.0,1.3510601513900506,0.8179662120014971,0.8251961553460857,0.9646578410250765,1.1972190018984126,0.9873138542547866,1.0995409123067474,0.9102127191984193,0.856108861235717,0.8595463349183582,0.9746140828159693,0.9611944299334141,0.8708536412161254,0.939805436423573,1.0518048514917842,0.8327440577723324,1.559182999058883,0.8833955102463792,0.8801483569341704,1.6529762837566435,S1_Rural_Overhead_AC_500MW,Overhead,AC,460,Standard Aluminum Conductor,100,0.6162282761919147,LCC Converter,0,False,0,,,63.650345486969265,0.0405318045417015,48.0,sample_149_1763055546372444,2025-11-13T11:39:08.172480,69727967.87200734,72535460.97556576,33162357.284606036,10063403.56260498,59664564.309402354,0.0,139455.93574401469,6693884.915712705,1412773.61665008,600000000.0,28800000000.0,6078365653.406252,3310405.5084727,3390842.4079629146,1054194.5104080946,1090355.6809162227,65130.4022910403,2154919.425265437,36409697.558781326,38158084.16213634,17372513.045340884,2697576.3466601167,33712121.21212121,225360000.0,0,158883328.27405515,792952173.1707693,48546599877.012695,9251320183.880695,0.1585904346341538,31870780.579062704,1529797467.79501,313577912.0636264,1.956948535764981,2350207.784019632,112809973.63294232,23809037.121254917,19658684.123025622,450000.0,21600000.0,4558774.240054689,4102896.816049218,26974785.44402838,18663904.670925383,8591237.971159931,5944293.674983072,0.0,0.0,0.0,2790472.597200076,133942684.66560364,28269187.985987134,1654948209.5842135,339231313.33382016,34478087.69967112,0.001746006128062784,0.5498803176428037,0.0014624979489488968,0.046967052050615174,0.0017832389023021485,0.10714434890104889,sample_0150
1.331286293121362,11.0,1.824684449027974,0.9747071531607454,1.0155757989849201,1.3903936791199598,1.1893579896631485,1.4645061757114322,1.2544853433810237,1.6325974314259033,0.8485257254495913,0.8793118260743382,0.7373214692671763,1.035485401488619,40.0,0.723799420298246,1.397863977182103,1.0443861297391948,1.480253262062664,1.4287667165766402,1.2049948746247874,1.224842292835484,0.747712829007211,1.1841663682915864,1.4398271243648995,0.8196301130582432,1.1418846040175774,1.4805174853428518,0.9446365381306022,0.7947713032898885,1.3367346820784012,1.0649687003879467,1.1429975723962544,1.2881617682549211,0.8658906476855065,S1_Rural_Overhead_AC_500MW,Overhead,AC,460,Standard Aluminum Conductor,100,0.6822950072125218,LCC Converter,0,False,0,,,36.866073463358816,0.0217139826089473,40.0,sample_150_1763055548197633,2025-11-13T11:39:09.982548,122104819.17716362,130433177.09435888,46681512.40566054,17622628.47777627,104482190.69938734,0.0,244209.63835432724,9768385.53417309,1134348.7335904308,600000000.0,24000000000.0,2786987625.634794,3912719.7500197706,4124360.662370668,1043944.697999328,1673134.747725375,48577.36004570725,2191007.6422486883,36849955.76208672,39854611.71547597,14880348.824045336,3137834.5499655125,33712121.21212121,137720000.0,0,90230693.31809558,484937444.0152994,23706832943.80483,11613308324.31808,0.0969874888030598,51159509.75250458,2046380390.1001832,1031240953.488936,3.141326502884243,11725046.103603557,469001844.1441422,54462597.33456764,44884676.151565626,450000.0,18000000.0,2090240.7192260963,1881216.647303487,117935288.2083104,72689594.61544959,5771108.002062588,3557031.2119892407,0.0,0.0,0.0,2160349.366394632,86413974.65578528,10034778.251983017,920575275.384792,463909314.8755567,23014381.8846198,0.0035048273960758573,0.9033161895415707,0.0028982874763511138,0.08031230431959181,0.003608575733929162,0.2353894191174939,sample_0151
0.7362149557403251,2.0,1.9145156541695871,1.0401959662216158,0.37263373277387646,0.8229978223122736,0.8509284617393293,0.5728854703282097,0.5378668250122277,1.2240299997775352,1.4744973367949403,1.6220746562195356,1.2035870282361896,1.332304898879879,50.0,0.8305506095471175,0.9699016111848471,0.7563036676656729,0.9108881157710352,1.1626922708873075,0.8414497601598042,1.4469993551754348,1.3004660514210686,0.8843741064941808,0.7016483322342164,1.3139827494913185,1.1917937626584636,1.1834141759953591,0.7875259037131179,0.8447162829019335,0.8102120378290292,1.0156577889253953,0.800023064460074,1.1943693733086578,1.819001382514895,S1_Rural_Overhead_AC_500MW,Overhead,AC,460,Standard Aluminum Conductor,100,0.728137176355131,LCC Converter,0,False,0,,,60.17935141180948,0.0249165182864135,50.0,sample_151_1763055549998452,2025-11-13T11:39:11.774140,116911203.0494661,125291649.76131378,95388593.92830902,16873066.191116598,100038136.8583495,0.0,233822.4060989322,11691120.30494661,3289438.7804401955,600000000.0,30000000000.0,8440864591.176279,3248859.6463155793,3385936.370448871,1598583.284465694,1029579.5975230184,6167.571757195558,2213112.4770353655,37749408.78448448,40973323.962006114,32111378.786905028,4037287.5723632695,33712121.21212121,25040000.0,0,23158828.804217096,177932607.399526,11470102087.338877,5628322601.521883,0.0355865214799052,31008435.111792605,1550421755.5896304,800029597.3426352,1.9039982888982183,2308337.230229514,115416861.51147573,32473936.651897054,21938906.72575289,450000.0,22500000.0,6330648.44338221,5697583.599043989,3573730.404177916,3114790.7142080553,1761532.0443763142,1535315.4922343488,0.0,0.0,0.0,2097477.954279879,104873897.71399397,29507545.658423156,2059240196.8056736,1062583841.811276,41184803.93611348,0.0024070075862646988,0.30058109321823495,0.00171426241786076,0.03098694171336569,0.0025768502544871097,0.20455281828957078,sample_0152
0.7580713321304661,5.0,1.3703764549968618,1.059692868706338,2.371882041148617,0.7844477301657573,1.1172871652329004,1.9406866793712345,1.7566591676157042,1.2161879908014763,1.4780550214951014,0.9500430097555719,1.2273562398232243,1.4459672235714165,47.0,0.7920406211618349,1.0415688284483804,1.174306089663236,1.091105477530802,1.0786339818616932,0.8263140545677644,0.9373368120199456,1.3525478683898933,1.046176174793416,0.7125819547791297,1.264198892067261,1.4193308988561264,0.7444081065990199,0.9542981153637884,1.400413258701753,1.8580197052760818,0.8065332291240024,1.231803429163962,1.2543218567334753,1.863359282419826,S1_Rural_Overhead_AC_500MW,Overhead,AC,460,Standard Aluminum Conductor,100,0.7417850080944366,LCC Converter,0,False,0,,,61.36781199116121,0.023761218634855,47.0,sample_152_1763055551790305,2025-11-13T11:39:13.562189,110563648.03295466,116180454.123693,82820361.74900588,15956963.087635271,94606684.9453194,0.0,221127.29606590932,10392982.915097738,3142247.030387915,600000000.0,28200000000.0,8526076390.274322,3161370.7095197365,3276691.563504514,1597633.71942808,1233279.8276333006,15141.579054458398,1912949.3028319776,38093840.07142854,40388993.201469585,28953735.517426353,4381718.859307323,33712121.21212121,62600000.0,0,54739672.578180976,1132573674.6484644,67531227898.01594,33351185034.13142,0.2265147349296929,71110130.16032621,3342176117.535332,1722289262.2253692,4.366346307398793,11295567.414325155,530891668.4732823,160511451.07671613,130012894.6604846,450000.0,21150000.0,6394557.292705741,5755101.563435165,61330222.52934899,51975416.38220994,2866669.404748588,2429411.3048529862,71200.9514433527,3346444.7178375768,1011774.5851103964,1830844.1405331031,86049674.60505584,26016528.334785625,2026791987.787376,1044445880.3400296,43123233.78271013,0.0037175576439593635,1.4722012879051687,0.0030240094835300574,0.1286730442598544,0.003806100167451081,0.6605252857940227,sample_0153
0.7977982035420941,8.0,1.592801458747802,1.0939588467999477,1.1929905764850204,1.29960962712297,0.8742613586708552,1.4453938474864083,1.2678111581646725,0.8482809677590308,1.4841138643813445,1.9862871546912217,1.2486753169619274,0.7742377963671789,60.0,1.0971902587514712,0.854711518756865,1.144113008018502,0.868454857172898,1.397927652500423,1.0004275100654145,0.9558870947983755,1.0336833445978573,1.3784468540402075,1.2245383405549768,1.1078148892494684,1.3727375746582333,0.9993366999478691,1.0448901902610266,0.7314565840774754,0.585433919707457,0.9308228066032638,1.1122370727940267,1.1355817601276303,1.0304782114995419,S1_Rural_Overhead_AC_500MW,Overhead,AC,460,Standard Aluminum Conductor,100,0.7657711927599633,LCC Converter,0,False,0,,,62.43376584809637,0.0329157077625441,60.0,sample_153_1763055553578155,2025-11-13T11:39:15.396012,104578054.32752612,110778194.18774584,76669394.75779626,15093099.607057666,89484954.72046846,0.0,209156.10865505223,12549366.519303136,3989298.974330107,600000000.0,36000000000.0,11443985069.284502,4167875.5420845514,4275391.023571686,1817793.351660304,981617.156743912,29331.321955711817,3156927.0633849273,36058296.352627814,38619530.600011945,26906836.906810448,2346175.140506603,33712121.21212121,100160000.0,0,86812686.15812741,569653000.2715973,46523372464.89429,13478479391.638134,0.1139306000543194,22405726.975043792,1344343618.5026276,427450916.5288636,1.3757697113125238,10083427.753363583,605005665.201815,192324327.7611696,115922059.4078425,450000.0,27000000.0,8582988.801963376,7724689.921767033,82243512.11133222,69459203.86858891,4316760.656436511,3645743.606880972,69208.4134885109,4152504.8093106537,1320033.4177189777,1989313.3518191616,119358801.1091497,37942787.16057797,2754877648.968455,875947904.8132552,45914627.482807584,0.007571571683281531,1.9062495860853972,0.00465986128314889,0.16961193329189148,0.007830055528402663,0.6511046686474317,sample_0154
1.2648339500227732,9.0,2.704861088241979,0.8896362660204407,2.636681418415263,0.7062810524271084,0.9291530459294081,1.294289069934925,1.2754990705244758,0.6255775092594775,0.5334938918376751,1.1578607451633585,0.9379091709129581,1.4604580665938285,43.0,1.2596608786738033,1.0850069384895085,1.3135961551912467,1.4264071042167694,0.8395994339355154,1.3515152284214142,1.0193183260160823,1.2900757886818697,1.0860896011645833,0.7831225646513288,1.1874156888691076,0.8101421172557971,1.3459108973711094,0.9688294779987675,1.1206987026996464,1.6911044813063283,1.5197133367612166,0.8180153984125555,0.9742407818230169,0.6003490903562761,S1_Rural_Overhead_AC_500MW,Overhead,AC,460,Standard Aluminum Conductor,100,0.6227453862143084,LCC Converter,0,False,0,,,46.895458545647905,0.0377898263602141,43.0,sample_154_1763055555413575,2025-11-13T11:39:17.184149,91791456.71905868,101223192.0370561,56083596.27403284,13247689.567819947,78543767.15123874,0.0,183582.9134381174,7894065.277839048,2037973.6645695297,600000000.0,25800000000.0,6660664523.955808,3063818.82359419,3375631.5415362017,1506465.0603924969,1612272.2723419848,44577.886834168865,1406968.6644180368,38137751.716951,42820455.589821726,24288793.154275592,4425630.504829784,33712121.21212121,112680000.0,0,90761492.37512864,1259015377.293288,67228625324.99559,20213713302.551567,0.2518030754586576,64721950.708555795,2783043880.4678993,884357196.5127627,3.974095531069872,4439300.96470609,190889941.48236188,49281157.41130108,37869013.88274871,450000.0,19350000.0,4995498.392966854,4495948.553670169,49131242.83385178,37366051.112465136,5267187.48970889,4005882.7256816938,0.0,0.0,0.0,2740148.777770551,117826397.4441337,30418686.257428616,1108302277.588325,352180970.6183777,25774471.571821515,0.0019140219004711106,0.6628897795798788,0.001493965770631829,0.09066510290067528,0.001938091787323848,0.22021702072016971,sample_0155
0.8643556183852495,18.0,2.075180248148146,1.0905362886937788,2.6648665866478427,0.864235615154966,1.178271579830584,1.1683715259513119,1.9915608147003525,0.7247958220132906,0.8710606109145123,1.2789939775093708,1.3923087786581214,0.9636092294065057,40.0,0.9572981822951117,1.350172470322535,0.9656186946524059,1.3207293184481834,1.188485032217265,0.749952936706507,1.0286007930853034,1.3924501349151834,1.4914967131884187,0.7567271771743268,1.4240838799213995,1.1639165939966005,0.7561068202150816,1.059605990813141,0.8590575813961251,1.5130760268250216,0.7917019003358052,1.2220242599627764,0.8966565162005415,1.4803376397433197,S1_Rural_Overhead_AC_500MW,Overhead,AC,460,Standard Aluminum Conductor,100,0.7633754020856451,LCC Converter,0,False,0,,,69.61543893290607,0.0287189454688533,40.0,sample_155_1763055557200111,2025-11-13T11:39:18.974571,84290174.26646602,90858604.88817808,19839926.21276959,12165076.165173626,72125098.1012924,0.0,168580.34853293205,6743213.941317283,470932.1838632041,600000000.0,24000000000.0,1676110607.0600195,3375748.9195340592,3592395.8849478653,563284.109984997,1492824.3508520375,49472.349908337244,1833452.2187736847,36632149.180019714,40053117.48429657,8948976.704789553,2920027.967898502,33712121.21212121,225360000.0,0,119970026.37995544,1272473795.124345,62206629037.766075,20033073163.72473,0.254494759024869,57908445.69864723,2316337827.9458895,774129115.2588055,3.555728663038801,7775396.096719675,311015843.868787,21720706.4530082,16164575.904878918,450000.0,18000000.0,1257082.955295015,1131374.659765513,145334476.54467252,72907076.13944906,9033831.111666666,4531823.613695385,173872.96814015426,6954918.7256061705,485717.2103012024,1811934.1963281515,72477367.85312606,5061670.209600646,2038668342.170375,681330892.6660374,50966708.55425938,0.0009820649564963632,0.7828305736380332,0.000739224589319843,0.02513677919290888,0.001011520339230114,0.0987105653425946,sample_0156
0.7288260245928596,15.0,1.184855087188196,1.0060721617819168,2.9633611724068616,1.2323805093789941,1.1242998671860682,0.7217098384480793,1.3078653407011682,1.7963416360826612,1.2063605066130667,1.3058500667550756,0.9234554969609546,0.750816139707934,45.0,1.3553652835424277,0.751772289075296,1.0760896957353596,1.3460299748803166,1.124105252096254,1.1366118943235055,0.8337956033626925,1.2803945585865508,1.319900270331815,1.3388117332541298,1.2546510666062036,1.402468100817229,1.2846733176326293,1.0302011936437991,1.3748489177016185,0.5823480023029075,1.1027391799894963,1.0572567540484719,1.1246801288191413,0.8496823332585233,S1_Rural_Overhead_AC_500MW,Overhead,AC,460,Standard Aluminum Conductor,100,0.7042505132473418,LCC Converter,0,False,0,,,46.17277484804773,0.0406609585062728,45.0,sample_156_1763055558990512,2025-11-13T11:39:20.785667,115895921.63107526,120969362.72659618,75320571.52269265,16726536.943890642,99169384.68718462,0.0,231791.84326215053,10430632.946796777,3897581.0726623023,600000000.0,27000000000.0,10089003179.25572,3487420.0875430643,3609635.239741845,1794596.604638076,1521421.7594859337,62482.65568158399,1903515.6723755468,35987321.635478586,37870772.74015024,23494789.050190605,2275200.423357376,33712121.21212121,187800000.0,0,152772025.5675924,1415004959.8242762,79921000869.33965,17908327057.891838,0.2830009919648552,22287622.744136877,1002943023.4861594,239723130.19182605,1.3685178054118328,7502511.503155385,337613017.64199233,126154770.67956224,93206927.53688668,450000.0,20250000.0,7566752.384441793,6810077.145997615,67776914.4578828,54323668.09833996,7283184.789234688,5837523.238611333,0.0,0.0,0.0,2208506.727886608,99382802.75489736,37136052.33175941,1356304417.597193,324183460.9400289,30140098.16882651,0.004624511858749988,1.3291082395359635,0.003458903351042956,0.1970084715977755,0.004676946443639372,0.37712992006421536,sample_0157
0.9200675977676884,16.0,0.6991148545968631,0.9112600564368183,0.44696197832084844,0.8205072821892054,1.0488089862298215,0.8192930328596112,1.6224080967636152,1.1445168725451553,1.2212247626007136,1.9146853499351473,0.9134813843831393,1.168779384705681,56.0,1.0683673200097867,1.0005109416205706,1.0232811174859386,1.4664717436230892,1.0920030313589555,0.7345975300584241,0.8466658282142824,0.8003990210807601,1.3256902496858602,1.0683097673704036,0.9828997798728072,1.2469852667297086,1.0382848566653706,1.4375677204395172,1.0046776395672132,0.5784369446610788,1.2477892065716314,0.9262714285613483,0.8661276345700654,0.5056978517532575,S1_Rural_Overhead_AC_500MW,Overhead,AC,460,Standard Aluminum Conductor,100,0.6378820395057727,LCC Converter,0,False,0,,,45.67406921915696,0.0320510196002936,56.0,sample_157_1763055560801902,2025-11-13T11:39:22.601279,68462984.84141225,70215806.98006162,29923473.701877773,9880836.43602397,58582148.40538828,0.0,136925.9696828245,7667854.302238172,1214475.4824013538,600000000.0,33600000000.0,5321746423.477879,3970758.761038206,4048015.611058644,1180935.7329387732,1657557.4556709465,43075.018320128875,2270126.287047131,37253876.92335055,38384710.87551291,16772417.113762502,3541755.7112293374,33712121.21212121,200320000.0,0,137766892.79032198,213424344.64820513,15917397189.643225,4009923583.3935375,0.042684868929641,22137938.746068805,1239724569.779853,338147680.3802186,1.359326819953535,5185827.776309935,290406355.47335637,45996100.70224944,28382488.6685017,450000.0,25200000.0,3991309.817608411,3592178.835847568,65565859.56028209,44403833.17492065,7514601.684568589,5089190.042125114,68380.75352807247,3829322.197572058,606508.38420457,2393445.51177883,134032948.65961447,21228850.15349696,1453378760.5819445,396424067.5587581,25953192.15324901,0.0048416637624279155,1.0440836229848538,0.0030969915697071308,0.07636204966683013,0.005034990839194653,0.19360964145683954,sample_0158
1.152082145582459,7.0,2.3474478369921927,1.0589764718901769,2.751724295838042,1.4755434534873508,1.0308174037454925,0.9844364196683607,1.741869755613773,0.5406255046472175,0.8821249370606542,0.549157536403473,1.0135999333445749,0.8659040884761317,60.0,1.1057639991689021,0.7104132299732369,1.0465744674432702,1.3311277006506101,1.1290395717438577,1.3027170348383459,1.4835305511469512,1.4861526856245582,1.3316117794877274,1.0024794852301362,1.1761502144680462,1.416667847514596,1.2668548709786092,1.3168706083971689,1.261915465249337,1.3904237711198482,1.2923121792094077,1.066336368281962,1.095075720255212,0.8709471969494091,S1_Rural_Overhead_AC_500MW,Overhead,AC,460,Standard Aluminum Conductor,100,0.7412835303231238,LCC Converter,0,False,0,,,50.67999666722874,0.033172919975067,60.0,sample_158_1763055562617223,2025-11-13T11:39:24.433991,124705422.41304164,135753239.9688669,100725883.49830168,17997957.354661025,106707465.05838062,0.0,249410.8448260833,14964650.689565,6186590.962031264,600000000.0,36000000000.0,14882891639.323627,4118936.490356519,4368309.868633436,2401893.0839532395,1504577.6737656896,33419.82385919536,2580938.9927316336,36336072.99538222,40205371.16835405,29861706.05416173,2623951.783261005,33712121.21212121,87640000.0,0,79596882.7042524,1313948351.262665,107309728055.99496,31078573545.31265,0.262789670252533,53214298.568298824,3192857914.0979295,1015524943.891067,3.2674958621316432,9583963.054948917,575037783.296935,237728472.7034763,211618396.22291604,450000.0,27000000.0,11162168.729492724,10045951.856543448,85143383.66840175,75180154.024112,4206351.5266464865,3714136.577945301,325577.42274372815,19534645.36462369,8075889.171508614,2450212.3018919947,147012738.11351967,60777073.637327135,2134714270.108704,678970266.6703495,35578571.1684784,0.005182794355848307,1.8715062010837167,0.004615845439204357,0.2380611273416953,0.005257122669079561,0.6790638956237989,sample_0159
1.0981993455420318,7.0,2.1540098812570516,0.949653247501739,1.0905758661443816,0.9726608931550281,0.6976382920338328,0.6419666074237101,1.048153048882401,1.384994740137198,0.9001272808619991,1.6022518546196358,1.3864041797288913,1.178400289531527,44.0,1.1403232216955281,1.3907329890418811,0.7895494403707977,1.4742108763718562,0.7201205526471545,0.7898990362653578,1.3718284027142003,1.4243993861424855,0.742197073521951,0.7675677646179813,0.7003226563071927,0.8298593203780116,1.3204456463322292,1.4688790279897892,0.7076019428420234,0.5203528128666115,1.3487871773965816,0.9781646675901221,0.8980421933251324,1.1903362696199626,S1_Rural_Overhead_AC_500MW,Overhead,AC,460,Standard Aluminum Conductor,100,0.6647572732512173,LCC Converter,0,False,0,,,69.32020898644457,0.0342096966508658,44.0,sample_159_1763055564450160,2025-11-13T11:39:26.251958,92318414.83737224,99796522.91080736,45568142.221188694,13323742.152844574,78994672.68452767,0.0,184636.82967474448,8124020.505688758,990615.3901987928,600000000.0,26400000000.0,3219126082.0840225,2905178.486722394,3156882.882772265,1122586.6789965483,1666305.020868795,20264.022003682625,1218609.4438499163,37283031.18039857,40893484.780748,19244975.29600069,3570909.9682773547,33712121.21212121,87640000.0,0,63965458.47551741,520749976.0839423,28605711222.91729,10233919151.985245,0.1041499952167884,19914942.854030956,876257485.5773621,330468689.0316934,1.2228291102365372,3146065.713087253,138426891.3758391,16879303.654915743,11470324.537760396,450000.0,19800000.0,2414344.561563018,2172910.105406717,21568129.026884336,14542746.856505089,4119304.446565673,2777524.2681740485,144001.21227316657,6336053.340019329,772596.7638004475,2522217.924580642,110977588.68154824,13532229.176195636,1835796934.393065,692346046.9356726,41722657.599842384,0.0013180182762444553,0.29261306073371407,0.0009320182686562745,0.022569288851521648,0.001383450853911127,0.11871781438974735,sample_0160
1.3387567216604723,17.0,0.8570319564705144,0.9848058983076513,0.8593903261087469,0.7769385780797264,0.8196229152976153,0.8574938340523686,1.5856863659336855,0.8333700447729219,1.1862394590978478,1.2900888458521718,0.7221953636546948,0.7030648249814715,44.0,1.1253707680273586,0.944102683843361,0.9162432066825248,1.410088110410948,1.3540887653115274,0.7907984309758691,1.3118169071524044,1.0592143437178996,0.978694589868452,1.1596967631553976,1.394862053867795,0.7538903116710411,0.9251076981007578,1.1133081713929929,1.247813760298048,1.6168319810702907,1.060282462494853,1.2393104638772263,0.9173758872345478,0.7826250127464282,S1_Rural_Overhead_AC_500MW,Overhead,AC,460,Standard Aluminum Conductor,100,0.6893641288153559,LCC Converter,0,False,0,,,36.10976818273474,0.0337611230408207,44.0,sample_160_1763055566268102,2025-11-13T11:39:28.062665,87439151.77491811,90191366.031171,36938699.02439361,12619548.487316854,74819603.28760126,0.0,174878.30354983622,7694645.356192794,1432472.8526377317,600000000.0,26400000000.0,4914753254.898235,3870133.1970730945,3961696.8886380456,1189340.8936783974,1593826.8641917685,49268.659336902034,2227037.673544424,35842620.68176203,37189697.459437706,15710534.150610374,2130499.469640823,33712121.21212121,212840000.0,0,144634825.24759245,410358880.71692663,22541734380.52306,6114212403.550707,0.0820717761433853,61879393.57952217,2722693317.4989753,778003264.8001996,3.799555155515184,4032324.566787974,177422280.93867084,33029800.48237886,24507525.045770925,450000.0,19800000.0,3686064.941173676,3317458.4470563084,67912037.58581437,45311459.32286078,8035664.380411731,5361460.098220394,465765.6346416724,20493687.924233586,3815205.2814581697,2154374.413080938,94792474.17556128,17647031.09826503,1006346192.9381396,287561077.3321765,22871504.38495772,0.0029689608654481204,0.6819620701082045,0.0022500160657782133,0.06561066349767415,0.0030396419550799063,0.1349644415681287,sample_0161
1.2564261350002393,12.0,0.5591893027705575,0.8680895876601684,1.3242227843935095,1.4051825186247442,0.910532369249464,1.9970102474344011,1.3278542410506042,1.2614547818488278,0.5931762502780148,1.5064455615863526,0.7152349498031138,0.8209287857854584,51.0,1.3854707032025246,0.978972277861162,1.2650501890622088,0.962385088950414,1.2891500311947242,1.3681522431164779,1.1498352761099255,0.8476222781895689,1.351694496156546,1.494638938395973,0.9623794786415507,1.0340404009227069,1.0712833865802625,1.4651760646122933,1.317856910887707,1.9028936321972425,0.6760674276406836,1.2059654435480585,0.9798814507736241,1.6344339135849648,S1_Rural_Overhead_AC_500MW,Overhead,AC,460,Standard Aluminum Conductor,100,0.6076627113621178,LCC Converter,0,False,0,,,35.761747490155685,0.0415641210960757,51.0,sample_161_1763055568080014,2025-11-13T11:39:29.882173,93394322.19478968,95302021.59017642,55673525.44182874,13479021.16446789,79915301.03032179,0.0,186788.64438957936,9526220.863868548,2549487.0721724415,600000000.0,30600000000.0,8189428475.7109375,3584977.565334566,3625335.658508268,1394604.6979629055,1087786.782359104,60168.84810272976,2437021.934872732,36199784.19934987,37079747.31348768,22012500.690101355,2487662.9872286622,33712121.21212121,150240000.0,0,118261306.8523406,632316379.5479008,41801053612.24673,9511621759.751144,0.1264632759095801,72827545.09145287,3714204799.664096,918978390.753634,4.47180003566352,14404818.600913424,734645748.6465846,196612052.72961828,137374981.89183524,450000.0,22950000.0,6142071.356783203,5527864.2211048845,168471927.22802067,131179569.92560576,5651635.186246751,4400608.9637998855,66362.85476919901,3384505.5932291495,905789.7542939133,1664500.2436418715,84889512.42573546,22718842.82184756,969046273.9424144,239763996.17865512,19000907.332204204,0.01054973185900509,2.563891081275481,0.007435541521896464,0.33856668570947235,0.010683007017236158,0.564623361750329,sample_0162
1.2187730455533652,16.0,0.9107382846043368,1.0399518914719834,0.4807421977473803,0.7816228035637685,0.535473733418864,1.1260802420989722,1.4481222017877124,1.3768864299295616,0.7225748371039351,0.517097965819098,1.00644996081614,1.2028410552423503,45.0,1.1459387772417864,1.0886285647580773,1.071954861253179,1.3657056483724532,1.1472300239060271,0.8807922139118358,0.7722350091128879,0.9938680912468614,0.9049779702815172,1.4633420669965551,1.1255505845945688,0.8332922755867718,0.9359243538123301,0.9263198761597736,0.9181068418317504,1.9815197951928794,1.209142859876196,1.278513519663597,1.0822380504026263,1.425838582575446,S1_Rural_Overhead_AC_500MW,Overhead,AC,460,Standard Aluminum Conductor,100,0.7279663240303883,LCC Converter,0,False,0,,,50.322498040807,0.0343781633172535,45.0,sample_162_1763055569898585,2025-11-13T11:39:31.714717,97545055.95267712,100810950.05468331,38536341.57150424,14078070.730392756,83466985.22228436,0.0,195090.11190535425,8779055.035740942,1377354.2951038857,600000000.0,27000000000.0,4236055682.121173,3526452.8263273807,3620866.783349127,1018882.0768246156,1543661.2328573486,51647.52016993814,1931144.073300094,37357094.106795,38841142.74311838,15402399.343506437,3644972.8946737894,33712121.21212121,200320000.0,0,132631681.49985068,229554399.4243741,12965479186.895916,3498984460.5711427,0.0459108798848748,75836725.60162188,3412652652.0729847,973404772.18293,4.6565715187032675,3300270.966555145,148512193.49498153,23300219.300692428,20890520.09998704,450000.0,20250000.0,3177041.761590879,2859337.5854317923,77595554.48028082,50260006.43594457,7609832.22807195,4929022.27867385,1747977.9532392437,78659007.89576596,12340886.568402726,2344171.4197421498,105487713.88839674,16550067.770774646,1549242315.4925733,441896675.9632456,34427607.01094607,0.0028097389610314085,0.4817759506486819,0.0025203097971765016,0.03703407025834773,0.002947980398922178,0.0969697370522567,sample_0163
1.3425645577438963,17.0,1.4386526277081488,0.8534508594231145,0.6101008359438982,1.140256558111792,0.8869485307132465,0.9371096961840665,1.536227844028865,1.4731497511973317,1.05377472825128,1.8431349261646113,1.1342045099736109,0.7331092043855866,54.0,1.3836312230890753,0.9168370432841818,1.1708776865795179,1.2579484534412848,0.7029545612905767,1.381211624335962,1.1050518254332957,0.9732415494606883,1.4123850521050747,1.372668059655673,1.4965570715634737,0.905002958375231,1.052264848800634,0.7297224300089807,0.9211900923596127,1.5808816275508772,1.0130092912073836,1.25656119394433,1.2404023318380897,1.1123184468903753,S1_Rural_Overhead_AC_500MW,Overhead,AC,460,Standard Aluminum Conductor,100,0.5974156015961801,LCC Converter,0,False,0,,,56.71022549868054,0.0415089366926722,54.0,sample_163_1763055571732726,2025-11-13T11:39:33.514448,119487405.27004336,125867922.8088834,61248740.6684845,17244873.421353634,102242531.84868972,0.0,238974.81054008676,12904639.769164683,2848503.18787877,600000000.0,32400000000.0,7151807794.573262,2936776.2290498186,3076686.851915774,1156285.3981297335,1421862.9488896946,86052.83258794699,1428860.4475721768,35933664.255713895,38231753.89368988,18691460.88627796,2221543.0435926868,33712121.21212121,212840000.0,0,156013450.69207722,291323149.1632114,20725033811.393333,3536362744.090857,0.0582646298326422,60503501.64962717,3267189089.079867,611997085.325497,3.7150718247445615,7330546.545105231,395849513.4356825,87377766.53294277,55167963.87951799,450000.0,24300000.0,5363855.845929946,4827470.26133695,108963319.6755886,77997114.0738314,8297393.682468667,5939363.480240817,312223.10405608616,16860047.619028654,3721599.3820569585,2094101.1196894145,113081460.46322836,24961014.517365582,1589453026.3809428,297730126.07632107,29434315.303350795,0.007760496565005059,1.1435960528443734,0.0050203387499953645,0.1426119178918736,0.007958778908755569,0.26303894572486103,sample_0164
1.291699387943789,2.0,0.6596724702327688,0.944942376528453,0.5309671227360637,1.39660728692478,0.9980488553138585,0.7000849725046191,0.8365697624767623,0.7394792849365148,0.9160056732933335,1.2558687718940027,1.254675315538282,1.0170710952883404,55.0,0.765885430206999,0.706849840009328,1.2598400263958487,0.7082964893786409,1.103198800500484,0.8283158314670283,1.143598630927646,0.9231399028748296,1.3989164981591125,1.1498700706000682,0.749931971094787,1.3963029322154858,0.7595178064200181,0.9722782077741087,0.9689175965619894,1.655238516011172,1.4346241928109988,1.2122199415931778,0.8901432323661226,1.398096235126527,S1_Rural_Overhead_AC_500MW,Overhead,AC,460,Standard Aluminum Conductor,100,0.661459663569917,LCC Converter,0,False,0,,,62.7337657769141,0.0229765629062099,55.0,sample_164_1763055573531211,2025-11-13T11:39:35.395170,78307748.16338524,80198156.44755974,73340080.16524349,11301669.844925288,67006078.31845996,0.0,156615.4963267705,8613852.297972377,5177853.877573304,600000000.0,33000000000.0,19836557680.48635,3058017.739140941,3093179.303275588,2131493.711800484,800589.6682976759,6071.304039855902,2251356.766803409,36794154.83420709,37849090.11447989,34835229.6687996,3082033.6220858805,33712121.21212121,25040000.0,0,24377287.61661338,253536801.10647044,18470778988.55957,9278634516.739222,0.050707360221294,63349288.48477958,3484210866.662877,1851422826.0521848,3.8898105126262545,3986987.037188469,219284287.04536575,131813497.22423407,98705406.24862362,450000.0,24750000.0,14877418.26036477,13389676.434328288,7831733.144824674,7552640.461424834,1196852.611604746,1154201.4128432549,0.0,0.0,0.0,2631660.1192340236,144741306.5578713,87005129.58436885,2062316407.8561788,1095863545.0511384,37496661.96102143,0.004541788256536794,1.3298446765673344,0.00347064525749997,0.11017484464786573,0.004701302071073541,0.6226959150013871,sample_0165
1.0576543250123762,3.0,1.110102060676117,1.0651030572081668,0.4215551363130424,1.3318196278546583,0.7515726725263505,1.2702301090886645,0.5501567476331138,1.000162933431508,1.4498773353319996,1.5380877591602529,1.0606408727893653,1.364658971190246,43.0,0.7755778592634577,1.056666637556738,0.9485158448899751,1.2086941714644237,1.470524903542041,1.070453281531929,0.854904285467387,1.0393476107621291,1.3375151360486055,1.2160800268471106,1.0482312200027926,1.061710913886661,0.8023565144105277,0.9177291749680764,0.751343271376048,0.7609934133689207,1.0404138513552355,1.2595953317829247,0.8157882965845128,1.0288827769163509,S1_Rural_Overhead_AC_500MW,Overhead,AC,460,Standard Aluminum Conductor,100,0.7455721400457167,LCC Converter,0,False,0,,,53.03204363946826,0.0232673357779037,43.0,sample_165_1763055575412541,2025-11-13T11:39:37.323796,72219628.31301191,75177615.99211168,58070194.82031095,10423009.404049182,61796618.908962734,0.0,144439.25662602382,6210888.034919024,1912472.4278784883,600000000.0,25800000000.0,7944401567.353052,3756225.3601333383,3858781.009365747,1937306.1886375183,1366190.6847158484,11769.147260770136,2378265.52815672,37847451.427849226,39685084.45194815,30587047.206045773,4135330.215728018,33712121.21212121,37560000.0,0,33807940.97785219,201292577.5894778,10748576644.519552,5928009607.824585,0.0402585155178955,29124739.916455336,1252363816.4075794,715258499.9459001,1.7883345214169637,4953016.1031233715,212979692.43430495,65581248.154630356,45407305.15121279,450000.0,19350000.0,5958301.175514789,5362471.057963308,13771123.241052756,12038286.726353616,1849545.9273042523,1616815.4039950385,0.0,0.0,0.0,2129041.9338779254,91548803.15675078,28189940.12743359,1614107196.329974,921859827.690146,37537376.6588366,0.004563143650702339,0.7896672673985993,0.003238345560262848,0.06563141995975634,0.004848222762556545,0.4254254738352118,sample_0166
0.8119123697453525,16.0,0.9204251560505404,0.844276072720447,1.4683486164447004,1.276011930189168,1.0040131866771236,0.6226750008724824,0.8006697064240809,1.2987821572209721,0.7042081127959223,0.5406038707159322,1.0311608899571179,1.1938352691246903,57.0,0.8964200234551828,1.0203883554362836,1.18035761340433,1.1343621749224946,0.8126082076375076,1.2156654290966054,1.0879483303541564,0.9509139685577365,1.2769077590483433,1.1949436086797647,1.2348961818448636,1.3330526817044865,1.1299725992408365,1.2931617245148024,0.7039766376474155,1.9363654964867292,1.2176491181669764,0.8852827552656442,0.8598957470228712,1.5612252393395902,S1_Rural_Overhead_AC_500MW,Overhead,AC,460,Standard Aluminum Conductor,100,0.5909932509043129,LCC Converter,0,False,0,,,51.558044497855896,0.0268926007036554,57.0,sample_166_1763055577340703,2025-11-13T11:39:39.131649,78741586.89054036,81406434.43298727,36001164.5945366,11364283.087870542,67377303.80266982,0.0,157483.17378108072,8976540.905521601,1545173.0231261752,600000000.0,34200000000.0,5887002348.355539,3079146.9071050063,3158428.2606953345,992005.385417428,1282173.0037760318,71283.67369451803,1725690.2296344566,37329803.84583239,38829060.43529778,17699618.457569044,3617682.6337111825,33712121.21212121,200320000.0,0,141017879.94210377,701136464.3523445,53515496895.87013,16199202062.040192,0.1402272928704689,74108580.2815401,4224189076.0477858,1371318098.8666835,4.550458916743814,3583794.5499421186,204276289.34670076,35163011.55255507,31361159.522286978,450000.0,25650000.0,4415251.7612666525,3973726.585139987,38751037.45878158,26759148.069236323,7614191.320222744,5257904.98337127,0.0,0.0,0.0,2355016.899062895,134235963.246585,23106650.025333725,1502865909.0705006,487882332.9580527,26366068.58018422,0.0016356151737418364,0.7236468361643865,0.0014602529530284862,0.05346521889086015,0.001669271480924294,0.15682040870332628,sample_0167
1.1374678922811126,7.0,2.2943415830985874,0.8082834598059981,0.5870960577236541,1.3138832027262672,0.8726327544131983,1.1489904639073427,0.7232463302412836,1.5679497474335202,0.5110135546586594,1.0957724003106089,1.3087442181597901,0.8728693665091477,41.0,1.3366303680019551,0.7753976435343645,1.0377542656174938,1.1225989681790618,0.7992217870848142,1.0528774952668756,1.0938710026915597,0.8457790219983564,0.9222576952357252,0.8665347526684268,0.8144096173667466,1.484336022428604,0.8746330313385237,1.4347377039648068,1.150137495102314,0.5681150309051473,0.6055572504589497,0.944548773861951,1.0640543223755887,1.3226886231985988,S1_Rural_Overhead_AC_500MW,Overhead,AC,460,Standard Aluminum Conductor,100,0.5657984218641987,LCC Converter,0,False,0,,,65.43721090798951,0.0400989110400586,41.0,sample_167_1763055579148033,2025-11-13T11:39:40.934628,82348422.43745597,89471796.27765547,63652696.857076064,11884835.210645547,70463587.22681043,0.0,164696.84487491194,6752570.63987139,2932184.2072806004,600000000.0,24600000000.0,10682114315.575172,2564556.530530647,2769722.9538450325,1627853.3735578756,1268877.0155478483,27010.455452819137,1268669.0595299792,36357179.89851257,40135870.644714475,28664181.642636403,2645058.6863913573,33712121.21212121,87640000.0,0,78013063.75187781,280338367.56304485,14122111732.087666,4524123893.315853,0.0560676735126089,21742898.4628018,891458836.9748738,301196168.4295869,1.335070322627096,4944823.848763111,202737777.79928756,88035289.3714499,68741961.30213138,450000.0,18450000.0,8011585.736681379,7210427.163013241,36532597.640391305,31462820.659010597,4182453.712394364,3602037.62029191,0.0,0.0,0.0,1574599.767735161,64558590.47714159,28033424.533708513,1292719504.9330273,436769647.2237609,31529744.022756763,0.005935343827558158,1.0223763822935459,0.00469357841738602,0.1423427183339722,0.006099987107639708,0.40357820188478927,sample_0168
0.9009252054009323,8.0,2.014837721423099,0.8438998945712328,1.331997663059442,1.0813470362569637,0.719651599837007,0.7748815129894063,1.1787436822464676,0.9447832886147937,1.4939307354098628,1.8270929651185384,0.7279634172235545,0.8105214669813425,42.0,1.2469295104720093,1.161928443716917,1.309825972644068,1.1033748431195232,0.8955385966301017,0.8751143532845007,1.2364632988929931,1.3060918826743533,0.8783245404722019,0.8568129487452312,0.7143010442315246,0.9018948903105172,1.4116815121561435,1.4729200826849336,0.8222250208518922,1.5276110454659082,0.8846420484885683,1.2880393295419093,0.8938125056493946,1.9185949369624924,S1_Rural_Overhead_AC_500MW,Overhead,AC,460,Standard Aluminum Conductor,100,0.590729926199863,LCC Converter,0,False,0,,,36.398170861177725,0.0374078853141602,42.0,sample_168_1763055580952707,2025-11-13T11:39:42.734141,89127125.88438357,95863080.61155511,55234545.13533218,12863163.283290269,76263962.6010933,0.0,178254.25176876716,7486678.574288221,1833611.2302089871,600000000.0,25200000000.0,6171896194.389449,2718023.0403957916,2893381.985941209,1233023.3780959784,1247147.9287381277,25657.292093630913,1445217.8195640333,36168246.86964043,39449815.60844252,22951866.479205377,2456125.65751922,33712121.21212121,100160000.0,0,80388684.84793642,636028884.1108836,32996535777.164913,10846790628.71646,0.1272057768221767,58464729.93207124,2455518657.146992,850553081.6370069,3.589885956844885,4520516.116588491,189861676.89671665,46500260.36108112,29508200.644698784,450000.0,18900000.0,4628922.145792087,4166029.931212879,35609525.7072115,27270163.820558827,4506676.974640395,3451262.462613907,247765.00725303887,10406130.304627633,2548633.175613174,1930432.8852229249,81078181.17936283,19857385.62971935,781290161.7785195,270626636.380559,18602146.70901237,0.002785627745187549,0.6437867823111011,0.0018346444513853222,0.10533503006410173,0.002827314578207589,0.2380657383951292,sample_0169
0.7319396976770807,16.0,1.2434566155338067,0.9150401861670632,1.617383178303497,0.817221251622848,0.7443920049283406,1.5392097485444056,1.1207861885757398,1.884575730062834,1.4134450791977053,1.197057431116877,0.9706193605678022,1.0070737316735487,55.0,0.7845199769180503,0.9237279238936734,1.1087048511024724,1.239922196748699,0.947836988260373,1.3457780132298631,1.0065938290211434,1.1289643448189504,1.0338724679364624,1.4587603436697123,0.9909829634550538,0.8369721886058904,0.7063372566550122,0.7685540397169812,0.835643518603862,0.7451941380455166,1.1129840077028552,1.2357849823332108,0.996212385681942,1.938679296682093,S1_Rural_Overhead_AC_500MW,Overhead,AC,460,Standard Aluminum Conductor,100,0.6405281303169442,LCC Converter,0,False,0,,,48.530968028390106,0.0235355993075415,55.0,sample_169_1763055582751158,2025-11-13T11:39:44.569081,96865625.4225066,101320475.24924427,49815839.27891191,13980012.751270069,82885612.67123652,0.0,193731.2508450132,10655218.796475723,2229313.755636476,600000000.0,33000000000.0,6904349440.514215,3434990.429284786,3553379.7931235437,1235503.1285654088,1401487.8163250445,78913.1602036459,1954589.4527560957,36763859.792950146,38778974.43259066,19067286.85313166,3051738.580828936,33712121.21212121,200320000.0,0,146611569.98057815,772300467.63992,56263986877.97483,19833006295.71772,0.154460093527984,28520070.051278017,1568603852.8202908,585652364.2931598,1.7512062244069642,6753143.867607752,371422912.71842635,77710108.4733826,59105415.90919042,450000.0,24750000.0,5178262.080385662,4660435.872347094,87515918.88560854,62678433.06788186,7759555.476990213,5557352.134264403,111137.52159174586,6112563.687546022,1278887.1417035116,2221568.88322114,122186288.57716271,25564146.45988612,1525462776.123065,569545255.082345,27735686.838601183,0.0029386170251392454,1.1821162425423088,0.0022606719907249163,0.09380931446019827,0.002999176151356678,0.2639434812894407,sample_0170
0.7989459654882934,18.0,0.9018568376430728,1.0911311983108065,1.357724262572857,1.3707579963154264,0.9059782193291532,0.5612657118843182,1.5584882844392884,0.882192532333649,0.5027689990599352,0.9459030024643283,0.7938206074152578,0.7696601255606588,51.0,0.8166842630105249,0.8464218480329739,1.1426113213992228,1.1526684380554921,1.360619912804356,0.9945262363837236,0.9340271718818566,1.4029499431695989,0.8022517157801514,1.0657705967904594,1.3648193559992883,0.9864151390805671,1.0222727238332239,0.8258236917292232,0.7399006002986852,0.6236790416838235,1.5098098036102268,0.8238876183740259,1.0627193815290108,1.2617397575839755,S1_Rural_Overhead_AC_500MW,Overhead,AC,460,Standard Aluminum Conductor,100,0.7637918388175645,LCC Converter,0,False,0,,,39.69103037076289,0.0245005278903157,51.0,sample_170_1763055584587743,2025-11-13T11:39:46.370095,104859425.6842312,108335413.14371192,55669260.93860978,15133708.183499742,89725717.50073147,0.0,209718.8513684624,10695661.419791585,2853654.3839972103,600000000.0,30600000000.0,8164228533.705417,3957694.744879173,4036579.715082337,1482558.109517309,1302864.6284687836,65606.1834699532,2589223.932940436,36044424.62291109,37470175.802630365,19656754.005884912,2332303.4107898753,33712121.21212121,225360000.0,0,168854166.82517114,648313335.3785392,42858577392.964485,14618113961.486237,0.1296626670757078,23869444.283323295,1217341658.4494882,437138651.91786224,1.465645747956985,4565038.028503023,232816939.45365417,62116689.54959117,50365416.91997059,450000.0,22950000.0,6123171.400279064,5510854.260251157,81590540.82783496,60282774.74128638,8505835.576939384,6284495.296495546,359604.0013503847,18339804.068869617,4893148.747765752,2727521.7730030394,139103610.423155,37113518.475757,1483142819.222608,532585940.9283761,29081231.7494629,0.0028304539956464764,0.8884406809886153,0.0023176368301815165,0.07670190052582955,0.0028943928938824637,0.1910997160257498,sample_0171
1.326856927761625,15.0,2.937850324915282,0.9109544193463325,0.47027710166932823,1.2236238283650263,0.8323925447591574,1.5496235811686085,1.0616597200715663,1.8084556862254237,0.7032852173240699,0.5592220222145787,1.280006507580489,1.2085055955759199,43.0,1.39943847522368,0.8638634756068913,0.9046648865767474,0.8050110301131082,1.4872020896526637,1.4376385169902832,0.8118751868218254,1.1039054786105096,0.7240122425025479,1.4947493550229949,1.3874106074828156,0.7006514759748687,1.360413461781813,0.7155726067195117,1.2448908941317267,0.5374956563523662,0.9715358981411477,1.2652876788962741,1.2361057605401877,1.0766645262022216,S1_Rural_Overhead_AC_500MW,Overhead,AC,460,Standard Aluminum Conductor,100,0.6376680935424327,LCC Converter,0,False,0,,,64.00032537902445,0.0419831542567104,43.0,sample_171_1763055586386952,2025-11-13T11:39:48.180324,121239936.29398578,134828711.11894798,60763286.163713865,17497805.314941745,103742130.97904404,0.0,242479.87258797156,10426634.521282775,2376262.53266413,600000000.0,25800000000.0,5879900481.55941,3493838.2239903994,3686553.5360180414,1168391.0462782322,909906.40676421,79030.91011127493,2504900.9071149146,37374259.38053309,42403631.42778377,19598046.512563907,3662138.168411879,33712121.21212121,187800000.0,0,138368665.3849029,224557316.04710427,11990862015.500715,2478873509.086361,0.0449114632094208,20571033.75991776,884554451.6764636,194339152.1229282,1.2631147924280606,8677221.825772554,373120538.50821984,85035334.65326309,75524608.29236485,450000.0,19350000.0,4409925.361169556,3968932.8250526,129996715.40196244,90763715.67788884,8072032.6462118765,5635893.751453597,0.0,0.0,0.0,2041222.5435299631,87772569.37178841,20003642.361119583,1563037127.6822808,343403743.6075617,36349700.64377397,0.009685259710293928,1.0970877359870992,0.008607673462952485,0.1311357084636969,0.010059307461196494,0.2641012570008572,sample_0172
1.2428122199104203,5.0,0.6051832074388638,0.9650499655367959,2.8985249726357822,1.0303780521684351,0.6383950707314554,1.7801831032514073,1.2004602737672787,1.4571401958109593,1.4287457308521714,1.4870966116574538,0.9858241838341353,0.9483700337546174,47.0,1.237937221783636,1.0683893313576696,1.0393385953376093,0.8195828564585776,0.9585041111096058,0.9733368857775231,1.4502523374665424,0.9910556071829162,1.4152457718561218,1.3777140252993159,1.4739731499444777,1.0287913616082502,1.4359729664822916,0.9516637271685088,0.7343453818556289,1.9497066643383374,1.4161452928263145,1.0369611797309304,0.8037602510115001,1.755256137973974,S1_Rural_Overhead_AC_500MW,Overhead,AC,460,Standard Aluminum Conductor,100,0.6755349758757571,LCC Converter,0,False,0,,,49.29120919170676,0.037138116653509,47.0,sample_172_1763055588197003,2025-11-13T11:39:49.980017,85374756.97397599,87263658.76542939,60833292.30249498,12321607.23607376,73053149.73790222,0.0,170749.513947952,8025227.155553743,2214414.964696603,600000000.0,28200000000.0,7781275320.191901,2617221.023951444,2654476.4753482607,1202225.7385806164,926376.9862395438,17835.661055444492,1673008.3766564557,36585969.799256414,37547903.52433309,26826737.88172521,2873848.587135204,33712121.21212121,62600000.0,0,53810354.89907153,1384045674.433586,82525583945.29906,29616200928.8976,0.2768091348867172,74619173.45755686,3507101152.5051723,1342727513.922476,4.581810661195093,8897518.691446979,418183378.498008,115390071.00783756,81070834.2849039,450000.0,21150000.0,5835956.490143926,5252360.841129534,44432564.462850735,37488376.21854477,2522332.4433474885,2128127.168160872,541390.4285352908,25445350.141158663,7021179.966916294,2608099.521753551,122580677.5224169,33823900.735375345,1426155067.3493507,546017227.5561717,30343724.837220225,0.0030681146996655913,1.3642015526062803,0.0021847574267225265,0.15715763080927098,0.0031111076352232404,0.5379488587256934,sample_0173
1.362715722063149,6.0,1.3905589495751915,0.8141216172590751,2.7817993262594625,1.4683437710403742,0.5953127335600615,1.4744160408611335,1.5403809556020795,0.7441308667543275,1.2754379275631913,1.8227200757525295,1.462334819925788,0.9159449752319131,46.0,0.8006211330953851,1.239204544831515,1.3246693528383648,1.0834130624726788,0.7628643558448654,0.7174578150160587,1.0279850681630287,0.8312553250331738,1.180008887898288,1.2185901576797278,1.4936313101466334,1.4909526616180768,1.2997437943142076,1.3632902351510292,1.2933276458969742,1.1528407599943264,1.5415165508475228,1.225251557252271,1.1629579294955006,0.8648616790954684,S1_Rural_Overhead_AC_500MW,Overhead,AC,460,Standard Aluminum Conductor,100,0.5698851320813525,LCC Converter,0,False,0,,,73.1167409962894,0.0240186339928615,46.0,sample_173_1763055589997109,2025-11-13T11:39:51.780242,102345588.09727684,107623419.43024115,67923087.57594568,14770901.652628176,87574686.44464865,0.0,204691.17619455367,9415794.104949469,2192036.1926005203,600000000.0,27600000000.0,6425395271.1192045,2565889.7490521977,2682165.53260614,1215571.4271935197,1224585.067582755,15776.245117825842,1325528.4363516166,36487712.04615731,38734965.3437608,24692709.242117673,2775590.8340361,33712121.21212121,75120000.0,0,62124744.783108115,1328309178.2888932,77102882432.09688,37335350408.16348,0.2656618356577786,44121521.56650286,2029589992.0591316,1024100593.2800906,2.7091757859866674,8924459.072754813,410525117.3467214,95571961.87229273,60731775.15555607,450000.0,20700000.0,4819046.453339403,4337141.80800546,88726983.97555843,70650922.80481578,3325751.527308836,2648206.9365574415,3996896.0995109905,183857220.57750556,42802728.8282545,2767947.875730592,127325602.2836072,29641931.98570631,1636544963.9183123,825775981.8661209,35577064.43300679,0.002186476544236252,1.0699088183732932,0.0014171753334542255,0.08886771625742326,0.0022265206857831057,0.3303510070044293,sample_0174
0.893577473961007,4.0,2.286912641793297,1.0571918151899622,1.242124805781882,1.1543063647947334,0.5037259990776146,1.929227426459219,0.5979929083027826,0.7683379243304611,0.8437665803971428,0.7125664031129469,1.304730144266788,0.9658965304884912,58.0,1.1715233006188386,0.8398825263587815,0.7046366920867029,0.8835120295105949,0.7378376692855716,1.0612707552356504,0.9863310845669947,1.0617127155322248,0.7211501920385355,0.9403835782333542,1.2834882819409987,1.4705785087985463,0.7304727889708448,1.353111228745641,1.4757446350617072,1.1759981148425873,1.1216946347022734,1.127930819246255,0.9494189559610675,0.6763537951057841,S1_Rural_Overhead_AC_500MW,Overhead,AC,460,Standard Aluminum Conductor,100,0.7400342706329734,LCC Converter,0,False,0,,,65.2365072133394,0.0351456990185651,58.0,sample_174_1763055591796748,2025-11-13T11:39:53.590439,78243088.92261645,84988505.90135439,60817100.290553555,11292337.979193844,66950750.9434226,0.0,156486.17784523292,9076198.31502351,2425935.2071697856,600000000.0,34800000000.0,9301531575.149364,2645118.0548352743,2806024.051335684,1318241.0256781254,998636.3242650058,15557.58607735752,1630924.144492911,36639080.39541967,40429156.418858066,29314702.642226316,2926959.1832984583,33712121.21212121,50080000.0,0,44905507.26950838,593114594.7608485,46316354088.488464,14423387617.230978,0.1186229189521697,45007799.85125551,2610452391.3728194,891628964.790981,2.7635955698800796,5136311.70183592,297906078.70648336,79625942.45739327,68278188.17512462,450000.0,26100000.0,6976148.681362018,6278533.813225818,30139807.75568874,25716667.41658835,2829110.6888069836,2413927.0979600786,73902.57540643445,4286349.373573198,1145678.5643796776,2232674.932645398,129495146.09343313,34612160.638409406,2649881237.388882,905096324.4227384,45687607.54118762,0.0033665461316580506,0.9469879662178736,0.002898297728132589,0.0781772251707885,0.003489315854711785,0.4273060899890858,sample_0175
0.9121785069955679,9.0,1.061531149708412,0.975393028265533,1.997774110679929,1.0243345347166521,1.1718481522032524,1.7423123128257518,0.766808265941191,1.0893019860710687,0.5081571267548827,1.0840111643917085,1.0390807198456504,1.3804395693445763,53.0,1.1737442658888033,0.8143805276262839,1.1220317474591222,0.8323527631871134,1.3063991427465422,1.4624404325077827,0.7469795853231622,1.4433035411092892,1.0574611994107554,0.9682357711391161,1.1139662110438733,1.1603021190306342,1.368981834478883,1.407031595919571,0.7159988882215916,1.6897202956301278,1.0487853853136764,1.2505218362408022,0.9410971595078488,1.7796684359118953,S1_Rural_Overhead_AC_500MW,Overhead,AC,460,Standard Aluminum Conductor,100,0.682775119785873,LCC Converter,0,False,0,,,51.95403599228252,0.0352123279766641,53.0,sample_175_1763055593607106,2025-11-13T11:39:55.387737,93001713.93322828,96641015.27653188,68765805.34200223,13422358.457971726,79579355.47525655,0.0,186003.42786645656,9858181.676922197,3594273.58180446,600000000.0,31800000000.0,11594217234.700682,3578536.767961173,3645956.981133737,1722552.59025567,940810.8505114948,48236.603429315786,2589489.314020362,37895271.42225629,39652338.229770504,28065286.034204863,4183150.21013508,33712121.21212121,112680000.0,0,97271478.09283304,953937137.849666,66247672777.221306,19480479792.101692,0.1907874275699332,64668975.154356256,3427455683.1808815,1089408622.060584,3.9708426947308,5660259.236418128,299993739.5301608,109377125.31958796,85663920.32448712,450000.0,23850000.0,8695662.92602551,7826096.63342296,49570258.455654405,42144010.977414064,4527689.017368785,3849384.320257487,0.0,0.0,0.0,2139715.639674938,113404928.90277168,41347213.24479625,1720667720.9398944,546910135.1453804,32465428.69697914,0.003578204452430556,1.1980560382505285,0.002833221777067927,0.14163010365305279,0.0036385096628240073,0.41174775604352315,sample_0176
1.1612583732546202,19.0,1.3582881683348484,0.9084651980868197,1.9803066004835563,1.293900009896542,1.0095038903961475,1.751374421555885,1.23368272186572,1.6133540316446737,0.8691769692062418,0.730215556998419,0.8274919473947002,0.8541781850569768,53.0,0.7205582851618653,1.1686343469353335,0.7791096144120307,0.8236262100050447,1.2023677806535948,0.9062662322883254,1.2526045333119749,0.9471297119658864,1.1695508700437016,1.4020447877038167,1.4978541104304501,0.9674107675631287,1.3283774516121798,1.0805785800318328,1.034873287814456,1.919514848197333,0.7718290649947801,0.909928098361508,1.0016600900666215,1.7103425053026267,S1_Rural_Overhead_AC_500MW,Overhead,AC,460,Standard Aluminum Conductor,100,0.6359256386607738,LCC Converter,0,False,0,,,41.374597369735014,0.0216167485548559,53.0,sample_176_1763055595404164,2025-11-13T11:39:57.174109,100067673.6881481,105105314.57665576,25983520.625583693,14442144.445445342,85625529.24270275,0.0,200135.3473762962,10607173.4109437,735272.643951768,600000000.0,31800000000.0,2204326183.028434,3390417.5984125463,3476663.9857039056,476572.1967994156,930947.201005702,63105.240137153065,2396365.157269691,36300539.95471811,38484511.17991639,9629165.058060288,2588418.7425969,33712121.21212121,237880000.0,0,130854275.9241392,945596401.730898,65668437170.1845,23938594482.16829,0.1891192803461796,73463672.27020833,3893574630.3210416,1491011919.0634265,4.510859893263733,12086510.06016582,640585033.1887884,44404350.9784335,37919401.40185946,450000.0,23850000.0,1653244.637271325,1487920.1735441932,204892923.5870185,108738368.96375138,9161229.675750682,4861940.350128135,0.0,0.0,0.0,1786596.3312683448,94689605.55722226,6563735.119195593,1240730977.7080712,475127576.0088407,23410018.4473221,0.0016219231934418835,1.2762134308298765,0.0013877330763826462,0.06036616098400621,0.0016495224568613106,0.1600095172579041,sample_0177
1.344724880658628,3.0,0.7221574830048079,0.805429461985315,1.2906723376462246,0.7462603196428164,0.6922608753381084,1.6976989774851416,1.6782715148467457,0.9015072644303914,1.2867300635299472,1.052876211532397,0.7682874527892954,1.370858364073693,41.0,0.9590218755288068,0.9013508507324781,0.9908285696185086,0.8296759936697954,0.7308512082006825,1.2999021008331186,1.26659248959461,1.121836317462606,0.8715718192181132,1.2888042110753024,1.0020585753563243,1.0687481103831145,1.459299895424936,0.8610056675817148,1.4903708025783415,0.8408010618807191,1.142879758960555,0.8080086024924809,1.2941900508270536,1.0947792742555384,S1_Rural_Overhead_AC_500MW,Overhead,AC,460,Standard Aluminum Conductor,100,0.5638006233897205,LCC Converter,0,False,0,,,38.41437263946477,0.0287706562658642,41.0,sample_177_1763055597190905,2025-11-13T11:39:58.982461,133990641.64719918,137535685.2500635,110752795.68285264,19338035.24839958,114652606.3987996,0.0,267981.2832943984,10987232.615070334,4531057.628631219,600000000.0,24600000000.0,10144867371.92052,2070086.9521527004,2115272.5512221903,1310566.8282047026,937785.2898146476,14291.832734068852,1118009.829603984,37866237.46688998,39051186.19576191,32122751.716546457,4154116.2547687674,33712121.21212121,37560000.0,0,34667804.47993224,616296041.2260723,31046059195.8773,15657373679.859043,0.1232592082452144,32179138.24029889,1319344667.8522544,691839539.2349876,1.97588249541969,6202463.644278459,254301009.41541684,104871951.75060631,82788515.099569,450000.0,18450000.0,7608650.528940393,6847785.476046352,28491184.498405684,25764283.29750866,1674970.8673521637,1514658.8217120208,2113602.925729583,86657719.9549129,35737035.59738299,2259685.966074708,92647124.609063,38207024.04669666,755235884.6224612,396031498.9422025,18420387.429816127,0.00413916323692943,0.7801070365346789,0.0032985179001340467,0.16525724127614794,0.004200377549828168,0.39521240068764213,sample_0178
0.7480302802055959,1.0,2.4570940467168,0.9385400512630635,0.4611285630346896,0.9039842132975336,0.9235039110770484,1.552206032081379,1.8790699781483364,0.5792641805865703,0.8344088179029496,1.7980211659504712,0.8965602489914254,1.339916289013547,41.0,1.1362578993130286,0.7145833727104722,0.8204420266956699,1.245070165838654,0.9553395253314929,1.0835856008900477,0.8532442986644401,0.8954783528134556,1.4968120178801463,1.3681697094735132,0.8428142534125562,1.1340907222691214,0.7704932014766609,1.3956108381685821,0.989307335537817,1.11443284244317,0.7550481919704828,1.224480668241874,1.0859129228465307,1.0078312532027842,S1_Rural_Overhead_AC_500MW,Overhead,AC,460,Standard Aluminum Conductor,100,0.6569780358841444,LCC Converter,0,False,0,,,44.82801244957127,0.0340877369793908,41.0,sample_178_1763055598999491,2025-11-13T11:40:00.781718,94736361.85801417,103538883.58241276,86651852.83317202,13672709.395176709,81063652.46283746,0.0,189472.72371602833,7768381.6723571615,3867765.1193591664,600000000.0,24600000000.0,12247984966.393265,2933465.859582365,3178555.98995008,2157934.292648673,1407306.5813873273,3971.1770476255265,1522188.1011474116,37772473.603071354,41966828.780528866,35381742.40122412,4060352.390950143,33712121.21212121,12520000.0,0,12134470.74286732,220188888.8490643,11092067480.886003,5043518741.280809,0.0440377777698128,42651573.74598501,1748714523.585385,832381141.8998783,2.6189171797414494,8703637.729375545,356849146.90439737,177670040.1038748,113779141.5714676,450000.0,18450000.0,9185988.724794954,8267389.852315455,32814580.90471174,30532013.46564569,1555692.32102256,1447479.0652298797,1233793.11185023,50585517.58585943,25185799.142635293,1765200.7181623655,72373229.444657,36033586.431198746,1088175702.4113505,517967296.28787625,26540870.790520743,0.009899528769769505,1.5045794953993112,0.006465957543110007,0.2486904330871299,0.010178852986192002,0.8006080484430054,sample_0179
1.0105481560467564,19.0,0.7765125091343594,1.0687743476070883,0.3132908026630933,0.8544664283183114,1.0216849218120831,0.5466565005646253,0.740809164829453,1.8521704254410043,0.6145330911013565,1.9741136646119153,1.1639007838980442,1.4792221649461939,58.0,0.8001206044170902,0.8051456879178845,0.7327517834838618,0.9223566472223933,1.3789903006061672,0.7031113612240958,1.1367874134417721,1.0641882871268542,0.832381287202665,0.7215661333580221,0.8388805935590339,1.1302643041964702,1.281038026292606,1.037380819227578,1.3633457910234026,1.8905754216840778,1.552871990669946,1.0465761495402321,1.0521592849440833,1.7927335696251592,S1_Rural_Overhead_AC_500MW,Overhead,AC,460,Standard Aluminum Conductor,100,0.7481420433249618,LCC Converter,0,False,0,,,58.19503919490221,0.0240036181325127,58.0,sample_179_1763055600798391,2025-11-13T11:40:02.567900,90030320.10124844,92594102.6002941,38667672.18856285,12993515.682436708,77036804.41881174,0.0,180060.6402024969,10443517.13174482,1756787.9720000613,600000000.0,34800000000.0,5853987756.650331,4063269.771826,4117385.159135312,1023866.36788409,1042542.5133756144,48959.135530375774,2971768.12292001,38194612.62104907,39479746.81778743,16869089.879316524,4482491.408927861,33712121.21212121,237880000.0,0,162338872.99026233,149596358.27162704,11681988541.9458,3675906126.6575103,0.0299192716543254,72356102.53869304,4196653947.244197,1409278686.5507684,4.442852240957583,2342715.7149635437,135877511.46788552,22857048.521181513,13832566.157509116,450000.0,26100000.0,4390490.817487747,3951441.735738972,24635879.807683468,16567838.570657188,8899430.629110461,5984942.741435163,0.0,0.0,0.0,2782426.061504181,161380711.5672425,27147146.82971712,2400893078.709208,806244090.422082,41394708.253607035,0.0022676476674225836,0.48174039242888883,0.0014800552635340616,0.025308871952907777,0.00243074796946866,0.10078384579653452,sample_0180
0.7260438152622595,13.0,2.4266576988949344,0.9219626652471559,2.864360578548844,1.456103157995384,0.6721503203240785,0.6020314064649673,0.6448709150289427,0.9248230522881851,0.5842428383460936,0.7889491741875385,1.1569162210035713,1.282000207569331,53.0,0.7028705741062501,1.3690403504914235,1.2940910594308672,1.1824356288205458,1.1217636533776938,1.1385047232364647,0.9813208925924075,1.449417187170926,0.8137746513068249,0.8069579219027287,0.8447474989838277,0.9535239249710608,1.0869125278593001,1.3533572538532639,1.448982195327901,0.866019918039542,1.5539850188168416,0.8622593774530359,1.0495352317362698,1.2251742586418584,S1_Rural_Overhead_AC_500MW,Overhead,AC,460,Standard Aluminum Conductor,100,0.645373865673009,LCC Converter,0,False,0,,,57.84581105017856,0.0210861172231875,53.0,sample_180_1763055602584549,2025-11-13T11:40:04.355418,100907065.19887988,110161634.49857911,38045119.29144927,14563288.597172586,86343776.6017073,0.0,201814.13039775976,10696148.911081268,1041090.591684937,600000000.0,31800000000.0,3095196326.3415575,3670411.710803396,3900042.879469675,853011.8852940248,1336510.5743941322,54241.81502929801,2279659.321379966,37596970.32596767,41720217.56587531,14875572.419492057,3884849.113846458,33712121.21212121,162760000.0,0,105799178.23606823,1367732176.257073,94984323457.41708,39281230467.70951,0.2735464352514146,33144314.303209357,1756648658.070096,762259005.8838897,2.035146807392924,2618924.8242891715,138803015.6873261,13510144.158507597,11378380.743105752,450000.0,23850000.0,2321397.2447561687,2089257.5202805512,31394850.93668136,19059438.62988508,6941995.964502721,4214402.747800898,0.0,0.0,0.0,2783845.1723914733,147543794.13674808,14360912.25114961,1770605608.7868912,768315317.3322133,33407652.99597908,0.00035894913778980773,0.29441047100151974,0.00030535227237639276,0.01637919547246919,0.0003653129040257818,0.0798569641201389,sample_0181
1.1148563483449228,4.0,1.5873209407265068,0.902838170655164,2.5984407911762135,0.998429687562186,0.934716105182691,0.5257569225185468,1.613253017874588,0.586452895957004,0.5528107533061738,0.5607702549927356,0.9507945821371914,1.171592816817334,56.0,1.2214863941080347,0.8947598348923911,1.2396848573232648,1.237363358668436,1.1703991296212861,0.9047175972815696,1.4243239824093636,1.100359359066476,0.9317069266356043,1.2397397993041768,1.1848419011673736,1.0070758944055376,1.4957892161230573,1.3282585365795458,1.3126671342035952,1.3628157765040518,1.4234746255802608,1.200817984517094,0.8075508507805003,1.9962686309324984,S1_Rural_Overhead_AC_500MW,Overhead,AC,460,Standard Aluminum Conductor,100,0.6319867194586147,LCC Converter,0,False,0,,,47.53972910685957,0.036644591823241,56.0,sample_181_1763055604372212,2025-11-13T11:40:06.150066,84802486.20927177,89812387.49380776,70695474.62911725,12239014.958856242,72563471.25041553,0.0,169604.97241854356,9497878.45543844,3576837.143809815,600000000.0,33600000000.0,12653534007.186014,3883074.464385917,4035704.914288637,2198697.6964332527,1398595.5538888683,13262.611662452488,2471216.2988345954,37262402.47520404,39885620.409131706,31598448.73591684,3550281.2630828302,33712121.21212121,50080000.0,0,46188851.66383818,1240755477.786642,92536761856.80452,29223706597.968204,0.2481510955573284,52157685.39836307,2920830382.308332,1008936856.6969836,3.2026170747845217,3119048.7442795746,174666729.67965618,65778315.59302077,58401011.03140256,450000.0,25200000.0,9490150.50538952,8541135.45485056,17033782.23979377,15281273.35922638,2514294.423326928,2255612.9841015516,263623.2239911153,14762900.543502456,5559609.049759327,2617444.421014833,146576887.57683063,55199869.98871753,1493369866.6429553,515851898.91991675,26667319.04719563,0.00172497269680108,0.7203232662154578,0.0015341534236006417,0.10057162603335029,0.001745609445544074,0.323659225587259,sample_0182
1.368782223501392,4.0,2.6721921022369033,0.9098490802446707,0.5224866809095537,0.713671917562977,0.6635536171517669,1.180595985309811,1.5127410809878101,1.503579669038984,1.261206920834664,0.9202264754404699,1.3673945316048837,0.7866804038357595,50.0,1.031864078204273,0.7375217050569011,1.2675524965740648,0.9495114918516375,0.765937049284092,1.448000315560721,1.1951248588143855,0.8388192944194991,0.9386454244174667,1.1094078497707627,0.7710714767515869,1.0316282480258891,1.0479465299236774,1.283655869538938,1.2790154458377851,0.693204935839281,0.6185580719001395,0.8163238882388941,1.1957443363206368,0.8264897246878571,S1_Rural_Overhead_AC_500MW,Overhead,AC,460,Standard Aluminum Conductor,100,0.6368943561712694,LCC Converter,0,False,0,,,68.36972658024419,0.0309559223461281,50.0,sample_182_1763055606166711,2025-11-13T11:40:07.947470,102365894.7860362,112750898.6624538,90722684.179996,14773832.390612409,87592062.3954238,0.0,204731.7895720724,10236589.47860362,5605137.003824238,600000000.0,30000000000.0,16426770895.345615,2573653.8962252606,2778473.8197696484,1840476.1103228957,1073235.7165474568,21226.807050171345,1479191.3726276322,36096001.22374472,40511346.23451252,32615912.19279537,2383880.011623514,33712121.21212121,50080000.0,0,47648852.40695503,249487390.13431188,16082751082.9357,6234986736.4454365,0.0498974780268623,26530339.304440964,1326516965.2220483,547008237.4346046,1.6290315992223103,4437858.164403507,221892908.22017533,121499465.5544924,99138060.56347016,450000.0,22500000.0,12320078.17150921,11088070.35435829,30615090.923544917,28329490.49961191,3002486.4460066063,2778332.7986768144,1142019.785830376,57100989.2915188,31266162.29964543,1591175.8150726778,79558790.75363389,43563134.28068951,1938295470.5007048,799283851.4271001,38765909.41001409,0.005508695480463085,1.069024886280835,0.0045374701804336845,0.12348917608960791,0.005696112406428425,0.47058219287228403,sample_0183
0.9149439475852061,11.0,1.1668889007525052,1.0252961822579798,0.3110572005391875,0.8967880673199627,1.1689757948564725,0.9706213712416678,1.4435430491340202,0.6376858943272138,0.6909808731525259,1.3006400506813807,0.7782438102337437,1.4739917088092416,48.0,0.917286048402054,0.872023321904891,0.8677004509505347,0.9240633485590914,0.7074622935321222,0.8409689280797921,0.8049972775997285,1.4751496982680103,1.1769777354528521,1.3837303436874242,1.073976039394074,1.4098848043354475,1.2462519663973004,0.7571816878188268,0.7778301910115161,1.654194564942879,0.979307725827431,0.8449959810042805,0.9007922764060079,1.1990265915156901,S1_Rural_Overhead_AC_500MW,Overhead,AC,460,Standard Aluminum Conductor,100,0.7177073275805859,LCC Converter,0,False,0,,,38.912190511687186,0.0275185814520616,48.0,sample_183_1763055607964658,2025-11-13T11:40:09.728998,98386462.17276092,102626717.53834094,59217916.86903915,14199505.65257968,84186956.52018125,0.0,196772.92434552187,9445100.36858505,2403663.0960320984,600000000.0,28800000000.0,7329249501.251722,2353713.6868724446,2436291.979480563,1021351.0012276416,1044471.6030683063,33902.26072065668,1275339.8230834815,38178762.7539674,40127297.67725142,23118347.378255177,4466641.541846187,33712121.21212121,137720000.0,0,108146743.28735326,148529813.25746202,9093382498.952496,3424290601.14447,0.0297059626514924,63309334.389493875,3038848050.695706,1204220949.4449186,3.887357227615766,5033433.382438567,241604802.3570512,61485481.84636942,45491385.80140322,450000.0,21600000.0,5496937.125938794,4947243.413344913,55036581.84733036,42250398.74198342,5475100.005338628,4203116.374841025,0.0,0.0,0.0,2051131.6238299748,98454317.94383878,25055425.71826247,1252337966.9871774,496270820.5452929,26090374.312232863,0.005266141626260196,0.8035548854487641,0.0039654728651872025,0.08793946872484851,0.005479951195499281,0.25236676039738043,sample_0184
1.2886434339899706,16.0,1.623260370925008,0.9683509029882366,0.39483454204148066,1.094618648376054,0.7292300402134992,1.9728299766167456,1.5702660656924268,1.432328570589283,1.0128083904367478,1.1477511277910137,1.128792288547184,0.7563252552728358,41.0,0.913870442789139,1.3427684192467833,0.8221045462275028,1.1405790460889456,1.2837862741070118,0.7532732830880127,0.8730281261408802,1.1922800098395399,0.8214221157064477,0.7076361023194296,1.1469035916322676,0.9148223392363684,1.17437576009686,1.4602222401061447,1.2690689441930996,1.1080573223477186,1.2349769760550926,1.1928096708558853,1.263576114947259,1.6821249247921575,S1_Rural_Overhead_AC_500MW,Overhead,AC,460,Standard Aluminum Conductor,100,0.6778456320917655,LCC Converter,0,False,0,,,56.4396144273592,0.0274161132836741,41.0,sample_184_1763055609747390,2025-11-13T11:40:11.519336,106373327.48336396,112804078.56540132,27112902.1492187,15352200.20648243,91021127.27688156,0.0,212746.65496672795,8722612.853635846,642399.1493585366,600000000.0,24600000000.0,1811729964.334348,3339639.6580577353,3483697.4159690673,558122.7532570083,1289199.9520944748,44170.119203231145,2006269.5867600297,36004015.9250692,38612874.391586624,9586292.376469174,2291894.7129479875,33712121.21212121,200320000.0,0,110278235.74499416,188533493.824807,9497419451.285135,3386620394.484363,0.0377066987649614,42407569.84089189,1738710363.4765675,643516456.1205055,2.603934707517139,11315610.79496513,463940042.5935703,34168051.90330589,26324767.88201765,450000.0,18450000.0,1358797.473250761,1222917.7259256856,215136701.0859517,112576853.300685,7930467.166916253,4149859.2957374714,2170330.7393522616,88983560.31344272,6553422.055000688,2377109.917870243,97461506.63267995,7177802.111203134,1431359682.5042603,529762477.7925407,34911211.7683966,0.005342170335476399,0.9535536096323778,0.004142343929965695,0.043947205782133715,0.0058045639542097,0.12750277615790712,sample_0185
1.2681785764330815,13.0,2.7680168358480497,0.8361871981085742,2.529507029819957,0.923591671702751,1.0957231081206702,0.612656788718293,0.6615814364352158,0.7511968638394444,0.6556822883088509,1.7285767478343859,0.8133577824899781,1.429937201830596,58.0,1.3259242956262782,0.8132319091258757,0.9503111338802698,1.3999721664824778,1.4500990087414212,0.8167334180058781,1.3673630852108452,1.2447596692707812,1.0726223847812022,0.8291840773572261,0.7563858355523349,1.3286679396080734,0.9913707205759608,1.1961227554209417,0.8363566882139798,1.8379923995865985,1.4813093075567063,1.131680383109579,0.9523859376477072,0.844424861987848,S1_Rural_Overhead_AC_500MW,Overhead,AC,460,Standard Aluminum Conductor,100,0.5853310386760019,LCC Converter,0,False,0,,,40.667889124498906,0.0397777288687883,58.0,sample_185_1763055611536094,2025-11-13T11:40:13.325104,91915215.00318566,101591409.61136112,54233385.789457835,13265550.830601497,78649664.17258416,0.0,183830.43000637132,10662164.940369535,2589199.17925206,600000000.0,34800000000.0,8450828883.430198,4852197.7220538715,5166077.060858544,1869039.0286407568,1582392.7821150431,38911.65498355156,3230893.284955277,38045264.247971505,42834922.95230609,23233005.536381554,4333143.035850291,33712121.21212121,162760000.0,0,128555744.06865616,1207839606.7390296,94320266946.69753,17862749971.426495,0.2415679213478059,70343645.1169783,4079931416.7847414,856497703.1601584,4.319282139028507,1897965.4452282712,110081995.82323974,26732302.00714588,17490534.874018118,450000.0,26100000.0,6338121.662572651,5704309.4963153815,21250059.221928544,16038957.335109098,7095607.576131622,5355568.471207465,0.0,0.0,0.0,2691183.6405348005,156088651.15101844,37904554.06674388,1190417281.7025533,249903629.1114669,20524435.891423333,0.0011943196365354018,0.41684306144122424,0.0008376686786519083,0.06363575182224149,0.001205196691114853,0.12258318134938194,sample_0186
1.2552273282388495,4.0,1.9881364306216511,0.9397531871093708,0.34090158041555313,0.703313672355876,0.5292477562168544,0.8456575025373707,1.3763253720561115,0.6301299292477729,1.2437049874440338,1.20872726394107,1.09557584204586,0.7932785519079248,55.0,0.8253909857461272,1.106782144781545,1.248685308217201,1.0595720942327254,1.393738988419172,0.7213006782245578,0.9254880609651055,0.9547412330065836,0.9950024247646434,1.343769640676532,1.3988937537367931,0.7364613623618659,0.9837886403008895,1.0603267665980178,1.2152720122797296,1.6047963336759725,1.1368573641195745,1.1582555884929024,1.2656854025427093,1.722123231898424,S1_Rural_Overhead_AC_500MW,Overhead,AC,460,Standard Aluminum Conductor,100,0.6578272309765596,LCC Converter,0,False,0,,,54.77879210229299,0.0247617295723838,55.0,sample_186_1763055613342616,2025-11-13T11:40:15.105835,113474477.22707535,121932743.7976052,85191897.81715009,16377064.945988849,97097412.28108652,0.0,226948.95445415075,12482192.494978292,3210702.586655712,600000000.0,33000000000.0,8488347331.790033,4120375.1805084385,4286385.617586639,1795846.6026908413,1197637.5489357775,10573.83079084582,2912163.8007818153,36115995.61184219,39348077.80570009,28315170.20896709,2403874.3997209845,33712121.21212121,50080000.0,0,44474042.18358721,162780504.64842662,11858959771.85834,5236604514.738427,0.0325561009296853,61418765.282446824,3378032090.5345755,1584420897.853033,3.7712713841385352,2153938.9978204207,118466644.88012314,30472303.90831243,23105763.002497368,450000.0,24750000.0,6366260.498842519,5729634.448958273,17646511.75064215,14866728.312927524,2694661.393779743,2270182.311538157,1115024.1030767334,61326325.669220336,15774519.783721607,2252007.412652457,123860407.69588517,31859701.85393311,1786999121.8447864,838168104.1543416,32490893.12445066,0.0022496421571869176,0.31949378318621413,0.0017609080801594867,0.034560122792446066,0.002371001643494987,0.1617437647015551,sample_0187
1.3048317561283613,5.0,2.956838580066144,0.9802478930672617,2.290636828081546,1.3360814796611584,1.0932928211228412,1.0817437903560867,1.1939469790694344,1.2284801987065697,1.0567700836558633,0.7227566468992256,1.4412147800628363,1.0674144402680898,56.0,0.8866678580566459,1.0446270530558872,0.7302717430195074,0.8079655424598524,1.1771103856400695,0.8592691530701447,0.8786869781970827,1.4661209639495196,1.0198648889885789,0.8508035020837552,1.171542299966323,1.1023388142495945,1.4051011588977365,1.1146515842942928,0.7646856891084919,1.1605384688588407,1.4625110604752276,1.0201283466889077,1.1041366803790766,1.0137058254090743,S1_Rural_Overhead_AC_500MW,Overhead,AC,460,Standard Aluminum Conductor,100,0.6861735251470832,LCC Converter,0,False,0,,,72.06073900314182,0.0266000357416993,56.0,sample_187_1763055615122408,2025-11-13T11:40:16.897021,109852329.16842689,122248671.70839494,71826578.15436709,15854302.863712257,93998026.30471464,0.0,219704.65833685375,12303460.866863811,2198520.4010586054,600000000.0,33600000000.0,6004024906.074976,3473484.4343844354,3668288.1988611016,1210372.874628185,913245.9010228028,15745.456268530805,2544493.077093102,36946710.42505482,41962692.0512314,25834944.31810363,3234589.212933606,33712121.21212121,62600000.0,0,52690039.80999814,1093779085.4089384,81575118194.11455,32009136380.969646,0.2187558170817876,44416128.280165546,2487303183.6892705,1043495531.5749774,2.7272654018182756,8305760.926666325,465122611.8933142,83113325.77934834,71099184.04876336,450000.0,25200000.0,4503018.679556231,4052716.8116006097,49429412.00441556,38153972.67799243,3580577.3610297646,2763804.8939761645,0.0,0.0,0.0,2667215.8755059154,149364089.02833125,26690050.91069349,2539341112.072028,1065326945.652648,45345377.001286216,0.0021717665987194094,0.8861602597110061,0.001862807551796044,0.06809409286438228,0.002230670819877094,0.39579447814100294,sample_0188
1.2160264997110939,17.0,0.945337421854392,0.9172783784649701,1.3683210110697794,1.0603640215531647,0.6557726693521647,1.1508006285863415,0.9046072751808377,1.5192003620406578,1.3153967180536603,0.9907297224360091,1.0596144390263285,1.3989988313605488,41.0,1.181944147069946,1.0258436197233924,1.376391038804566,1.0201485073612822,1.2908315245579942,1.3541591166363836,0.9651326195288958,0.9439954242217274,1.0876891263371817,1.2896044205167936,0.914135166998149,1.2932467197881192,1.4689461707715574,1.1917162819186427,1.4881783434467033,1.1818761799493478,1.0451881006661194,0.8754039760368801,1.2783851458607962,1.895200673212514,S1_Rural_Overhead_AC_500MW,Overhead,AC,460,Standard Aluminum Conductor,100,0.642094864925479,LCC Converter,0,False,0,,,52.980721951316426,0.0354583244120983,41.0,sample_188_1763055616913655,2025-11-13T11:40:18.677036,119328089.2276842,123477686.74683702,57636540.76861114,17221880.3286652,102106208.89901902,0.0,238656.17845536844,9784903.316670109,2425688.1855309955,600000000.0,24600000000.0,6098366783.287689,3222639.2419609823,3295930.9673618367,1159758.396511525,1153076.9492295703,84367.39577642642,1985194.8969549856,37951511.61018348,39513882.92552967,18933063.69318282,4239390.39806227,33712121.21212121,212840000.0,0,153312653.6075359,653373282.7858196,32913834030.182148,8784274673.683327,0.1306746565571639,45232765.15902144,1854543371.5198789,519030846.0305255,2.7774090228809674,5414480.36403283,221993694.92534605,55032478.667968735,44128016.20483228,450000.0,18450000.0,4573775.087465765,4116397.5787191894,71313094.06943178,50476664.81212287,8075401.839834477,5715911.74400117,93510.32961983889,3833923.5144133936,950433.8134131804,2135129.1017493024,87540293.1717214,21701333.986898035,1245653492.9052496,348620903.78270894,30381792.509884138,0.0037108708585078948,0.7668434625418455,0.0030035235888122747,0.09018502331253357,0.0037931979834135853,0.1908548003344699,sample_0189
1.0294182831650083,7.0,2.6020889000994107,0.9138219517047426,0.8957590264597365,1.059313853960023,0.9619918450440781,0.5851663121266396,0.6906807571907407,1.8924315069076505,0.95915282570627,1.951535123949004,1.413507197107867,1.303191067910873,52.0,0.727185473915857,1.2547630595652177,1.1987094408594787,1.4704177433448515,1.1949492101426662,1.475953533192755,0.9770282785135966,0.8246088113406062,1.3449070325975747,1.3967142424013315,1.4410517205576856,1.0470240157199346,1.3927436946567708,1.443710425021409,1.2839730489481833,0.5264239749783892,1.0591446108468716,1.1991508356581038,0.8364806399222131,1.6250735203838187,S1_Rural_Overhead_AC_500MW,Overhead,AC,460,Standard Aluminum Conductor,100,0.6396753661933198,LCC Converter,0,False,0,,,70.67535985539335,0.0218155642174757,52.0,sample_189_1763055618693994,2025-11-13T11:40:20.497867,77126410.1919136,84735798.41787738,44928964.14616458,11131174.689056551,65995235.50285706,0.0,154252.8203838272,8021146.6599590145,1329570.107336508,600000000.0,31200000000.0,5171653020.132042,4092142.866652192,4400243.521090807,1563596.3320307357,1662017.631114029,37864.02248879765,2392261.2130493647,37661185.05427537,42107731.80617958,23106516.767076302,3949063.8421541606,33712121.21212121,87640000.0,0,69352218.29042971,427724935.1345242,28986444997.412373,13353406887.475878,0.0855449870269048,20147298.370372914,1047659515.2593915,506289384.7473837,1.2370963411992146,3583369.7204816346,186335225.465045,30886574.728630926,18831327.64035113,450000.0,23400000.0,3878739.7650990295,3490865.788589129,14799585.356272357,10873983.026294293,4320940.005044735,3174807.073400803,0.0,0.0,0.0,2152923.6522297617,111952029.9159476,18556956.846946254,2096461794.3862915,1013131018.7770616,40316572.96896715,0.001719576769066702,0.49950826749059835,0.001104109823656043,0.02931264559167401,0.001810294076046946,0.2010873715030798,sample_0190
1.0263741022755033,5.0,2.5429029208138796,0.8477551130515196,1.1558407863801372,1.4178440012909581,1.1316955407998852,0.6199856434445259,0.7628604313975502,1.2699373239516076,0.9636340257205687,1.6117909338791039,0.8104452952900767,1.448795761304367,42.0,0.8524197391647504,0.7721922516608408,0.7866113580947753,1.1864548976988538,1.457886754983897,1.2619655624743231,1.1316745392006575,0.9167934678048352,1.492549646169986,1.0056372439103485,1.4546034872658231,1.4364846559342563,1.4194504162497854,1.24042924815494,0.9356580506459276,0.7395002264039434,0.6730933474462051,0.8582904937140412,1.183472266899601,1.7884430862786567,S1_Rural_Overhead_AC_500MW,Overhead,AC,460,Standard Aluminum Conductor,100,0.5934285791360637,LCC Converter,0,False,0,,,40.52226476450384,0.0255725921749425,42.0,sample_190_1763055620515445,2025-11-13T11:40:22.285678,107110014.24178047,117426039.87467232,83134857.21616377,15458521.620621167,91651492.6211593,0.0,214220.02848356095,8997241.196309559,3421388.136943551,600000000.0,25200000000.0,9582824242.429144,3745138.692952038,3987578.7006154577,2092571.103342805,1341053.566186886,23124.562897824944,2380960.563867327,38102411.39789202,42484069.73615792,30470063.209854856,4390290.18577081,33712121.21212121,62600000.0,0,56162608.79369341,551913975.4965155,28632739319.450764,13888515529.00458,0.1103827950993031,28302152.66493172,1188690411.9271324,598035097.8909067,1.7378255320492673,4581925.065967901,192440852.77065185,73179637.66525161,49589582.35856954,450000.0,18900000.0,7187118.181821859,6468406.363639673,18209423.2812229,15594060.318268524,3394306.314366246,2906792.630796171,0.0,0.0,0.0,1660708.2913939117,69749748.23854429,26523792.7906211,875270199.1100585,440352083.2284322,20839766.645477585,0.0032497633773941005,0.6946283345017743,0.0022667979668914416,0.12164649394649732,0.0033086789338819486,0.3647958153277209,sample_0191
1.0881251294313934,13.0,0.5110879100536505,1.0984749052041438,1.8998450789768053,1.1949948876041185,0.8439338474694382,0.5502060430522715,1.9060597798315082,1.467878866914834,0.9622251839032249,1.8455823423518845,1.3129712377983291,1.0390677726480952,51.0,0.8546635317831894,1.2861188186448587,0.7268870081263852,1.1608205760636205,0.9297472860174336,0.9470199777465245,1.0644781859720465,1.3946399568470573,0.8481731033570562,1.45017852742123,1.1423008058443396,1.3575048275892057,1.228288795170066,1.2812371661081605,0.9121137644449244,0.5516973401680739,1.38370762970986,1.1006770229551115,1.2836258595479344,0.9938865449052036,S1_Rural_Overhead_AC_500MW,Overhead,AC,460,Standard Aluminum Conductor,100,0.7689324336429006,LCC Converter,0,False,0,,,65.64856188991645,0.0256399059534956,51.0,sample_191_1763055622302709,2025-11-13T11:40:24.072113,142178637.98815545,144830687.6607306,46946026.64200184,20519757.791919388,121658880.19623606,0.0,284357.2759763109,14502221.074791856,1251123.8499655542,600000000.0,30600000000.0,2639898372.221954,3113161.6261148425,3157580.2749257926,669709.6117919391,1312079.0147628195,45118.90149735275,1755963.70985467,36860811.43226695,37676485.8986671,12614105.880792376,3148690.2201457433,33712121.21212121,162760000.0,0,99308671.2378706,907176025.2114244,59971423945.58983,22383514185.475,0.1814352050422848,21114560.602912523,1076842590.7485387,424109653.741918,1.296488749394974,4817904.92747158,245713151.30105057,21197965.625920597,13373447.415324338,450000.0,22950000.0,1979923.7791664647,1781931.4012498185,60956600.83717042,36547369.5458376,6079989.559524142,3645341.475984408,1266265.0695547883,64579518.547294214,5571351.82653201,2566741.5012800717,130903816.56528366,11293227.851906326,2476811179.991412,975481041.4770856,48564925.09787083,0.0008700131282506028,0.38482401055103344,0.0005688774462413599,0.01942289965494171,0.0009030803055756723,0.10639530071001575,sample_0192
1.2148434446488017,18.0,2.317616874057561,1.0054420470173113,1.1628837280751452,1.0321304869561214,1.106529490789677,1.830538114480217,1.0709092524579233,1.1727187442763607,1.4357352000909351,1.8182853969678674,0.7876715717710056,0.9887418940231847,42.0,1.1427870920134087,0.8922129869984854,0.7513817961667384,1.497006946305397,1.0641107066383324,0.7146822431442076,1.2488885407631365,0.7652491194373404,0.9090507273105384,0.9342470812298174,1.2115874029359763,0.7137164034249766,0.8645029668355465,0.9276524443011236,1.1569952717981995,0.7808041456220868,1.250867017895895,0.9069323726109363,1.0572913086839155,0.9877527141974299,S1_Rural_Overhead_AC_500MW,Overhead,AC,460,Standard Aluminum Conductor,100,0.7038094329121178,LCC Converter,0,False,0,,,39.38357858855028,0.0342836127604022,42.0,sample_192_1763055624089743,2025-11-13T11:40:25.868494,83091796.74221821,90355489.58553708,33090066.22265967,11992121.79671995,71099674.94549826,0.0,166183.59348443642,6979710.92634633,1158496.7014289696,600000000.0,25200000000.0,4182711459.554998,3468289.2385163773,3744884.249142712,1069287.316190607,1692071.487793676,47145.63844683298,1729072.112275868,36708308.769767225,40558196.04411776,15086930.058035327,2996187.5576460143,33712121.21212121,225360000.0,0,148950168.19232503,555276980.1558819,28807208602.739178,7278017992.94526,0.1110553960311763,29882936.26124851,1255083322.9724374,332767633.6409466,1.834889742211904,9406902.956349652,395089924.1666854,65577267.99074251,41729630.2386194,450000.0,18900000.0,3137033.5946662496,2823330.235199626,147993049.95887622,93380106.016408,9142927.593325902,5768970.557754954,0.0,0.0,0.0,2397369.7212172663,100689528.29112518,16712509.676209385,1078794315.7391667,286027090.84176916,25685578.946170636,0.005543827271869674,1.3953195361477864,0.003594505242992062,0.11428695234615505,0.005674781296908926,0.21799079049538322,sample_0193
1.2637483447836027,3.0,0.996513390850757,0.9978706907478463,1.2658280839927665,0.8509614802474597,0.5092526661189242,1.8386243462233682,0.6812404651262989,0.7021102721429519,1.37397944167748,0.6472865597780961,1.2203891099587325,0.9405438210677287,54.0,0.7677203184746293,1.304298922623897,0.9109407112448309,0.8872199693084886,0.8457816156270642,0.9597371472205409,1.0110343399177402,1.1638383600666466,0.9746441026157617,0.8464137012530368,0.8330709077490132,0.8663709605936166,1.1865976927174333,0.9067854311995382,1.1674882093983936,0.9499158693149378,1.0024300550619476,1.2520376787811873,1.2918167048224714,0.667808317018812,S1_Rural_Overhead_AC_500MW,Overhead,AC,460,Standard Aluminum Conductor,100,0.6985094835234924,LCC Converter,0,False,0,,,61.019455497936626,0.0230316095542388,54.0,sample_193_1763055625885654,2025-11-13T11:40:27.693687,115340376.24425957,119572371.11394805,80373930.87696275,16646358.536352187,98694017.70790736,0.0,230680.7524885191,12456760.634380031,2258509.5465557477,600000000.0,32400000000.0,5874377091.781386,2718846.185561908,2786157.4123830926,1142748.733704803,1002827.419854746,10551.87368953202,1705466.89201763,36562254.00323554,38160238.41984428,27232846.256360892,2850132.79111433,33712121.21212121,37560000.0,0,32560534.44403155,604432910.1065459,42999989992.75867,21155469024.31037,0.1208865820213091,36355180.1504213,1963179728.12275,1019770413.5846044,2.232302292890104,4188202.1877611256,226162918.1391008,41005131.645887755,35696717.526624836,450000.0,24300000.0,4405782.818836044,3965204.536952437,15335117.86391514,12643681.897306545,1798431.0258828406,1482791.9816003272,110449.6973632449,5964283.657615224,1081371.953308055,2080612.5936039835,112353080.05461513,20370504.927898496,2126182074.561335,1104441708.7603562,39373742.12150621,0.0015481061213219159,0.41757344781667544,0.0013521168876199198,0.035378090320670776,0.001608675298324153,0.2534842034021024,sample_0194
0.8281432040463436,12.0,2.784290246389394,0.9515863397293063,0.40704591802896767,1.3212160755514055,0.9792874734155786,1.4854506525471876,1.2616105598723983,0.5834137570105263,1.1511903722523669,1.31583965796276,0.8747311198417347,0.7191473373600057,53.0,1.2685201534166097,1.2703063598729498,1.1025823983587129,1.3213943682121037,0.9279562948705915,0.933639541256224,1.277613510551657,1.154538826798365,1.2350535678986447,0.9620722490614269,1.0429848988594623,0.746975614969266,0.9783547380016618,1.1211710750061439,1.332919053551693,1.4474751389142066,1.3451565796190446,0.8188012450154868,0.8570695736966586,1.120768695682938,S1_Rural_Overhead_AC_500MW,Overhead,AC,460,Standard Aluminum Conductor,100,0.6661104378105144,LCC Converter,0,False,0,,,43.736555992086736,0.0380556046024982,53.0,sample_194_1763055627710779,2025-11-13T11:40:29.471230,81692964.73806342,90346180.6724464,33011527.56334249,11790237.08096376,69902727.65709966,0.0,163385.92947612685,8659454.262234723,920871.829155314,600000000.0,31800000000.0,3381705507.106845,3432605.7631657245,3730780.897648217,948891.0971582576,1493576.0586154987,41059.76949801008,1897969.935052216,35891355.56775759,40482929.34529779,15504977.041142425,2179234.355636381,33712121.21212121,150240000.0,0,101404739.79825532,194364425.8588321,13497944857.093504,3054763862.675296,0.0388728851717664,55397768.51652451,2936081731.375799,722274037.902197,3.4015665764483853,9873088.288862765,523273679.3097264,55646461.73099882,41002097.496807754,450000.0,23850000.0,2536279.130330134,2282651.21729712,131783298.73146488,82225061.37978925,6652930.6108752275,4151039.1157334303,0.0,0.0,0.0,2517588.9124142816,133432212.35795692,14189573.81623751,1399163790.3500774,344193306.9312597,26399316.799058065,0.007502326203340621,1.1762311821432818,0.005581316721685737,0.09753204589039975,0.007850756319582647,0.2305575603666482,sample_0195
1.1121254593847592,10.0,1.610713815820879,1.0024181951408595,0.7272469628872328,0.7385186055810511,0.530863716279191,1.2790497955575393,1.657221439336293,1.6742094910552818,1.3553091602023635,1.4166800308829197,1.0826851423778288,0.8429877559022074,49.0,1.3001967399995058,1.3077719881683323,0.9124498759700904,1.27753502589484,0.788565138859765,1.022218836693863,1.2299045533943715,0.8564317717831094,1.286384477992788,0.9146618538264638,1.0221539729756626,0.7676421709614676,0.8434930870411386,1.377003983313762,1.3267491020597362,1.4517087984709445,1.4435451636176384,0.8708501870133447,1.1416109958948946,1.0871281441478429,S1_Rural_Overhead_AC_500MW,Overhead,AC,460,Standard Aluminum Conductor,100,0.7016927365986017,LCC Converter,0,False,0,,,54.13425711889144,0.0390059021999851,49.0,sample_195_1763055629488310,2025-11-13T11:40:31.316521,94056189.1776064,99697071.68580294,40598636.32472391,13574544.30612999,80481644.87147641,0.0,188112.3783552128,9217506.539405428,1047282.3298141744,600000000.0,29400000000.0,3340393669.904879,2944752.8867738848,3104791.3510315437,906352.8741760844,1444001.711087198,37462.77154841084,1463288.404138276,36266629.56334002,38870286.04167178,16288811.961906971,2554508.3512188103,33712121.21212121,125200000.0,0,85863768.0232122,347260424.7786536,21820051092.233418,5760252480.83874,0.0694520849557307,55559799.13507999,2722430157.6189194,773359049.1639866,3.4115156764067196,4037884.6098694224,197856345.8836017,22480206.984356925,16110754.919386286,450000.0,22050000.0,2505295.2524286597,2254765.7271857955,65432099.87334603,42567026.657909766,5224821.217119396,3399021.3436896172,2579722.2989583476,126406392.64895904,14362146.729254885,2643034.357012489,129508683.49361196,14714625.392509392,1722639769.6715107,489349212.7233889,35155913.666765526,0.0023608864431088304,0.4323214901069628,0.0017353627037078737,0.03523566777382721,0.0024753431706478527,0.11370087360031984,sample_0196
1.0930305659307167,17.0,2.9011563162966514,0.8653800293193836,0.6626826762643186,1.0426828770502468,1.191557060978214,0.9437126505338573,1.6401312111611568,1.9279963999622618,1.2594589112622079,0.8847204229081269,0.7543035415117723,0.7107109870635294,58.0,0.7776950893425316,1.15268860483235,0.8593134007219017,0.7124286636709296,1.0290634183118395,1.3877872889533718,0.7927421800260732,0.8722198927041906,0.9127951506838319,0.7961239972937915,1.1293450732620143,1.1710108375463422,1.3967753893704606,0.7975792780515647,1.13162797545497,1.2933153657614893,1.4425554276709476,0.8644532029659877,1.034641630519337,1.9594382744047087,S1_Rural_Overhead_AC_500MW,Overhead,AC,460,Standard Aluminum Conductor,100,0.6057660205235685,LCC Converter,0,False,0,,,37.71517707558861,0.0233308526802759,58.0,sample_196_1763055631334246,2025-11-13T11:40:33.107662,78703237.65216736,87408371.84819363,23585861.13803087,11358748.381011244,67344489.27115612,0.0,157406.47530433474,9129575.567651415,678780.1490738777,600000000.0,34800000000.0,2587365536.6267576,3189551.0859003747,3357753.7375799227,524409.1378882558,805260.2774219902,86462.51243461676,2297828.2960437676,35865790.86988948,40661046.8272908,11539994.474174997,2153669.657768271,33712121.21212121,212840000.0,0,126793699.44142158,316430977.91621214,24710113942.89398,7988664682.383695,0.0632861955832424,49497765.67842372,2870870409.3485756,988797758.1322277,3.0392911095395,9140589.538907226,530154193.2566191,39416743.92903268,32442184.257321667,450000.0,26100000.0,1940524.1524700683,1746471.7372230608,115624914.16021352,63890461.57309262,8955520.342333492,4948521.107709426,0.0,0.0,0.0,2641772.4436804587,153222801.7334666,11392051.627315115,1157255886.7287076,398587140.2124052,19952687.702219095,0.003388060217560287,1.1600830560842765,0.0028007948938672286,0.06442534953976153,0.0035024247540243747,0.16994709640898734,sample_0197
0.8184926669981543,4.0,2.024289819368529,0.9986752433562449,0.6339082759856882,0.8110546329168576,0.767125583444956,1.1347828996988283,1.4667571518331781,0.9571826059922197,0.5410634457804844,0.7371637109208637,1.320165590446865,1.0803996225538823,50.0,1.1864998419707846,0.7606058776111191,0.8882341047344349,0.8901923405504946,1.217043421227503,1.350498956687148,1.2075941903858896,1.2296059340769538,1.0978617999025349,1.1375005031894099,1.070781225456713,1.0855317523896155,1.1286284607352666,1.2290436966966867,1.4503248188641913,1.9718882753196207,1.4122607379542704,0.8282270804393046,0.8346499919352907,1.104227902859889,S1_Rural_Overhead_AC_500MW,Overhead,AC,460,Standard Aluminum Conductor,100,0.6990726703493714,LCC Converter,0,False,0,,,66.00827952234324,0.0355949952591235,50.0,sample_197_1763055633124695,2025-11-13T11:40:34.916569,84400643.76521035,90810418.3538966,70448587.33227712,12181019.540280487,72219624.22492985,0.0,168801.2875304207,8440064.376521034,3351250.337340265,600000000.0,30000000000.0,11911936406.538313,3347449.531144296,3489638.2363629304,1861970.5286716516,1006187.1000767712,19797.49622081741,2321464.934846707,36986059.46228449,40345889.9255499,31349795.412414487,3273938.2501632804,33712121.21212121,50080000.0,0,46171636.85174418,302691201.78316617,19512438086.15967,6838360492.407357,0.0605382403566332,75468108.07303253,3773405403.6516266,1418586180.373212,4.6339374470011085,4740566.531757118,237028326.5878559,94115545.09542447,80239832.19984785,450000.0,22500000.0,8933952.30490373,8040557.07441336,29277194.93063533,26133839.557394985,2710930.418715838,2419870.5095155067,475028.4515346432,23751422.57673216,9430847.843295062,2603146.7142916946,130157335.71458474,51680863.5292197,2132066653.5123737,801536004.4219766,42641333.07024747,0.004857785167091707,0.9941071407365922,0.0041615648438885254,0.09867005972335259,0.005048542608083736,0.4243362783772158,sample_0198
1.3740442325265056,1.0,0.5915512696168836,1.0283981422607638,1.753731120488372,0.765706524993349,1.0914367711252642,1.3515210816826242,0.6034141515267089,1.8126117400614639,1.2106096571655574,0.9262732216735987,1.4205108015693524,1.0013670928969929,58.0,1.1299234537198164,0.9879268360100952,0.8477779222098172,0.7140270029204454,1.3193340498214765,1.2363046796018804,1.3630684755327038,0.7942573830503682,1.3632525588490751,1.445081150119688,1.4099968662928748,1.2045573304369022,0.8615463346586956,1.0026434127381296,1.4164430670635462,1.609154818267302,1.1091316086493581,1.230146438325167,0.8994850507626512,0.500126203332272,S1_Rural_Overhead_AC_500MW,Overhead,AC,460,Standard Aluminum Conductor,100,0.7198786995825346,LCC Converter,0,False,0,,,71.02554007846761,0.0338977036115944,58.0,sample_198_1763055634933946,2025-11-13T11:40:36.709867,84850439.09381151,86684999.80576251,74354777.81635651,12245935.700186323,72604503.39362518,0.0,169700.87818762302,9842650.934882136,2837780.7888672026,600000000.0,34800000000.0,10033350985.00689,3645857.588473472,3677568.841694357,1604942.099250494,807066.8851191702,4530.869331850043,2834259.834022452,36746566.9481727,37689999.12565295,33105119.66798211,3034445.7360514933,33712121.21212121,12520000.0,0,11898071.460198348,837406610.0331976,65393132134.90762,24670514891.185165,0.1674813220066395,61585573.20472619,3571963245.874119,1473715799.743668,3.78151382292816,4272634.063497567,247812775.68285885,71448061.98261216,58211976.67161832,450000.0,26100000.0,7525013.238755166,6772511.914879652,3577863.747850153,3301698.5695233927,716198.0713275976,660916.7688452675,0.0,0.0,0.0,2216657.0744279316,128566110.31682004,37067497.401889965,2773944460.197888,1144470280.685841,47826628.62410151,0.0021066855765110018,0.7240928930248052,0.0017335260709852448,0.060316970718587465,0.0021730278710507347,0.47911599670941973,sample_0199
0.9234365511344974,20.0,0.770217472553568,1.0313031299504754,0.8349133299241621,1.4234486704437397,1.1022203902203174,1.9771826525196874,1.08966075608548,0.9536458728277655,1.3276392700653041,0.5375296268601216,1.0878705280463474,0.9997424521189859,54.0,1.0178609104414615,1.0483117519375746,0.8523333013715494,1.4500925062025736,1.4096257119955886,1.4530789525881513,0.7934211408013414,0.9770154861749583,0.9543147760624163,1.3620881958775046,0.866727412237455,0.7498981109694481,0.8798665667927704,1.2856940061858915,0.8282423358104858,0.8882160379373337,1.4227476433576596,1.1607060180997242,1.2176733456810327,0.9395205092759958,S1_Rural_Overhead_AC_500MW,Overhead,AC,460,Standard Aluminum Conductor,100,0.7219121909653327,LCC Converter,0,False,0,,,54.39352640231737,0.0305358273132438,54.0,sample_199_1763055636727090,2025-11-13T11:40:38.491747,106536907.92762516,109545807.70808452,31974238.155510757,15375808.753752474,91161099.17387268,0.0,213073.81585525032,11505986.056183515,1128912.0256384453,600000000.0,32400000000.0,3178932205.5564823,4576278.446986637,4660648.481518295,890914.136116465,1639043.9539804845,106506.28395515816,2830728.2090509944,36741643.79429996,37975133.434002325,11467166.82665339,3029522.5821787454,33712121.21212121,250400000.0,0,147359233.96086535,398671115.0387874,28361880484.05232,6888608045.980927,0.0797342230077574,33993804.203937635,1835665427.0126324,478576340.3100908,2.0873076891527345,13233379.093923269,714602471.0718565,70113358.31668432,62575756.84990882,450000.0,24300000.0,2384199.1541673625,2145779.2387506273,229310244.39722404,132495852.63624164,9346597.862649104,5400480.280831094,0.0,0.0,0.0,2616517.518681016,141291946.00877485,13862886.344229698,1985795095.6757936,517716646.7861502,36773983.253255434,0.006354745218302383,1.6353206625041419,0.005673141086800838,0.0840749923799135,0.006656834019804032,0.21039417226300877,sample_0200
0.9086820345143382,1.0,2.11522335761139,1.0034023618310401,0.9966975517400964,0.9912703663385558,0.6298230034970338,1.078756202381682,1.2102439005651462,1.7821939123860862,1.2332428668037192,0.7608964415794413,1.328808645170883,0.7139039031529444,47.0,1.019739434643386,1.323080314962946,1.0260263752091365,1.0126228011167375,1.1151550531045868,1.0103221388297876,1.138406010440121,0.9638545506250102,1.1373195153337723,1.246512629294414,1.0463254878732486,0.8939795933564059,1.2069147860713532,1.258616979532409,1.0605416220297579,1.3708084412394639,1.447550189671365,1.189347691459299,0.8002269010102651,1.7412897512333956,S1_Rural_Overhead_AC_500MW,Overhead,AC,460,Standard Aluminum Conductor,100,0.7023816532817281,LCC Converter,0,False,0,,,66.44043225854415,0.0305921830393015,47.0,sample_200_1763055638521466,2025-11-13T11:40:40.286865,75248594.17694104,81229980.55867177,62789285.72907331,10860161.19258295,64388432.98435809,0.0,150497.18835388208,7073367.852632458,1599164.5735660598,600000000.0,28200000000.0,6375526045.599284,3156446.996508806,3325996.5265261387,1576958.652684172,1144570.6206561911,3702.677559699228,2008173.698292916,35875466.37319074,39305693.37563936,31095803.179297484,2163345.1610695287,33712121.21212121,12520000.0,0,11670133.584985925,475923080.9558961,28377553497.28946,12892269179.792938,0.0951846161911792,52463580.66311676,2465788291.1664877,1182484612.6271482,3.22139983691274,5619266.76976121,264105538.1787769,59709636.07963856,50623066.15543849,450000.0,21150000.0,4781644.534199464,4303480.080779518,14513762.85836706,12565799.38714016,1401850.5109251256,1213701.2615505117,554610.7027365799,26066703.028619256,5893224.967441977,2648140.765230991,124462615.96585657,28138817.368572317,2030759427.8087103,973863727.0417496,43207647.40018533,0.002988379482367461,0.6755698443676386,0.0025451714130545803,0.05705140054516938,0.0031296081627471546,0.4119719595544955,sample_0201
0.8802659799653881,1.0,1.7450111377295194,0.9264714255700379,0.5099027797319242,1.2374547687248953,1.1981063350425993,1.544730768197776,0.8249935502777184,1.5623585375519782,1.4630879603539453,0.7951172849327347,0.8626519968692272,0.9460849343026703,53.0,1.3230757119876984,0.7271097361485349,1.028936338672051,0.9532615046255766,1.0905243376754008,1.0893687680559165,1.3347206039065447,1.232433938740562,0.9600461236021629,0.7770654511845392,1.0639408617173554,1.1544007957358713,0.8299971688917032,1.0343676948375595,0.80160081932881,1.1499952233328825,0.7825702207523069,0.9596501340611268,1.093126856328277,1.1391694939363144,S1_Rural_Overhead_AC_500MW,Overhead,AC,460,Standard Aluminum Conductor,100,0.6485299978990265,LCC Converter,0,False,0,,,43.13259984346136,0.0396922713596309,53.0,sample_201_1763055640304124,2025-11-13T11:40:42.112767,101185298.53883572,107775855.12086026,94203436.64582904,14603444.28319067,86581854.25564507,0.0,202370.59707767147,10725641.645116588,5332609.355582404,600000000.0,31800000000.0,15810427302.941755,3270386.3157529673,3400366.652085969,2165835.306834654,1077474.3673495152,3992.371479050986,2188919.5769244013,36579045.25546263,39429329.78728214,34664124.09883727,2866924.0433414252,33712121.21212121,12520000.0,0,12196984.778100248,243478577.32199383,16908754758.254087,5782396573.542851,0.0486957154643987,44012617.18739608,2332668710.931992,869854272.6454561,2.702488774832274,9418705.742346238,499191404.34435064,248189604.04527536,208721635.22187343,450000.0,23850000.0,11857820.477206314,10672038.429485682,15584012.776056496,14753964.376994789,1235255.0119782838,1169461.8520354964,0.0,0.0,0.0,1800291.3048591914,95415439.15753716,47438957.999323994,1329249517.0692112,495678347.47206414,25080179.567343608,0.011223317263471968,1.984588909076839,0.0094687528996272,0.3675043198324553,0.011468664678192412,1.2270707329979451,sample_0202
1.018206204060814,8.0,1.5271789032581606,0.9621129774094417,1.1767908844467203,1.354239531161814,0.6745394083751882,1.7795735171223006,1.2088398752309648,0.8051902140710747,1.0801255159941643,1.5030904055804082,1.0297978892237398,1.3759733051139758,53.0,0.8073807876128036,0.9094838167566093,1.3874720004082401,1.1975216776647994,1.350333162605117,1.0296458004619462,0.959048718079728,1.1529590373294485,1.0904426081311303,1.01624896763184,1.1528785687303533,0.9719671035614688,0.9339377511906936,1.083835122771472,0.874995284076542,0.8609489507215033,1.337601049130408,1.1300876938138305,1.2892883076377717,0.6114609930070407,S1_Rural_Overhead_AC_500MW,Overhead,AC,460,Standard Aluminum Conductor,100,0.6734790841866092,LCC Converter,0,False,0,,,51.48989446118699,0.0242214236283841,53.0,sample_202_1763055642129985,2025-11-13T11:40:43.918637,116020147.11428638,122607372.01987268,87653663.68388781,16744465.634607796,99275681.4796786,0.0,232040.29422857275,12298135.594114356,4632705.579558925,600000000.0,31800000000.0,11979054573.156466,4083377.933130104,4225199.6937103905,2137841.5529110613,1353562.3811180913,30187.96681402855,2699627.585197984,37881737.28822417,40437078.42584708,29012455.417096972,4169616.076102957,33712121.21212121,100160000.0,0,87927199.8702731,561917647.323309,39023259448.24169,16463992878.957775,0.1123835294646617,32950238.242013376,1746362626.826709,778394340.0724682,2.023230034195533,10916706.810114486,578585460.9360678,217953044.3958504,152432418.4161617,450000.0,23850000.0,8984290.929867346,8085861.836880611,99918756.3303694,85755560.82013452,4287230.506466173,3679527.948002,448143.0868751019,23751583.604380403,8947217.49043274,2507955.61104127,132921647.3851873,50071561.88619554,1672785881.715133,745599477.7248483,31561997.768210057,0.007483047792538882,1.910183247062277,0.0052929411592220425,0.20529564120012192,0.007671658981353243,0.6307008068951802,sample_0203
1.1931142026484285,10.0,2.172470145789728,0.8104701704666023,1.7966593022649868,1.416101832708099,0.5554686030822571,1.9200326715485982,1.3544221059682315,0.7902205554625433,0.8639698457052316,1.1358055324034608,1.3058802197784227,0.9047782108231877,45.0,0.7635675837709478,0.8965933998184294,1.222033014135397,1.4061836816326303,0.8751250053762278,0.7227204147189936,1.25846991800783,1.1591014657004823,0.8579492420594543,0.7141969319315559,1.0299640285521525,1.2747229853361732,1.0057721710023255,1.1767068581878652,1.3079726790389774,1.3683026901471467,1.162479612440951,1.015713496121722,1.2198961637161938,1.283647402016449,S1_Rural_Overhead_AC_500MW,Overhead,AC,460,Standard Aluminum Conductor,100,0.5673291193266216,LCC Converter,0,False,0,,,65.29401098892113,0.0229070275131284,45.0,sample_203_1763055643935814,2025-11-13T11:40:45.710355,107942970.61679156,116764639.07544018,73321697.1918965,15578737.029267062,92364233.58752447,0.0,215885.9412335831,9714867.35551124,3304305.473987496,600000000.0,27000000000.0,9183475649.520838,3129491.527145434,3371795.579909468,1699492.049964161,1589413.6765120337,26486.60816851972,1513591.2424648807,36453873.36613087,40029135.25248796,25243335.05000567,2741752.1540096593,33712121.21212121,125200000.0,0,104742571.18975894,857904816.831531,48455386064.73735,21960864984.59285,0.1715809633663062,52367680.557311594,2356545625.079022,1109024235.9943109,3.2155113218457947,10087301.003599972,453928545.1619988,154394138.55991244,119321795.21050942,450000.0,20250000.0,6887606.737140631,6198846.063426565,161375780.54649478,130475727.92925131,5477611.565605378,4428764.675317143,3763022.3488887977,169336005.6999959,57596040.182704985,2284675.779262213,102810410.06679958,34968773.97650763,1420951389.6344826,668720143.80014,31576697.547432948,0.004834894013992215,1.608562414633992,0.0037628498873821777,0.14602229149499257,0.004933801188320085,0.37009840601044836,sample_0204
1.1735622045233602,9.0,2.595265087011928,0.8276625199769255,0.9260408381748836,0.75877888044595,0.9209697509560932,0.7566044331671397,1.4573432562336528,0.965967333761769,1.4303453998348397,0.7080864472820119,1.1941599325007184,1.0967203000412096,44.0,1.091068636863388,1.1899841762680636,0.8984371016403472,0.8950174892118967,1.4618911025324106,0.9346726471620457,0.7444876595345159,0.8507764155027757,0.8177299759302015,1.2138544097297919,0.9867985592416333,1.188891767554338,1.2649854198539403,0.773540399016822,1.341841573500369,0.6166161284706759,1.5962134353664654,1.1146121142014984,0.9904810396604126,1.1092188781513794,S1_Rural_Overhead_AC_500MW,Overhead,AC,460,Standard Aluminum Conductor,100,0.5793637639838478,LCC Converter,0,False,0,,,59.70799662503592,0.0327320591059016,44.0,sample_204_1763055645727551,2025-11-13T11:40:47.490263,81112111.27067868,89092747.28980953,40097900.38190387,11706406.115693685,69405705.154985,0.0,162224.22254135736,7137865.791819724,1089437.3276121907,600000000.0,26400000000.0,4029376047.098454,3539976.826680159,3726975.470255403,1018199.1923739546,1011640.9802304166,30828.902713030304,2497506.9437367124,37035516.060730934,41408106.8247375,19358812.66929149,3323394.8486097264,33712121.21212121,112680000.0,0,82815388.68173976,442184500.22850686,24289971582.73074,8361079681.305918,0.0884369000457013,23599132.46882971,1038361828.6285073,375983459.3894844,1.4490479019060882,3966747.4121750775,174536886.1357034,26639195.012513395,22866624.42154073,450000.0,19800000.0,3022032.0353238396,2719828.8317914554,34924416.125226155,23787278.864224024,5217869.289155368,3553929.474816822,111148.22421676322,4890521.865537582,746429.98722759,2837686.403492243,124858201.75365868,19056842.705681004,1307424913.5797071,473409295.62960947,29714202.58135698,0.002208354105299771,0.4904716013207825,0.0019049767897642263,0.04460780872453404,0.0022890346357695214,0.15486932753773341,sample_0205
1.1890152883881069,17.0,2.6436210967964167,1.0419051188213284,0.6038762313031766,1.3647360738636534,0.7582083126263823,1.4661809857383488,0.5313585056732967,1.551995543867458,0.9548050627553138,0.621326482555502,0.8893353069287854,1.2397905273351575,45.0,1.0015966946595969,1.3956697803952545,0.8681061086567703,1.211485111446771,1.2088921076362795,1.3784363951242269,1.1574685464989694,1.3438114061522155,1.2152052193747052,1.009515428053202,0.9015535577994704,0.9380855129452169,0.7821418688324229,0.7545745281350545,0.7292751872592519,1.1874812471643343,0.8148488784695817,0.8487742577737029,1.1905841920163218,0.538208016328471,S1_Rural_Overhead_AC_500MW,Overhead,AC,460,Standard Aluminum Conductor,100,0.7293335831749298,LCC Converter,0,False,0,,,44.46676534643927,0.0300479008397879,45.0,sample_205_1763055647507259,2025-11-13T11:40:49.307458,117841926.0017178,129662941.996364,25744519.96746902,17007391.641281456,100834534.36043637,0.0,235683.8520034356,10605773.340154603,569298.3425483525,600000000.0,27000000000.0,1449310178.1280816,3566973.7442348064,3825249.4399344423,528547.6333271035,1369345.2926352895,85879.9290802275,2111748.522519289,37469062.20404593,41971872.38708378,8788174.653724233,3756940.99192472,33712121.21212121,212840000.0,0,111630720.89451382,288350900.4472669,16286368754.624569,4720358466.622524,0.0576701800894533,45447282.29147342,2045127703.116304,622404402.7459478,2.7905809308361857,5520421.325425322,248418959.6441395,13334671.357490383,11677634.467373764,450000.0,20250000.0,1086982.633596061,978284.3702364548,75187897.47118688,36338205.55234222,8839629.493558386,4272180.5549432505,0.0,0.0,0.0,1841446.593448717,82865096.70519227,4448045.483940846,1372622524.452448,417737386.8759723,30502722.765609954,0.0019483113296799397,0.41132752474641987,0.0017097671372552597,0.023639843655385247,0.002064840069387357,0.07498792120511931,sample_0206
0.9683199612316693,10.0,1.5085578278873546,0.8400776668416847,0.9683617148518072,1.2966430588268696,0.7743150286480565,1.0315502998519395,0.7832158616367102,1.5946635307613442,1.0653240163585187,1.193697055027593,1.29380018663677,1.1848987806779006,52.0,0.864437861155761,1.2523679860596442,1.277374320876952,1.2266861124075539,1.4792107337158238,0.7934507086150928,1.0329848786427236,0.8656428973895787,0.7621205414979069,0.8688198572125388,0.8910018642742867,0.7310829114787601,0.8919849613738066,1.4200474536676337,0.8957159844470052,0.5629883568803804,0.8015207705936928,1.2415991216098397,1.268043915074514,1.491883200375183,S1_Rural_Overhead_AC_500MW,Overhead,AC,460,Standard Aluminum Conductor,100,0.5880543667891792,LCC Converter,0,False,0,,,64.69000933183851,0.0259331358346728,52.0,sample_206_1763055649324917,2025-11-13T11:40:51.110764,97061140.95048252,102502895.71780802,49904031.85034236,14008230.290384209,83052910.66009833,0.0,194122.28190096503,10094358.658850184,1591116.810434178,600000000.0,31200000000.0,4917879992.506727,4317644.4329169765,4461055.771224877,1285220.9675482905,1386527.0300849015,29078.766272699795,2902038.6365593746,37302723.57781182,39793318.25461699,19681925.05247926,3590602.3656906076,33712121.21212121,125200000.0,0,92329807.62968224,462392718.8417381,31335842292.41761,12036708355.62605,0.0924785437683476,21546690.394525923,1120427900.515348,455371079.1583637,1.323022638668894,5654365.721864982,294027017.536979,46345820.08979275,35281246.2989879,450000.0,23400000.0,3688409.994380045,3319568.9949420406,43402598.2042678,30737155.653145503,5178851.02254931,3667594.9498548065,0.0,0.0,0.0,1824453.255906958,94871569.3071618,14954070.27414764,1708525577.6004777,694389291.523126,32856261.107701495,0.0027313497863903063,0.7059884086545045,0.002107203976761469,0.055071013119767774,0.0028389648662642177,0.23364003918084486,sample_0207
1.387133389297405,10.0,0.5278438109129555,0.8413985643240207,0.3840640898684092,1.0864846317185282,0.9673879308083271,1.491422046433555,1.1036241822516,1.479021751817563,0.71262049174848,1.68400929568284,0.8212699141575903,1.2783049965030244,57.0,0.7487548173957862,1.2506039241726092,1.2732549894342928,0.7394883740700452,1.0733635678522397,0.848525343198354,1.411407829103932,0.8034752804706687,1.051003058920524,1.4050510696124492,1.2285814792665433,1.2856944633393517,0.7356640773865525,0.8053811736045883,1.199076012409991,1.0321547911142077,1.0757003610937363,1.1088273545713696,1.158633225853295,0.9276727967161802,S1_Rural_Overhead_AC_500MW,Overhead,AC,460,Standard Aluminum Conductor,100,0.5889789950268145,LCC Converter,0,False,0,,,41.06349570787952,0.0224626445218735,57.0,sample_207_1763055651129390,2025-11-13T11:40:52.921005,106840226.9008514,108899073.14003116,54830256.54063039,15419584.893068248,91420642.00778316,0.0,213680.4538017028,12179785.86669706,1878326.9760374085,600000000.0,34200000000.0,5274212805.015412,3130934.877051107,3160175.8336249697,848213.0418506381,835845.950085233,31097.16818376029,2263991.758782114,37585772.71667583,38442495.39059041,19825583.686208207,3873651.50455462,33712121.21212121,125200000.0,0,92334102.0639343,183390602.91216537,13997616355.53126,5857488201.610224,0.036678120582433,39502628.16552296,2251649805.4348087,999500648.073157,2.4255637591183885,7660953.046829632,436674323.669289,67342494.43035111,44661417.107314885,450000.0,25650000.0,3955659.603761559,3560093.6433854033,67777771.95128095,49223416.478604384,4737529.714910829,3440617.6468067337,0.0,0.0,0.0,2174032.233794514,123919837.32628728,19110514.40999214,1191370434.0210085,528845790.3289483,20901235.684579097,0.005526329605376367,0.9442957158921066,0.003737655849407663,0.09255451910703806,0.0057625414165036635,0.2952414165648712,sample_0208
1.1993632064426079,4.0,2.9983587110861207,0.9922132441278438,0.9443175996761408,1.0052405032058458,1.0168008099646477,1.3057329442860879,0.7069456360554827,1.5473114700747312,1.023170466977473,0.9977584856512072,1.1909118891678787,0.7354353687217476,48.0,1.3559373513416475,1.3607377764834534,1.2330577368396711,1.4332735854261807,0.9678335210185764,1.4011877625335294,0.8484789894409667,0.7249895743495927,0.8148988984429808,1.4083792116339748,0.8043732699123107,1.0762177039722653,0.8359438829854471,1.1020281924326598,1.36744036720206,1.441215784784602,0.7086919438326098,1.0539054089787119,1.21397973563773,0.9563011251919947,S1_Rural_Overhead_AC_500MW,Overhead,AC,460,Standard Aluminum Conductor,100,0.6945492708894907,LCC Converter,0,False,0,,,59.545594458393936,0.0406781205402494,48.0,sample_208_1763055652938487,2025-11-13T11:40:54.721755,96936709.40015468,108037666.25636372,63638649.8974247,13990271.85928281,82946437.54087186,0.0,193873.41880030933,9305924.102414848,1680074.4497681104,600000000.0,28800000000.0,5199499116.994256,3450274.738088877,3801211.3379414305,1634467.3532976822,1620033.476860501,20540.563394036973,1809700.6978343383,35940713.23855075,40917104.62688252,25577708.97883687,2228592.0264295386,33712121.21212121,50080000.0,0,42474638.27563282,450911653.8453572,27605987321.50564,8474948676.125154,0.0901823307690714,55158210.51527629,2647594104.733262,874487757.4538695,3.386857094243815,5127000.998355824,246096047.92107952,44429728.606299624,35563700.859876506,450000.0,21600000.0,3899624.3377456935,3509661.903971123,23378091.733362157,17908331.26808106,3149261.4199887547,2412430.295945075,0.0,0.0,0.0,1706096.5017865775,81892632.0857557,14784745.424243834,1829558139.8395967,604294363.6940131,38115794.5799916,0.00315396969039194,0.5319638241035707,0.0025499245148501094,0.06240833592147085,0.0032834567529314847,0.28410473097775224,sample_0209
0.912989797001928,3.0,2.0903479151588327,1.0618672728527407,1.4256502278347536,1.078897219604392,1.0674727047042736,0.6644164071966202,1.5221286426504022,1.5740638468695507,1.2354387202081374,1.7036645436168127,1.3537895173827001,0.9102814629346152,58.0,0.9240375791178556,0.9597302059724082,1.374148455192317,1.1695790679947666,0.780951787526161,1.3921165040543861,1.2395741533905569,0.9296558817854063,1.0240609940588927,1.4665831427125007,1.4641268069354187,1.3531397561964702,0.703234479661527,0.795662902016955,1.4056144799725645,0.9280658857719614,0.7023998640263776,0.8676624881235093,0.925636651482696,0.7634430634389615,S1_Rural_Overhead_AC_500MW,Overhead,AC,460,Standard Aluminum Conductor,100,0.7433070909969185,LCC Converter,0,False,0,,,67.68947586913501,0.0277211273735356,58.0,sample_209_1763055654739261,2025-11-13T11:40:56.545910,87478863.72075103,94347509.85049143,75052604.02302074,12625279.865261309,74853583.85548973,0.0,174957.72744150207,10147548.19160712,3702752.764740471,600000000.0,34800000000.0,12698219686.164494,3057880.165860532,3251238.1160209626,1866696.085759942,1321978.764733479,15305.688181848858,1720595.7129452042,36470549.88768065,39905103.98714991,31841891.70500147,2758428.6755594397,33712121.21212121,37560000.0,0,35133774.208696224,680747983.7910947,53159650665.83154,21235401135.219997,0.1361495967582189,35518937.58026451,2060098379.6553416,886545355.9888961,2.180954831564109,6400600.375122269,371234821.7570916,135460382.81108236,89304572.55908217,450000.0,26100000.0,9523664.764623374,8571298.288161036,19995015.631420083,18067458.073071763,2290656.5618214747,2069832.9100319329,0.0,0.0,0.0,1698074.1000336313,98488297.8019506,35937529.942688525,2766874107.095459,1190700121.15722,47704725.98440447,0.004003476289544749,1.3330494559488033,0.0027026678783462353,0.10397797636481255,0.004139581864422395,0.7118487734281572,sample_0210
1.3482641388120373,11.0,2.3919097279178576,1.0235414161761238,0.7178458417733417,0.8438733811259247,0.7892473464052432,1.028035590021773,1.910348789908495,1.016346457282992,1.4221691019370972,0.7251597678740898,0.8455233122579847,0.7552618860160676,55.0,1.282839732470371,1.276600176202865,1.0888239289423587,1.1889120827613484,0.8882958741364608,0.7855953828854294,0.999620317995425,1.4453646616259166,0.8383142854155163,0.7802615555657274,0.7358751550179419,0.9472398587387695,0.9109921949551554,0.998521492193615,1.4244957948871213,0.8523158579939893,1.3255339522131888,0.879205442907702,1.067892806246115,1.9693495845453355,S1_Rural_Overhead_AC_500MW,Overhead,AC,460,Standard Aluminum Conductor,100,0.7164789913232866,LCC Converter,0,False,0,,,42.276165612899234,0.0384851919741111,55.0,sample_210_1763055656563243,2025-11-13T11:40:58.354706,100759132.79672158,109862006.48942415,43827481.04457034,14541938.43441383,86217194.36230774,0.0,201518.26559344315,11083504.607639374,1217926.6184166938,600000000.0,33000000000.0,3626251788.6308823,3244711.41512776,3472016.008277621,909364.1856274868,1343830.9299090393,31669.968535387947,1869210.5166833329,36000793.59398808,39917371.05952684,16430759.610459428,2288672.381866872,33712121.21212121,137720000.0,0,95175304.489788,342771389.44677067,24971738029.51797,5685091929.311681,0.0685542778893541,32619832.51714596,1794090788.443028,447106689.9813315,2.002942266285875,5294442.361504584,291194329.8827521,31998301.80534853,27357525.5834422,450000.0,24750000.0,2719688.8414731612,2447719.957325845,79899326.65724726,51561885.44328096,6026359.377563036,3889024.6622342775,1734598.4378818334,95402914.08350085,10483484.479875555,2492570.0624718154,137091353.43594986,15064477.74554368,1555243212.149961,387583309.1500117,28277149.311817475,0.0033432209836986647,0.5675878716726395,0.0028701408249647356,0.055447381317661464,0.003472837402709927,0.14553166122295233,sample_0211
1.3812473403432275,17.0,1.2003921123831265,0.8044245968666633,0.6292521686448995,1.1576418030951847,1.1516803529927055,0.8042937026204695,1.1486193506617366,0.7467204894016812,1.3217364521180492,1.1811495373052046,0.8869410404161155,0.9164710064230115,49.0,1.2761199027837704,0.8372713052653948,0.9781717617195993,0.9455631170946861,0.774865469686123,1.4992047578950123,1.2977590896586304,0.9252367052399411,1.3058058884044048,1.2745376937536532,1.4329442847472558,1.315788747863805,1.2174474156021082,1.3601978598495157,1.2590652782802736,1.2282184845761583,1.0987368852950816,1.011758338620176,1.1548954923543282,0.7594046935630885,S1_Rural_Overhead_AC_500MW,Overhead,AC,460,Standard Aluminum Conductor,100,0.5630972178066643,LCC Converter,0,False,0,,,44.347052020805776,0.0382835970835131,49.0,sample_211_1763055658371974,2025-11-13T11:41:00.142849,111841264.084241,116802813.33728988,58184226.28547065,16141353.459455036,95699910.62478596,0.0,223682.528168482,10960443.88025562,2634541.802776216,600000000.0,29400000000.0,7066824103.825833,2588386.404605366,2675413.1341914115,1001015.3431409664,1068772.8565949027,93404.09085263596,1426209.4571578272,36489306.08006973,38420439.56074151,19107578.449510764,2777184.86794852,33712121.21212121,212840000.0,0,156455084.50310376,300467910.52793956,18879851234.056538,3976360565.139384,0.0600935821055879,47006377.841698736,2303312514.243238,521373431.0751898,2.886313438753972,5302767.473237256,259835606.1886255,62456208.32809442,47702184.014381185,450000.0,22050000.0,5300118.077869373,4770106.270082438,70072601.80698624,50516266.646081634,8190176.450572408,5904406.669459856,0.0,0.0,0.0,2203403.802151229,107966786.30541022,25951778.499172993,1040227399.096119,235463891.59586284,21229130.593798347,0.005590558887498325,0.8654219676638927,0.0043294765870214,0.12203536272796575,0.00570132462987159,0.21190082399881008,sample_0212
0.775157479797209,5.0,0.7905955270169921,1.0959655398632218,0.3600591126838591,1.0913045046994392,0.7706335029309925,1.918919547308314,0.991308405315238,1.025722831551815,1.3103392139007677,0.8980504298367823,1.3364815633975904,1.2146670377381121,41.0,1.0720795118112156,0.736738866657058,1.2265836206099348,0.8426256950697882,1.0212211122138912,1.3666301902819369,1.4894415997726094,1.069131716673729,1.0797622446815756,0.7207694103099898,1.0099600341898634,1.4527006279464216,0.9664129120709206,1.2664133483406403,0.8902448166791203,1.5708221591271307,1.2159796960702742,1.243537275338656,0.9225641982138207,0.9995173819034717,S1_Rural_Overhead_AC_500MW,Overhead,AC,460,Standard Aluminum Conductor,100,0.7671758779042552,LCC Converter,0,False,0,,,66.82407816987951,0.0321623853543364,41.0,sample_212_1763055660160112,2025-11-13T11:41:01.954167,83128954.51838714,85539757.40694508,72016950.83299951,11997484.54725591,71131469.97113124,0.0,166257.90903677428,6816574.270507745,3992069.697157082,600000000.0,24600000000.0,14406784207.567833,2542226.6537369434,2592585.228692662,1794641.9416023353,952422.3765485788,25042.462911014765,1564761.81427735,37392930.417388216,38678559.9372016,32886557.196165916,3680809.2052670065,33712121.21212121,62600000.0,0,58781018.12091643,171928226.30654272,8660925163.069674,3806011280.8426914,0.0343856452613085,60118505.67411355,2464858732.6386557,1131154399.5076966,3.691432073948757,8721218.364426563,357569952.94148904,209407851.6722853,171796089.43118668,450000.0,18450000.0,10805088.155675871,9724579.340108288,43275015.75345688,40205638.82020327,2605767.9871576466,2420948.0855599567,0.0,0.0,0.0,2352888.3858895996,96468423.82147358,56495925.40000678,2020177959.6795363,927084849.3754164,49272633.16291552,0.010721369179738396,2.063887142263415,0.008837582864887374,0.1841740246296691,0.011228168252543575,0.8198736558478786,sample_0213
1.2270868838164746,18.0,2.9726437441167888,0.8155035941955402,0.7046261404256426,1.4595020642612815,0.9106838124795011,0.7091923903411484,1.9970031101613892,1.8003552978206432,0.9505583085904106,0.7767605539916842,1.196758685341891,0.9236421183287856,50.0,1.3639869861698257,1.2667911225052104,1.20083191068887,1.1154033525504807,1.4308897420736513,1.2389865173359786,1.0391494857372505,1.479429481870896,1.4115891415223893,1.0972043535301355,1.023589632379054,1.2502873116341997,1.3016815352406548,1.3067395022228383,1.0560289349646987,1.4938003593362674,0.7622861112936413,0.9043026840755609,1.0873280349501475,1.2152209039699131,S1_Rural_Overhead_AC_500MW,Overhead,AC,460,Standard Aluminum Conductor,100,0.5708525159368781,LCC Converter,0,False,0,,,59.83793426709455,0.0409196095850947,50.0,sample_213_1763055661977073,2025-11-13T11:41:03.775252,118220912.2968655,131636823.47833438,34249518.14561171,17062088.37415869,101158823.9227068,0.0,236441.824593731,11822091.22968655,991431.4056250196,600000000.0,30000000000.0,2515878247.840183,4121598.996270107,4392116.230211915,732840.4815171794,1260743.7893979675,81732.56149451631,2779122.6453776234,36511036.72220844,41506343.000148475,11361748.48206794,2798915.5100872293,33712121.21212121,225360000.0,0,132513284.77690873,336458982.0532444,21689216657.672115,3653583390.017882,0.0672917964106488,57170727.352517635,2858536367.6258817,521386470.8956749,3.5104308444402292,8229673.647310599,411483682.3655299,34508094.860153876,29147189.48399972,450000.0,22500000.0,1886908.6858801376,1698217.8172921238,156064168.2910477,85168342.90918568,9437689.684852554,5150396.789678179,1722830.2075287823,86141510.37643912,7224051.739739419,1774429.065299393,88721453.26496962,7440412.4795368835,1459163675.7344348,266146062.70767853,29183273.514688697,0.005025666530454939,0.7853210648827356,0.004259341008066623,0.06605526465032453,0.0052174129026354025,0.12777707585255993,sample_0214
1.130410202577789,16.0,1.1266083241467038,0.9878864918786916,0.4915988283719894,1.1653810380793215,0.5406643278014216,1.8798079153211549,1.4354689213172631,0.5202360792521228,1.4533217269210512,1.8739360420397924,0.8355194822034427,1.3405831879539203,49.0,1.3715862214523076,1.0131007344375893,1.303508558632453,1.0667710483298851,1.3469671823858116,1.25327631944949,1.4693862867497902,1.1259344426595668,1.1415345172333498,1.030911100933722,0.943992282302722,0.796222969572207,1.4238663278724855,1.4499498205512955,1.2325504231742408,0.846047932549778,1.05245226129005,0.8099674167139285,1.1280654517613704,0.9798917356248398,S1_Rural_Overhead_AC_500MW,Overhead,AC,460,Standard Aluminum Conductor,100,0.691520544315084,LCC Converter,0,False,0,,,41.775974110172136,0.0411475866435692,49.0,sample_214_1763055663793370,2025-11-13T11:41:05.579907,115605848.96296103,120412708.68849108,58707519.72299148,16684672.561336525,98921176.40162452,0.0,231211.6979259221,11329373.198370185,2490191.1957361195,600000000.0,29400000000.0,6462106938.552786,3754833.73921814,3846745.844210224,1253325.6882114543,1205774.5485668094,73489.08512689518,2475570.1055244356,37774494.50895128,39637152.67099589,19267125.988843687,4062373.2968300623,33712121.21212121,200320000.0,0,145495416.64684665,234738440.54762495,14749750909.062489,2924891886.302623,0.0469476881095249,32379946.474545103,1586617377.25271,339772931.0134341,1.9882126414919783,7952051.250306059,389650511.2649969,85645009.26721688,53546355.32988296,450000.0,22050000.0,4846580.203914584,4361922.183523131,193887174.6632957,138036508.45487696,7706973.745866017,5486921.7032030085,3894693.169730539,190839965.3167964,41946539.59274974,2144390.906544814,105075154.42069589,23095472.26025456,1302276222.2205455,278881484.1919506,26577065.75960297,0.008666587801982173,1.1421671900976909,0.005546009020999559,0.1266217858431963,0.008904416957486868,0.20765476321184867,sample_0215
0.75379018716892,0.0,2.1853147478031705,0.9068918718362484,2.403208417654673,1.087349930177957,0.5692247627973951,1.3574886104409554,0.8416912032936902,0.9348797476216336,1.0449948636263335,1.311338022833725,0.8541647323416097,1.4268165584707218,59.0,0.7519503474654284,1.3090829413414826,0.7656873570546566,0.72500928421272,1.3891102915337739,1.4903915021518062,1.1545461902862406,1.2145083656526428,1.226137876281098,0.9007564351996544,1.3626333857006212,0.7563456330522599,1.4555401685259821,1.4590328942457147,0.9026141483904035,1.4247041917675116,1.2254940057945274,1.260896491124669,1.164721881467486,1.3540533584678869,S1_Rural_Overhead_AC_500MW,Overhead,AC,460,Standard Aluminum Conductor,100,0.6348243102853739,LCC Converter,0,False,0,,,42.70823661708049,0.0225585104239628,59.0,sample_215_1763055665597804,2025-11-13T11:41:07.361275,114128776.5750418,123513336.0062746,100717569.45259316,16471495.898019774,97657280.677022,0.0,228257.5531500836,13467195.635854932,2388470.1676421813,600000000.0,35400000000.0,6278355659.245288,3935741.172862636,3949217.985258974,1450906.0633517662,819480.1909434684,0.0,3116260.9819191676,38035807.75294158,40608994.16719981,35032846.32517532,4323686.540820369,33712121.21212121,0.0,0,0.0,1147532019.4301064,91654484313.94568,45049928731.08837,0.2295064038860212,54526278.8273262,3217050450.812246,1684761307.7430067,3.3480548506536523,4950008.382911395,292050494.5917723,51796521.90693894,38211972.18151713,450000.0,26550000.0,4708766.744433965,4237890.069990569,9774055.7324809,8625512.045355076,983391.6365114268,867833.8489356805,190162.14480961548,11219566.543767313,1989842.6300661184,2365019.1307880227,139536128.71649334,24747385.40667725,1422284149.842277,744846666.5064007,24106511.01427588,0.0010476803058913967,0.41184215934017226,0.0007870747275198047,0.06137429348506078,0.0010623518197091268,0.32138079311426965,sample_0216
1.3854628401628482,18.0,2.568572601325402,0.9226170610145863,0.4363952754286831,1.2730375776398306,0.8311300316052233,1.563043603745503,0.5147722878333943,0.9983318248143684,0.5267948891915295,1.0674624769219498,1.2418062809151063,0.9209886241442788,49.0,0.7397913916293972,0.8204383789071539,1.3004870523669538,1.2547303285888995,1.0371978993164515,1.2511857441353902,1.431914804117461,1.3798543008017843,0.9183670136690861,1.2093142103865273,0.8816421065558266,1.1648765855229344,0.7685377872929793,1.0727435695487806,0.9595117957302459,1.0604023396760736,0.9056695363631596,0.8027974014843554,1.020242932124677,0.8855331209205812,S1_Rural_Overhead_AC_500MW,Overhead,AC,460,Standard Aluminum Conductor,100,0.6458319427102104,LCC Converter,0,False,0,,,62.09031404575531,0.0221937417488819,49.0,sample_216_1763055667379146,2025-11-13T11:41:09.149890,109950149.38788936,120651655.15316685,66381995.24348127,15868420.647079188,94081728.74081016,0.0,219900.2987757787,10775114.640013156,3624214.707271453,600000000.0,29400000000.0,9888703364.519432,3461848.7780823745,3721062.857568645,1647207.608711956,1418225.4926171498,82537.31121585495,1961085.9742493697,36502995.83074024,40775967.8139262,22531613.862558004,2790874.6186190266,33712121.21212121,225360000.0,0,178745864.50726932,208378744.0171962,13093443757.343887,4837088085.736398,0.0416757488034392,40583718.34408269,1988602198.860052,767115916.0651953,2.491945498238773,4301804.11199506,210788401.48775795,70898774.65964848,55762418.33786457,450000.0,22050000.0,7416527.523389574,6674874.771050619,75846253.07572053,58363971.29499339,9255857.670596432,7122416.59265516,0.0,0.0,0.0,1957242.9322630283,95904903.68088838,32257657.949085496,1758826605.532761,678478522.992948,35894420.52107676,0.004734313516481308,0.864781315187515,0.0037744567467437352,0.07464618362674875,0.0049367980486421355,0.2112775733096941,sample_0217
1.3652005813440637,11.0,2.782330728603364,0.9935600024280016,0.35437959311794687,1.4789763555551683,1.0762478518024583,1.3218305976518185,0.9954690931712594,1.4001166481659695,0.7744995646690065,0.825250385214888,1.4251315747663331,0.7177085910773433,44.0,0.9357105711982213,0.879893638216211,0.8002678773687542,1.017284979598774,1.1576880813490495,1.147310565421891,0.8150748472606866,1.2409053749246084,1.3805582680994644,0.8158547741333582,1.4136602886095868,1.3209447473020444,1.4466728231841075,1.106352037010876,0.933494980713152,0.8381443622172363,1.1936475725645639,1.121964680319682,1.008648023686053,1.546919007635188,S1_Rural_Overhead_AC_500MW,Overhead,AC,460,Standard Aluminum Conductor,100,0.695492001699601,LCC Converter,0,False,0,,,71.25657873831666,0.0280713171359466,44.0,sample_217_1763055669167570,2025-11-13T11:41:10.955797,92664311.477841,102472391.23647732,51831704.79993713,13373663.261837397,79290648.21600361,0.0,185328.622955682,8154459.410050008,1905512.3334804915,600000000.0,26400000000.0,6169081612.189475,3181836.449258728,3411211.279951255,1242755.7948645258,1149840.2951222504,46251.91326070783,1985744.24087577,35886995.7305374,40474655.396090046,21027892.146965496,2174874.518416192,33712121.21212121,137720000.0,0,106614028.5913287,169216255.71381962,9295346264.9657,3463617679.2856436,0.0338432511427639,32077461.03077807,1411408285.354235,549456943.1016312,1.9696392512105056,8911538.081842573,392107675.6010732,91626676.19503552,76503686.22985296,450000.0,19800000.0,4626811.209142109,4164130.088227897,96558382.15514956,70562515.5394485,6202048.827871514,4532306.331416331,0.0,0.0,0.0,2324414.928419819,102274256.85047203,23899175.65668904,2010775616.2324176,782788817.9649415,45699445.82346404,0.008558481822640143,1.2989261992747116,0.007172665201535382,0.09042940770172105,0.009198736960939551,0.3417899714253884,sample_0218
0.9685947679737097,14.0,2.810802448873639,0.8315955522576082,0.45546456224741605,1.2040049253316996,0.7123694421784242,1.0024369049176627,0.6321306827391759,0.6605133911543135,0.6633812142916204,1.0311069609868695,0.9264928414454436,1.4778062940417498,59.0,0.8195405108196822,0.8336014561676096,0.992441512462241,1.184225963067647,1.042924689812414,0.7085095133664245,0.7285499192219598,1.0021737816727974,0.946063443937536,0.8310811840283692,1.1978136384247813,1.463354961955098,1.3530493602731235,1.1102985020561282,0.7495537705595375,0.8847238711182238,1.2368410055951156,1.1501635069824845,0.986585110507457,0.5708084413905387,S1_Rural_Overhead_AC_500MW,Overhead,AC,460,Standard Aluminum Conductor,100,0.5821168865803257,LCC Converter,0,False,0,,,46.324642072272184,0.0245862153245904,59.0,sample_218_1763055670973658,2025-11-13T11:41:12.778413,78849196.55331248,87284829.21466841,44653609.56081481,11379813.72065335,67469382.83265913,0.0,157698.39310662495,9304205.193290872,2128870.614202806,600000000.0,35400000000.0,8099780494.64363,3738449.546494681,4008469.929893884,1421168.0268738146,1338534.194618886,36352.12023186349,2363563.2316439315,38190322.10315682,43074595.74141077,22412962.945493236,4478200.891035606,33712121.21212121,175280000.0,0,135950775.79149786,217484328.47314116,17370682155.317955,5658300790.82322,0.0434968656946282,33860151.99543667,1997748967.7307632,697094037.5745045,2.079101097127826,3161499.162312399,186528450.5764315,42679082.08121693,33877742.35672236,450000.0,26550000.0,6074835.370982723,5467351.833884449,46172472.01094994,34196464.308523275,7564861.101993137,5602721.522293518,0.0,0.0,0.0,2379486.5555337723,140389706.77649257,32122197.982965328,1369023583.701059,477706755.4092754,23203789.55425524,0.0032050968933383917,0.7118634236236586,0.002586558080836451,0.06447263408135924,0.0033090151330879966,0.17506600830056332,sample_0219
1.2448126269271231,2.0,2.7926089069225153,1.0814230255129225,1.5730172953300414,1.1613264570387025,1.1358405164247465,0.9852538393393782,1.0421368906419342,1.4481353043095588,1.2965635932763968,1.890425102913609,0.7577942489043785,1.1034539269298265,44.0,1.3597409392901394,1.2061845191515916,1.0607683324497656,0.9178209839631007,1.2314659829363404,0.9671472466782405,0.9474068122202888,1.1439247171472628,1.1398917110736315,1.0434286511388442,1.2073019690524744,1.0578842711453624,1.1459295880974618,1.179620298866698,1.0665305740600841,1.842886457927783,0.7433617123440164,1.1255765502182362,0.9117746631810072,0.5492732484749578,S1_Rural_Overhead_AC_500MW,Overhead,AC,460,Standard Aluminum Conductor,100,0.7569961178590456,LCC Converter,0,False,0,,,37.889712445218926,0.0407922281787041,44.0,sample_219_1763055672796182,2025-11-13T11:41:14.590878,83955891.46540596,92876738.46258004,65381709.40842417,12116831.209329216,71839060.25607674,0.0,167911.78293081193,7388118.448955725,1863923.413730387,600000000.0,26400000000.0,6660366703.979618,3157261.8568109996,3365049.7854503463,1524104.6344924788,1037415.8394492016,7088.896243228266,2112757.1211185697,37055920.990696445,41785898.25859555,30695988.25768451,3343799.7785752313,33712121.21212121,25040000.0,0,22868248.952110663,751115758.5200949,41260108439.72624,14766995428.772034,0.1502231517040189,70530950.51781212,3103361822.7837334,1181732744.0139408,4.33078317613029,7026976.559895252,309186968.63539106,78003734.51528592,48511690.94554488,450000.0,19800000.0,4995275.02798471,4495747.525186241,20573193.79756488,17176420.800821748,2156674.008115132,1800592.5894678067,0.0,0.0,0.0,1750300.456638621,77013220.09209931,19429404.805593643,1205970048.3371449,459222731.9280898,27408410.189480565,0.0035730682465776663,0.8503839845871312,0.0022819452457857052,0.13387733273866828,0.003645129995910898,0.5163544026818472,sample_0220
1.0816146290294326,12.0,2.2386011855997463,0.8193674915038464,0.4093381735973065,0.7666881882420853,0.7399276307398472,0.8203232565233494,0.5629921452309835,0.8626600351681135,1.0849046603877,1.963673167252832,1.1294302468197046,1.4415693674527073,60.0,1.1153405209981777,1.3774371331112443,0.8949460671764532,1.220398042929343,1.4972698536591031,1.007108255880764,1.3786739039354372,1.4048714132611109,0.8536692105030866,1.4750170049230218,0.7132487542591709,1.013536561518856,1.3095777221455485,1.1314005570616852,1.0780071379372274,0.6420793020977875,1.0289407618582016,0.9402829134849713,1.0448143581552383,1.6421117752671248,S1_Rural_Overhead_AC_500MW,Overhead,AC,460,Standard Aluminum Conductor,100,0.5735572440526924,LCC Converter,0,False,0,,,56.47151234098523,0.0334602156299453,60.0,sample_220_1763055674608951,2025-11-13T11:41:16.399658,122994492.27437282,133364787.31623612,42336716.69697697,17751029.457888626,105243462.81648418,0.0,245988.98454874565,14759339.07292474,988342.9076910716,600000000.0,36000000000.0,2410700404.7456923,4840433.610660762,5057629.355465148,831405.5745275517,1379419.606098924,44290.78998771621,3416723.214574122,38080513.23470517,41907696.62218752,13726676.12569972,4368392.0225839615,33712121.21212121,150240000.0,0,93783667.53658932,195458977.8927139,15963070194.969114,3899560948.2568583,0.0390917955785427,24573659.049886525,1474419542.9931917,395844287.95330054,1.5088863599298006,1860851.3267324327,111651079.60394596,7476591.744209059,4540275.226087582,450000.0,27000000.0,1808025.30355927,1627222.7732033432,18149971.98275194,10530658.382229306,6407370.5335198855,3717572.141763146,0.0,0.0,0.0,2114413.744769207,126864824.6861524,8495363.45052497,1663175453.099639,446520467.0558792,27719590.88499398,0.001267172209944324,0.16318920726195182,0.0008417452253959337,0.014952738699694624,0.001349407077710782,0.05323430768956677,sample_0221
1.147626562303342,0.0,1.678728784275414,1.0093577023134743,0.8110167768966363,0.9119747341729887,0.641911110562477,1.5126849232513184,0.9481348480545285,0.6166693444767279,0.6285505942550117,0.8511032917450989,0.7308640210704701,1.0540379435387361,56.0,0.8912276678081195,1.237740189441931,0.8287279446042326,1.3699490354484865,0.797499228089764,1.310143679052948,0.7803640414845401,1.0918485839092131,1.0962687393994601,0.8363823596203095,0.9042848621669222,1.425018998744648,1.0406241346657445,0.813066588155352,1.2675945709128145,1.2217253233657883,1.3552061268960025,1.136109350831966,0.8262651241991281,1.8258833500707163,S1_Rural_Overhead_AC_500MW,Overhead,AC,460,Standard Aluminum Conductor,100,0.706550391619432,LCC Converter,0,False,0,,,36.543201053523504,0.0267368300342435,56.0,sample_221_1763055676417370,2025-11-13T11:41:18.229254,67715435.88475816,71953317.90309277,60321019.14692907,9772947.348428251,57942488.53632991,0.0,135430.87176951632,7584128.819092914,1631261.2858665076,600000000.0,33600000000.0,7226984207.7484865,3234994.440416496,3254376.0786062256,1945024.1467070696,1548457.5461281375,0.0,1686536.894288358,36906175.58648102,38793934.525876224,34282632.23457592,3194054.374359807,33712121.21212121,0.0,0,0.0,387260510.9681439,28882269167.112904,13317532038.93855,0.0774521021936287,46757871.57585544,2618440808.247905,1291281539.2385907,2.8710545099096025,4822152.958652292,270040565.68452835,58082705.4658796,48195829.10278537,450000.0,25200000.0,5420238.155811364,4878214.340230226,7904682.521121141,7041503.897551807,755427.9529239363,672936.4349068154,137084.90863943685,7676754.883808464,1651184.1164297566,2530402.0851924033,141702516.77077457,30478626.514898892,1342007535.0840716,661809711.3803753,23964420.269358423,0.002805441637554886,0.657729826683485,0.002344712274055494,0.07939516403158522,0.002889936202163018,0.460085617195527,sample_0222
1.1680744274559187,11.0,2.3546637067280214,0.8629081328131133,2.448985618696126,0.9813128325873712,1.112598368215182,1.3159187914412587,1.945445743254785,1.9610661066239448,1.4580573936592969,0.8672927501972256,1.2849476905863368,1.2112324525428284,47.0,0.9640006875855913,1.2827098266192423,0.9872267575143397,0.7670700460693555,1.3282013686200467,0.705575999461086,1.3103454960165026,0.7319253691754429,0.8804056884650825,1.3998255048031272,1.4270628196945792,0.9908211527102097,1.2699874393891863,0.7392500976170862,1.1089737930332138,1.6149806805882916,1.1042414764921513,1.1910375508615114,1.1150370868872612,1.5415429120348512,S1_Rural_Overhead_AC_500MW,Overhead,AC,460,Standard Aluminum Conductor,100,0.6040356929691792,LCC Converter,0,False,0,,,64.24738452931685,0.0289200206275677,47.0,sample_222_1763055678246795,2025-11-13T11:41:20.036772,102322090.63868602,111416007.15305312,42702397.20351709,14767510.410695972,87554580.22799005,0.0,204644.18127737203,9618276.520036483,1110060.8932693878,600000000.0,28200000000.0,3254607738.1936193,3298954.033215078,3443135.2035435494,739473.1560633045,867021.5975268775,28444.120458274578,2403488.315229926,37382522.58346312,41357402.09337439,16350078.522204412,3670401.3713419046,33712121.21212121,137720000.0,0,93463906.70211886,1169390632.9274,69726488529.3548,24581830160.025803,0.23387812658548,61808540.607475094,2905001408.5513296,1078048089.5057898,3.7952045993824854,12227056.973192468,574671677.740046,66323790.40047744,54819361.884490535,450000.0,21150000.0,2440955.803645215,2196860.2232806934,120778921.45358804,76401916.35140225,6009598.66802761,3801531.3368780194,263421.9202517485,12380830.25183218,1428891.7001019383,2210422.1559274932,103889841.32859218,11990095.088927068,1591211915.7843435,590499874.0312493,33855572.67626263,0.0023111889827385815,1.1500669820961689,0.0019163200861920216,0.0820103898361757,0.0023579873712196095,0.2772902273008183,sample_0223
1.301878165104808,18.0,0.9909319324422988,0.8610473777401081,1.3433043349317182,1.1681930506472296,0.50186554039028,0.825631801267821,1.0339922203616432,0.5514666039176209,1.444122252128182,1.273526719555723,1.2986535607008782,0.8327386952471509,58.0,1.0804146864040132,1.0530493445858062,1.3653579001855554,0.757225067809422,1.0566958940209297,1.284765653715554,1.021331818771225,0.9021950696850478,0.874900186961018,1.0529737594159565,1.428705781715514,1.3180180778776258,0.8923306737617351,0.8589878637144674,0.7019436354189527,1.1290243997227314,0.6873194288853234,0.92940972570839,0.9541943349535201,1.4488859008821806,S1_Rural_Overhead_AC_500MW,Overhead,AC,460,Standard Aluminum Conductor,100,0.6027331644180757,LCC Converter,0,False,0,,,64.9326780350439,0.0324124405921203,58.0,sample_223_1763055680055098,2025-11-13T11:41:21.837249,78247088.87125437,81101710.51037501,34655764.0694736,11292915.266882006,66954173.60437237,0.0,156494.1777425087,9076662.309065506,1572782.7077162017,600000000.0,34800000000.0,6030062192.999982,3226167.0415816717,3283283.075224541,875369.685053406,855893.7887664073,84752.48626928678,2285520.7665459774,36235571.803779244,37812475.09440011,16663888.30057646,2523450.5916580334,33712121.21212121,225360000.0,0,156478196.33141902,641427819.9298955,50089136724.17579,11243657290.935608,0.1282855639859791,43210021.82618838,2506181265.918926,613056248.7676446,2.6532073393484192,3301243.429573422,191472118.91525844,33177838.657600462,24727265.852087893,450000.0,26100000.0,4522546.644749986,4070291.9802749874,68181582.97555399,46447164.96864404,8545919.369599033,5821714.74239333,804433.5701307541,46657147.06758374,8084640.763375767,1678846.5452287877,97373099.62326968,16872581.800387908,1978680630.10306,484020266.6487497,34115183.27763897,0.0020205726005648092,0.7222984839923872,0.0015434207330402329,0.04886682845804581,0.0020743849012294564,0.13114450014634357,sample_0224
0.7660657875006058,19.0,0.9805047895920556,0.9250549206146287,1.7259142692538507,1.1396454850579358,0.8812928302596922,1.6264929656897582,0.9437465850524547,1.3422296445155433,0.8322720458431907,1.7622295537718922,0.9915751261926287,0.7774058451904825,46.0,0.9668208292393667,1.1419845750881867,1.112259038580929,1.232658495648806,0.916032344742014,1.126115060368796,0.7112259326211353,0.9396091002906113,0.8978550632817033,1.0141713908186945,0.7800875822826235,0.9221706995824679,0.9610930180168644,0.8341515276814426,1.0583903446325824,1.17331226876653,0.6424642133408109,1.2721353986970865,0.9970977310450836,1.4783639707552374,S1_Rural_Overhead_AC_500MW,Overhead,AC,460,Standard Aluminum Conductor,100,0.64753844443024,LCC Converter,0,False,0,,,49.57875630963143,0.029004624877181,46.0,sample_224_1763055681857101,2025-11-13T11:41:23.641862,77620579.60358664,80422016.08794203,24687321.01360767,11202495.084153816,66418084.519432835,0.0,155241.1592071733,7141093.323529972,853810.8974190385,600000000.0,27600000000.0,3299940177.384037,3049587.4385359325,3141552.9824570185,736099.1828437692,1393277.63296062,78413.7803823952,1577896.025192917,36067896.50057722,37621764.13160373,12061103.874814209,2355775.288456008,33712121.21212121,237880000.0,0,144039192.52536437,824124063.5687135,47837011007.2225,14102271710.451412,0.1648248127137427,44905007.150232635,2065630328.9107013,639719002.7749478,2.7572838316013457,7536326.838476601,346671034.56992364,41449046.20697759,26840499.366659064,450000.0,20700000.0,2474955.133038028,2227459.619734225,125830613.38776284,74416905.29481328,8991227.155316424,5317460.367449869,0.0,0.0,0.0,1621656.145409534,74596182.68883856,8918947.11356442,1323282766.7881725,409816374.26161295,28767016.6693081,0.0023460194365040655,1.171790290214362,0.001552545184435545,0.06451374170670754,0.0023985198017395883,0.1620627427353987,sample_0225
0.7726221367413745,6.0,2.5077511297835433,0.8914001321551724,0.5012999786809206,0.891262229161956,1.0004832317495536,0.5585682018882135,1.8739250182879,1.4914840729254717,0.7181766688619924,1.4008011937587486,1.2051166944142522,1.26671080743527,58.0,1.1951518462914534,1.1942073009800165,0.9957681337077293,1.343089097075325,1.1593568199313888,1.3170323373627213,0.7878962119179025,1.2383273130179075,0.8106667801061663,1.1273430962040456,0.9227623976954884,0.8972872186015606,1.4861752800035553,1.0077632888010126,1.1408154211741655,1.7948328584364404,1.096522227488465,1.0595644831409061,0.9698608305076891,1.8722902688390333,S1_Rural_Overhead_AC_500MW,Overhead,AC,460,Standard Aluminum Conductor,100,0.6239800925086206,LCC Converter,0,False,0,,,60.255834720712606,0.0358545553887436,58.0,sample_225_1763055683659795,2025-11-13T11:41:25.458735,92977635.14554952,101803052.8447287,57126616.36845444,13418883.316430898,79558751.82911862,0.0,185955.27029109903,10785405.676883744,1676005.4618342612,600000000.0,34800000000.0,5407769704.651878,4119099.852069661,4389417.542412212,1520002.3130415368,1518097.6763912009,28960.343796481367,2572041.831881979,37550638.8104099,41815674.769420065,24230192.551624637,3838517.598288697,33712121.21212121,75120000.0,0,60844474.1228036,239370739.82013956,18692475352.766125,5277067589.572719,0.0478741479640279,68691843.15807945,3984126903.168608,1235696184.427354,4.217857217325635,4032840.122302707,233904727.093557,36347784.39515526,26164580.44091145,450000.0,26100000.0,4055827.2784889103,3650244.550640019,28572694.52111859,21495891.680890135,3828488.0084025944,2880259.104348103,380060.98372818495,22043537.05623473,3425470.456209116,2200580.113447793,127633646.57997195,19833717.450270616,1926090182.893917,597386164.5752602,33208451.42920547,0.003178645533923102,0.4875140714571485,0.002345601206882063,0.05111671429881607,0.0033354019215218987,0.20930975129083454,sample_0226
0.8560446953754344,9.0,2.401856455672437,0.8200294833362479,0.7538643940229296,1.101937692932706,0.8242647109272125,0.7283529389194412,1.036457599406437,0.9847009939536373,0.5454676244744285,0.7935098272622655,0.8860817449711493,1.236783651320719,47.0,1.312417180447253,1.213541525840743,1.3857593426769625,0.859600828734725,1.2243108008554149,1.4662509811950324,1.4717757885540124,1.3131358861667521,1.1054442005233427,0.9871864938227696,1.0990427396965785,1.306336987202551,1.1108128919534406,1.2955661646957246,0.7907872711212061,1.4290620444058977,1.3712706335700902,0.9936185351802063,0.9641516258862419,0.5581891316208533,S1_Rural_Overhead_AC_500MW,Overhead,AC,460,Standard Aluminum Conductor,100,0.5740206383353735,LCC Converter,0,False,0,,,44.304087248557465,0.0393725154134175,47.0,sample_226_1763055685476469,2025-11-13T11:41:27.255090,101383290.21116889,110582318.86454104,57866663.81763525,14632019.188806454,86751271.02236241,0.0,202766.58042233775,9530029.279849874,1921362.706503081,600000000.0,28200000000.0,5685441957.450144,3237580.0440850453,3402665.788584641,1132925.6483636864,971609.421569856,48362.28918156196,2217608.3333336273,37459950.45854764,41526169.31512173,22197085.70642172,3747829.246426422,33712121.21212121,112680000.0,0,87698590.8656237,359970248.1459489,21463709962.704796,5839490796.027172,0.0719940496291897,54693062.56350252,2570573940.4846187,748731541.1704655,3.35829580435386,3533297.2600388653,166064971.22182667,33480594.150614314,28167158.05439592,450000.0,21150000.0,4264081.468087609,3837673.3212788473,34145110.76150779,25082359.173254155,5130835.405052597,3769015.639962603,0.0,0.0,0.0,2550884.331201865,119891563.56648766,24171508.00869538,1023240362.9976633,298039407.42923325,21771071.553141773,0.0029498298734559384,0.46485494065552957,0.002501248351969071,0.07232458381598933,0.0030201771652939055,0.16862382943279092,sample_0227
1.0033688967632588,5.0,1.104908920603928,0.9861266262474394,2.4591573544930796,1.2120523143958406,1.0556020222847164,0.5247452148730629,0.5003511675018626,1.7478591640429662,0.9678279360418114,1.0580286206541643,0.9004968851290305,0.8077975485964726,50.0,0.9632145332331181,1.131235039445572,1.2613057874629687,0.7826539958801,1.0981523921202765,0.7765438567258452,0.9091805350767614,1.019813323838771,1.2115449483749794,1.0796723755466082,1.1045182329943706,0.7100940748197716,1.3393897426645127,1.227427148360732,0.7356723974681851,1.1041615439276526,1.5687909788027339,0.9471868552240109,1.0224772149044206,1.9020135956461226,S1_Rural_Overhead_AC_500MW,Overhead,AC,460,Standard Aluminum Conductor,100,0.6902886383732075,LCC Converter,0,False,0,,,45.02484425645152,0.0288964359969935,50.0,sample_227_1763055687273031,2025-11-13T11:41:29.128445,91942760.44361085,95690601.56672432,67974604.86237042,13269526.29255411,78673234.15105674,0.0,183885.5208872217,9194276.044361085,2453470.9620511993,600000000.0,30000000000.0,8005429520.10647,2956532.9155731397,3022617.2369575645,1272923.033196854,884636.1832220524,14229.577883700566,2057667.1544673864,36159992.57150446,37920016.93168307,26860181.72719737,2447871.3593832506,33712121.21212121,62600000.0,0,54094393.42883208,1174247636.7704456,75695739338.72061,31551953187.929367,0.2348495273540891,42258470.60919912,2112923530.459956,933197989.1029708,2.5947796282299835,3535072.745369132,176753637.2684566,47166292.852503106,37185635.29888228,450000.0,22500000.0,6004072.140079856,5403664.9260718655,6994013.390655161,5885728.799501688,2747209.014271768,2311881.0774875185,0.0,0.0,0.0,2802722.7713734857,140136138.56867427,37394999.35104653,1428604135.1632278,630960130.3310269,28572082.703264557,0.001286801464034566,0.5532372501777809,0.0010307240488065786,0.06412184263263575,0.0013067558456621212,0.2682010201715747,sample_0228
0.7600812170479179,11.0,1.8715510062640304,0.9617130360633878,1.436945072425645,1.3489192276926283,0.9022341263193436,0.5305663267391691,1.829707298568643,1.530811602439962,0.7910737854523164,1.3282000360260993,0.949983063086603,1.1210538509336492,42.0,1.1196688717588976,0.9280613100832946,0.8757207499143378,1.4981062601656374,0.9342379501210597,1.423162316904625,1.4373059006155295,0.751070782191693,1.3024339056270733,1.3345524533357502,1.455634692316015,0.9289332698743737,1.2772668025447111,1.0492957099752414,1.0392535219718715,1.6705023491491073,1.300537057460119,1.133402745311416,1.0801615070755688,0.5227799099085482,S1_Rural_Overhead_AC_500MW,Overhead,AC,460,Standard Aluminum Conductor,100,0.6731991252443714,LCC Converter,0,False,0,,,47.499153154330145,0.0335900661527669,42.0,sample_228_1763055689146938,2025-11-13T11:41:31.052451,102674613.72046018,109863732.36353593,57078556.40540848,14818387.872714346,87856225.84774584,0.0,205349.22744092037,8624667.552518655,2081760.3474901256,600000000.0,25200000000.0,6082595118.861272,3253449.097225815,3473504.234641537,1449669.7483373077,1693314.0455811596,57372.41686881511,1502762.6347758402,37109254.09373833,40212736.52039165,21373249.3079196,3397132.881617119,33712121.21212121,137720000.0,0,105797102.42437224,686141272.0832455,35596315824.7656,11801877103.73346,0.1372282544166491,63933465.90663462,2685205568.0786543,933433058.8148484,3.9256805205004017,5418740.02575796,227587081.08183432,54933336.05175595,40340844.26716073,450000.0,18900000.0,4561946.339145956,4105751.70523136,60679309.732436314,44741118.53574458,5792197.952818814,4270803.612174818,922574.2901304924,38748120.18548069,9352743.123224398,2460699.021661652,103349358.90978938,24945726.43024313,1222149714.8556826,424844548.3016451,29098802.73465911,0.003048876114829791,0.7446080569494135,0.002277695968486384,0.08548967734709194,0.003116731878174429,0.21946631080002688,sample_0229
0.939403854180298,13.0,1.5756088433720232,0.807027164051682,0.3372046311757351,1.486128029786823,0.7217951070157416,1.705264292665919,1.9166693431804351,0.6807135986682527,0.5881294119294534,0.6302793652729414,0.9850828362757544,1.2550294301427072,41.0,1.319875416878158,0.734684240167231,1.0792153514509197,1.25138067691202,1.1721278069884427,0.9545084764435909,1.1082727180365235,1.0219251774158635,1.174597393173476,1.433931586656843,1.292793659573408,1.447878688944869,0.8151590860540554,1.3564264416729384,0.8770989245119515,1.0951703610407302,1.2742676268412756,1.025538541039729,0.8060642970124023,1.279988707107,S1_Rural_Overhead_AC_500MW,Overhead,AC,460,Standard Aluminum Conductor,100,0.5649190148361773,LCC Converter,0,False,0,,,49.25414181378772,0.0395962625063447,41.0,sample_229_1763055691072453,2025-11-13T11:41:32.963320,77636371.10943393,82188102.58839618,53742282.79128626,11204774.173894305,66431596.93553963,0.0,155272.74221886788,6366182.430973583,2710103.748656757,600000000.0,24600000000.0,10472296849.771645,3289639.6637070924,3442797.72109221,1848201.8891522964,1414439.3711763131,45475.67626770129,1829724.616263078,37515240.69740214,40133192.90210512,26306513.57950052,3803119.485280931,33712121.21212121,162760000.0,0,137001605.88592592,161015211.3864135,8111179449.075153,2143755737.0572245,0.0322030422772827,41914360.05775082,1718488762.3677835,478724316.8747168,2.573650348445716,12055740.461935377,494285358.9393504,210418821.43531725,183894293.19217083,450000.0,18450000.0,7854222.637328732,7068800.373595858,254873290.46688977,210417836.64899093,6559023.9795174105,5414987.3208397245,5904654.502712279,242090834.61120343,103058824.57957292,2427205.497622627,99515425.40252768,42364027.47750307,970963167.1956968,270483979.3574355,23682028.468187727,0.015648916244632164,2.665214216763509,0.013690950569379265,0.25578421833958215,0.01595838342902959,0.3744834134556927,sample_0230
0.9561044670942469,3.0,1.7107510728796904,1.01966897785517,0.7499563351847164,1.288812566721405,0.8703848686550388,1.1002629595304874,1.497934097135322,1.2887750620285057,1.0950429725105366,1.1130649206010632,1.4047212559004025,1.270767690382691,54.0,0.7872873232304805,1.0281487209963118,1.2540158611587242,0.7951484563563009,1.1693304211351672,1.476357076872324,1.0535214824386088,1.0293544307065225,1.2944439975588642,1.0257677052975855,1.0355457678123265,1.144238343576575,1.3537592918744963,1.1414459121594307,1.0895169271054228,1.3139534284828964,1.364282557233484,0.8117033357940638,1.1574173106046328,1.73153908050678,S1_Rural_Overhead_AC_500MW,Overhead,AC,460,Standard Aluminum Conductor,100,0.713768284498619,LCC Converter,0,False,0,,,70.23606279502013,0.0236186196969144,54.0,sample_230_1763055692982309,2025-11-13T11:41:34.827473,106524246.5309423,113322071.04692028,87410224.14999686,15373981.413183486,91150265.11775884,0.0,213048.49306188463,11504618.62534177,3643895.2089697146,600000000.0,32400000000.0,10262157192.291237,3303495.5944504943,3409661.0368261607,1598813.4109062972,898758.7097603036,16231.874988812622,2388505.009701378,37562932.39509906,40417727.67165604,31645539.47695566,3850811.182977852,33712121.21212121,37560000.0,0,34546388.44525024,358104150.05070204,25475904126.11911,12127825034.097715,0.0716208300101404,50287625.6148974,2715531783.2044597,1366690485.6191244,3.0877905569348068,9050743.296669032,488740138.0201278,154800250.69582304,120339704.94586878,450000.0,24300000.0,7696617.89421843,6926956.104796586,36022314.84974669,31834375.854914416,2119837.9827958606,1873386.5210309096,343833.7275365251,18567021.286972355,5880792.93331876,2541974.533872692,137266624.82912537,43476903.74233803,2523256194.142382,1269920777.4487946,46726966.55819226,0.006430806897671342,1.3467940676552488,0.005036572881862761,0.1074834807220225,0.006771102626144513,0.6717235906356467,sample_0231
1.0397491377942643,5.0,2.6590927161956355,0.9882969444329496,0.4943123855693809,0.9597635929280205,0.5593200126389477,1.0584768630594543,0.606451862544181,0.9255902373912193,1.2145122792462368,1.443834803897007,1.0798823756940754,1.0926508335547962,46.0,0.760301275884452,1.1453691734544114,1.2427031317627897,0.851665036881433,0.9213855228999863,1.2802018550205798,0.7252437052824855,0.9820610992498859,1.1654689970039016,0.9027074828403701,1.3200301675963546,0.7453098028645213,1.3500199265859982,1.0120574537853906,0.9480291532975713,1.6439475345511414,0.6112824530405204,1.2215384861158243,1.285704263929259,0.8993703964925678,S1_Rural_Overhead_AC_500MW,Overhead,AC,460,Standard Aluminum Conductor,100,0.6918078611030647,LCC Converter,0,False,0,,,53.99411878470377,0.0228090382765335,46.0,sample_231_1763055694845914,2025-11-13T11:41:36.682320,104934056.11227758,115524864.98552826,73363025.89463374,15144479.128622638,89789576.98365495,0.0,209868.11222455517,9653933.162329538,2450298.3345214706,600000000.0,27600000000.0,7005251941.9425535,2629922.1833222946,2812650.4520299453,1222310.1302375093,962639.5719902258,23458.72914336196,1643823.8821887071,37023184.34410544,41509051.64843424,27129816.542574804,3311063.1319842306,33712121.21212121,62600000.0,0,53848038.8769819,236034164.10937935,13700812056.969517,6820804996.900183,0.0472068328218758,62917160.04234128,2894189361.9476986,1498414708.8186395,3.8632767061951823,2884127.8019082225,132669878.88777824,33673403.14188015,23949636.857499864,450000.0,20700000.0,5253938.956456914,4728545.060811226,16987200.109752506,13662399.026142046,3446591.722288036,2772011.3430030914,0.0,0.0,0.0,1581899.4010266636,72767372.44722652,18469339.75166632,1581025600.750286,818547689.4949154,34370121.755440995,0.0023829268627922327,0.3827093713743862,0.0017555272563061866,0.03848610166012737,0.0025086270879981316,0.20178259920452682,sample_0232
0.7214231231115004,2.0,1.5568917765995876,1.0975372878314054,1.965385637661183,1.0270956266478053,0.6258481052388921,1.0186772673599127,1.9400488816645536,0.689776983663393,0.8604701055679378,0.6446127371112295,1.333256008183687,1.4694610138868605,48.0,0.7368688836546681,1.0612474086307808,1.136919667126675,1.3140647480717325,1.2661355152786857,1.0972636610235402,1.2833067741687336,1.1830936128590552,1.3703977116761152,1.453060813544714,0.8778775557189205,0.9979728717638481,1.380142520298618,1.052725985923058,1.144995023685862,1.9203114652892812,1.4880587661606066,0.9511110627217383,1.206004767589334,1.9463729774482368,S1_Rural_Overhead_AC_500MW,Overhead,AC,460,Standard Aluminum Conductor,100,0.7682761014819837,LCC Converter,0,False,0,,,66.66280040918436,0.02210606650964,48.0,sample_232_1763055696701728,2025-11-13T11:41:38.544573,133700847.53708915,141443811.2850898,112808495.17489764,19296211.06838825,114404636.4687009,0.0,267401.69507417834,12835281.36356056,4131013.802267691,600000000.0,28800000000.0,9269231747.663528,3793897.052915861,3952712.984932792,2133740.3803938213,1485291.3667598674,8042.610131162845,2300563.076024831,38165033.37541473,40788354.23006647,32952488.05610681,4452912.163293517,33712121.21212121,25040000.0,0,23308980.147957407,938471641.9832149,57455681238.76063,31238318023.766117,0.1876943283966429,73494160.39955138,3527719699.178466,1998991529.5009892,4.51273194342981,4388923.198971929,210668313.5506526,67803243.7566126,59061876.84801862,450000.0,21600000.0,6951923.810747644,6256731.42967288,25991618.228685793,23203530.20157487,1600601.2994698144,1428906.8216590877,3339678.086202963,160304548.13774222,51593750.23934777,2699789.2002547737,129589881.61222912,41708286.27833443,2364232996.3474126,1339698767.6106582,49254854.0905711,0.0016936112073114482,0.5054620323290482,0.001479821805300664,0.045778710579397086,0.0017466237982823613,0.2549029009365758,sample_0233
1.196122030479399,7.0,1.4524125041945966,0.9328046250026941,1.780903755622134,1.211050205942839,0.5246881255668205,1.121507428160661,0.8319560745530612,0.732799400815304,1.264500859865664,1.8754858584621397,0.8685325770222788,1.3191353093067872,51.0,0.9276880588516387,0.8410410886694738,0.8842302214219565,0.9832805541856604,1.4564707642015597,1.109913077125224,0.723308554641717,1.0379109886255464,1.3577652937809126,1.3597204678451302,0.9331104924749332,0.8219847686570616,1.0567828685958047,1.4924630448264764,1.0170860710995298,1.8474358857939952,1.3515981304193692,1.1557097719886473,0.8768572498068214,1.4168804302995262,S1_Rural_Overhead_AC_500MW,Overhead,AC,460,Standard Aluminum Conductor,100,0.6529632375018859,LCC Converter,0,False,0,,,43.42662885111394,0.0278306417655491,51.0,sample_233_1763055698563427,2025-11-13T11:41:40.424768,80278986.26004966,84607897.46373151,57786282.34414543,11586166.36891877,68692819.89113088,0.0,160557.9725200993,8188456.598525065,2510435.893788307,600000000.0,30600000000.0,9381418515.884808,3940904.593997577,4051365.1314225816,1759620.171142072,1111404.9900340948,28473.642813111277,2801025.961150371,37709500.93729329,40126102.413404986,27566819.565629803,3997379.7251720834,33712121.21212121,87640000.0,0,75228221.42285046,850381543.309569,56216864899.44164,22325751077.621372,0.1700763086619138,70705066.22110778,3605958377.276497,1517695267.6475513,4.341474331615889,4427403.180994763,225797562.23073292,69225536.96578595,43259233.841030024,450000.0,22950000.0,7036063.886913609,6332457.498222249,34383325.92237825,28695239.67790325,3803585.626887568,3174352.6337552527,290503.00688116445,14815653.350939387,4542217.14612528,2525801.889684696,128815896.37391946,39492674.35890807,1300098629.18976,547192543.7161163,25492129.98411294,0.0022421432844033397,0.8754358609281163,0.0014580296827662476,0.09678501813309638,0.002278804313262587,0.31675905971534146,sample_0234
1.3533948545454213,5.0,1.2815438311709395,0.8287588166897747,0.3766795193670666,1.4829559615597865,0.5827096780526153,0.6288374368355183,0.9688882740944312,1.5130930502131597,1.1077599229559576,1.586559371934519,1.3560636886932258,1.0274602255095417,45.0,0.8050824191714755,1.1767233129337802,1.3939513501087486,1.1092276105295964,0.7157986389863032,1.1189510031764909,1.4343319860922263,1.4904755535788585,1.2025613324178084,1.0189548954471437,0.8753208941563709,0.889985808039108,0.7013078199526355,1.1692428279138953,1.1256024146672743,0.5453569818088858,1.1754203514615305,0.8343112783201241,1.1922933981282418,0.6409916259809205,S1_Rural_Overhead_AC_500MW,Overhead,AC,460,Standard Aluminum Conductor,100,0.5801311716828422,LCC Converter,0,False,0,,,67.80318443466129,0.0241524725751442,45.0,sample_234_1763055700443528,2025-11-13T11:41:42.280501,128962543.755384,135079440.37194723,94828222.60227564,18612361.178412337,110350182.57697168,0.0,257925.08751076803,11606628.937984562,3359059.185877553,600000000.0,27000000000.0,7814034419.751394,2488910.115475745,2598208.9888621485,1365176.791251479,1253763.3294773924,20503.929443055273,1214642.8565552975,36825637.04699861,38907307.628852986,27414430.367947593,3113515.8348773993,33712121.21212121,62600000.0,0,54172214.436191544,179864470.4977743,10158938598.208944,5091020523.754312,0.0359728940995548,20871902.407789677,939235608.3505356,489717795.8565515,1.2815889072508817,4455739.829353497,200508292.32090735,58028840.65337569,39615600.45715409,450000.0,20250000.0,5860525.814813542,5274473.233332192,20431922.767110582,17139060.920103725,2826694.7240269226,2371137.2458601175,395997.0223252301,17819866.004635356,5157223.937614014,2301175.221513451,103552884.96810532,29969103.97797524,1521177976.6127827,793142763.3164383,33803955.03583962,0.004429474111921957,0.5168715168891498,0.003112245907044341,0.06209371599964631,0.004687219086086239,0.2709752768474613,sample_0235
1.144106924058689,4.0,2.965716911774661,0.9690754074466814,1.5279466183162607,1.3332822704357716,0.8882089347784965,1.303935934748993,1.7627602628100931,1.7189864831954011,1.46992674440353,1.6550954846593648,1.0779756092914394,1.402418377842939,46.0,1.133135216219509,1.1004052230299746,1.2965515576269087,1.0289669339750935,1.4921041699453637,0.7841903075999833,1.4174044620691886,1.271552540700414,1.2370476368132772,1.3153677230618694,0.8544988781176016,1.0203948406125551,1.1891360504961486,0.7122282297002003,0.929834753807764,1.1334470980871134,1.0807212758134517,1.144453393607657,1.0101318646893265,1.848660165627716,S1_Rural_Overhead_AC_500MW,Overhead,AC,460,Standard Aluminum Conductor,100,0.678352785212677,LCC Converter,0,False,0,,,53.89878046457197,0.0339940564865852,46.0,sample_235_1763055702300521,2025-11-13T11:41:44.271401,112159197.25899574,124855937.2565261,83951853.12210394,16187238.775507417,95971958.48348832,0.0,224318.3945179915,10318646.147827609,3027234.2128733536,600000000.0,27600000000.0,8097153742.683072,3853345.5391952824,4102256.850152765,1833885.4530779133,1163044.443553666,11495.754642562664,2678805.3409990533,37961873.87225133,43108930.895103425,29938027.643794212,4249752.660130119,33712121.21212121,50080000.0,0,44675556.314126655,729594510.2460144,42349959381.495094,15909766138.358,0.1459189020492028,43379287.33799,1995447217.54754,793768735.372453,2.6636006805047168,13052063.620319065,600394926.534677,176140942.9883402,117834927.10761124,450000.0,20700000.0,6072865.307012304,5465578.7763110725,76849302.72216839,63858260.83245497,3134572.6102985977,2604686.682329199,1283942.0110858048,59061332.50994702,17327126.434085768,2180433.9000621513,100299959.40285894,29425514.19093548,1535230954.1306186,610699357.1409128,33374585.959361274,0.007093335201462172,1.5745582281738215,0.004799920636787588,0.20534800624018448,0.007266076682154493,0.6586625055650223,sample_0236
0.8630123737256593,0.0,1.6486429395577935,0.9240506369497111,1.5907529514074799,1.3580510382365745,0.6185127558200006,0.920380624804398,1.0819607104357507,1.240531319966638,1.3262992493171806,1.045373039022104,1.4879465351680157,0.7888842082231163,53.0,1.094195339248653,1.0220980643035356,1.0616792705654134,1.485694541736639,1.2734830188539947,1.1075527298907692,1.3662541748009105,1.433138368426642,0.7096232815797756,1.1265271939995156,1.2856142474943657,0.9849642921902675,1.4313852592118055,1.0897776996017696,0.8234991588592099,1.9139975292378193,0.8241105060236401,0.9312508330049446,1.0304008523383859,0.732163012125518,S1_Rural_Overhead_AC_500MW,Overhead,AC,460,Standard Aluminum Conductor,100,0.6468354458647978,LCC Converter,0,False,0,,,74.39732675840078,0.0328258601774595,53.0,sample_236_1763055704290862,2025-11-13T11:41:46.143984,114853413.0001438,121908665.35962585,106323850.02614868,16576078.16256175,98277334.83758204,0.0,229706.8260002876,12174461.778015245,4033341.172636856,600000000.0,31800000000.0,10535188464.878635,4230942.863389375,4251573.995629634,2569184.1754708267,1679285.042629595,0.0,2551657.82075978,36102679.418857925,37906230.608131416,34369521.44830774,2390558.2067367164,33712121.21212121,0.0,0,0.0,759584534.2970718,52750548938.87635,21899686217.84917,0.1519169068594143,73252513.43898982,3882383212.266461,1733846614.610671,4.497894193708875,5973948.598416523,316619275.7160757,104894457.27302612,82963689.75781053,450000.0,23850000.0,7901391.348658975,7111252.213793079,8026462.069818802,7430378.663200168,741889.3228010072,686793.0785252028,420327.0031120884,22277331.164940685,7380373.657772467,1853255.1685801412,98222523.93474749,32540654.12417036,2284416555.3201337,1020205295.110508,43102199.15698365,0.003187740719347657,0.7873365661388184,0.002545621703497305,0.09279489370270999,0.003282378849919276,0.5774508942962755,sample_0237
1.371144337461987,2.0,2.1597707540849416,0.8020603470792018,0.5473118636679802,0.9160945558221507,0.969153740022233,1.379026957995981,1.896343938257009,0.5732534759028115,0.7083749421314479,1.3742151728442558,1.1827339215251795,1.0713969669784629,43.0,0.7154665660562746,1.3570142065040662,1.2232557546436644,0.7748648072886144,0.9124761596453744,1.0720733330979189,0.765084779805774,0.8536177493535991,1.0826555164710248,1.1770514463226132,0.7528862016327462,0.7389303966474129,1.1695601626352785,1.1044017118780143,1.4700005525103865,0.8162856888957536,1.5001695661130778,0.9025681273048941,1.1033189917407213,1.466559253342622,S1_Rural_Overhead_AC_500MW,Overhead,AC,460,Standard Aluminum Conductor,100,0.5614422429554412,LCC Converter,0,False,0,,,59.13669607625898,0.0214639969816882,43.0,sample_237_1763055706162784,2025-11-13T11:41:48.030589,90329911.6665342,97667287.61503012,70923027.66072501,13036753.868166676,77293157.79836752,0.0,180659.82333306837,7768372.40332194,1861597.304010932,600000000.0,25800000000.0,6182660659.129008,2394546.277105721,2527226.0965553625,1174474.7159368338,875832.0397534944,7857.972660900746,1510856.2646913258,36958778.68781352,40553055.13931623,30120828.358748306,3246657.475692312,33712121.21212121,25040000.0,0,22657753.51826297,261341414.90146053,13955051210.007307,8024239060.462674,0.0522682829802921,31240885.885418285,1343358093.072986,797805431.6300135,1.9182713689050208,8178329.593737882,351668172.53072894,84273061.06098957,61111197.22658108,450000.0,19350000.0,4636995.4943467565,4173295.9449120807,35875838.80934663,30232929.95836726,1871896.839338224,1577466.281241557,844171.8456266875,36299389.361947566,8698713.432500742,2715230.470194174,116754910.21834949,27978914.347563133,1212424223.8481016,720045262.848065,28195912.182513993,0.005584810924785929,0.8698054049178127,0.004100790898230334,0.09714069343671182,0.005849372434188813,0.45542187332551703,sample_0238
1.273031524796229,15.0,1.01435236236809,0.9479975918561832,1.086357917737322,1.066120553753032,0.6134160690063118,1.428904129301734,1.4326799656793296,1.911238257383508,0.6396018897106923,0.6815412398317667,0.8982204159365228,1.4323446989875066,55.0,1.192579020967879,0.7319289565447952,0.795594120782081,1.3818445205153465,1.192787408153224,1.0265406615625396,1.2842166815435143,1.0523457666398999,1.200517788918227,0.8268570732438516,1.0519025541357878,1.2985488973129355,1.409164352053198,0.8388303835567223,0.985688176440394,1.5389290618678124,1.40100210440046,1.1657199660292779,0.8086644038124731,0.9026217394662424,S1_Rural_Overhead_AC_500MW,Overhead,AC,460,Standard Aluminum Conductor,100,0.6635983142993281,LCC Converter,0,False,0,,,44.911020796826136,0.0357773706290363,55.0,sample_238_1763055708049502,2025-11-13T11:41:49.926090,74871421.81603402,77668640.86885719,43914080.58179949,10805726.25354335,64065695.562490664,0.0,149742.84363206805,8235856.399763742,2177607.5228555477,600000000.0,33000000000.0,8725388686.511644,4068031.163232668,4174810.946906707,1653207.7963566496,1561903.048946134,56431.73982244251,2449696.374464092,38052559.69390154,39735524.91896173,22328139.850767728,4340438.481780324,33712121.21212121,187800000.0,0,145355508.99085575,518735905.7195712,37791185445.90626,8595272264.423,0.1037471811439142,58897893.05580491,3239384118.06927,801952354.2502612,3.616483295389359,6688696.454895628,367878305.0192595,97269127.29176146,84010542.96940523,450000.0,24750000.0,6544041.514883733,5889637.363395359,125826024.76322226,95894147.79842344,7206458.563065641,5492164.310604687,2050964.1978466525,112803030.88156588,29825766.347219355,2588791.9565105867,142383557.60808226,37647026.748449706,1483089784.115858,367158478.45951355,26965268.80210651,0.005500309521219381,1.5290155981727815,0.0047631608159926465,0.1381511792824609,0.005609430182737119,0.27014443170597224,sample_0239
1.1335525320684465,16.0,1.724330997275034,1.0994154120088317,0.9617870060563335,1.2635068361676705,0.974067899289301,1.8294523763535895,1.197998657239257,1.52633239206112,1.1161209897949371,1.7821673816498214,1.3302084293816647,1.485720550380695,42.0,1.006808464234891,1.225870345373472,0.7720046301410222,1.3932715728679128,0.8518646704778,1.2815895462714715,1.3429796203086712,0.8338464228289018,0.902134367756707,1.279932110261468,0.8365436877318709,1.4288675488499847,0.9530252768168641,0.7696118901338335,0.7555715136192587,0.9141410215329333,0.853663304569431,0.8891923051015092,1.089378513623406,1.4222317162885096,S1_Rural_Overhead_AC_500MW,Overhead,AC,460,Standard Aluminum Conductor,100,0.7695907884061822,LCC Converter,0,False,0,,,66.51042146908324,0.0302042539270467,42.0,sample_239_1763055709945349,2025-11-13T11:41:51.801363,98732770.22822896,105084972.95425504,28271411.05005447,14249486.138538385,84483284.08969057,0.0,197465.5404564579,8293552.699171232,731267.1823249353,600000000.0,25200000000.0,2221958871.3085375,3015631.7993702115,3203222.0841868315,683028.2423271448,1574819.080847671,75149.30410961054,1365663.41441293,38214304.69812332,41134609.423021816,11431072.57031079,4502183.486002106,33712121.21212121,200320000.0,0,115794241.402025,459253295.3918992,23825596872.63797,7575731816.565697,0.0918506590783798,34986005.17610842,1469412217.3965535,487668243.9713357,2.1482314006023935,12283844.815512596,515921482.25152904,45490329.93600932,29276053.497520465,450000.0,18900000.0,1666469.1534814022,1499822.238133262,176696272.68589643,97124221.03888108,7975948.948773765,4384120.937698569,0.0,0.0,0.0,1890934.9867260244,79419269.44249302,7002632.9480393,2069044263.6313653,686674012.0970241,49262958.65788965,0.0041963949438865,1.1676662474854886,0.0027386873541965697,0.04952945786934384,0.004469507936407161,0.17766726161280968,sample_0240
1.0547100728900585,5.0,2.302025426260066,0.8016656741377559,0.3162746791406502,0.7095415110523922,0.5103862432853077,0.9789701918113592,1.832973652704517,1.6568216198726384,0.7680785066009326,0.7163841970297258,1.0071029212455003,1.1442422924486149,52.0,0.7711743850196046,0.8293451754504436,0.7464139137601116,1.0458329723888138,1.1128749552123278,1.0349710593004156,1.174737722473136,1.1091127174488506,0.8828549826135452,0.9811575016127367,0.9168824625188607,0.7868401240978922,1.498806107188659,1.0234629303216487,1.2518376997781182,1.5972995971585584,1.1548422406259409,1.0054054128981194,0.8866955920794389,0.586021226066066,S1_Rural_Overhead_AC_500MW,Overhead,AC,460,Standard Aluminum Conductor,100,0.5611659718964291,LCC Converter,0,False,0,,,50.35514606227501,0.0231352315505881,52.0,sample_240_1763055711820614,2025-11-13T11:41:53.684628,84551677.5143206,91891167.6569236,63708381.15642801,12202817.301139656,72348860.21318094,0.0,169103.3550286412,8793374.461489342,2568400.0990704154,600000000.0,31200000000.0,9113007007.940454,3416780.047454005,3608608.6243881425,1664244.3549239603,1182108.1778819016,18965.0605926958,2215706.808979408,37179522.098329134,41042961.82634696,28800431.38136276,3467400.886207924,33712121.21212121,62600000.0,0,55271343.41658212,151021159.28966048,10234536655.709358,4760091044.240821,0.0302042318579321,61131850.18245234,3178856209.4875216,1555269437.5383503,3.753654053322612,2601711.9485504893,135289021.32462543,39515698.69963836,33854014.283036575,450000.0,23400000.0,6834755.255955338,6151279.730359806,33469508.97617726,28185356.382619187,3285911.44181703,2767133.0671525453,2490657.2431816454,129514176.64544556,37828961.51915331,2274938.1301980745,118296782.77029988,34552545.205210015,1247629658.740481,610408319.7642622,23992878.052701555,0.0028446118318968074,0.49218381015705764,0.002455197802335315,0.05353760327883376,0.0029553237906198883,0.1815196218473722,sample_0241
1.223824493237149,2.0,0.8450978252363902,0.8821657011132874,0.4720773979468719,1.1244658389880158,0.746892406585154,1.3864371206782533,1.8455992252625708,1.9465949151668651,1.3843808265302393,0.5074991885687447,0.7596347300743319,1.2645483180820718,52.0,1.015401998555594,1.3161326632827532,1.1623340812174536,0.7017762305232511,1.1530839195965121,1.0672529642996496,0.9030857723311736,1.0795844946463113,0.9240888153490587,1.2004195172841676,0.861196074345889,1.2125598980756314,1.0860426881527152,1.422762426734241,1.0984202728733552,1.8199605121834017,1.2065828224145734,1.233529639972664,0.9055911974537316,1.5911846374046807,S1_Rural_Overhead_AC_500MW,Overhead,AC,460,Standard Aluminum Conductor,100,0.6175159907793012,LCC Converter,0,False,0,,,37.9817365037166,0.0304620599566678,52.0,sample_241_1763055713704414,2025-11-13T11:41:55.587437,82449419.33130762,85007885.53730142,64010859.57727557,11899411.46365301,70550007.8676546,0.0,164898.83866261525,8574739.610455994,1943856.8898558272,600000000.0,31200000000.0,7072906900.816856,3035208.8430008977,3080125.4305510833,1229344.2581509503,793219.7999550686,7822.640818327251,2234166.402227502,37544085.81236991,38924821.16131915,30645315.86684588,3831964.6002487023,33712121.21212121,25040000.0,0,22697788.44868932,225416957.51963136,15276257482.09374,6550291684.780408,0.0450833915039262,69653528.72228317,3621983493.558725,1658451106.830562,4.276907203630995,9806863.5152113,509956902.7909877,115605054.38684504,103871160.12769118,450000.0,23400000.0,5304680.175612641,4774212.158051377,29470231.51163664,25574795.65109473,1280294.0213563757,1111062.1223514513,3050030.3416352896,158601577.76503506,35954301.08508837,2340907.371978581,121727183.3428862,27595033.175733916,1072934062.2913018,491280174.6136304,20633347.351755805,0.00756456849062862,1.2609801244013306,0.006797263783759303,0.1722256545790998,0.007804448666619165,0.5736780335939313,sample_0242
1.0948372959977672,2.0,1.801678239615481,0.8840624675551876,0.8774331083490886,0.7859623029345546,0.576281818648897,1.3483925349847308,0.9279362257448182,0.6656814024004596,1.3999264797756332,1.5678303689659487,1.0741865396011485,0.7850388921112466,45.0,0.8751355606049062,0.9657878187508203,0.8349764543450613,0.78806907406681,1.2941390516245712,1.3957894941981248,1.1614608199029441,1.1749530061071747,1.4795847320727116,0.7865295175272331,1.3028820461431927,1.4315852797997028,1.0315776089084931,1.1377501718287948,1.3782580115272203,0.7324816155648116,1.1287009283403386,0.9541614435120147,0.8491292022515213,0.6931958405944088,S1_Rural_Overhead_AC_500MW,Overhead,AC,460,Standard Aluminum Conductor,100,0.6188437272886312,LCC Converter,0,False,0,,,53.709326980057426,0.0262540668181471,45.0,sample_242_1763055715606619,2025-11-13T11:41:57.461973,77937404.34019648,83184021.25586231,64587023.16179739,11248220.426228506,66689183.913967974,0.0,155874.80868039295,7014366.390617683,2262561.4031393616,600000000.0,27000000000.0,8709148408.11206,3121699.701134512,3232864.7544449195,1573605.2554111432,890756.8625058185,10230.714025958863,2220712.1246027346,36091026.945791654,39005058.947292045,31015317.394796256,2378905.733670444,33712121.21212121,25040000.0,0,23248921.27085452,418974309.2366898,23664119267.041164,11970587971.17479,0.0837948618473379,28033536.390896477,1261509137.5903416,666139612.9846299,1.7213317965773074,3817004.206822303,171765189.30700365,55404760.18600587,38031707.06502677,450000.0,20250000.0,6531861.306084045,5878675.175475643,13459038.74112178,11859968.045787716,1710755.2078269664,1507500.088918063,189275.3722254176,8517391.75014379,2747378.8445196906,2241607.957033932,100872358.06652692,32537493.951022357,1316880072.666529,695378222.6491634,29264001.614811752,0.0027883560801482367,0.6373657696310117,0.0019768237006207207,0.07146110044917078,0.002878468207878947,0.3614842117688551,sample_0243
1.0606210570457124,19.0,2.854862388594367,0.8299744402333646,1.4774445498952236,1.3393820216957555,0.8644816419723921,1.682753534707641,1.6185984472848243,1.210946475580792,1.1632692773181446,1.6541287457863438,0.9111281204816112,0.7278649287262389,52.0,1.202044255965555,1.01046875185996,1.1665186759349588,1.193868707351204,0.8101099569380804,1.1421145983981957,1.1721821272897597,1.2882554616525161,0.8042997052601205,0.9250530301208935,0.8159286721425574,1.0409079361762774,0.8548951263352338,1.314515568247034,1.2439837535853417,0.5949085772946485,1.1174078913166063,0.8363967727443694,0.8790021026072865,1.33159459019033,S1_Rural_Overhead_AC_500MW,Overhead,AC,460,Standard Aluminum Conductor,100,0.5809821081633552,LCC Converter,0,False,0,,,45.55640602408056,0.0360613276789666,52.0,sample_243_1763055717481310,2025-11-13T11:41:59.409216,82978381.51931466,92002235.76785904,33142478.21738611,11975753.283581631,71002628.23573303,0.0,165956.76303862932,8629751.678008724,1300573.0324689352,600000000.0,31200000000.0,4702091106.101669,3058291.05691211,3335208.539048431,911312.1701663844,1349433.4177030274,79527.86215379629,1629329.7770552866,35917772.51129163,40636784.817001544,15050239.683996554,2205651.299170421,33712121.21212121,237880000.0,0,158601038.59258366,705479772.5749693,47809582619.02544,9162511621.48587,0.1410959545149938,22768341.070220787,1183953735.651481,244968604.44318128,1.3980351566424238,14224773.873445086,739688241.4191445,111476971.19438918,74597518.68522218,450000.0,23400000.0,3526568.329576252,3173911.4966186252,287021660.829941,181342596.26425537,9834688.074867465,6213635.109589387,708977.9597414639,36866853.90655612,5556131.5982040735,2227209.334828673,115814885.411091,17454235.34120753,1183424602.1321545,244859122.88499933,22758165.42561835,0.007784182925827247,2.3420387156898275,0.005264073101093513,0.17308565782161026,0.007915369474720766,0.27409711262418984,sample_0244
0.8370148136164535,17.0,1.864664510450091,0.812053684572632,0.3501499114585486,0.83523188588934,1.100766099521116,1.1174968357142303,1.7201998837102497,0.6130298560990808,0.5547925748179281,1.2103564670255627,1.3608991705301958,1.2905320383912577,52.0,1.3798925024924236,1.3338134058587636,0.8494088491625809,1.042892242183604,0.8676368329665554,0.8444426667708576,1.2498110221562055,0.9568137076812192,0.919336501861642,0.8486274260861615,1.3276211906655393,1.0758986136767856,0.8488082929496266,1.198847254806525,1.4180287058744463,1.4138466372950538,1.2996287230349357,1.193418467591886,1.051479687223233,1.8337146497597638,S1_Rural_Overhead_AC_500MW,Overhead,AC,460,Standard Aluminum Conductor,100,0.5684375792008424,LCC Converter,0,False,0,,,68.04495852650979,0.0413967750747727,52.0,sample_244_1763055719428709,2025-11-13T11:42:01.315455,87509732.75704892,93613715.34353012,20828190.884106062,12629735.001117617,74879997.7559313,0.0,175019.46551409786,9101012.206733087,514656.3381054316,600000000.0,31200000000.0,1764339766.1866677,2944925.5681300163,3097514.4216539273,458969.17249225586,1178784.2616196494,52610.82527356205,1713530.4812368052,37622824.358761385,40750195.29500601,9479851.949651342,3910703.146640175,33712121.21212121,212840000.0,0,114811405.85511704,167196582.72145697,11330727181.67942,1973229225.348563,0.0334393165442913,54110738.502556294,2813758402.1329274,534343066.2527884,3.3225395976433765,6054047.82141422,314810486.7135394,17802328.862861443,13492896.089405404,450000.0,23400000.0,1323254.8246400002,1190929.342176001,109039504.31128672,55570090.99120671,8489099.02970254,4326321.9921397315,71254.66330592464,3705242.491908082,209529.0599948079,2459540.895269543,127896126.55401625,7232443.013477354,1715723894.466957,325822275.9699954,32994690.27821071,0.00397524934918504,0.6216262951896822,0.0030520306435712443,0.03546676163397518,0.004264017597498209,0.08960995606807556,sample_0245
0.9539071873496678,18.0,0.705715543549183,0.9760258211284013,0.37094960278056127,0.8053218536547526,0.7339261498375158,1.5172445994896038,1.5512820424629385,0.5966918206590475,1.0913047899233366,1.8817517554639411,0.7912022283677913,1.4341061562805304,49.0,1.1149936055106717,0.719418761290342,1.015613615537907,1.1258667561800084,1.3003344604590845,1.4511874357245262,0.8780164476816626,1.2336877418253853,1.3233412804316895,0.8002253267668484,1.149685539119902,1.3909385018065112,1.2561193713645653,1.07414850951121,0.9698825629209498,1.8968604820962642,1.513521018338917,1.18366248745124,0.9709996556205419,1.1152459407837116,S1_Rural_Overhead_AC_500MW,Overhead,AC,460,Standard Aluminum Conductor,100,0.6832180747898808,LCC Converter,0,False,0,,,39.56011141838957,0.0334498081653201,49.0,sample_245_1763055721335228,2025-11-13T11:42:03.251005,87870233.25328758,90141441.73475516,52699242.40687517,12681763.793708108,75188469.45957948,0.0,175740.46650657518,8611282.858822184,2961120.520936342,600000000.0,29400000000.0,10109636942.925337,3738099.3098938977,3797985.987028422,1691408.1178641263,1272570.6062277064,95730.87735083138,2369797.8263153597,38057897.443274334,39220369.39997184,23198423.836724628,4345776.231153123,33712121.21212121,225360000.0,0,177730201.19473466,177128435.32771802,11129835803.206535,2756205762.0139565,0.0354256870655436,72596644.37078822,3557235574.1686225,938904984.5148072,4.45762213292622,6075139.36576656,297681828.9225614,102362422.27595608,63838288.71369174,450000.0,22050000.0,7582227.707194003,6824004.9364746045,127641728.45266876,99754956.5782944,8417571.994597131,6578526.779563892,1173436.225919775,57498375.07006897,19771690.366209064,2732253.5717821196,133880425.01732384,46036819.4112137,1212415280.1092024,320007693.0700593,24743168.981820457,0.0075536452874276775,1.417012007012113,0.0048547873999436305,0.14650885216214557,0.007723451801107609,0.2554343192609605,sample_0246
1.1234426587223667,13.0,1.4478332226695592,0.9233782704129628,0.5207131415669597,0.7411091518802847,0.7488229379479491,0.8923280725997086,1.384990625760634,1.6007578932266566,1.188793581707415,0.8492992078286102,1.2614988910479865,1.2133701938840298,40.0,0.7501093543058446,0.7862317783085102,1.1506331379151518,1.3174493095152346,1.1424613659399119,1.2232724580359222,1.3862395882165786,1.1969348326059488,0.8508615626620385,1.3522386744996773,0.9279030969696337,0.8171984148989357,1.4005361126287523,1.1266989488705004,1.4075674866956585,0.5329053291729133,1.3592587896568653,1.0854246510634997,0.9095661828171564,1.5391881494807684,S1_Rural_Overhead_AC_500MW,Overhead,AC,460,Standard Aluminum Conductor,100,0.6463647892890739,LCC Converter,0,False,0,,,63.07494455239932,0.0225032806291753,40.0,sample_246_1763055723270942,2025-11-13T11:42:05.175630,99050891.47258802,104374761.8604946,67006806.77402203,14295398.597506065,84755492.87508196,0.0,198101.78294517603,7924071.317807041,3229857.722015992,600000000.0,24000000000.0,9782418938.379295,3283571.3572174255,3431081.8818584834,1815876.301046054,1489116.9468157047,58280.40678706779,1736174.003614653,37389000.58752736,39780491.865210176,25567552.189140093,3676879.375406152,33712121.21212121,162760000.0,0,135362556.63286534,248640525.0982232,12155133542.085323,5604143465.072624,0.0497281050196446,20395352.75810574,815814110.3242296,387316961.6756788,1.2523275235563465,4179348.245931022,167173929.83724087,68140225.71846317,56565937.7736725,450000.0,18000000.0,7336814.203784471,6603132.78340602,47638577.72114434,38878739.78687274,6501524.950201301,5306016.863818857,283836.7625579166,11353470.502316665,4627683.53575805,2535569.230212503,101422769.20850012,41340000.76200434,1460221403.7348723,693256601.3642609,36505535.09337181,0.004495284183665017,0.799627627910657,0.0037622424523348795,0.07425979621969579,0.004688884397164952,0.23357735549451603,sample_0247
1.3366394652327864,14.0,2.2029765812142603,0.8789301939006289,1.105107293889317,0.9409764083537238,0.7996673957622983,1.2415700046981408,1.0091098054581837,1.3663670604689142,0.7335463451088982,1.2219947484273228,1.339476986614286,1.0981878830525758,46.0,0.9542183285917666,0.7039612097108441,1.3138869680954497,1.448236961812864,1.4416942257652505,0.9759769084172725,0.7039547253627744,0.8279860898104936,1.2663010558045626,1.0303791630799188,1.218723337560848,0.8059724883849118,0.7256203120911218,0.9359011270515551,1.3212947623610614,0.8935770820836418,1.1800346268856936,1.0649043347902991,1.2028010108530711,0.7533928926251767,S1_Rural_Overhead_AC_500MW,Overhead,AC,460,Standard Aluminum Conductor,100,0.6152511357304402,LCC Converter,0,False,0,,,66.9738493307143,0.0286265498577529,46.0,sample_247_1763055725195364,2025-11-13T11:42:07.082504,88793677.98627508,96156379.13716815,68982435.05373776,12815038.82379178,75978639.16248329,0.0,177587.35597255017,8169018.374737307,4405325.152099394,600000000.0,27600000000.0,14883914886.7569,4235007.188876209,4488332.935839463,2748443.4097207976,1636946.6265339344,50075.30491684209,2547985.257425432,37039963.281977504,40716722.2053447,29053125.68361258,3327842.0698562902,33712121.21212121,175280000.0,0,155637977.59808096,527688732.8321489,30630159749.939262,10195405835.907145,0.1055377465664297,34198982.08550515,1573153175.9332368,549760728.7644502,2.0999061428965584,5076781.621197918,233531954.57510424,125937309.2476025,95158363.14127491,450000.0,20700000.0,11162936.165067676,10046642.548560908,68767886.70134155,60023365.30016345,7291339.461546416,6364173.061310021,0.0,0.0,0.0,2307058.422679259,106124687.44324592,57230102.00322285,1665151118.164239,581910716.7881814,36198937.3513965,0.005155028842630956,1.3603373528660738,0.003955753960088371,0.1418734845906157,0.005270344485843025,0.3566186690425008,sample_0248
0.8134480995178235,2.0,1.4646021350109752,1.086539730655864,1.206808543773004,1.432473807844457,0.924786197312159,1.0951016368252866,1.9394016321615624,1.463280900577996,0.7326400931006452,1.8990660520222145,1.3653573870977644,1.1811631277116403,60.0,0.7833640386294395,0.7553498829934081,0.7000183676352049,1.2468701936693591,1.4864642697573618,0.943582531594677,1.0347816597133737,1.0821631624074688,1.0370747714518918,0.7322953269331135,0.9611546978285631,0.8190677389011795,0.8653720156645984,0.7261805724026916,1.3503271108279822,1.6463551399699972,1.0540752161332752,0.8055462107538756,0.9837063402854002,1.346531392139534,S1_Rural_Overhead_AC_500MW,Overhead,AC,460,Standard Aluminum Conductor,100,0.7605778114591047,LCC Converter,0,False,0,,,68.26786935488822,0.0235009211588831,60.0,sample_248_1763055727102093,2025-11-13T11:42:08.985179,80660496.77204704,85047459.3479741,70761005.35146385,11641227.406301266,69019269.36574578,0.0,161320.9935440941,9679259.612645645,3286375.3492654003,600000000.0,36000000000.0,12222991975.438587,4766138.828304667,4907446.181942465,2491662.2307964247,1409341.1582990028,6916.174022488499,3349881.4959831755,37291403.417308,39706259.40473546,33229876.00328786,3579282.205186789,33712121.21212121,25040000.0,0,23660801.14303647,576251079.6516094,47062235429.546265,21628363625.410923,0.1152502159303218,63009303.91693173,3780558235.015904,1859953524.2076435,3.8689345789294936,10661743.085983044,639704585.1589826,217197333.6402642,134702917.05907056,450000.0,27000000.0,9167243.98157894,8250519.583421041,37945890.06221516,34770655.88954181,1559070.960754939,1428611.103729707,1858598.9712735296,111515938.27641176,37862733.85239125,2146460.173969926,128787610.43819556,43726942.47005485,2983077637.4092293,1467610183.410111,49717960.62348715,0.00604765544257462,2.1258374377578777,0.003819206777970225,0.13169698544610117,0.006294456801074466,0.9010659262493197,sample_0249
0.7346832017413252,10.0,2.535192694312004,0.9821344833936756,2.2197316301309074,1.1343268513041638,1.0021774556316405,1.5287172582748216,1.2248403526083957,0.9758739321817534,1.0616466962206306,0.7433668343378579,1.1693028557193825,0.9772391268141121,42.0,0.7221906862684153,1.114983981884975,0.8158301535364189,1.1368925196065667,1.2996989825248524,1.331263179144869,1.0372013105401003,0.7287733157125007,1.2457502104499074,1.168058850976116,0.8108799206955115,0.9103236592023431,0.7158963583052376,1.209238776728136,1.0963995226185923,1.5914059896073134,0.9028958156709024,1.0353550331393926,0.853807209484477,1.729980282545572,S1_Rural_Overhead_AC_500MW,Overhead,AC,460,Standard Aluminum Conductor,100,0.6874941383755728,LCC Converter,0,False,0,,,58.46514278596913,0.0216657205880524,42.0,sample_249_1763055729005221,2025-11-13T11:42:10.917211,67354984.45960468,73821521.98235303,32485206.180034004,9720925.637962028,57634058.821642645,0.0,134709.96891920935,5657818.694606793,913811.1780941702,600000000.0,25200000000.0,4070127186.988888,3456069.234346453,3687614.347209253,1112939.7913124696,1285033.0600401494,48788.7784502365,2122247.3958560675,36673451.8994367,40903818.88634213,18612167.947399333,2961330.687315491,33712121.21212121,125200000.0,0,90776781.70124176,1059921853.3875084,54987674663.84848,26575596184.84812,0.2119843706775016,60906290.034251094,2558064181.438546,1275390375.8736894,3.739804075577186,8946476.534272071,375752014.43942696,60688828.949831456,51666016.41860986,450000.0,18900000.0,3052595.3902416658,2747335.8512175004,95846968.69368072,64788505.7845628,5640836.712440401,3812967.5560393007,0.0,0.0,0.0,1953706.4383804004,82055670.41197681,13253056.150412165,1549371843.896652,772480203.0745857,36889805.80706314,0.0019362905259938364,1.220858860172207,0.0016529291520929175,0.06385408597583697,0.001982819041420016,0.2823472399506138,sample_0250
1.1176042549630423,13.0,1.1995323257412451,0.9314686568947298,0.7768237541134964,0.7938596110986789,0.9001830885057931,1.3363602281666376,1.4512464872453208,1.8324661803016489,1.1002487904124885,0.9550487961307235,0.8803754275039612,1.2863310289593355,55.0,0.9794788409069666,0.9484276534435225,0.9837837622637443,1.178718801561902,1.385964833130464,1.4966026107345551,1.061233400734294,0.8937729033351235,1.287240104362345,0.9782945689802461,1.3479773207186383,1.1835731964237195,1.488879567978489,0.8900680698927919,0.8878204302217454,0.8729925866113841,1.211019778569309,1.2919056778568854,0.9820354271435633,1.5872731036171404,S1_Rural_Overhead_AC_500MW,Overhead,AC,460,Standard Aluminum Conductor,100,0.6520280598263108,LCC Converter,0,False,0,,,44.018771375198064,0.0293843652272089,55.0,sample_250_1763055730953281,2025-11-13T11:42:12.850213,86076619.36818723,89892391.78985974,46061606.790093504,12422902.666500315,73653716.70168692,0.0,172153.23873637448,9468428.130500596,1863947.375318593,600000000.0,33000000000.0,6496354256.243541,4259458.263788708,4367862.992679577,1387071.4901509103,1332309.4332805737,71302.68353482067,2855846.1469733133,37610094.0271495,39589488.88076007,20281808.1116329,3897972.81502829,33712121.21212121,162760000.0,0,121205859.0355207,370933342.58919454,27023405519.640797,8225595703.773673,0.0741866685178389,33411172.27479089,1837614475.113499,600412930.1307404,2.0515325785367526,6993943.831200458,384666910.7160252,75725227.95957889,61260970.39967484,450000.0,24750000.0,4872265.692182654,4385039.122964389,78701855.59993005,57215234.079508126,6389789.54658356,4645294.59743637,139257.77646972894,7659177.705835092,1507779.7481402245,2346564.4910758696,129061047.00917284,25406857.031917796,1418346669.7082517,463423471.8074423,25788121.26742276,0.0050168489545218565,1.1899736432636532,0.004086183072455708,0.1084759215527755,0.0051658641286700955,0.2882852956888946,sample_0251
0.9269803799193943,4.0,1.0184247823203072,0.8561709481083772,0.3831159872479468,1.1366985830410827,0.8213700262795186,1.2291695914050895,1.243037324965513,0.8990348339427519,1.4646815356302447,1.474491922785512,1.4032802155919286,1.3222252782774764,46.0,1.2870165869356753,1.190471507743097,1.1130361397089876,0.8131598192446554,1.2277891542094304,1.1183922587354036,1.0814173314079216,0.708855373566004,1.2579934156844432,1.3275312966461719,1.4515210197288129,0.834804367571134,1.1965384521663482,0.7083563654321544,1.4860337719606764,1.3870201910458309,0.6494763269908718,1.0600695385447971,1.0462463261850126,1.3713668243569805,S1_Rural_Overhead_AC_500MW,Overhead,AC,460,Standard Aluminum Conductor,100,0.599319663675864,LCC Converter,0,False,0,,,70.16401077959642,0.0386104976080702,46.0,sample_251_1763055732869795,2025-11-13T11:42:14.778314,90516284.68015487,93911829.00261356,67617087.7234417,13063651.925093943,77452632.75506094,0.0,181032.56936030975,8327498.190574249,2103661.3789039953,600000000.0,27600000000.0,6972208546.796033,3052126.439061907,3115223.199082359,1299984.7897759504,919117.0078128984,16394.952699570877,2116614.4785494376,37718864.47962871,39396232.35788334,28202799.62396746,4006743.267507504,33712121.21212121,50080000.0,0,43398202.561425224,182937883.9108946,10618791457.669653,3824277122.894111,0.0365875767821789,53084036.751706034,2441865690.5784774,937813899.388228,3.259497448957703,7474898.674082794,343845339.0078085,86860920.70312393,61245775.50663014,450000.0,20700000.0,5229156.4100970235,4706240.76908732,31376985.40677856,26429273.963245586,2258291.1520441384,1902190.2446132991,134749.73909440235,6198487.998342508,1565838.8043208786,1630596.5903133615,75007443.15441464,18948099.13893214,1682535065.5874672,646188189.9582292,36576849.25190146,0.007325040366892603,0.9482104443377003,0.00524596348099085,0.10993791123200312,0.007721941856937108,0.48097066663867105,sample_0252
1.1754607364634706,1.0,0.8778394641081446,1.0456715718965452,1.1959833726196991,0.72697234427134,1.0790048368294074,1.6633460089026764,1.8012782987049367,1.667202546225654,0.9113579055850266,0.9676128745737077,1.0663993036054165,0.710304922245238,51.0,0.9095854325553614,0.9466797537610666,0.7627017660828483,1.3687666783860746,1.2179148553178996,1.4798671027675263,1.374603618350634,1.3378972680431944,1.193574750944188,1.2309855219312462,1.4444719549790044,0.7213540894858641,1.4291029281185654,1.2414330996572935,0.7881364153799961,1.953433806347483,1.030455220813147,0.9170125455574021,0.8303736687043316,1.7955185961435405,S1_Rural_Overhead_AC_500MW,Overhead,AC,460,Standard Aluminum Conductor,100,0.7319701003275816,LCC Converter,0,False,0,,,53.31996518027082,0.0272875629766608,51.0,sample_252_1763055734798790,2025-11-13T11:42:16.685362,93524774.57279082,96541149.32130893,80902098.7530506,13497848.54414912,80026926.0286417,0.0,187049.54914558164,9539527.006424664,3041032.2836470664,600000000.0,30600000000.0,9754738135.017525,3869132.0845861,3960235.8975019846,2235083.5677004633,1547121.1243575932,5423.488709354686,2316587.471519152,35864560.37044011,37245740.56433342,32342725.01758521,2152439.1583189033,33712121.21212121,12520000.0,0,11904863.336020475,571082060.4259063,37752986632.93165,18189570190.988705,0.1142164120851812,74761818.63653088,3812852750.463074,1944828562.237098,4.590569444916586,9015752.241662662,459803364.3247958,146577170.3460276,118211178.9169476,450000.0,22950000.0,7316053.601263151,6584448.241136832,14724558.080984913,13410283.577116422,845027.758848665,769602.8508543028,141264.1457070976,7204471.4310619775,2296657.915399497,2116344.679936763,107933578.67677487,34407313.593701005,1874959307.3541627,956363818.0183548,36763907.98733653,0.0049600078811257225,1.3326406947696114,0.004022186801714755,0.135270116425911,0.005117756522032767,0.8487866735151607,sample_0253
1.2824368899768526,15.0,1.6029995640899697,1.0202621954621858,0.9791640599238656,0.7963310791449085,1.1726502075430987,0.5952155361108924,1.284106856905269,1.4102483007640996,1.139786028393221,1.5422218905940404,0.8090928081146449,0.8451519973994716,42.0,0.9891429113264945,0.9038210607882768,0.9316272046675467,0.8008688388970133,1.0848148354151765,1.1715225398689393,1.1423002761351593,1.2516070312892673,1.1437357907494552,0.948589891178329,1.47974161679607,1.0151750627919514,1.3837560604238124,1.1885404766737373,1.2200626066636446,1.483045200960159,1.5461668594102436,0.8381076719804917,0.8673375373389057,1.5022644846707234,S1_Rural_Overhead_AC_500MW,Overhead,AC,460,Standard Aluminum Conductor,100,0.71418353682353,LCC Converter,0,False,0,,,40.45464040573224,0.0296742873397948,42.0,sample_253_1763055736705416,2025-11-13T11:42:18.611111,85954162.56906542,91083726.53036308,42646370.222654775,12405229.238948122,73548933.3301173,0.0,171908.32513813084,7220149.655801496,1640509.1277698826,600000000.0,25200000000.0,5725758050.815898,2703916.89158836,2803735.435383315,936634.2675192844,905224.4754805636,64401.78907806795,1734290.6270297286,36273187.870907485,38864282.10953206,18419418.784120176,2561066.6587862778,33712121.21212121,187800000.0,0,136184802.53594813,467550838.6136458,24256065030.010525,8120311236.860479,0.0935101677227291,56759105.931147195,2383882449.1081824,832390900.8740674,3.4851562222563737,3848252.801163494,161626617.64886674,36723607.42972785,25396417.173786204,450000.0,18900000.0,4294318.538111922,3864886.6843007314,36379619.00267971,25576633.61515109,7471349.803840486,5252720.665639276,0.0,0.0,0.0,2773877.019148061,116502834.80421856,26470914.457267024,1131313245.2071292,395025707.6228817,26936029.647788793,0.002675556649968383,0.6615535942261391,0.0019086844172870594,0.06289610142084583,0.002746321433071398,0.1595233711669706,sample_0254
1.1709034507834017,18.0,1.7670270969295483,0.9917467843568968,1.948789712182336,1.4620962083938467,0.8164293497640536,0.9307338641235053,1.7970201969502944,1.7896622328413365,0.5050900697160932,0.5245483415848595,1.4909167623626443,1.3362572796205245,55.0,0.848051274077086,0.954625572174542,0.8819620245737805,1.3566026698077476,0.7532729110907843,1.4031885604573964,1.4869875649648545,1.1194922288755276,1.0435413421910236,1.1146912412157015,0.823408255517392,1.036167084476428,1.242308476802085,1.2226008655695122,1.4773341283741432,1.3042351918041457,1.3431740681650837,1.2456691489421974,0.8887051301624826,0.579819697222518,S1_Rural_Overhead_AC_500MW,Overhead,AC,460,Standard Aluminum Conductor,100,0.6942227490498277,LCC Converter,0,False,0,,,74.54583811813221,0.0254415382223125,55.0,sample_254_1763055738630512,2025-11-13T11:42:20.603393,90987374.3078774,96990888.13719323,35625250.28579412,13131641.358639907,77855732.94923748,0.0,181974.7486157548,10008611.173866514,1356544.3012495963,600000000.0,33000000000.0,4472744635.9516,3193764.5546944113,3381219.575836645,937850.0114851848,1533372.1086008784,92564.52245548228,1567827.923638051,37761385.69581977,40727182.53083457,15262898.066725403,4049264.48369856,33712121.21212121,225360000.0,0,147939067.1624271,930547087.5670656,67792642006.55882,20754969027.87302,0.1861094175134131,49915689.26072827,2745362909.340055,894176882.9843566,3.0649527007397426,8024263.02383854,441334466.3111197,59817465.66223101,53542035.1800445,450000.0,24750000.0,3354558.4769637007,3019102.629267331,174019646.93323472,110115296.9136184,8895162.193618298,5628637.014881829,1970520.2465212925,108378613.55867109,14689389.77110356,2515061.2103104824,138328366.5670765,18748710.895843588,2622729632.0267496,854234680.3396348,47685993.309577264,0.0023117555695290246,1.2189253682196366,0.002069832764286064,0.05244500971078405,0.002386353910931872,0.18033504687975652,sample_0255
0.7681716250344137,6.0,2.4104001092652636,0.8037552716272843,0.4597015166024229,1.3236806644607808,0.7724425877827863,0.5784860516426129,1.3234028168023162,0.829124800559516,0.9393709606730962,1.580492648001039,0.9939096170271584,1.077748059457356,51.0,1.2664425136701511,0.8857174189419498,0.7307684409399859,0.8401523030127903,1.3660409991389115,1.3443505720863427,0.9786647438070009,1.0450116149769058,0.9682517160011159,0.9895165217836801,1.3072961503658629,1.341239073870887,1.1394147833766146,0.9696865967517118,1.0126736878126232,0.627948605057929,1.2675092405098904,1.0799883400969845,1.2344258512955961,1.972798494259266,S1_Rural_Overhead_AC_500MW,Overhead,AC,460,Standard Aluminum Conductor,100,0.562628690139099,LCC Converter,0,False,0,,,49.69548085135792,0.0379932754101045,51.0,sample_255_1763055740624670,2025-11-13T11:42:22.645858,107766331.22441868,117580846.07339232,74793712.3661802,15553243.76530497,92213087.4591137,0.0,215532.66244883733,10992165.784890704,2757631.6389410165,600000000.0,30600000000.0,7676697186.243735,3654284.283715952,3816257.588681928,1466223.3553296195,949626.6940114264,29561.04694329495,2675096.5427612304,36978024.42259805,41015663.672779925,26565854.48542846,3265903.210476837,33712121.21212121,75120000.0,0,63979847.43727546,219507474.17765692,14511159275.914352,4309286019.253317,0.0439014948355313,24032849.01277706,1225675299.6516302,393250352.31545854,1.4756792218861332,4167402.903170353,212537548.061688,53319816.901186384,36465501.18016905,450000.0,22950000.0,5757522.8896828,5181770.6007145215,30682258.831826016,24745709.417915195,3784680.049169369,3052402.1471124673,359905.6087441955,18355186.04595397,4604810.623266508,2418588.5550501104,123348016.30755562,30944619.9253908,1211888943.1881094,388827084.9640105,23762528.297806066,0.004544071187226946,0.5745381549898645,0.0032033969098143535,0.09501968616785297,0.004684162983029087,0.25364790683851635,sample_0256
0.9952371368157267,11.0,1.1336432714369855,1.0556200028695573,0.44938570693004354,1.007705292729119,0.8283437415668864,1.459293248330924,1.415192295647539,1.2359523502159548,0.7234716681565863,1.6789108356065805,0.9639525087600809,1.3255006357980317,52.0,0.7323439075426326,0.8537265671133859,0.741839110170093,1.393959952002848,1.0179041959097772,0.8688123305182307,0.7691912217463404,1.4127378977711595,1.3601369898441023,0.7289122815415023,1.0192129973053743,1.2426636084268452,1.3657875960739476,0.7347473353953557,1.3360673553554474,1.5431392474487393,1.3910894485701064,1.0989157582385736,1.004995934532658,1.8569076315084962,S1_Rural_Overhead_AC_500MW,Overhead,AC,460,Standard Aluminum Conductor,100,0.7389340020086901,LCC Converter,0,False,0,,,48.197625438004046,0.0219703172262789,52.0,sample_256_1763055742666434,2025-11-13T11:42:24.567662,94790048.42668854,98756511.91415755,55547376.35725744,13680457.643447092,81109590.78324145,0.0,189580.09685337704,9858165.036375608,2216710.0599414688,600000000.0,31200000000.0,7015641715.773231,3593638.68509832,3714520.5305954698,1458579.1143451503,1575597.157869886,35024.72108429161,1983016.8061441428,37728789.80544858,39601481.3742085,22223346.859448124,4016668.593327369,33712121.21212121,137720000.0,0,106758989.57407692,214581675.05909577,14541962393.651068,6308478107.949075,0.0429163350118191,59059025.27835815,3071069314.4746237,1398023973.7109134,3.626377231504537,8051999.611780073,418703979.8125638,94149907.28632358,62536047.38345083,450000.0,23400000.0,5261731.2868299205,4735558.158146928,90904481.00147995,68861349.83181578,5460139.472146643,4136128.056392232,263954.12229478604,13725614.359328872,3086345.9190360154,2576153.320326886,133959972.65699808,30122281.167188343,1751522893.5120237,797334981.692593,33683132.56753892,0.006286349487026073,1.2547332318764233,0.004253956871223399,0.09105747170361878,0.006620136190106126,0.3376626636357886,sample_0257
1.2990978723922055,3.0,0.9524470925772096,0.8424426137789893,0.6395763618355297,1.0008869057284344,0.8114872082297553,1.843403169882464,1.9504353609579597,0.6573282667985547,1.4871134533527655,1.1630490948575825,0.8391268342298988,1.4198492349275411,46.0,1.3321509228228958,0.9915928162449985,1.0991893214275792,1.2660883500149342,1.0503330398280841,1.247913352508235,1.2691478559034217,0.8902968256496361,0.716462453880693,1.1010749638512118,0.7966704512983709,0.9312507251951206,0.7453953020324894,0.7932482741108345,1.3043024624125938,0.7705897522424815,0.8727315901243793,1.2947644365117772,1.2393909487218335,1.932859026497416,S1_Rural_Overhead_AC_500MW,Overhead,AC,460,Standard Aluminum Conductor,100,0.5897098296452925,LCC Converter,0,False,0,,,41.956341711494936,0.0399645276846868,46.0,sample_257_1763055744588463,2025-11-13T11:42:26.543342,105251183.67742722,108939264.52811222,84687227.69049458,15190248.176055444,90060935.50137177,0.0,210502.36735485445,9683108.898323303,3420344.298081025,600000000.0,27600000000.0,9749090257.92146,3252936.644820696,3344604.334569232,1919520.6843157003,1431063.4986532438,13720.240077485996,1808152.9060899664,38014694.65129558,39591296.566294715,31745467.772739287,4302573.439174368,33712121.21212121,37560000.0,0,34425339.25079618,305397712.7764655,17727080658.712334,6454881410.609225,0.061079542555293,29492010.997824255,1356632505.8999157,527858776.9826565,1.8108859177698315,10433818.55884601,479955653.70691645,169533731.44160962,130098520.86141108,450000.0,20700000.0,7311817.693441095,6580635.924096984,51204185.87979801,45549805.29728183,1778601.1916597444,1582193.654475781,3397761.2797648883,156297018.86918485,55208468.9854977,1915247.050808584,88101364.33719486,31119860.607584625,984033205.860276,382882292.9546164,21392026.214353822,0.01016098481659106,1.4942309902721007,0.007853151202473537,0.26295151527909577,0.01038954656226564,0.6105317643100021,sample_0258
1.0524887471917892,18.0,1.971132586352579,1.0890270248991185,2.9852473858381896,1.047003576714715,0.5904258670455307,1.5675551796285,0.9348514139332178,1.0499555990336678,1.0676484892635352,0.534408531887672,1.4798725113677045,0.7994773133807732,48.0,1.3686196034019935,1.1744036454803664,0.8309239610283387,1.4618687197317288,0.8627354225875085,0.8710812226675742,1.4395983064744484,1.2269548653140103,0.9407703723301346,1.3004901512824791,1.0778578670003025,1.2706857864935812,1.0255770150139876,1.4480386628257522,1.3380724535579323,0.957379955526906,1.2407968981593431,0.9452883629935367,0.8232946290747383,1.7046043398514967,S1_Rural_Overhead_AC_500MW,Overhead,AC,460,Standard Aluminum Conductor,100,0.762318917429383,LCC Converter,0,False,0,,,73.99362556838523,0.0410585881020598,48.0,sample_258_1763055746563578,2025-11-13T11:42:28.538279,88022696.1322912,94525675.70448056,23999571.02916178,12703767.811988784,75318928.32030241,0.0,176045.3922645824,8450178.828699954,680115.506176194,600000000.0,28800000000.0,2317977758.216018,3290507.538122371,3517454.504674741,683318.1226583794,1652354.6438179845,57462.85258331805,1580690.0417210686,36134779.73751749,39339281.04027345,10432652.916693002,2422658.525396283,33712121.21212121,225360000.0,0,128388519.8162474,1425455626.7377355,87270110726.80437,15746511608.66306,0.2850911253475471,36640845.65792575,1758760591.5804358,341631973.3822543,2.2498428954882295,6054425.973540093,290612446.72992444,23390041.242385495,20890073.722158413,450000.0,21600000.0,1738483.318662013,1564634.9867958114,110310991.3655382,59610443.844898134,8987009.66385866,4856448.376261856,234132.0252666372,11238337.212798586,904521.3784235592,2384530.3185531627,114457455.2905518,9212147.070329975,2595104358.0952053,504088292.19460434,54064674.12698345,0.0013122645703126314,0.7155955192723438,0.0011726322651321943,0.03382691064970726,0.001347743312147866,0.10524254560154725,sample_0259
0.7505482426962876,19.0,1.3383477201404717,1.0301124877847982,1.4867791942230388,0.9285630588791691,1.0835651612395207,1.8871966461554068,0.8781975785248497,1.794777964981861,1.1929635562251726,0.9393034483617924,0.9310271032255717,0.9917137787846817,42.0,1.245847102187882,1.0657154462795928,1.3827130761479007,0.9266872801902071,1.373618701587331,1.0410954788833402,0.7171170271614028,1.4095476264729965,0.7539021448030353,1.201770084508834,0.7935247152103937,1.0236358839909718,0.8040135393849239,0.9665779158136543,0.9217737608636172,1.0357149466523885,1.5602776653641268,1.000869717570607,1.1436870734606324,1.6790245980043943,S1_Rural_Overhead_AC_500MW,Overhead,AC,460,Standard Aluminum Conductor,100,0.7210787414493587,LCC Converter,0,False,0,,,46.551355161278586,0.0373754130656364,42.0,sample_259_1763055748558818,2025-11-13T11:42:30.546076,109825688.41481677,115271423.79964285,47550358.10006687,15850457.969576191,93975230.44524056,0.0,219651.37682963352,9225357.826844608,1860621.7132823511,600000000.0,25200000000.0,5082476805.211628,3302602.937717711,3398150.628971981,983022.1953262704,1047437.4409422642,72493.68657899612,2182671.810196451,36717314.4811657,38888854.538535275,16097756.67621421,3005193.2690444905,33712121.21212121,237880000.0,0,161634309.39252964,709937065.241501,36830817527.29442,8296700120.913876,0.1419874130483002,39638882.43828022,1664833062.4077692,395158915.78532064,2.433930124633113,7918509.70917124,332577407.7851921,67076069.88117649,54475113.13278736,450000.0,18900000.0,3811857.603908719,3430671.843517848,112677956.54594934,74734393.14047551,9152256.474063212,6070294.087878461,0.0,0.0,0.0,2791868.2967392616,117258468.463049,23649343.10230498,1319663280.7952828,313230631.35626066,31420554.30464959,0.004915895073100514,1.0968076813537488,0.004015616948724148,0.10976579393617797,0.005025047840717671,0.21314542819728496,sample_0260
0.9365926961412507,2.0,2.753365219577817,1.0493244394928418,1.128836453999205,0.9207566978685257,0.5482493948793282,1.4316802137744629,1.411615628831636,0.9712934153198794,0.7295782113047576,1.2309074130487276,0.7434982725292241,1.4572519864621583,58.0,0.9509110070695515,1.0631585591890973,0.9213926939275137,1.1554470765746534,0.7426011696135729,1.4277517942363933,1.304623199686068,1.0071467459583048,1.4585956333068342,0.896201338958157,1.2049008988161105,1.4452226385058,1.0596492961953183,1.0194063376964688,1.0434066070373584,1.7420002374369383,0.7151279187793689,0.9660206915623986,1.1424056013785304,1.9401494210710872,S1_Rural_Overhead_AC_500MW,Overhead,AC,460,Standard Aluminum Conductor,100,0.7345271076449892,LCC Converter,0,False,0,,,37.174913626461205,0.0285273302120865,58.0,sample_260_1763055750567544,2025-11-13T11:42:32.490517,103948161.6237346,114830247.14741442,83250055.34957357,15002191.11405483,88945970.50967978,0.0,207896.32324746923,12057986.748353217,2751114.834759729,600000000.0,34800000000.0,7939865770.935089,2970624.0276891915,3228175.216598748,1601508.6693802946,1306005.3320071085,10464.987999693902,1654153.707682389,38128036.3226126,42899311.5775287,32175687.01680917,4415915.110491389,33712121.21212121,25040000.0,0,23087724.14790182,539019406.7846203,42092057632.252075,16583771185.711716,0.107803881356924,66669833.0871865,3866850319.056817,1644548076.8323092,4.093700557976805,4850738.630372918,281342840.56162924,64190356.025084145,48387879.00958152,450000.0,26100000.0,5954899.328201314,5359409.39538119,31842785.590573017,27125476.31639919,2139014.3488100176,1822132.768317273,2243184.496275292,130104700.78396694,29684306.3331141,1714302.3698436955,99429537.45093437,22685551.178924777,1494049418.9156468,635410190.6818739,25759472.739924945,0.0025953022600280094,0.5993924896334561,0.001988594358452834,0.08160279850086555,0.0026577855304587062,0.31289206225634236,sample_0261
1.3572668819358695,8.0,0.8126635832029657,0.9282833569682543,0.867002375017547,1.0953891447428985,0.5858631209801429,1.247754534318194,1.3109441265448543,1.0080923491472968,1.3300524829423668,1.8081760662910389,1.4826728884604214,0.8507345984138599,43.0,1.164693526807254,0.9119710244457212,0.9016754490183674,1.0610170624603854,0.857730076511815,0.7410421329068637,1.182773279072566,1.0843408861006374,1.032403360137726,0.9297069161458911,1.0067773924957508,1.2299808075175345,0.8850394431822283,1.0565818562337543,1.1276011539224475,0.6995317859772648,0.7675527065937697,0.8309669669523412,1.2773544880355394,1.2598706879873824,S1_Rural_Overhead_AC_500MW,Overhead,AC,460,Standard Aluminum Conductor,100,0.649798349877778,LCC Converter,0,False,0,,,74.13364442302107,0.0349408058042176,43.0,sample_261_1763055752511513,2025-11-13T11:42:34.424910,113624642.07983616,117013180.9880328,73981181.50793497,16398737.304446572,97225904.77538957,0.0,227249.2841596723,9771719.218865909,2930682.635467408,600000000.0,25800000000.0,7737800309.394737,2598841.705624478,2664071.8255898515,1283437.3650384925,1199270.8009021932,21726.45710394087,1377844.4476183436,36290104.84367836,37579426.80486741,24422590.78276317,2577983.6315571517,33712121.21212121,100160000.0,0,82682372.66115806,413993634.0708786,22106340727.720043,7967906228.153311,0.0827987268141757,26772480.51292188,1151216662.055641,436838794.6998764,1.6438996970465725,5859743.273934069,251968960.77916497,75569205.53003465,48240719.77242722,450000.0,19350000.0,5803350.232046052,5223015.208841449,56844894.39418627,46011418.56613057,3965698.6124413344,3209917.4553629397,1540575.8721699112,66244762.50330618,19867780.767204013,1781143.9743070565,76589190.89520341,22970227.325782858,1858623213.3437836,705270129.4893785,43223795.65915776,0.004751633511812016,0.8162787988859913,0.0031219380099895343,0.0828110045617401,0.004955726360956939,0.29338286146224735,sample_0262
0.9177106366045091,7.0,1.0447895749359346,0.8006843320276239,0.5089032067203595,0.9948388561546769,0.6937973820503318,1.793861029866731,1.6066208049398238,0.8547507822798273,0.8776063340491103,1.4138078140659927,1.154795954506055,1.0056859917317473,56.0,1.0001936421108057,1.3291830417639825,0.7384484201755972,1.2600737292454933,1.2587466199399717,0.8122281969183129,0.9841025129104999,1.430379884531,0.8620529256125975,0.7255799528638464,1.1337990166054128,1.3110244552332468,1.1221902783941426,0.8291245107948835,0.7120233878633688,1.4030136469085548,0.9212926918672266,0.9281256547242593,1.1063957780196385,0.5934844182330165,S1_Rural_Overhead_AC_500MW,Overhead,AC,460,Standard Aluminum Conductor,100,0.5604790324193367,LCC Converter,0,False,0,,,57.73979772530276,0.0300058092633241,56.0,sample_262_1763055754446479,2025-11-13T11:42:36.365144,104348493.4817174,108366189.23090544,55213192.34521776,15059968.519144898,89288524.9625725,0.0,208696.9869634348,11687031.269952348,1324704.0781305882,600000000.0,33600000000.0,3808499865.9688945,4077819.10871005,4178216.660369102,1152326.4068892638,1424265.154571421,20836.85293779107,2632717.101200838,36759654.520399235,38444596.10679453,19511273.458659723,3047533.3082780223,33712121.21212121,87640000.0,0,64661652.01879156,243001281.2089716,18123274160.551193,6382935832.595437,0.0486002562417943,53696138.29448421,3006983744.491116,1141318261.7906933,3.297082070235104,8414983.147397436,471239056.2542564,53414103.64832272,38310648.22445681,450000.0,25200000.0,2856374.8994766693,2570737.4095290015,83037088.0646157,59015067.26274608,3620155.308721171,2572870.918589045,2478465.949085776,138794093.14880344,15732062.058169404,1977162.4555307145,110721097.50971998,12550038.244812418,1538079113.5780003,583786920.5716286,27465698.45675001,0.0046319730880393685,0.7416032874913066,0.0033652011311317885,0.06899949865087592,0.004865799739479269,0.24282442807082724,sample_0263
0.8792672358949241,5.0,1.058126930654948,0.9558398225083333,2.8671201593226683,0.9746732182714077,1.019195622218401,0.9625231496348912,0.7161330061888128,1.664819052111897,0.5752432617269967,1.349500860590925,1.1095975296462495,1.4147098084236562,46.0,1.215701559623401,1.1485925532067687,0.8082477431657846,1.1913220777788607,0.9089090888720773,1.2880958239202616,0.7632198764426528,1.095946191841775,1.133977350736263,0.7093688630761542,1.4916103055842105,1.3224922797360799,1.070012576824501,0.8725503783894891,0.8560025916219136,1.6691873687348922,0.8567920670545469,1.2192550928076786,1.0060795346172888,1.814854016974537,S1_Rural_Overhead_AC_500MW,Overhead,AC,460,Standard Aluminum Conductor,100,0.6690878757558333,LCC Converter,0,False,0,,,55.47987648231248,0.036471046788702,46.0,sample_263_1763055756386139,2025-11-13T11:42:38.282286,79987303.50574556,83107099.85781309,54302454.607765935,11544069.612647282,68443233.89309828,0.0,159974.6070114911,7358831.922528591,1557588.1701667244,600000000.0,27600000000.0,5841882781.014771,2938371.0749129457,3034546.8606225653,1345990.5827349925,1346554.954580349,23603.380143169157,1568212.7401894275,37999120.631586835,39754461.08718598,25879720.0139733,4286999.419465626,33712121.21212121,62600000.0,0,51883577.81207423,1369049876.076574,79467712309.86046,28965957409.26809,0.2738099752153148,63883138.9762218,2938624392.906203,1138538438.136554,3.9225903165269966,3468891.053042116,159568988.43993735,33774758.18663823,24658945.138814498,450000.0,20700000.0,4381412.085761081,3943270.877184974,14652265.388332676,11760278.70345748,2726157.1187947267,2188082.638195299,0.0,0.0,0.0,1894924.1588945473,87166511.30914916,18449874.691958264,1550078746.724324,600561350.9315593,33697364.059224434,0.0010392725022526717,0.4680121302460676,0.0007790482219967838,0.049687112140830374,0.0010565553090420223,0.2279782810140809,sample_0264
0.9990324064860714,14.0,2.4631966237096554,0.8937544672006615,0.683340975521958,0.8361454011313555,1.1431114440201453,0.8843256196581039,1.7744540262636364,0.5199681901383306,0.8375201485307608,1.9650930230704915,0.9453524859926571,1.4872421406550855,50.0,0.7537186779362026,0.8672351019663287,0.8462215542445173,1.26883376812562,1.3238692021678014,0.8497979473869132,0.990673873929366,1.0125998139250936,1.4312488626901136,1.3416258302118225,0.7878242096292916,1.4738862201753749,1.3410742451015871,1.2469084301623412,1.0703574322662217,1.3784743846845293,0.9154644794875887,1.0821945338190924,1.1103537580614948,0.8151948979570779,S1_Rural_Overhead_AC_500MW,Overhead,AC,460,Standard Aluminum Conductor,100,0.625628127040463,LCC Converter,0,False,0,,,47.26762429963286,0.022611560338086,50.0,sample_264_1763055758302102,2025-11-13T11:42:40.124274,108374052.8747222,118469874.00437304,55681387.988295466,15640952.44816753,92733100.42655468,0.0,216748.1057494444,10837405.287472222,2220280.922213582,600000000.0,30000000000.0,6146160072.411907,4024303.411834103,4274745.526264677,1386396.4190845366,1434166.6530632006,43601.33007871593,2546535.4286921867,38218915.57774268,42465899.70717216,20268140.40079659,4506794.365621472,33712121.21212121,175280000.0,0,129751384.42443468,326295315.811735,21034034389.084377,8277592567.154197,0.0652590631623469,52756971.6506463,2637848582.532315,1086764425.0857973,3.239414804008644,5129471.867654533,256473593.38272667,52544258.64256403,31893387.430381257,450000.0,22500000.0,4609620.05430893,4148658.048878038,77763433.93319525,54929681.49066794,7408438.480669346,5233091.5123420395,53526.74448550982,2676337.224275491,548306.5662717246,1969731.4847466757,98486574.23733376,20177141.674871072,1307282150.744697,538585779.4821241,26145643.014893945,0.0034979395322772217,0.7390340108899839,0.0022058502166526174,0.06896132747846256,0.0036171708925551715,0.19694935781927694,sample_0265
1.3946440499639103,20.0,2.3830919922493226,1.0627470121218912,2.8349228407892184,1.2290831834492655,1.147568027181602,1.9931776247011148,1.3918796101673532,1.350856921614415,1.1658610628900508,0.983285620603698,1.3701202036008346,1.385925491736644,52.0,1.2291782271559069,1.1700750437570964,0.7165666407701077,1.040288132119756,0.7841869784260758,0.7987071388162648,1.3396985262772465,1.3834517280281022,1.2203995089945576,1.4195978839556427,1.4340947913706474,1.2267473647413054,0.820392290974201,0.8229134604884376,0.8683400402582544,1.7296780743121047,1.45414381574395,0.8817974540416903,1.2522977525988819,1.2919956196976075,S1_Rural_Overhead_AC_500MW,Overhead,AC,460,Standard Aluminum Conductor,100,0.7439229084853237,LCC Converter,0,False,0,,,68.50601018004173,0.0368753468146772,52.0,sample_265_1763055760143781,2025-11-13T11:42:42.014513,140924632.92334393,153607189.1438898,31900201.89591693,20338775.046804637,120585857.87653928,0.0,281849.26584668783,14656161.824027767,842356.8188655862,600000000.0,31200000000.0,1793207052.7168674,2798011.5634785555,2996106.5088036032,432868.6895680532,1175840.828123239,58542.812950569125,1563627.922404747,37911895.42950498,41985182.77891083,8998648.265351612,4199774.21738377,33712121.21212121,250400000.0,0,132029469.0495888,1353675656.4768517,91737099564.84412,16679161347.842916,0.2707351312953703,66198239.26007288,3442308441.52379,676752677.1976548,4.064743474633446,14727645.350863129,765837558.2448827,44016195.85513425,35360097.363528304,450000.0,23400000.0,1344905.28953765,1210414.760583886,274758750.6941422,136070633.2731131,10072391.396512195,4988218.473244392,0.0,0.0,0.0,2656547.6384735364,138140477.2006239,7939566.601981806,2513537190.4273205,494157642.1038462,48337253.66206386,0.0022718626214110462,1.0974888634169093,0.0018315952973815513,0.05549711639487659,0.0023295166708958773,0.1403490892014786,sample_0266
0.8352283207627377,8.0,2.041279970326424,1.0366864903936155,1.3002744967824664,1.4121340129527213,0.6470188987388895,1.1076179885719355,1.7341128522680949,0.7275602775658545,1.15965895691639,1.73063731945515,0.8185052340446226,1.0482546509355553,55.0,0.8460544384207611,1.2673122195804232,1.0296920528242197,1.2544467852866372,1.2809069141340634,0.96295384402478,0.9717296664461709,1.353509223488018,1.4555938878809842,0.8410804719965228,0.7752318467669854,1.4083509175238083,0.7526803449478581,1.2051467068214943,0.8119643409783452,1.6326730116994788,0.990520650023016,0.8551199040066908,1.2827624088259726,1.926787817059175,S1_Rural_Overhead_AC_500MW,Overhead,AC,460,Standard Aluminum Conductor,100,0.7256805432755308,LCC Converter,0,False,0,,,40.92526170223113,0.0253816331526228,55.0,sample_266_1763055762033692,2025-11-13T11:42:43.890935,119710699.22986571,128881238.84826384,63769389.9673432,17277100.048621897,102433599.18124382,0.0,239421.39845973143,13168176.915285228,1754664.6056101944,600000000.0,33000000000.0,4397262609.520628,4125039.027432611,4327211.424840902,1251757.3054317753,1417905.0027633808,28232.63949002591,2678901.3851792044,36888650.457380466,40270613.54953687,20280761.94325882,3176529.2452592584,33712121.21212121,100160000.0,0,75231740.56356955,620881072.2136277,45232711831.13912,17716515781.20296,0.1241762144427255,62485661.50376244,3436711382.706934,1431835253.008847,3.836781577493775,7046218.341364151,387542008.7750283,51640120.751665026,33766056.72086467,450000.0,24750000.0,3297946.957140471,2968152.2614264227,98047121.50391978,69291206.58733061,4518575.986646892,3193337.8294923618,3569248.4149554744,196308662.8225511,26158204.331957463,2065428.1021793457,113598545.619864,15137049.610610642,1533056349.042416,638716459.1281449,27873751.800771203,0.0022460005444128964,0.6440426505539344,0.0015017829496682309,0.06005574361222134,0.0023062212093345595,0.19900185922460872,sample_0267
0.8044707453104727,8.0,2.222883102282057,1.0484286434913725,1.6464511419855548,1.2601567131819713,0.651930525888383,1.988315408752756,1.8511166855553753,1.399522479346339,1.2075321303043154,1.7585877043519365,0.838304955283531,1.1115248234189237,59.0,1.060429674262629,0.7221187638370115,1.1315279547084192,0.7878629860024196,0.9703968866561383,1.3410030276203855,1.3852075345159596,0.7576574951149657,1.2636990632545055,0.9542488515846584,1.1217912646419292,1.3495447139104084,1.271871312583608,0.9571238389983765,0.7471678792445324,0.7097308729877919,1.4799859135793163,1.2369397909731359,1.2079996136291293,1.4018487266792043,S1_Rural_Overhead_AC_500MW,Overhead,AC,460,Standard Aluminum Conductor,100,0.7339000504439608,LCC Converter,0,False,0,,,41.91524776417655,0.0318128902278788,59.0,sample_267_1763055763914431,2025-11-13T11:42:45.809425,103972216.0273878,112674586.43568754,83421437.24667507,15005662.736401036,88966553.29098678,0.0,207944.4320547756,12268721.491231762,5285234.782994297,600000000.0,35400000000.0,15249943643.4117,3108117.307105775,3247272.9047206854,1743924.1058513136,890523.9205421288,39316.5833116144,2178276.8032520316,37080378.25278462,40795537.1605906,30165426.142240193,3368257.040663406,33712121.21212121,100160000.0,0,90524495.39790484,786180420.2981024,62792985102.00087,18750086935.74236,0.1572360840596204,27162819.970988777,1602606378.2883377,522217544.1411925,1.6678675515213108,11899206.358757967,702053175.16672,302437043.9539751,196064630.58637375,450000.0,26550000.0,11437457.73255877,10293711.959302893,170694499.47435603,150507867.18745422,4600297.396026926,4056258.1198349074,6330846.840831722,373519963.6090716,160908429.22959125,2689496.3132136287,158680282.4796041,68357778.67611896,1711524450.6745696,557709059.1162415,29008888.99448423,0.008798181776107665,2.7215152909692626,0.005784408096158034,0.27229979369137963,0.008937908833762597,0.527546015435416,sample_0268
1.1863202225498308,0.0,2.493054222427495,0.8173015984043067,1.0320770396173813,0.7725954824710488,0.8254836694246626,0.5182649035545858,0.8663655767174416,1.6515696718517687,1.4422980392071034,1.7200848056425107,1.474270110702102,0.8050512541001229,60.0,1.2896815895125289,1.2612903939945714,1.2748618733566106,1.0266326303180522,0.9992985788440762,1.1926331527667522,1.4954609146792466,1.2604890745416235,1.4472932000651122,1.2259444091077651,1.0656306478473008,0.7824421905533854,1.015474155809669,1.0840835247970229,1.4398035982670012,1.8639134184400779,0.9633374873140859,0.9013755378452976,1.054440737171042,1.6891396890579142,S1_Rural_Overhead_AC_500MW,Overhead,AC,460,Standard Aluminum Conductor,100,0.5721111188830147,LCC Converter,0,False,0,,,73.7135055351051,0.0386904476853758,60.0,sample_268_1763055765829434,2025-11-13T11:42:47.714618,115457889.75211409,126349962.61523376,103473892.09051707,16663318.529446611,98794571.22266749,0.0,230915.77950422815,13854946.77025369,3207987.431127706,600000000.0,36000000000.0,8335473923.909042,3450097.1723298514,3471991.261051664,1751475.397213147,1160405.973056465,0.0,2289691.1992733865,36151670.46697007,38926081.58270168,33979747.395622805,2439549.2548488574,33712121.21212121,0.0,0,0.0,492816786.4172996,40248184246.397354,12715523356.85508,0.0985633572834599,71335694.35053866,4280141661.032319,1505304771.6324236,4.380196533334183,2926030.025467571,175561801.52805424,40649744.96309976,26665543.230245534,450000.0,27000000.0,6251605.442931783,5626444.898638605,3113431.946680709,2790272.037482041,1121874.400092373,1005428.9998154604,0.0,0.0,0.0,2030769.5697254592,121846174.18352756,28212377.989857603,2163515568.9464135,760897785.0164406,36058592.81577356,0.0019965140067851293,0.33692260837780674,0.0013746172775009318,0.0501447656820807,0.002063346155938321,0.26889710323752175,sample_0269
1.321916136639583,3.0,0.6125729925290786,0.9480720165999447,1.5212251846628944,1.010627663130097,0.9132644084195236,0.9009112100299259,0.9138013898438728,0.5149353702238557,0.6879016680259932,1.0157757508808123,1.0505257330330389,0.7687701948799657,43.0,1.3611044083405737,0.8223482574127133,1.2113188822606176,1.0179086870588292,0.7275521277562059,0.7595606435492713,0.8582341263085379,1.0932662273468892,0.9760962089476164,0.7381077321080034,1.2370386813827459,0.8080267185005319,1.1636622363895706,1.4127948565635915,1.3222773371451253,0.8582887578701324,1.085478922779283,1.196255462693108,1.145063474572725,0.6306989931856564,S1_Rural_Overhead_AC_500MW,Overhead,AC,460,Standard Aluminum Conductor,100,0.6636504116199612,LCC Converter,0,False,0,,,52.526286651651944,0.0408331322502172,43.0,sample_269_1763055767734788,2025-11-13T11:42:49.663170,93633844.96498314,95731055.21040088,82281819.62358268,13513589.994916445,80120254.9700667,0.0,187267.68992996623,8052510.666988549,4170644.095104022,600000000.0,25800000000.0,13362617213.88376,2322287.349415498,2369134.934638804,1670061.3536930252,1150545.2735543735,8351.02402098626,1163391.0518401384,36041727.86327262,37003389.49424413,32184952.979967836,2329606.6511514112,33712121.21212121,37560000.0,0,35522363.144727916,726385025.6765321,38787347330.00725,14792381473.134523,0.1452770051353064,32848427.34120571,1412482375.6718454,571619427.7360705,2.016978580994811,3356152.167082659,144314543.18455434,74744961.20045337,59560137.38286382,450000.0,19350000.0,10021962.910412818,9019766.619371535,10820419.998777848,10110501.066610144,1625657.846638085,1518999.7610290507,0.0,0.0,0.0,2186499.899943586,94019495.6975742,48695602.00190215,1356265381.6287382,548868895.3985065,31541055.38671484,0.002874269402923266,0.7298883672175327,0.002325401349602252,0.11080298383193453,0.002928776863872368,0.3921581553111681,sample_0270
1.3100242189313716,9.0,2.043859789469196,0.8874722718238741,2.613375114487272,1.2571863396962075,0.9409199999538752,0.6521569449101331,1.6939836038865554,1.051978479182249,0.9473952565715094,1.7743094511940758,1.016158378068828,0.9594968877774683,44.0,0.8598418637899151,1.2081856416305525,0.7196331350703001,1.0107879544834,1.4526081988613213,1.3118517971621255,0.7979215390800788,0.7486549522140769,1.1092860079654348,1.1341932091939244,1.2238318071382879,0.7054711465070777,1.0767852899708328,1.163203191036112,1.154104338199219,0.9535869684449891,1.5715243705415292,0.9991223403936874,1.1129210152018136,1.308260594000601,S1_Rural_Overhead_AC_500MW,Overhead,AC,460,Standard Aluminum Conductor,100,0.6212305902767118,LCC Converter,0,False,0,,,50.8079189034414,0.0257952559136974,44.0,sample_270_1763055769683380,2025-11-13T11:42:51.601714,85982346.29947014,92577732.7496833,40773220.71044256,12409296.821320277,73573049.47814986,0.0,171964.69259894028,7566446.474353372,1022290.175569461,600000000.0,26400000000.0,3566860708.8560963,3638046.62591923,3801170.4731321847,1002639.8339702948,1142496.6879463885,43269.64264057839,2452280.2953322628,36619687.5387196,39985505.53059263,17968861.686276957,2907566.326598389,33712121.21212121,112680000.0,0,80376914.72183052,1247886617.1676724,68548604606.92071,29506549581.48605,0.2495773234335344,36495680.456326626,1605809940.0783715,719705084.7064247,2.2409293758457243,5891097.855088574,259208305.62389725,35021209.11890311,22593516.652520303,450000.0,19800000.0,2675145.531642071,2407630.978477864,55218469.42347785,36944889.99293521,4969736.9052611375,3325090.0500446875,410372.93185768,18056409.00173792,2439571.8110353975,2806207.8458404494,123473145.21697976,16682254.177020004,1224559205.0772147,548832999.7353979,27830891.024482153,0.001091304103455514,0.6309570660482747,0.0007237796665946535,0.05030414667147726,0.0011089233848565175,0.187978242364581,sample_0271
0.8051349099388325,6.0,1.5433247746364085,0.929332629419988,0.3352322749546784,0.7182999603480928,0.5671893349103518,0.504105111882048,1.1070660287051313,0.8401330840164076,0.8204092024574168,1.7698737405853522,1.1606033956681003,1.083580646776168,49.0,1.0424502427859383,1.0961969359015762,0.724217957648308,1.0745168357771337,1.2460643960432498,0.9835456936945672,1.2010746474365475,1.4732816824905843,0.7291135605581164,0.8856936847307313,1.3400666231256673,1.3652073413365085,1.492654063725292,1.3124760113273826,0.9780817624920444,1.1551690940093882,0.6688074636990597,1.275001567608775,1.1739359834149472,1.2312570429376763,S1_Rural_Overhead_AC_500MW,Overhead,AC,460,Standard Aluminum Conductor,100,0.6505328405939915,LCC Converter,0,False,0,,,58.030169783405015,0.0312735072835781,49.0,sample_271_1763055771622918,2025-11-13T11:42:53.512927,123834489.59806427,130941812.75452292,77326081.62284698,17872261.042829294,105962228.55523498,0.0,247668.97919612855,12135779.9806103,2281181.729672695,600000000.0,29400000000.0,5526364433.067491,3545317.7752483473,3673989.8356794016,1316705.3708963855,1214529.635590518,21627.27567189472,2309160.8639859348,36995698.92962475,39528202.74099826,23806252.83155307,3283577.71750354,33712121.21212121,75120000.0,0,60691419.79003376,160073411.29085892,10058186201.61217,3816858182.094098,0.0320146822581717,44210631.565927304,2166320946.7304378,872815236.6126976,2.714647370922062,1411853.464936477,69180819.78188737,13004027.955546742,8400930.43547474,450000.0,22050000.0,4144773.3248006175,3730295.992320556,10885935.967206135,8386351.549278383,3394496.148586384,2615065.72521417,341282.4709519574,16722841.076645913,3143418.848497145,1655243.7896163012,81106945.69119877,15245800.678318957,1660509630.1460917,669022800.116961,33887951.63563453,0.001547743497477929,0.1673885993425682,0.0010948885880186872,0.019851939000699984,0.001647204701474091,0.08802731246471032,sample_0272
1.2617449431093544,13.0,2.67907494790448,0.9340435973545227,2.077011994588312,0.7309422064028664,0.9901239705797441,0.6805759372362499,1.7770480807481543,1.6795894104560523,0.7727973658644682,1.109615628776631,1.4463786850276026,0.8760614603349517,59.0,1.284054672641205,1.2888481007320736,0.9388606619820096,0.8754487893344105,0.8024550757483077,1.2183318977344402,1.1678122524889463,1.2435035667539314,1.3407385050744673,1.4624713515682226,1.079756799968481,1.2535033084469298,1.152665902418312,1.2178469626959303,0.7848642864888742,1.7353350912005103,0.6003847832389294,0.9910656874213966,1.041158078448569,1.4093125665829056,S1_Rural_Overhead_AC_500MW,Overhead,AC,460,Standard Aluminum Conductor,100,0.6538305181481658,LCC Converter,0,False,0,,,72.31893425138013,0.0385216401792361,59.0,sample_272_1763055773533965,2025-11-13T11:42:55.424411,113577128.09989098,125130649.21580575,39492878.452859014,16391879.907484546,97185248.19240645,0.0,227154.25619978196,13402101.115787135,1017871.75373519,600000000.0,35400000000.0,2688582914.79242,2862282.6338213794,3051658.860208286,592705.0239099236,989522.4194598034,58045.02352291035,1814715.190838666,36366852.910105914,40821870.61279506,13512896.009787658,2654731.697984702,33712121.21212121,162760000.0,0,102945568.09120068,991773227.415919,79213880027.78966,15506670077.196451,0.1983546454831838,66414744.610425934,3918469932.01513,850703840.5532827,4.078037464321199,3985842.879854653,235164729.9114245,17860448.44637374,13896801.899762612,450000.0,26550000.0,2016437.1860943155,1814793.4674848835,49897839.883439004,29132299.147402816,7055583.726557016,4119324.128294105,233680.74497837987,13787163.953724412,1047116.7641080616,1568004.8720296351,92512287.44974846,7026185.182083586,2509333013.274655,544778770.4529083,42531068.02160432,0.0010044095426858647,0.3708479386519446,0.0007939310317258663,0.02672825693615002,0.0010328421454586692,0.09994067569981137,sample_0273
1.2018619017628207,14.0,1.9664018034821384,0.8544890005854384,0.30211242824059525,1.290469998173459,0.7181457559905847,0.8395857697724864,1.7659206970344161,1.8986884141141687,1.404861718786111,0.7718048056168474,1.393433854577133,0.978683168818987,56.0,0.738838666203522,1.0736659798628168,0.9701164054704466,1.1434467206335055,0.7930970346833199,1.2760371990488437,1.185456169600367,0.9788207636306203,1.407936172752026,1.3224059337004852,1.299266566507494,0.8395347428394528,1.1168038348090548,1.3332664626871327,1.4596060248200393,1.985404070280542,0.7196165163921813,1.0972847130521493,0.8864948523389837,0.8242694964543353,S1_Rural_Overhead_AC_500MW,Overhead,AC,460,Standard Aluminum Conductor,100,0.5981423004098069,LCC Converter,0,False,0,,,69.67169272885666,0.0221651599861056,56.0,sample_273_1763055775444736,2025-11-13T11:42:57.332658,86301430.40007403,92661392.91110212,36657017.4994219,12455348.24333622,73846082.15673782,0.0,172602.86080014808,9665760.204808293,1261171.4087009514,600000000.0,33600000000.0,4384068964.515804,3043504.4520129897,3220562.817648126,890859.3160236584,1292441.2933221138,65470.76193762243,1685592.3967532536,36677827.784299955,39914290.03229987,16321077.746893125,2965706.5721787484,33712121.21212121,175280000.0,0,119923704.92997724,144258684.48488426,10758954339.469898,4082269108.6569266,0.0288517368969768,75985384.57777691,4255181536.355507,1707973431.182078,4.665699565159274,7418532.217742261,415437804.19356656,54205594.76344075,45838367.05749218,450000.0,25200000.0,3288051.723386853,2959246.551048169,109974939.8191824,71729262.53238358,7184880.811566963,4686214.903541862,2198449.0745448302,123113148.1745105,16063587.262967477,1720025.3318000312,96321418.58080174,12567849.458875865,2028441253.055476,814189415.2651672,36222165.2331335,0.005102110110701707,1.0672872149448218,0.004330405409705414,0.05253967235692514,0.00549946234328501,0.20526059819926962,sample_0274
1.3999520772672658,14.0,2.26133681196315,1.0944784557802674,1.5543165007934623,1.3248666163710108,1.1273395945973468,1.4997133129828915,1.8568732092978266,1.3017338784751238,0.8148109875495276,1.5287711876683798,0.9538379594213806,1.4971315039586766,60.0,0.7907190397496148,1.2748062886616558,0.955691973161745,0.7274183918521662,1.401194154126728,0.9225197786973857,1.112946992269653,1.0261803156490388,0.8250134516498355,0.9398037778054615,1.3780983392048438,1.0998305815078178,1.2514012511521826,0.7004673728076648,1.2231741645125114,1.7057293712110961,1.3189130003680376,1.0891199199520831,0.8470444210789898,0.6543150724249446,S1_Rural_Overhead_AC_500MW,Overhead,AC,460,Standard Aluminum Conductor,100,0.7661349190461871,LCC Converter,0,False,0,,,47.69189797106903,0.0237215711924884,60.0,sample_274_1763055777352802,2025-11-13T11:42:59.199537,74737524.31780823,81105679.27578616,25384210.44583103,10786401.661105167,63951122.656703055,0.0,149475.04863561646,8968502.918136988,673634.0964427491,600000000.0,36000000000.0,2703999507.3086915,4068185.236540938,4199064.078003858,614053.4247371235,822203.2126086606,47332.532984826226,3198649.4909474505,38248883.34532932,42131406.00335791,13544160.898531854,4536762.133208111,33712121.21212121,175280000.0,0,108663952.820915,742186129.1288782,60614096137.96172,20503238925.098953,0.1484372258257756,65281674.494991064,3916900469.699464,1419218683.425486,4.008464022346076,14813301.163485795,888798069.8091478,66758598.41280142,46346874.05627846,450000.0,27000000.0,2027999.630481519,1825199.6674333657,215983910.49823537,125479267.552715,7317601.5653834175,4251276.322151848,217690.8471553758,13061450.829322549,981059.9057562462,2484128.348869248,149047700.93215486,11195136.385723334,2105828856.971884,763009344.0031503,35097147.61619806,0.0026785794312952018,1.7395644916807294,0.0018758410723841675,0.06527505493120118,0.0027606021921424946,0.23655341106496544,sample_0275
0.9806430879484966,2.0,0.9590562449281096,0.9303626898174885,0.30818410596437906,1.4453740553208876,0.9662434885550285,1.4082704131377266,0.9863643816734142,0.5672952818957281,1.2815689793196658,1.0090237705272722,1.0554923671681236,1.0749545762638364,42.0,1.3487978355796084,1.3358174695906468,1.3964345811558045,1.001383008239427,1.221689583634212,1.4921519448411669,1.015480199036972,1.356978411646014,0.7873748845281533,0.9611953182069659,0.744165909764573,1.1693062107680114,1.2358106599712788,0.7810791286514817,1.3087347417784718,1.2841602583403788,0.9742249986244207,1.1867504569556755,1.1854280398654564,0.8560764239021248,S1_Rural_Overhead_AC_500MW,Overhead,AC,460,Standard Aluminum Conductor,100,0.651253882872242,LCC Converter,0,False,0,,,52.77461835840618,0.0404639350673882,42.0,sample_275_1763055779220608,2025-11-13T11:43:01.066538,116195492.40867811,120295816.04882812,91448848.5232492,16769772.129463734,99425720.2792144,0.0,232390.98481735625,9760421.362328963,2870271.033841039,600000000.0,25200000000.0,7410625767.854665,3067071.003692434,3140093.204899396,1599166.5081370743,1131866.2487069883,10937.02158842974,1924267.7333970156,36969559.32201162,38520470.25871782,30680822.0342932,3257438.1098904135,33712121.21212121,25040000.0,0,22878388.864233233,147157910.59799102,7634403693.359491,3062520345.224008,0.0294315821195982,49147381.40720299,2064190019.1025257,875944712.4632272,3.0177766070998904,8348753.215019075,350647635.0308012,103115809.50779971,82306548.92569333,450000.0,18900000.0,5557969.325890998,5002172.393301897,21387469.93624047,18663261.847348846,1331575.3102176492,1161967.2059455016,0.0,0.0,0.0,2044651.1466461364,85875348.15913773,25253574.122682407,1296392921.340407,550127902.0894647,30866498.12715254,0.008985926940441811,0.8783221552143335,0.007219310853600886,0.14593270343103565,0.009414163275306609,0.5585723965538,sample_0276
1.0343650039793737,16.0,1.480325917148701,0.8600507330372302,0.34270245806353905,0.9245626007095091,1.113739712556029,0.9288428153974366,1.1533915666633672,1.9767759917358276,1.2865854750873869,1.1171439046133314,0.9751768309879614,0.9250388176698023,47.0,1.1696437571388825,1.0706592595424134,0.9662455285716833,1.2037308932505586,1.2630306903099666,1.1866725081927034,0.8908569413240325,1.2773315686384654,0.9154661165250855,0.8534461717878431,1.1910674138242703,1.4551974526874165,1.107565203908023,0.7195375440583225,1.2763817672934255,1.620901162056906,0.7352478918556761,0.8332531785994232,0.9234480509617105,0.9480205744207597,S1_Rural_Overhead_AC_500MW,Overhead,AC,460,Standard Aluminum Conductor,100,0.6020355131260611,LCC Converter,0,False,0,,,48.75884154939807,0.0350893127141664,47.0,sample_276_1763055781086678,2025-11-13T11:43:02.925793,83415964.23667474,88002813.32710941,32703068.958175525,12038906.8733277,71377057.36334704,0.0,166831.9284733495,7841100.638247426,1091353.4492279356,600000000.0,28200000000.0,3924980520.988007,3675231.392931229,3813189.79922718,952002.7041359026,1360580.67631048,69583.5990985821,2245067.1175221666,36515269.14445394,38914295.37947038,14651204.233085563,2803147.9323327346,33712121.21212121,200320000.0,0,130923040.55967672,163640423.7253399,9757280250.53545,2442812022.444273,0.0327280847450679,62035129.27424191,2915651075.88937,776199931.7858382,3.8091177308337296,6457053.94651868,303481535.48637795,42239684.93842426,32802123.626074623,450000.0,21150000.0,2943735.390741008,2649361.851666905,62331466.6903186,39357489.5062894,7866146.662716915,4966861.8624194935,0.0,0.0,0.0,1739955.3355159871,81777900.76925139,11382151.332149005,1202108222.7815118,320023314.2566915,25576770.697478976,0.005867943925985592,0.9353530052079776,0.004604063334753812,0.08125776597043226,0.006122398379046596,0.19143312962847192,sample_0277
0.8974910545130684,20.0,2.2811335648709,0.9331652520768328,0.43006531331827896,1.0206914367980902,1.0414131578556365,1.070021156015629,0.5653809781996791,1.1906461879729684,1.0390703992518076,1.6451667581868512,1.4175256090831616,0.8479083399812661,50.0,1.2644117097416974,1.1022885204850748,1.2863653927867815,1.2055893424448492,1.1175839211716518,0.8851378362914285,1.043925909077581,0.9641123576096353,1.4672269181144089,1.235624291035283,0.7746520309436411,0.9350482892229715,1.4496981136645342,1.1957458490546196,1.1075940231922965,0.9227604888437111,0.729380986089779,1.0071069647719388,1.2982366004238237,1.0622514533380707,S1_Rural_Overhead_AC_500MW,Overhead,AC,460,Standard Aluminum Conductor,100,0.6532156764537829,LCC Converter,0,False,0,,,70.87628045415808,0.0379323512922509,50.0,sample_277_1763055782945891,2025-11-13T11:43:04.815749,124211145.5044242,134891324.1722496,45127600.20890546,17926621.44519892,106284524.05922528,0.0,248422.29100884844,12421114.550442422,1661549.6520712755,600000000.0,30000000000.0,4013044832.628389,3569833.29709574,3788796.988072353,885061.4233533202,1362681.2870664508,64877.92116429416,2142274.088864995,36281540.424185656,40030764.0978518,13591940.59124671,2569419.212064443,33712121.21212121,250400000.0,0,159047759.1152357,205356187.10947815,13237913302.329617,2387387425.4194126,0.0410712374218956,35315889.429026514,1765794471.4513257,343027518.23512316,2.1684871487827215,3674779.385392363,183738969.26961815,24578424.03933023,16491302.7997049,450000.0,22500000.0,3009783.624471291,2708805.2620241614,49529941.08401716,30081599.685720935,10026510.104191905,6089517.907713903,0.0,0.0,0.0,1732475.0306644684,86623751.53322342,11587499.949109586,2081397926.5174816,404337411.1406056,41627958.530349635,0.0037201580826641788,0.46285364946067736,0.0025890568196493225,0.041028851651387636,0.003934690230957211,0.10291322208485335,sample_0278
0.9977734863480675,18.0,1.90479369068587,1.0698468408174655,2.5885326650162277,0.9024938461362388,0.7820643336576355,1.5201105258879055,1.6836010659416139,0.7834648723033022,1.2795763122318928,0.9862241789775162,1.3455356191728338,1.0872273319011556,54.0,1.2067691231969087,1.07939012945649,1.2369945061714782,1.1378706164009649,0.9853287342819832,1.0133658823068865,1.0806276891304554,0.7051033788896861,1.3350768105526725,0.8999788008418637,1.068719563994519,1.380031487677341,1.25871461395545,1.016343358586823,1.0477177787880674,0.9609765108617616,1.2858658266874157,1.1045821642847442,0.9339880366431886,1.3653006008957285,S1_Rural_Overhead_AC_500MW,Overhead,AC,460,Standard Aluminum Conductor,100,0.7488927885722259,LCC Converter,0,False,0,,,67.2767809586417,0.0362030736959072,54.0,sample_278_1763055784835770,2025-11-13T11:43:06.731760,72958916.22450213,78161286.01486477,29007370.156877987,10529706.22641948,62429209.99808265,0.0,145917.83244900426,7879562.95224623,1120992.0925911984,600000000.0,32400000000.0,4609410955.921234,3372656.0878003975,3542963.2456372124,906726.1342506552,1286138.6058107875,66848.98353065173,2019668.4984589585,37006749.49060957,40160586.52658507,15274272.381936628,3294628.2784883506,33712121.21212121,225360000.0,0,149278990.7157721,1236024347.5452487,87932066051.60356,17411827845.94211,0.2472048695090497,36778493.02370133,1986038623.279872,427170313.3808227,2.25829480052514,7563197.93350454,408412688.40924513,58103145.694161065,46642600.2625141,450000.0,24300000.0,3457058.216940925,3111352.3952468312,165507923.09212404,105438573.82662262,8957157.160808641,5706251.754793035,1532942.8862050571,82778915.85507308,11776606.224125177,2441993.202426455,131867632.93102856,18760250.369249463,2587854652.34592,556612882.4831233,47923234.302702226,0.002637281884244051,1.3623019754593446,0.0021314938820432535,0.06886830791775156,0.0027017059052230545,0.18252497336852203,sample_0279
1.2756369733898962,19.0,0.7250555558211642,0.8868237778347936,2.3452979691420444,1.4930939860296517,0.8616100436936829,1.044097833843626,1.8068889540965478,1.1217024379965435,0.7882985825011746,1.533081259768853,1.0371301397748751,1.1276176379919114,55.0,0.9011502480675103,1.3727821315471318,1.0129134573058,0.7457652659904122,1.1503113439780854,1.156115521489804,1.3589553538604855,0.8084775275213121,1.169279508217048,1.4877227308086445,0.7414975531283563,1.018001155566437,0.8986010672946436,1.1504626921726642,1.4220141668793207,1.1955873812193674,1.0365410343476165,0.8421055505510029,1.137846760820081,1.0977368009847874,S1_Rural_Overhead_AC_500MW,Overhead,AC,460,Standard Aluminum Conductor,100,0.6207766444843554,LCC Converter,0,False,0,,,51.85650698874375,0.0270345074420253,55.0,sample_279_1763055786753700,2025-11-13T11:43:08.798497,108260842.37168103,111136788.459607,23228755.214173533,15624613.480972614,92636228.89070845,0.0,216521.6847433621,11908692.660884917,638153.6952617615,600000000.0,33000000000.0,1768378153.952062,3273702.9654224487,3314485.7071312354,378321.9661308591,842940.7400437082,80502.77612759275,2350259.449251148,37129144.35755125,38299349.39783437,8366703.686982266,3417023.145430035,33712121.21212121,237880000.0,0,122794081.12346512,1119879780.2653265,81585993925.79305,23362290650.97777,0.2239759560530652,45757520.25402763,2516663613.9715195,769469831.7184681,2.809630345865513,9615653.498636993,528860942.4250346,28340185.971603952,19650624.369317926,450000.0,24750000.0,1326283.6154640464,1193655.2539176422,200023277.76388517,101034580.5603136,8876275.000119524,4483531.77490523,1780758.133004512,97941697.31524816,5248422.966462734,2124104.0921932114,116825725.07062662,6260365.455591086,1560711282.1752088,477187432.1977082,28376568.766821977,0.0011131984196721604,0.9278373962154929,0.0007821564027930474,0.03957532588443079,0.0011334946406351004,0.10889458577316867,sample_0280
1.0627609873255395,10.0,0.5362336629750195,0.8973065577819022,0.331261570461749,1.4670028611310628,0.5799297862971853,0.6713918122007944,1.1422769832804738,1.90611162610066,0.7529745170232005,1.6994089436607773,1.0689133618658764,0.970151109685613,44.0,0.797577580618529,1.0347941994613274,1.1861247269733501,0.7314034678031226,1.4746215256917494,1.1302974799349585,1.4674281346360596,1.4883318309059996,0.7474230965063048,0.9189254855881903,1.3313685363148533,0.8756777743307045,0.8252395858359276,0.9052134574069031,1.4808224367067553,0.6669589574434652,0.6266078337516295,1.0411887601254048,0.8382363885144613,1.6629817061485042,S1_Rural_Overhead_AC_500MW,Overhead,AC,460,Standard Aluminum Conductor,100,0.6281145904473314,LCC Converter,0,False,0,,,53.44566809329382,0.0239273274185558,44.0,sample_280_1763055788820917,2025-11-13T11:43:10.828608,88549439.65247251,90283202.36585312,52952398.14323806,12779789.425400805,75769650.2270717,0.0,177098.87930494503,7792350.689417581,2087652.1859385516,600000000.0,26400000000.0,7072835900.933651,3276061.7625296675,3305451.1919699847,1214847.2845179224,826707.5560320143,41423.69006767694,2407930.516429976,36651973.05965337,37504202.8334416,22405430.07926279,2939851.8475321606,33712121.21212121,125200000.0,0,98786312.44230647,158177399.89548513,8688962517.922003,4006828457.446099,0.031635479979097,25525853.2192763,1123137541.6481574,537753241.3063542,1.5673535499921434,4603501.370373714,202554060.2964434,54266349.60396079,35822205.632602096,450000.0,19800000.0,5304626.925700238,4774164.233130215,42674291.70846129,33256320.055668052,4741305.148338759,3694926.270175834,794784.18419888,34970504.10475072,9368963.51916017,1601439.2614333278,70463327.50306642,18877861.835717183,1307937882.0844002,626234819.3669324,29725860.95646364,0.004770908132755208,0.7779665022178918,0.003251273731534762,0.06856068579329916,0.00502282154722645,0.24550700521690358,sample_0281
1.091886654278397,20.0,2.8275964644540084,0.9582686624503562,0.6021528922978581,0.881683999568102,1.1937226609428944,1.579716748903501,1.3677961664564928,0.8011612175331376,1.0289636869109327,0.8130922061304637,0.8556543897938759,1.297185384319691,55.0,1.3225928776419105,1.3812710986674919,1.1783209130419057,0.9736011883333349,1.0789753243587323,0.9698139677887522,1.2415678778713342,0.879909913815123,1.4614700100429996,0.9736377040637152,0.7078762184645565,0.9615746099831862,1.3893435304205741,1.2027864868505294,1.2132928867012955,1.796029227409429,1.0692517630467249,1.1721501655350086,0.94548205043191,1.2457522360887092,S1_Rural_Overhead_AC_500MW,Overhead,AC,460,Standard Aluminum Conductor,100,0.6707880637152493,LCC Converter,0,False,0,,,42.7827194896938,0.0396777863292573,55.0,sample_281_1763055790850528,2025-11-13T11:43:12.885527,85140131.59788337,94306048.58831447,18049936.449438263,12287745.21603064,72852386.38185273,0.0,170280.26319576675,9365414.475767173,463780.9765215616,600000000.0,33000000000.0,1634179914.2806048,3459235.5077638505,3682689.526146909,439616.1714994669,1100464.3734797996,71084.42500871011,2287686.7092753407,37642986.01308997,42499523.40009605,8572803.186109312,3930864.800968761,33712121.21212121,250400000.0,0,130012272.40902798,287528006.07222724,20947121798.507957,3175105779.8706336,0.0575056012144454,68737630.59141366,3780569682.527751,628829672.6366005,4.220668684412158,7816160.973831145,429888853.560713,21288355.45036466,17826476.270759355,450000.0,24750000.0,1225634.9357104534,1103071.4421394083,156558355.88757008,75330294.27939652,10272418.409004305,4942721.181021435,0.0,0.0,0.0,2165810.271284574,119119564.92065158,5898872.739126467,1434286293.810274,238567691.2059561,26077932.614732254,0.00380278623980171,0.8319301743942212,0.003197346287080412,0.04668259990782411,0.003962457089806611,0.09238013587029165,sample_0282
0.7933130716035842,11.0,1.1794079428996271,0.8761494596125385,0.7088769666732696,1.1224136836941883,1.0291716873906795,1.0140770765208769,1.1118027802300685,0.8789496542647031,1.0514897085869304,1.6608259403542804,1.2189604809374344,1.232324074160688,53.0,0.9560738026503426,1.155704219927555,1.053825753761358,0.8782445362205602,1.3130512860433057,0.8037465243249314,1.074242310845019,1.2236996760565506,0.757283943985061,0.8106657961382422,1.483591635059499,1.279998388733973,1.3585068325957323,1.4255310441103928,0.9931785931893264,0.9378823490255305,0.6333314298119894,1.2903564159353613,1.0363897163524407,1.9803754199108918,S1_Rural_Overhead_AC_500MW,Overhead,AC,460,Standard Aluminum Conductor,100,0.613304621728777,LCC Converter,0,False,0,,,60.94802404687171,0.0286822140795102,53.0,sample_282_1763055792907315,2025-11-13T11:43:14.932478,95537696.79691,99700299.58322164,47555135.729014926,13788361.078784162,81749335.71812584,0.0,191075.39359382,10126995.86047246,1534854.064914185,600000000.0,31800000000.0,4819628637.825274,3633433.996250689,3712794.166082395,966788.200279803,992682.4606371789,32401.70155061907,2608349.834062891,37446436.58836572,39384556.576266065,18807943.523528785,3734315.3762445096,33712121.21212121,137720000.0,0,99262350.49558206,338488751.5864862,23506886527.574913,7978869022.84132,0.0676977503172972,35894633.261905104,1902415562.8809705,688704273.0564364,2.2040235202099963,5734323.886527407,303919165.98595256,46062186.03678836,30761931.348923787,450000.0,23850000.0,3614721.478368956,3253249.3305320595,55485608.32216519,38793379.8602521,5480733.574304832,3831915.804659375,0.0,0.0,0.0,1610011.8464102868,85330627.8597452,12932765.33699494,1738305870.9696598,629293990.5321846,32798223.98055962,0.003464175753204401,0.737813832025806,0.0023720189127047473,0.058239300521868084,0.003623172393832223,0.2220840824131829,sample_0283
1.2085640519216585,9.0,1.6361946848932034,0.8777502642811141,0.6809468094570821,0.8457128588443279,0.6660670599392575,0.6956902172583228,1.1741235731023782,0.9132327598015784,0.9725416953869924,1.8043867857618106,0.9649428016332562,0.7017443439380385,47.0,0.9219793385284953,1.1159205914945582,0.7681945573197084,1.0012288109568446,1.2122263188020503,1.1651340309920688,1.0906565258541745,1.3773051057439258,1.1616062341055091,1.1838829587453708,1.0871329241004253,1.0022519707713644,0.9058754836973043,1.3914855153371792,1.329544096260438,0.7988725790683022,1.3093263329842237,1.0738124307300914,0.827497675332361,1.4870041941483256,S1_Rural_Overhead_AC_500MW,Overhead,AC,460,Standard Aluminum Conductor,100,0.6144251849967799,LCC Converter,0,False,0,,,48.247140081662806,0.0276593801558548,47.0,sample_283_1763055794955259,2025-11-13T11:43:16.989576,85667854.56241348,90889365.5472853,44015629.79238248,12363908.186548714,73303946.37586477,0.0,171335.70912482697,8052778.328866867,1286947.6498376003,600000000.0,28200000000.0,4506758070.729992,3331811.21200221,3459333.8219763963,1043132.6459145872,1131691.9590512211,38430.35719314022,2161688.8957578484,35838619.224054664,38459009.26363338,19096500.247930773,2126498.01193345,33712121.21212121,112680000.0,0,83429198.19614747,325152101.5157567,19387631162.97474,7675449945.34896,0.0650304203031513,30574451.346102063,1436999213.266797,597572988.2108052,1.8773505608105103,2773909.450144093,130373744.15677238,20835564.6698518,13316481.157018565,450000.0,21150000.0,3380068.5530474945,3042061.697742744,26450958.6589153,18662408.80439322,4786287.6082019415,3376953.4462434133,265303.6458183464,12469271.35346228,1992765.578309873,2471905.347954885,116179551.3538796,18567132.29496051,1223360482.2108064,508731787.9261734,26028946.43001716,0.0017964141642450302,0.3774535744843524,0.0012135432437469058,0.034583759304553804,0.0018668694304502479,0.12647176401932667,sample_0284
1.036680067571887,9.0,1.2101025546027817,0.9726811326440642,0.9280925501375348,1.147712863058865,1.0328539907204237,1.685549337462366,1.2587365293604915,1.7033658266253804,1.0256485274050242,0.6671786814411248,0.9895656751584929,0.7823787752400135,46.0,1.1521890878652963,0.8434204799743601,1.246945455242813,1.4545579950836065,1.2624114337929218,0.9507421607721878,0.7408946337596016,1.3105771595278761,1.1592154687449254,1.0373105525085933,1.4171328011411242,1.0101846610718725,0.9573350618510175,1.3261202138637043,0.9563261272744298,1.9935431007084987,0.7390514778818222,1.0195453773636796,1.2003875737048517,0.8364694066480973,S1_Rural_Overhead_AC_500MW,Overhead,AC,460,Standard Aluminum Conductor,100,0.6808767928508449,LCC Converter,0,False,0,,,49.47828375792464,0.0345656726359588,46.0,sample_284_1763055797012050,2025-11-13T11:43:19.012805,111139037.9751688,116110197.71999812,83027626.6263086,16040005.536326643,95099032.43884216,0.0,222278.07595033763,10224791.49371553,4189855.06491994,600000000.0,27600000000.0,11309766058.59065,3860622.901625829,3995624.3561831582,2211103.271981228,1644091.3095945006,31358.933706487736,2185172.65832484,36082965.985575795,38012000.80703801,27105642.276095107,2370844.7734545865,33712121.21212121,112680000.0,0,97946895.26349692,443164192.69067293,25723857973.45792,8529804602.601969,0.0886328385381345,76296881.55031568,3509656551.3145213,1233379910.4573948,4.684826286664972,11052590.214765403,508419149.87920856,208337016.1174415,180537412.97571892,450000.0,20700000.0,8482324.543942986,7634092.089548688,89503941.17648557,76504980.09443837,4594546.149571252,3927264.62204409,0.0,0.0,0.0,1744804.9076993235,80261025.75416887,32888892.20660033,1416690407.604391,497859965.07906365,30797617.556617197,0.009901053673110033,1.9299528446768102,0.008592850461208548,0.26260053351887996,0.010131388478378316,0.6614333319151728,sample_0285
1.022225993400569,3.0,2.1267802950371433,0.8214269544234719,1.7759292327717766,1.0999054556469126,0.9297557890503474,0.8687946431424332,1.9818412848189253,1.4372556603197009,0.6333185015378441,1.7100282818503012,0.7698284550511996,0.9013694099449688,46.0,1.2402212801146213,1.300262632033683,0.7066865667264225,0.7921430640127092,1.237771900861139,1.4161075860173493,0.7387987395923723,0.7396184161339221,0.8920626971447759,1.0999586876192315,0.7213064721471536,1.2403374898172435,1.461012329735075,0.7848542580618268,0.7225781493229222,1.8763861401601827,1.1930197979698662,1.0100259626533068,0.8727721655871012,0.8517879229310638,S1_Rural_Overhead_AC_500MW,Overhead,AC,460,Standard Aluminum Conductor,100,0.5749988680964303,LCC Converter,0,False,0,,,38.49142275255998,0.0372066384034386,46.0,sample_285_1763055799034720,2025-11-13T11:43:21.065135,67694169.96423176,73105612.29962805,47355474.624061786,9769878.17049408,57924291.79373768,0.0,135388.3399284635,6227863.636709321,1088277.379593617,600000000.0,27600000000.0,4822914795.330115,3095055.321226417,3228467.3308338476,1154316.8238665578,895361.7056870926,15569.459222994385,2184124.15631633,36443543.666499905,39938897.390859224,26589392.70672749,2731422.454378694,33712121.21212121,37560000.0,0,32201260.947181728,848006208.6485233,49223271265.310074,18235903524.657833,0.1696012417297046,71813050.35621051,3303400316.3856835,1302306163.7953448,4.409507429376429,6516900.699444063,299777432.1744269,52384094.6717433,34468437.99018233,450000.0,20700000.0,3617186.0964975897,3255467.4868478305,34953330.94959259,27678711.72215467,2307051.1327667143,1826898.9391657556,1328553.2771316045,61113450.74805381,10679165.427770546,2323614.5158115793,106886267.72733264,18677658.044919156,872101660.3925146,343810395.05014217,18958731.74766336,0.002251562475788237,0.7456975917729599,0.0015167104903149437,0.10957834841171066,0.0022831222739432295,0.33483344391454967,sample_0286
1.166408320330898,11.0,0.551329530441146,0.9678947148576694,0.306691479702797,1.4965838735616341,1.1393054830974574,1.590069743528314,1.8220080796252367,0.9869620527501823,0.8534701261011612,1.1208398537284028,1.2764953521840843,1.1257613270135955,49.0,1.2103192780937704,0.9371910432225219,0.885804479556827,1.4596266568293852,1.3817174723661276,0.8188086745726807,1.2111750737633422,1.216892408084913,0.9896709056048574,1.0587175792714227,0.9300780576355543,0.9941033659694009,0.7741261465837778,1.2572355856128847,0.7418565346085144,1.0192143184757052,0.878680705069281,1.0017010898014123,0.9046982143818246,0.7284056302828852,S1_Rural_Overhead_AC_500MW,Overhead,AC,460,Standard Aluminum Conductor,100,0.6775263004003685,LCC Converter,0,False,0,,,63.824767609204216,0.0363095783428131,49.0,sample_286_1763055801087856,2025-11-13T11:43:23.194701,86473772.54315235,88215035.46088614,48501523.57704767,12480221.312057003,73993551.23109534,0.0,172947.5450863047,8474429.70922893,1929022.444073964,600000000.0,29400000000.0,6692280401.359865,4193122.5758463657,4253456.079467741,1598806.1545245354,1649820.4333253354,33008.90703427333,2510293.235486757,37123519.17276847,38009551.38101834,21308316.198385056,3411397.9606472594,33712121.21212121,137720000.0,0,105571592.05956452,146445181.55808553,9201858650.739204,2641013040.9441695,0.0292890363116171,39007370.39670219,1911361149.4384072,587601792.1893451,2.3951536484179075,17025148.91194034,834232296.6850767,189895117.32268596,147326714.21794653,450000.0,22050000.0,5019210.301019898,4517289.270917909,180302607.5378915,136443960.78402558,5198098.288698516,3933659.799709987,169289.6641677198,8295193.54421827,1888223.1694373747,1922832.1723633336,94218776.44580331,21446886.770352248,1933209408.891718,594318511.536055,39453253.24268812,0.01795148981299672,2.7295620171105313,0.013984739423863,0.20803276953557207,0.018990987528171698,0.5688903011718807,sample_0287
0.7076413999285877,14.0,2.9496339321368885,1.0768383099818388,0.7597494998820976,1.4997248933526959,0.5335181168298441,0.9960383717557955,1.1286728046863754,1.0813746099843065,0.7427670160698994,1.0735762486258311,0.704501807917642,0.9720095066918287,59.0,1.3413651825825217,1.1621733866458768,1.196622161714419,0.7509885868809882,1.0395987823262756,1.322461702671812,1.4019964301025425,0.8100640027809385,1.2703719301615513,1.3933347570389156,1.0548216273961368,1.1749424214323683,1.0076738956428202,1.2452725564497804,0.9545699237763154,1.3499253152788588,0.9516684349935152,0.9056270507205668,1.0122354896520418,1.3383393026747434,S1_Rural_Overhead_AC_500MW,Overhead,AC,460,Standard Aluminum Conductor,100,0.7537868169872871,LCC Converter,0,False,0,,,35.225090395882106,0.0402409554774756,59.0,sample_287_1763055803215602,2025-11-13T11:43:25.130490,96448326.52988864,107304128.72701958,40346545.91253442,13919786.599686949,82528539.93020168,0.0,192896.65305977725,11380902.530526858,1350986.201300643,600000000.0,35400000000.0,4202207285.2098126,3278014.964333948,3458594.0643261764,761185.5014516688,848844.6754745715,67852.70474229712,2361317.5841170796,36657604.565732814,41627940.39078878,16312064.00857438,2945483.3536116024,33712121.21212121,175280000.0,0,119988931.97277844,362780386.1937016,28975617806.560898,5068406075.100051,0.0725560772387403,51664341.66635249,3048196158.314797,593670796.7564073,3.1723244909053183,5448676.098735698,321471889.82540613,38160777.32809286,29967076.49438495,450000.0,26550000.0,3151655.463907358,2836489.9175166236,102877062.35891671,65658712.408826075,7627335.269461599,4867955.999327472,1330408.35978069,78494093.2270607,9317752.836290753,2015891.528016732,118937600.15298718,14118656.775374422,1494264740.2715886,291025017.0423666,25326521.021552347,0.003961671092665051,0.7194806684345725,0.0031457101895851955,0.07328176208841307,0.004075407366408941,0.15148140918893044,sample_0288
1.3592336745159816,12.0,2.1797641207477065,0.8810378648010165,1.1344093072545542,1.1826632700099977,0.9876123478765413,1.1915484989826581,0.6179367745122725,1.6408026452539386,1.1994232819683792,1.1349308654297385,1.3016317803996968,0.8153704957218467,57.0,1.365271474281514,0.8085371592388133,1.0574367596725418,0.7424791187790196,1.285140607073107,0.892201870898628,0.7096096396066913,1.1401063983208983,1.3874115064087225,0.7663849765079109,1.3759339671037822,1.3242473416747167,1.2485032554166806,1.3218662391482696,1.2062154739576525,1.7162721480199954,1.474809910195375,0.8463749717076761,0.863803187917604,1.9214312194327179,S1_Rural_Overhead_AC_500MW,Overhead,AC,460,Standard Aluminum Conductor,100,0.6167265053607115,LCC Converter,0,False,0,,,65.08158901998485,0.0409581442284454,57.0,sample_288_1763055805151593,2025-11-13T11:43:27.132707,72486336.38920552,78430985.47344689,47215795.65549815,10461501.72049054,62024834.66871498,0.0,144972.67277841104,8263442.348369429,2421523.1542284726,600000000.0,34200000000.0,10021984589.867111,3666983.85965936,3795385.247876653,1460763.7240094154,839226.3978926494,39237.41609690184,2788520.0456698085,36182940.89612681,39748624.324371494,24009176.317353755,2470819.684005596,33712121.21212121,150240000.0,0,123188445.23895273,541680444.2140497,41344730455.10145,8131339910.638793,0.1083360888428099,65685167.649021275,3744054555.9942126,815574864.5434107,4.03323954784699,5672599.43922712,323338168.03594583,94751173.60737172,73243967.31483218,450000.0,25650000.0,7516488.442400337,6764839.598160301,44451700.73675438,35296042.51248136,6380893.854336468,5066629.555617208,0.0,0.0,0.0,2682896.9088991033,152925123.8072489,44813252.46198155,2011686296.6347864,438209634.5938732,35292742.046224326,0.005193735216877246,1.406983929780711,0.004063303587815489,0.14170752001281636,0.005311951555649934,0.36076859806954115,sample_0289
0.8574639844653319,16.0,0.865564217564625,0.8370427449515403,2.7014807647268024,0.8285086893771376,0.8367070687655493,0.7458526316740386,1.3041875459012555,0.6775152488772648,0.9977762507649923,1.574483050500524,1.1129334481351243,1.394309379748664,48.0,1.2934590289158028,0.8585821887686025,1.353402323193456,1.1636279815975834,1.1660465007105267,0.9080667539149208,1.420610578675591,1.3028357955189906,0.7965156808191786,0.9515953747333248,1.4192411920030321,1.091128316155468,1.385473943805215,1.2523716650235848,1.3150413588041538,0.7781336629118965,0.999007685365747,0.847789783095625,1.078565554222852,1.1899474657170508,S1_Rural_Overhead_AC_500MW,Overhead,AC,460,Standard Aluminum Conductor,100,0.5859299214660781,LCC Converter,0,False,0,,,55.64667240675622,0.038803770867474,48.0,sample_289_1763055807154034,2025-11-13T11:43:29.130455,112380969.0486222,115954015.80480912,69833784.80579835,16219245.717426457,96161723.33119574,0.0,224761.9380972444,10788573.028667731,3834482.1187511696,600000000.0,28800000000.0,10236116002.235657,3457644.540268218,3533979.1353276186,1648093.3147205994,1315252.233745147,53246.83307562207,2089145.4734474488,37937301.15075353,39364666.47547784,24062817.999802195,4225179.938632316,33712121.21212121,200320000.0,0,160947309.81217203,1289957065.157048,78974535437.98836,17454846972.178135,0.2579914130314096,29780731.5469641,1429475114.2542768,338890707.4916321,1.8286141078429567,3295888.8278944553,158202663.73893386,56228500.62133358,38522336.38466399,450000.0,21600000.0,7677087.00167674,6909378.3015090665,48932062.08620452,38857343.42204393,7589503.897904081,6026885.988255618,122769.9796915002,5892959.02519201,2094479.5895238528,2076249.0722413275,99659955.46758372,35421210.5883273,1349920485.0957036,320030410.9457586,28123343.439493824,0.002227248985306432,0.6688554175998724,0.0015833942570473425,0.09642388555041218,0.002252371388901613,0.18646239740664886,sample_0290
1.1586492105507444,19.0,0.5704780303734766,1.037549554209856,2.1187514952441497,1.201136232987035,0.5508095315512691,1.6145477079503157,1.739366502851423,1.1041824172793686,0.6589932352263858,1.4499449166000222,1.2814662829717514,1.118336482419528,51.0,0.9732811023606656,0.9820846747362215,1.0092049234125737,0.8977472437398896,1.0051814330025757,1.3634390837455392,0.900705307916233,1.3728497571656866,1.2723675042492082,1.4572098795691164,0.982645694160277,1.1964656189783276,1.395142513702509,1.4809659469370509,1.4612838633968988,1.7653958335213746,0.679971730451592,0.9532397607655394,1.2759715917790249,1.5116201704662247,S1_Rural_Overhead_AC_500MW,Overhead,AC,460,Standard Aluminum Conductor,100,0.7262846879468992,LCC Converter,0,False,0,,,64.07331414858757,0.0291984330708199,51.0,sample_290_1763055809150569,2025-11-13T11:43:31.056875,141132986.99894574,144074609.99552655,55006238.89896354,20368845.49358065,120764141.50536507,0.0,282265.9739978915,14395564.673892464,2219509.6029813127,600000000.0,30600000000.0,4717911064.260036,3010286.525514041,3048708.929269896,784412.4202949894,1014726.4300453904,94939.15554471286,1900620.939923938,37101019.64369554,38017773.95506173,14807904.458471743,3388898.431574328,33712121.21212121,237880000.0,0,155241252.3213962,1011703838.9790816,66881529216.62017,18519219180.66307,0.2023407677958163,67565229.34053005,3445826696.3670325,1013902856.3648696,4.148680208775231,7174694.921369459,365909440.9898424,56415954.25369876,40055949.03664079,450000.0,22950000.0,3538433.2981950254,3184589.968375523,237650201.62188655,153270356.29695085,8806715.113668064,5679811.563657999,5500083.002499882,280504233.127494,43248170.75307123,1669478.22972578,85143389.71601477,13127416.352607522,2228254296.106775,655643360.6808732,43691260.707975976,0.002365058856759565,0.8492296604572455,0.0017057370431205576,0.054552171474930675,0.002427851797501504,0.13521967979452743,sample_0291
1.3172224322628767,12.0,1.982965962037188,0.8326598591303563,2.7708738992192865,1.2030929940640362,0.7415287328717121,1.2060471147740268,0.6534105869179859,0.761277583966839,1.4395117817624032,1.5221963757218302,1.048333098598225,1.199895437860545,59.0,1.0827752533575579,0.9125521670607958,1.0854050752899884,1.1722859124709653,0.9902754990128493,0.9306567419386143,0.8698189089099826,1.438966970823189,0.8914948328466681,0.9714134790529547,0.94616876144972,0.8517629342424329,0.8953803541948889,1.475284993897829,1.1355708390259542,1.9956348110681967,1.4579679620892168,1.1796455271111899,1.228251390790768,1.0197769301415247,S1_Rural_Overhead_AC_500MW,Overhead,AC,460,Standard Aluminum Conductor,100,0.5828619013912494,LCC Converter,0,False,0,,,52.41665492991125,0.0324832576007267,59.0,sample_291_1763055811078638,2025-11-13T11:43:33.110819,118023242.84108038,126796860.65187754,69019808.0232337,17033559.972051557,100989682.86902882,0.0,236046.48568216077,13926742.655247483,3156817.0631010826,600000000.0,35400000000.0,8024225535.012046,3580154.8025783664,3763314.0648885937,1394078.7992400415,1325038.319247485,40928.59140729309,2214187.891923588,37348167.9935168,40663036.29409897,22585070.06285398,3636046.781395592,33712121.21212121,150240000.0,0,118071316.08408502,1323092286.8772092,105676651457.37209,27368564327.351013,0.2646184573754418,76376935.48920204,4506239193.86292,1275678709.9691372,4.689741806010263,4492455.249215803,265054859.70373237,60080790.20942723,41789837.987968504,450000.0,26550000.0,6018169.151259034,5416352.236133131,47725604.720438145,36145848.29595057,6292334.682916734,4765613.263746791,0.0,0.0,0.0,2661423.4250637516,157023982.07876134,35593103.01145961,1551772639.5280552,439293884.2781652,26301231.178441618,0.0017674230188018806,0.7107494704719057,0.0012622484232579496,0.09054335203385978,0.0017884304572292487,0.22735384439232742,sample_0292
0.7394594389419673,11.0,1.272098184549661,1.0797568930226042,0.8312345116383556,0.732137115914925,0.7330560946562519,1.6534759279461368,1.627642613689904,1.7299977523696288,0.8402634893750809,1.0295045070461994,1.0715134117315035,0.8263230253942333,58.0,1.0998134286286882,1.1718714293598294,1.0933504199128268,1.3040301213478624,0.9941289010608949,1.2104841954105199,0.7573025638659554,1.1074518442505212,1.1553117113045164,1.3923773406905082,0.9586419083055373,1.3388870308011194,1.3799926173979629,1.2904932921708765,1.0314559232827403,0.5021892568419244,0.9376882667559837,1.1166666447190732,1.0849009300445263,0.9415076877956222,S1_Rural_Overhead_AC_500MW,Overhead,AC,460,Standard Aluminum Conductor,100,0.755829825115823,LCC Converter,0,False,0,,,53.57567058657517,0.0329944028588606,58.0,sample_292_1763055813133306,2025-11-13T11:43:35.171313,105339104.10352716,110297824.2549182,52141968.1457549,15202937.183870276,90136166.9196569,0.0,210678.20820705435,12219336.076009152,1702838.0266502234,600000000.0,34800000000.0,4849589450.589995,3683191.2630576175,3810696.330135393,1137175.9282367844,1473949.1977659173,48798.652864316085,2160443.412427384,36216130.37998252,38253297.02096731,18181592.497020584,2504009.167861313,33712121.21212121,137720000.0,0,99243768.8855925,396914479.3073148,30995075367.953365,8448800597.516764,0.0793828958614629,19219787.23785413,1114747659.7955396,331594594.25871617,1.180144753578522,6475988.165557744,375607313.6023491,52343139.81639083,41565640.145606086,450000.0,26100000.0,3637192.087942496,3273472.8791482495,87050380.63659742,60694289.09261718,5522444.183047348,3850423.4133446426,1478679.9046920356,85763434.47213806,11951650.777656533,1998066.8135138792,115887875.183805,16149672.900651472,2242849528.479285,667161552.5219836,38669819.45653939,0.0038442222699755896,0.7833718849049968,0.0030791442457019486,0.06005088523185464,0.004028800195837304,0.2112039920960582,sample_0293
0.7167932329881008,6.0,1.161141564645387,0.9042926173361885,1.8252511117268313,1.2207349933376865,0.6102779802187273,1.7496299014629242,0.7546836422425269,1.248194400283853,1.3682413442848373,0.7661869047303914,1.325774112483224,0.9072663544623103,46.0,0.9490848806799406,1.3654180367874327,1.3809200217173196,0.7790414039390067,1.200263798374863,1.085867972140513,1.0039910482296346,1.1473719753124767,1.3284329238429897,1.2058303336145955,0.8205718520093941,1.4785403526332361,1.4376294701342527,1.2625666254517882,1.4441849398236561,0.9410489528148446,0.6800594613358732,1.29681639911384,1.1311403120464734,1.866542082938347,S1_Rural_Overhead_AC_500MW,Overhead,AC,460,Standard Aluminum Conductor,100,0.6330048321353319,LCC Converter,0,False,0,,,66.28870562416121,0.0284725464203982,46.0,sample_293_1763055815193933,2025-11-13T11:43:37.261086,113021306.91849202,117867795.68322948,71965726.7498286,16311661.696230648,96709645.22226135,0.0,226042.61383698403,10397960.236501263,2088529.775807404,600000000.0,27600000000.0,5543724009.439029,2979873.5895383707,3049135.402733294,1061424.323268587,880552.8596037864,23877.24955466793,2075443.4803799165,36461413.195340335,38326443.3465907,23429084.876104064,2749291.9832191225,33712121.21212121,75120000.0,0,60589005.18255627,871557405.8495619,50590321360.72986,21824417651.82821,0.1743114811699123,36015825.52212974,1656727974.017968,750181093.4210676,2.211465039114885,7172492.476372551,329934653.9131374,66270531.24797881,56115408.605633266,450000.0,20700000.0,4157793.0070792697,3742013.706371342,41554425.55890417,32372052.01294575,3222513.7040904243,2510427.7062709243,34906.8472792275,1605714.974844465,322523.212259458,1669590.0866032385,76801143.98374896,15426244.415039586,1714312324.797418,776255797.2403666,37267659.23472647,0.0024198561319627747,0.7301583309984148,0.0020566491103866788,0.07142681285053946,0.0024861658442871604,0.3357486621994891,sample_0294
1.2709513737958837,10.0,1.229910392750272,0.9366241124580958,0.801815336619277,1.129768692566347,0.9807450350421499,0.7196675595721278,0.7387833056098057,0.5384957112606648,0.5785854931301508,1.7776343497702574,1.1525560735251554,1.1298921322049467,54.0,0.7613747929356354,0.9290125405969517,1.3775913707752943,1.389722242864286,1.1848322900208088,1.2649750768149235,0.7540155340289358,0.9867489813397773,0.7505431478635536,1.1453764279814864,0.7835431915120293,1.185748846529528,0.9468314968764879,1.3374521636778454,1.0274679332775356,1.8690743193853059,1.2603655508840987,1.0285138048933238,1.2808349675241684,1.5543710682232301,S1_Rural_Overhead_AC_500MW,Overhead,AC,460,Standard Aluminum Conductor,100,0.655636878720667,LCC Converter,0,False,0,,,57.62780367625777,0.022841243788069,54.0,sample_294_1763055817284431,2025-11-13T11:43:39.346392,105326724.11480558,110116747.49679852,74209472.13663524,15201150.457160631,90125573.65764494,0.0,210653.44822961115,11375286.204399005,3814722.4809196303,600000000.0,32400000000.0,10865397684.14786,4016447.681451268,4147632.9392821984,2012270.503533709,1570807.262389026,46359.41993636268,2399280.9991258793,37136036.764257416,39145475.70285233,26333030.0416292,3423915.552136202,33712121.21212121,125200000.0,0,105886225.53722817,382866823.2357047,27237546620.008747,11441240575.875256,0.0765733646471409,71533212.35151441,3862793466.981778,1712411406.9735672,4.3923246505554685,2543547.348671435,137351556.82825747,46061089.119625054,29685134.278250143,450000.0,24300000.0,8149048.263110899,7334143.436799806,24283837.992446944,20162271.424007703,5053459.676737622,4195762.863528945,0.0,0.0,0.0,2409480.350777226,130111938.9419702,43633270.372224405,1837182818.47413,814439819.7683398,34021904.04581722,0.0021585850977039476,0.5285969240157791,0.0014740649085482488,0.0495211371398136,0.002230934420410133,0.1934369769425932,sample_0295
0.934954494930859,4.0,1.4179500674333223,1.0076523452522552,1.5028552141504,1.372891395515806,1.0372745069033107,1.8628799266206815,0.7320845119419106,0.7750631425123796,0.6991833380021345,1.2971351115310037,1.4637041055638331,0.8932023808106013,50.0,1.3029216490921816,1.2331482566144203,0.7767129649377905,0.9807914421352175,1.3156477137026807,0.9132624802843621,1.4533639168984975,1.2211401459409394,0.7906691891696696,1.423433795214786,0.8684037591460597,1.1070762985625846,0.92797622751312,0.8760686160249017,1.4535536305276193,1.5009635478759882,1.1649133696075182,0.9162933969141166,0.9923659689379819,1.8839096898581484,S1_Rural_Overhead_AC_500MW,Overhead,AC,460,Standard Aluminum Conductor,100,0.7053566416765786,LCC Converter,0,False,0,,,73.18520527819166,0.0390876494727654,50.0,sample_295_1763055819369014,2025-11-13T11:43:41.416049,107275421.98482622,112919266.54631996,73075672.76957291,15482393.890550282,91793028.09427594,0.0,214550.8439696525,10727542.198482623,1925940.9737143507,600000000.0,30000000000.0,5385970816.279154,3602279.7272269903,3709717.47473739,1325469.446875583,1108591.5391407155,13387.874468556454,2480300.3136177184,36418795.09336546,38708203.20793768,25475937.65382293,2706673.8812442464,33712121.21212121,50080000.0,0,42062223.87877304,717613364.7568159,46259641070.27049,15196512751.182844,0.1435226729513631,57444876.904309824,2872243845.2154913,1018421155.9949,3.527264337508573,7592361.488265748,379618074.4132874,68153729.00406846,50472810.02947922,450000.0,22500000.0,4039478.112209364,3635530.3009884288,36519074.614323825,29155577.093559302,2438077.530344995,1946477.5092676408,0.0,0.0,0.0,2287778.819649586,114388940.9824793,20536516.59455706,2393951559.3145924,848831452.2787486,47879031.18629185,0.003188008038019435,0.7228205631366907,0.0023893913400964274,0.06912838177033448,0.003312160670224855,0.3692675090585698,sample_0296
0.8749929370236232,1.0,1.6567238013970411,1.0646290788228008,1.8800061287087255,1.2456323918037369,0.6800278955358543,1.092221934899342,1.594961926478887,0.9090563164354839,1.1335624065159733,1.4769791327690114,0.7641878750438073,0.8405063466125241,53.0,0.9898652746269063,0.7607233675936154,1.203957588205939,1.1294607007596713,1.101622426086389,1.3564320202513471,1.397214098884744,1.3224942678852443,1.283041658964836,1.3031240730923248,1.1606292971444323,1.0426873563035237,0.7118395346699533,1.2633532770841933,0.8320756391012225,1.3165985855058024,1.4650490196788402,0.8605677989384024,0.8388764275396531,0.9814527921973537,S1_Rural_Overhead_AC_500MW,Overhead,AC,460,Standard Aluminum Conductor,100,0.7452403551759605,LCC Converter,0,False,0,,,38.209393752190365,0.0296959582388071,53.0,sample_296_1763055821438932,2025-11-13T11:43:43.373304,90843327.18876807,96451860.03821142,85338884.38613719,13110851.93459863,77732475.25416945,0.0,181686.65437753615,9629392.682009416,5100557.342341484,600000000.0,31800000000.0,16844024212.398466,3489233.827287851,3634998.052743671,2441860.6101413304,1276632.8526768407,4971.117834218119,2207629.856776792,36259110.141250074,38939661.09210625,34550785.22664301,2546988.929128861,33712121.21212121,12520000.0,0,12228034.352401411,897702926.4584165,62342399057.05749,27017611611.247135,0.1795405852916833,50388861.06447808,2670609636.417338,1237017261.9056733,3.094006675938636,6643638.47154756,352112838.99202067,186509345.45528173,131415263.1945101,450000.0,23850000.0,12633018.159298852,11369716.343368964,20753914.11389401,19787547.39352204,1195525.7106286683,1139858.3192267185,2131862.1190036936,112988692.30719575,59848561.91665552,2670451.773490521,141533943.99499762,74968590.55119461,1432503557.331765,663530754.9245129,27028369.006259717,0.004323768786236456,1.627890726550127,0.0031001401533234125,0.20767025217902302,0.004386969868229648,0.6741340846338009,sample_0297
1.3070789671476593,19.0,0.7400560153010842,1.035320359158381,0.7886134765836239,0.8087494532734368,0.9624849657664487,1.80282464927835,1.157509779161744,1.8450630154075824,1.1792160917138368,0.9199022362523204,0.9290363397079524,1.2273479950409043,56.0,1.162523081925369,1.2633471924406336,0.8557382250697042,0.9919420216145951,1.2972934465175094,1.1888485308193553,1.2743618731855755,0.7132752092283159,1.0604879689769793,1.2499641959062342,1.3178447366784845,0.9489723289316472,1.4423960187640934,1.4676181859220616,0.8728179751970283,1.7565839693188594,0.7635548278457667,0.9823728594655021,1.1607203114240674,1.911766591526481,S1_Rural_Overhead_AC_500MW,Overhead,AC,460,Standard Aluminum Conductor,100,0.7247242514108667,LCC Converter,0,False,0,,,46.45181698539762,0.034875692457761,56.0,sample_297_1763055823395486,2025-11-13T11:43:45.429318,103952197.0567678,106771583.6151991,23874048.596791096,15002773.52298488,88949423.53378293,0.0,207904.3941135356,11642646.070357995,684175.3227820855,600000000.0,33600000000.0,1974490223.833731,3902821.721143763,3958217.7215664014,500159.2383346886,1121195.072915891,82782.04500086558,2698844.6032270067,37431357.56073001,38634396.5051367,9013912.699034736,3719236.348608801,33712121.21212121,237880000.0,0,126065415.8521909,376562935.06868047,28084433452.359795,5724470453.530461,0.0753125870137361,67227981.67377138,3764766973.731198,836111735.1099108,4.127972327899319,7945418.475652501,444943434.63654006,26146918.50740629,21336396.74619224,450000.0,25200000.0,1480867.6678752983,1332780.9010877693,119934198.66338764,62209380.58413789,8883025.206885489,4607589.011242747,0.0,0.0,0.0,1776046.6789033527,99458614.01858774,5844644.674278395,1768403148.3051443,392742136.50409335,31578627.648306154,0.0030159317434838733,0.8274735364937557,0.00247463521077472,0.04416619494033542,0.0031510253570562106,0.11867640105538178,sample_0298
1.1213053172995844,1.0,2.5633624679439606,0.8520997477898822,0.40219632567689195,0.8308602038171278,0.7796433929680244,0.7324702112148058,0.8470763592259353,1.9239503724500353,0.7959967658691034,0.756089835336786,1.1195417282211941,1.3169408332351595,42.0,0.8668175380100898,1.3322795034418582,1.390363459210599,1.0959513310326379,1.1391742072649815,0.889424880648276,0.7520760407379545,1.2677771622497152,0.9852857537406525,1.4980659790030728,0.8995426486985325,0.7528325003493198,0.8588698474062915,0.8966291717622574,0.9036891277873434,1.3325715374638811,0.7329618313284092,0.8970254319201509,1.0742902352426429,1.0469458284020534,S1_Rural_Overhead_AC_500MW,Overhead,AC,460,Standard Aluminum Conductor,100,0.5964698234529174,LCC Converter,0,False,0,,,55.97708641105971,0.0260045261403026,42.0,sample_298_1763055825452026,2025-11-13T11:43:47.546193,106956517.29627188,117344541.46688628,89627655.03408596,15436368.361958656,91520148.93431322,0.0,213913.03459254376,8984347.452886838,2550718.473820421,600000000.0,25200000000.0,7154454553.0260935,3103323.631293927,3329234.873894915,1756347.1490668445,1238757.1105308302,3259.6074262303787,1861306.9133368663,37702851.00980351,42083146.87351192,33219511.26259675,3990729.797682302,33712121.21212121,12520000.0,0,11786036.885708382,192048745.51071596,9963294844.797035,5292582473.775819,0.0384097491021431,51000177.881817654,2142007471.0363417,1180886530.878061,3.131543113040121,2951062.517482327,123944625.73425771,35188737.77411013,29867568.384242874,450000.0,18900000.0,5365840.91476957,4829256.823292613,6613067.998990713,5733517.976548352,1603513.1105747824,1390242.9623458637,0.0,0.0,0.0,1737040.6083437216,72955705.55043632,20712630.148593254,1217606205.0296924,671265057.1370081,28990623.92927839,0.002803447811379694,0.32546898211290437,0.002398514343746872,0.048392076271113464,0.0029398666190091024,0.24316699180182466,sample_0299
1.0779908012240904,10.0,1.0393095845247422,0.8695056292567901,1.0538905719991938,1.0760099713476206,0.5437947012656729,1.2804357019925536,1.9654101668408503,0.5578949967353282,1.3056533229482554,1.7380948222655062,1.2360284291002885,1.2530165433937663,48.0,0.895916191610208,0.7120216995957402,1.36480445393645,1.1292080736879084,1.4352670451036853,1.1787312303865134,1.1882792294399882,1.457893123202446,1.1234729809479844,0.8056744545908605,0.7672526926276829,0.7039277534734157,0.9902013548212691,0.7416105194595244,1.2903308378546408,1.0401338716259558,0.9577939598171452,0.9849730080629477,1.1754916528722792,1.718745675962714,S1_Rural_Overhead_AC_500MW,Overhead,AC,460,Standard Aluminum Conductor,100,0.6086539404797531,LCC Converter,0,False,0,,,61.80142145501443,0.0268774857483062,48.0,sample_299_1763055827567596,2025-11-13T11:43:49.591271,118058054.53652406,122579312.49838682,99743965.81339426,17038584.127360243,101019470.40916382,0.0,236116.1090730481,11333573.23550631,6735197.576630363,600000000.0,28800000000.0,17114963319.711493,3900183.231256685,3989665.068163397,2681833.28654119,1276347.3075320902,43198.71363725604,2580637.210087339,37509141.04058717,39213727.77659035,31707402.10245182,3797019.828465959,33712121.21212121,125200000.0,0,115225035.55175725,503232748.129615,30809221154.87621,12206294594.76738,0.100646549625923,39808003.53486858,1910784169.673692,795750413.0065899,2.4443145983209966,5046010.519897205,242208504.95506585,143937141.5981983,93901861.48949324,450000.0,21600000.0,12836222.489783624,11552600.240805255,107614720.66319998,98276334.91587102,4967689.3130361345,4536612.609104507,5172853.805006211,248296982.64029813,147555338.55151892,2023701.57216686,97137675.46400928,57725963.62946382,1579686287.9756596,657863947.1836017,32910130.99949291,0.0050024909583936406,1.1687886569666965,0.0033649529331527986,0.1282870216632574,0.005109754001412016,0.27787448844376955,sample_0300
