real_wacc_mult,delay_years,construction_years,line_utilization_mult,wildfire_ignition_rate_mult,congestion_price_mult,congestion_flow_factor_mult,congestion_binding_hours_mult,congestion_average_exceedance_mult,congestion_near_binding_hours_mult,congestion_near_binding_relief_factor_mult,congestion_saturation_factor_mult,electricity_price_mult,environmental_mitigation_cost_mult,project_lifetime,social_discount_rate_mult,wacc_nominal_mult,inflation_rate_mult,row_acquisition_cost_mult,row_rent_cost_mult,row_hold_cost_mult,terrain_mult_forested,terrain_mult_scrubbed_flat,terrain_mult_wetland,terrain_mult_farmland,terrain_mult_desert_barren,terrain_mult_urban,terrain_mult_rolling_hills,terrain_mult_mountain,terrain_mult_subsea,outage_rate_mult,veg_om_per_mile_mult,labor_cost_mult,materials_cost_mult,outage_growth_rate_mult,project_name,construction_type,ac_dc,capacity_mw,conductor_type,line_length_miles,line_utilization,converter_type,number_of_converters,reconductoring,old_capacity_mw,old_conductor_type,old_ac_dc,baseline_electricity_price_per_mwh,social_discount_rate,project_lifetime_years,scenario_id,timestamp,build_cost_nominal,build_cost_afudc,build_cost_pv,build_conductor_nominal,build_structure_nominal,build_converter_nominal,insurance_annual,insurance_nominal,insurance_pv,wildfire_liability_annual,wildfire_liability_nominal,wildfire_liability_pv,row_cost_nominal,row_cost_afudc,row_cost_pv,row_acquisition_nominal,row_holding_nominal,row_rent_nominal,env_mitigation_nominal,env_mitigation_afudc,env_mitigation_pv,env_base_cost,env_credits_cost,delay_cost_nominal,delay_cost_afudc,delay_cost_pv,wildfire_eal,wildfire_nominal,wildfire_pv,wildfire_events_per_year,outage_eac,outage_nominal,outage_pv,outage_events_per_year,congestion_benefit_annual,congestion_benefit_nominal,congestion_benefit_pv,congestion_benefit_haircut_pv,curtailment_benefit_annual,curtailment_benefit_nominal,curtailment_benefit_pv,curtailment_benefit_haircut_pv,congestion_delay_cost_nominal,congestion_delay_cost_pv,curtailment_delay_cost_nominal,curtailment_delay_cost_pv,residual_congestion_annual,residual_congestion_nominal,residual_congestion_pv,line_loss_cost_nominal,line_loss_cost_pv,line_loss_annual_cost,oandm_annual,oandm_nominal,oandm_pv,bcr_system,bcr_capital,bcr_haircut,bcr_excluding_risk,sample_id
0.786860769220036,16.0,0.8345116840007385,0.9403026319709407,0.5756263466592606,1.1427316737289686,0.9182240073620225,1.2160696784736151,0.5743594318366223,0.6027480703105221,0.5187640065858914,1.670366175055757,1.2316163596797849,0.8684726356979444,60.0,1.047136442982502,0.962372635496963,0.9238510930690902,0.7031263168746864,0.9596488949356745,0.9193117660264389,0.9150545974183203,0.7614114719349468,1.3829516770098074,1.2685909773411366,1.2808142967790612,1.1040887439900613,0.889216523291234,1.1715885613544865,1.15951186945802,1.8012761892204607,1.3667749675585525,0.9727902910697698,1.2110492338232752,1.697652220943621,S1_Rural_Overhead_AC_500MW,Overhead,AC,460,Advanced Aluminum Conductor,100,0.6582118423796585,LCC Converter,0,False,0,,,61.58081798398924,0.031414093289475,60.0,20251111_111803_377171,2025-11-11T11:18:04.764611,108542808.6347468,111868140.78950904,108542808.63474682,23439470.43249656,85103338.20225024,0.0,217085.6172694936,13025137.036169617,2027033.1364523764,600000000.0,36000000000.0,5602489456.321698,2989137.5116897323,3033560.5450072233,738732.8758954912,794745.8066492667,53906.213325206074,2140485.4917152594,36343856.47181195,37670181.84667549,16348071.905947702,2631735.259690741,33712121.21212121,200320000.0,0,137695162.91888058,274861580.52979696,22447854538.07933,5460043651.653769,0.0549723161059593,68938442.31384547,4136306538.830728,1099956054.2584317,4.232999044668083,3235569.0092533487,194134140.55520093,30212068.765905228,20119025.216899894,450000.0,27000000.0,4201867.092241273,3781680.383017145,48371494.580710344,32641321.10783325,7575530.257800332,5112004.866717024,0.0,0.0,0.0,1701542601.1813347,466700757.893558,28359043.353022244,2574939.523337154,154496371.40022928,50471917.37480651,0.002650739702087572,0.2739317181851805,0.0018409562190954542,0.005358116591701615,sample_0001
0.9888912334954699,10.0,1.121035792281451,1.0537730906509493,0.8876093629430976,1.2535009282163405,0.8340570842091983,1.7664986744899889,1.48343816679309,1.450838700993024,0.5606507854750107,0.6080626081048491,0.9338977917228526,1.356846678656067,57.0,0.804533547527558,1.3206494880372475,0.945497176452495,1.3088937310490878,1.0074528923236632,0.9165847225839414,1.0721095579318978,0.7918166901441256,1.2062938746716596,0.9236945864705707,1.0582175921018921,1.482743743450285,0.7918260370493835,0.8366266697135573,0.8796407511466651,1.82223210299671,0.821469309464182,0.8661600831698957,0.8332819702757202,1.2428164130538382,S1_Rural_Overhead_AC_500MW,Overhead,AC,460,Advanced Aluminum Conductor,100,0.7376411634556644,LCC Converter,0,False,0,,,46.69488958614263,0.0241360064258267,57.0,20251111_111805_038619,2025-11-11T11:18:06.417575,69935514.44895852,72828737.29547696,69935514.44895852,15102349.420715475,54833165.028243035,0.0,139871.02889791704,7972648.647181272,879446.5294815277,600000000.0,34200000000.0,3772531894.893171,3659919.0688473415,3772112.79600534,974387.4828240436,1479446.550549423,33591.44131797026,2146881.076979948,37823777.814109296,39679015.04030533,17028796.17741034,4111656.601988082,33712121.21212121,125200000.0,0,85877398.21084201,423833470.8053291,32349849058.556683,12583599770.397133,0.0847666941610658,69740467.04589008,3975206621.6157346,1647140613.2934437,4.282245442042267,12370630.766025476,705125953.6634521,77780998.54129645,68321855.17449239,450000.0,25650000.0,2829398.921169878,2546459.0290528904,131508905.6057952,87035298.34216033,5004466.106526652,3312058.591152801,393468.70005773584,22427715.903290942,2473955.3676832733,1439427739.4921107,610827345.885932,25253118.236703698,1879674.809266832,107141464.12820944,24608515.43902676,0.004263696083355209,0.9166658046537478,0.003748411659232098,0.01724107855396609,sample_0002
0.8698326357634211,13.0,2.917888307722765,0.8357660605141347,0.5802211812921071,1.4219163096212746,0.685981614565211,1.6316904174263656,1.4922148392382937,1.5060805089544678,0.9844522881989087,1.0379680656927996,0.7458292789742239,0.9128880722135794,46.0,1.1687898883248566,1.0063144948486082,1.2169222864627467,1.2969032752559104,1.4026638805997242,0.7715938343927649,1.1221431456664595,0.7894769165984692,1.1016506100637427,1.0751959677622722,0.9943192464183497,1.1390351663718576,1.0997662668818238,0.7476853175943452,0.9134349395612013,1.545457096546462,0.9443343095539641,0.8945568833975674,0.9267180393710872,1.5761062454801709,S1_Rural_Overhead_AC_500MW,Overhead,AC,460,Advanced Aluminum Conductor,100,0.5850362423598943,LCC Converter,0,False,0,,,37.2914639487112,0.0350636966497457,46.0,20251111_111806_692164,2025-11-11T11:18:08.080747,84032582.63417049,93383663.27664216,84032582.6341705,18146565.95673744,65886016.67743304,0.0,168065.165268341,7730997.602343686,1814936.7793709897,600000000.0,27600000000.0,6479403782.954689,4018426.366904286,4326570.499786006,1491479.6396929575,1465893.7020316806,36761.06843360583,2515771.596439,36478448.70367751,41371525.817976005,20306243.74126352,2766327.4915563012,33712121.21212121,162760000.0,0,123142632.12508424,277055614.06698114,16081938443.03385,4318597899.641575,0.0554111228133962,59147733.9990262,2720795763.9552054,774934493.4976028,3.631824176884186,11627242.665754886,534853162.62472475,125562666.85637394,99496659.168346,450000.0,20700000.0,4859552.837216018,4373597.553494414,198395175.52298588,141896085.37592214,7163049.7384752445,5123152.387971753,2433027.609733553,111919270.04774344,26274280.497567985,671165541.8543166,197863541.28696096,14590555.257702537,2036327.6843813043,93671073.48154,40884987.69979223,0.010676548539362535,1.232371185574649,0.008502967058007226,0.018311982601720445,sample_0003
0.8943272562252956,7.0,0.6393979869846237,1.0729036090378465,0.6930734250358855,0.9547845965604437,1.0735278188154778,1.4834702168792469,1.8921039021552906,1.1891161360853038,1.2671446190530253,1.236207402350824,1.1647480987841308,0.8375144185605997,53.0,0.8713037714058702,1.2561503579297053,1.0218029632506735,1.2802245135942116,0.9878890288697015,1.1546826911486812,1.4271203701004458,0.7609479354963572,1.3343909254194064,1.1170996144741927,0.9075450854172349,1.2575330130176616,1.2211171702941321,0.7337416805212404,1.1810908920227163,0.8248859806448515,1.1501381359558618,0.9758628276050952,1.230362107954583,1.154586350000388,S1_Rural_Overhead_AC_500MW,Overhead,AC,460,Advanced Aluminum Conductor,100,0.7510325263264925,LCC Converter,0,False,0,,,58.23740493920654,0.0261391131421761,53.0,20251111_111808_357319,2025-11-11T11:18:09.741440,121168014.69653907,124002158.95461228,121168014.69653907,26165843.076725554,95002171.61981352,0.0,242336.02939307815,12843809.557833144,2242480.469219298,600000000.0,31800000000.0,5552159474.186756,3419525.7974259374,3481083.0121910535,1264783.4940964363,1447041.6471837603,29622.159777959103,1942861.990464218,36250043.69260788,37259334.96366606,21392752.95541969,2537922.480486666,33712121.21212121,87640000.0,0,68003856.39986175,330942560.4546353,22982829353.384037,9569791469.727844,0.066188512090927,31570036.25123975,1673211921.315707,739082059.3055124,1.9384820545154011,11080691.379301377,587276643.102973,102536276.0368794,77185055.3476239,450000.0,23850000.0,4164119.605640066,3747707.6450760593,73703965.27958846,55904680.81855488,3437729.0941430805,2607527.926342823,272239.1107084112,14428672.867545793,2519191.5962731354,1712660426.1512876,776281461.126663,32314347.66323184,2298727.563043724,121832560.84131736,32873671.226559132,0.006296757782037334,0.7418737129271623,0.0047761210455436074,0.016078010356246106,sample_0004
0.8201977972280442,8.0,2.517184779541875,0.8554282719476239,0.46652647006627335,0.9339547315650882,1.040559672339534,1.0373966379876425,0.7878054426984747,1.3898919396005982,1.1039123602526855,1.5755191961408013,0.8062926690960037,1.3491892369505627,51.0,1.1977647731162404,0.8276771211710423,0.7847946805190522,1.2713946810285681,0.7859502733548862,0.8250460241441175,1.046890635079633,1.438052762690947,1.1479002331835302,0.8238537267482894,0.7470108739097001,1.1484538940183135,1.2258446627411619,1.0884876296191393,1.4334589349464808,0.6035454108092995,0.9882831429025609,1.282906724849054,1.176773260716585,0.9541769609120899,S1_Rural_Overhead_AC_500MW,Overhead,AC,460,Advanced Aluminum Conductor,100,0.5987997903633367,LCC Converter,0,False,0,,,40.31463345480019,0.0359329431934872,51.0,20251111_111810_039421,2025-11-11T11:18:11.408788,128229044.95994031,140448421.25435218,128229044.95994031,27690649.852629952,100538395.10731035,0.0,256458.08991988064,13079362.585913911,3650982.748148477,600000000.0,30600000000.0,8541706169.5088,3003441.8208772615,3260377.8891575653,1498057.8000646424,1437061.260677745,24189.34937211869,1542191.2108273976,37800573.44530474,42106452.04128379,26071339.6842713,4088452.233183523,33712121.21212121,100160000.0,0,83709230.71568233,222766389.45664555,14726599041.0398,4299466406.816615,0.0445532778913291,23098889.96249351,1178043388.087169,370185976.6994676,1.4183317154018538,4394025.189805193,224095284.68006483,62554120.12122678,42843076.71148872,450000.0,22950000.0,6406279.627131598,5765651.664418441,28899587.55704456,22989142.92859621,4732733.150793844,3764810.782567162,0.0,0.0,0.0,830517968.2885125,270358080.1126189,16284666.044872792,2092362.4469007656,106710484.79193904,43938590.933442846,0.004998735867903161,0.44262573275097505,0.003523503270173452,0.0075565459843310884,sample_0005
0.7652285418880845,7.0,1.3250635369662014,0.8511083227337451,0.3902047585555413,1.4522912200243239,1.0065819578407051,0.6924057081980678,0.673420354740846,1.9661399378394449,0.9877944624561075,1.8581317113556315,1.259748088885169,1.3966752277030694,54.0,0.8774807693154212,0.9981044019916533,1.3437135648243732,1.2737836995410001,0.8355912418223347,0.7448552845115793,0.7330683125559444,1.2736678345577666,1.1181428408914278,1.296505803538933,0.9992602537646902,1.108075129530504,1.2959980235034605,0.84361627332653,0.942629503232778,0.6388517198500057,1.5828939259407115,0.9688705688773119,0.8847969458256192,1.1474683503418968,S1_Rural_Overhead_AC_500MW,Overhead,AC,460,Advanced Aluminum Conductor,100,0.5957758259136215,LCC Converter,0,False,0,,,62.98740444425845,0.0263244230794626,54.0,20251111_111811_686000,2025-11-11T11:18:13.065143,96015701.86987282,100728267.9723428,96015701.8698728,20734282.015933003,75281419.85393982,0.0,192031.40373974564,10369695.801946264,3331791.20812895,600000000.0,32400000000.0,10410144830.20004,3153854.4081963557,3283826.4886207855,1666485.4916801597,1439761.575541797,19108.47232611554,1694984.360328443,37944470.386979,40153999.16963597,28117698.282384843,4232349.174857786,33712121.21212121,87640000.0,0,75702901.34445436,186322772.21027097,13255197072.33085,5325727526.417953,0.0372645544420542,24450133.022099417,1320307183.1933684,564219726.5106655,1.5013015416475133,5572217.492984702,300899744.6211739,96679318.54557487,60750737.021217816,450000.0,24300000.0,7807608.622650028,7026847.760385025,20295074.41366036,17108983.086144138,3746278.5916347904,3158156.2971319766,0.0,0.0,0.0,1364402952.3188744,598412413.8751668,25266721.339238413,2850491.195274407,153926524.54481798,64996044.59664182,0.006078849553483586,0.8305804622427337,0.003943170233368074,0.009247731443292266,sample_0006
1.2093800543168332,19.0,1.5233352029028329,0.9071958754738179,0.8217440426537568,0.9513627093228918,0.5463608652463663,1.2693812309817483,0.8953621872449675,1.5380121090308754,1.0723301710273967,1.3925570797732423,1.4102323620992971,1.308118337981208,41.0,0.9101754469982719,1.3462753278534318,0.8620378712345707,1.4209760663688504,1.3317176069233314,1.1956257610744963,1.0562156951484898,1.3694233815676182,0.8877438865247083,1.4761786047423995,1.420521704225032,1.3760869823958526,1.041907297468661,1.0226191019093946,1.123708949341958,1.4308528569255863,0.7873439430389161,0.8112789320967226,0.8024487173490016,0.6469699208965,S1_Rural_Overhead_AC_500MW,Overhead,AC,460,Advanced Aluminum Conductor,100,0.6350371128316724,LCC Converter,0,False,0,,,70.51161810496485,0.0273052634099481,41.0,20251111_111813_346720,2025-11-11T11:18:14.759888,95365352.66771112,100765863.01824504,95365352.6677111,20593841.197360095,74771511.47035101,0.0,190730.70533542224,7819958.918752311,511282.1550032774,600000000.0,24600000000.0,1608389653.16296,3765683.936914159,3933523.253869903,552472.4244181969,1606133.5538047915,83253.95791947399,2076296.425189894,37676116.17570063,40213146.77336293,8084310.974601327,3963994.9635794186,33712121.21212121,237880000.0,0,120429554.3984269,392382780.3671689,19766375591.975315,6544213151.9583435,0.0784765560734337,54761600.540256046,2245225622.150498,771434813.9908583,3.362504213775128,4590659.689131085,188217047.25437447,12305949.241984537,8878601.893933395,450000.0,18450000.0,1206292.2398722195,1085663.0158849978,79889073.67625667,38671822.46060186,9235500.841306277,4470619.478166294,248355.49539495577,10182575.311193185,665754.01516568,1266518910.6716218,447044170.9795624,30890705.138332237,1836164.9670746175,75282763.65005934,22026721.09310507,0.0013985135294568784,0.12992273036764296,0.0010312988637884064,0.005759173991982126,sample_0007
0.840308609107856,18.0,2.2548952369227195,0.8676258159565928,0.5525458411237337,1.2422615172651201,0.5633091885259113,1.4027305155896186,1.3987608021852433,1.838816688185012,1.3908466190658553,0.9059171561828805,0.8010525917870557,1.0571558430481196,51.0,1.296992262430217,0.8030757835556018,1.3479425524275106,0.8569496748454103,1.3615440787400335,0.7822252487393726,0.8512407464470988,0.7209236976128212,1.0116920264968923,0.9666102719564361,0.8491856122422285,1.3368676227441711,1.4785243148463274,0.8157569498237041,1.3595180945952012,0.6730318477158399,0.8289400296768265,1.2741591229382965,0.9068749917629424,0.7757443418658889,S1_Rural_Overhead_AC_500MW,Overhead,AC,460,Advanced Aluminum Conductor,100,0.6073380711696149,LCC Converter,0,False,0,,,40.05262958935278,0.0389097678729065,51.0,20251111_111815_037880,2025-11-11T11:18:16.419112,75870373.73255108,82315879.28207745,75870373.73255107,16383963.195488056,59486410.53706303,0.0,151740.74746510218,7738778.120720211,2936506.7894653464,600000000.0,30600000000.0,11611278467.4691,3678741.4463098226,3832451.871373105,1700658.500142719,968612.8142949636,51601.26631774894,2658527.36569711,36915623.76681248,40673219.041834086,23984746.894803364,3203502.554691272,33712121.21212121,225360000.0,0,183029073.16687793,263840639.13658285,17441927899.326637,3213555876.9645424,0.0527681278273165,25758274.875780627,1313672018.664812,261933466.25628304,1.581624842132224,8030714.241103821,409566426.29629487,155411432.24354377,127253455.69626784,450000.0,22950000.0,8708458.850601826,7837612.965541644,177731019.5744352,140949704.15569797,9114702.856615225,7228421.207413164,2719821.568561623,138710899.99664277,52634342.69066267,841355167.8970265,174285492.0390084,16497160.154843658,1889199.9775379533,96349198.85443562,56519738.62919825,0.010383453000173532,1.6160566390623914,0.008546872367764757,0.013310164944352632,sample_0008
1.2528985581886367,2.0,2.764693792740797,1.0337506124241678,2.3185536297531866,1.0508899668647915,0.7122184070535023,1.5331319293077021,1.7073812352564117,1.1344916404854812,1.3605551381540382,0.9347401906676744,1.3162004216826184,1.2997356982891204,59.0,0.7795604759975022,0.7980476684119646,0.7214619396126949,0.9539213932246098,1.2396200445973453,0.9885893430544583,1.4569745274442316,1.4212371519041396,0.7066287390128255,1.180379807615673,0.7227658683584173,1.120306428010399,0.7622944979433677,1.0059560978199977,1.3556272842374562,0.6576106136298813,0.8986103687713504,1.1779457167657852,0.8627208136498081,1.223168037750869,S1_Rural_Overhead_AC_500MW,Overhead,AC,460,Advanced Aluminum Conductor,100,0.7236254286969174,LCC Converter,0,False,0,,,65.81002108413092,0.023386814279925,59.0,20251111_111816_722501,2025-11-11T11:18:18.112033,101717966.73222189,112412618.29424556,101717966.73222189,21965667.773501363,79752298.95872052,0.0,203435.93346444375,12002720.074402183,3840750.345515734,600000000.0,35400000000.0,11327645849.3121,3892701.3504801514,4106292.478770557,1930051.7578452355,1078220.241432665,7246.060312060981,2807235.0487354253,37650714.23723976,42392753.455729574,33193380.102241863,3938593.025118547,33712121.21212121,25040000.0,0,23569791.43025656,1107109358.2071466,88425887546.051,40012409769.64005,0.2214218716414293,25168073.404842813,1484916330.885726,717493097.8422503,1.545384942030221,8498102.869362684,501388069.29239833,160439166.15860584,130445378.80547428,450000.0,26550000.0,8495734.386984078,7646160.948285671,47185088.5650709,41833595.004255846,2144112.2067333586,1900937.8688877283,2680396.511168708,158143394.1589538,50604304.023751415,2043342523.3865628,1010407902.2838396,34632924.12519598,1978029.6598834717,116703749.9331248,43490889.8621618,0.0031653509341636496,1.2345306484983902,0.0025874356509399893,0.013364959705681379,sample_0009
1.1005691770163706,7.0,1.4276188054545338,0.9897031235254288,2.2419455547914544,1.2735564052812314,1.089211209000633,1.8933581939749766,0.86232282605085,1.595757197556132,0.581158042198133,1.5909780408602645,1.3412460739304914,0.9676455529886197,49.0,0.8312852492879426,1.25952772261604,0.7497121376994235,1.1163714158177975,0.7263143924338625,1.0983616540252215,1.3317464113380535,0.9353980916579427,0.7771080180831372,1.284170827139465,1.062300245519899,1.3854429860109092,1.0658643088637731,1.399750181321423,0.8472463357209878,0.8260244258050846,1.5335132431239422,1.2029110277436015,0.9140165401744028,1.614524754012178,S1_Rural_Overhead_AC_500MW,Overhead,AC,460,Advanced Aluminum Conductor,100,0.6927921864678,LCC Converter,0,False,0,,,67.06230369652457,0.0249385574786382,49.0,20251111_111818_393509,2025-11-11T11:18:19.785044,94190155.62907854,99180243.81529991,94190155.62907857,20340061.176501412,73850094.45257713,0.0,188380.31125815707,9230635.251649696,1384525.4469973114,600000000.0,29400000000.0,4409777553.982122,2632913.232466045,2756077.9306109,976549.1835464193,1261837.9942425406,28177.30330499006,1342897.9349185145,36644380.46360187,38961888.803342454,20262583.59043872,2932259.2514806655,33712121.21212121,87640000.0,0,65960193.12344346,1070529002.4129196,67266511993.86388,29869401588.708485,0.2141058004825839,31613606.8244122,1549066734.3961978,721947911.4575179,1.941157400641949,8905779.41038088,436383191.1086631,65454176.90768959,44626945.27914614,450000.0,22050000.0,3307333.1654865914,2976599.8489379324,63085308.9793431,45182717.435477555,3792428.46245454,2716198.531570232,0.0,0.0,0.0,1626003940.5957232,776703320.2456375,33183753.88970863,2787530.8246830264,136589010.4094683,35434022.39953747,0.0019077136180549739,0.59570245147029,0.0013207087978710196,0.012610802860691184,sample_0010
1.1348956133666104,6.0,1.9369587449043963,1.0224275694859661,0.6245510903276468,1.2346063152652982,0.794550845423318,1.8210037764174396,1.4225392339221228,0.5620020327923869,1.0968958792143662,1.0794013320574942,1.494354390490933,0.9344327759682379,55.0,1.0046899139648224,0.9245265833623356,1.33776712670228,0.9791102993111247,1.3402710225403691,1.113966580941145,1.2139452401575728,1.117695487952608,1.1924948267194553,0.9369130356036667,1.3262725776732207,1.2335036600976648,1.3228322559008032,1.0776444804725935,0.8127208381101936,0.7222350346737355,1.5035462000438717,0.8736994975101511,0.8425343840597925,1.673118202632596,S1_Rural_Overhead_AC_500MW,Overhead,AC,460,Advanced Aluminum Conductor,100,0.7156992986401762,LCC Converter,0,False,0,,,74.71771952454665,0.0301406974189446,55.0,20251111_111820_068267,2025-11-11T11:18:21.452457,87530566.76779372,93881104.48673733,87530566.76779374,18901944.380280063,68628622.38751365,0.0,175061.13353558743,9628362.34445731,3569446.7672402505,600000000.0,33000000000.0,12233829503.387629,3929116.087174665,4078303.6936269617,1974483.6804961248,1106691.3383122713,24495.112418004013,2797929.63644439,36543735.68475223,39719734.01701799,29142897.440635744,2831614.472631024,33712121.21212121,75120000.0,0,67259536.69009416,298223145.63145137,21726288997.068893,7749016810.687385,0.0596446291262902,27641379.247033205,1520275858.5868263,583020779.4184612,1.6972523314832786,11780434.882425182,647923918.533385,240199719.71224993,188345340.22880197,450000.0,24750000.0,9175372.127540722,8257834.914786647,91381907.11684032,79158811.54372245,3571631.4352069786,3093895.8115821797,400640.99719540746,22035254.84574741,8168956.086259689,2129111874.3579936,841117486.139855,38711124.98832716,2749322.8447559364,151212756.46157652,69994067.35020076,0.0114618972690167,2.101807037347562,0.00903636918841125,0.018575647703088418,sample_0011
1.1036978597285099,14.0,2.483740044499968,1.084881521422783,0.34749839986405523,1.2396344696426902,0.7633821827505514,1.9820587100001537,0.7465695181744727,0.8699384865705571,1.4718189401271942,1.6308730024440183,0.7898790425990824,1.450777205115204,43.0,1.3339621694199675,1.1645236355771305,0.7588436472506598,1.4303717642373437,1.185341240912433,1.4843221332685126,1.1072429108323627,1.4764349424542376,1.1157162145816764,1.236002387385402,0.9542248407037159,1.3995996666251767,1.4677588247280422,1.382941244269609,1.105256001324788,1.5687958597097942,0.6661899270827778,0.9620387200988463,1.2580029929546452,0.6704468088643456,S1_Rural_Overhead_AC_500MW,Overhead,AC,460,Advanced Aluminum Conductor,100,0.759417064995948,LCC Converter,0,False,0,,,39.49395212995412,0.040018865082599,43.0,20251111_111821_733575,2025-11-11T11:18:23.120197,155002971.52027488,169568529.58351496,155002971.5202749,33472393.183821954,121530578.33645292,0.0,310005.94304054976,13330255.55074364,1515061.891646279,600000000.0,25800000000.0,2932321638.972137,3669650.5397432153,3954537.6999136135,920813.7381561171,1616753.5395773612,76157.4200959065,1976739.5800699475,38108415.77307637,42382566.07338155,13950781.898609808,4396294.560955163,33712121.21212121,175280000.0,0,110265891.15763004,165930485.93508637,8860319476.722122,2073240238.9657805,0.0331860971870172,60040955.14281326,2581761071.14097,640360805.3259653,3.686670270318016,7941298.695322898,341475843.8988846,38810736.676394224,26151660.146295175,450000.0,19350000.0,2199241.2292291024,1979317.1063061927,108852565.71030134,63866470.6270839,7417683.020024985,4352136.595293975,0.0,0.0,0.0,957389415.9842392,246966776.49946207,22264870.139168352,1681693.596730542,72312824.65941331,23036624.000877284,0.006545050356435737,0.24141328859258596,0.00448960648351819,0.011544954541892749,sample_0012
1.0718020389082357,1.0,2.808288084715594,0.8949483420829857,2.561148954599823,0.7618627151710415,0.7047767100852027,0.8057529557853846,0.7947138402992338,1.2559951807317915,1.453574015232759,1.7911394580044782,1.0848050112427237,1.2737653860835856,42.0,0.7135291750749888,1.3530418447482866,1.2308227610228828,1.3060128316577897,1.3169866350811297,1.3323969837339682,0.9422527653534903,0.9887076770881729,0.7608185560243496,1.3312779766631526,1.46610692080725,0.9560527872402702,1.0903692170507278,0.8465213324933565,1.3463565094135266,0.7697882472420992,0.8070528476287773,0.9321507028581657,1.0713781202559625,0.659541394970879,S1_Rural_Overhead_AC_500MW,Overhead,AC,460,Advanced Aluminum Conductor,100,0.6264638394580899,LCC Converter,0,False,0,,,54.24025056213618,0.0214058752522496,42.0,20251111_111823_424410,2025-11-11T11:18:24.837836,106101607.46144596,117442144.14198507,106101607.46144596,22912300.890441395,83189306.57100457,0.0,212203.21492289193,8912535.026761461,2402958.773000321,600000000.0,25200000000.0,6794313951.954445,3644736.273353405,3942232.955930825,2007453.962065496,1476190.261237441,4883.033067054124,2163662.979048909,37572016.32146541,42385535.8458776,32648727.591463383,3859895.109344199,33712121.21212121,12520000.0,0,11714301.788853873,1222948625.8214154,63445338873.188576,37193476507.22061,0.244589725164283,29461335.79844962,1237376103.534884,748040579.356159,1.8090023810189328,2838509.7229609787,119217408.3643611,32142877.022453528,20628401.95671312,450000.0,18900000.0,5095735.463965832,4586161.917569249,6688391.691109248,5650310.348436214,1713729.6381220175,1447747.7928773593,0.0,0.0,0.0,979381320.4631544,604746831.3858383,23318602.868170343,1861293.8204266909,78174340.45792101,25405918.41252422,0.0008179284779118221,0.2645580947741204,0.0005538259476886661,0.004908575487533752,sample_0013
1.3785717557992792,5.0,0.971178661312846,0.9122159190516587,0.7792316074891458,0.9624735649334436,1.0269946960724483,1.3902698777322096,0.6134932868374264,0.9621099139209622,1.1110007468513698,1.2517538342237735,1.1428250815741454,0.8649374960268799,54.0,0.7457239197549381,0.7432269396312072,1.1337218257722053,1.336975747707006,0.9072584652112499,1.2565207877233044,0.7361922580968497,1.1650373665412357,0.7009743223535513,1.4695685042757718,1.1789099117081903,0.7954196572621414,0.9624311833375759,1.4538212242364874,1.4945705071085937,0.5079079997792157,0.705086224416366,1.0929573452196597,0.8607125701114632,1.6471711404978404,S1_Rural_Overhead_AC_500MW,Overhead,AC,460,Advanced Aluminum Conductor,100,0.638551143336161,LCC Converter,0,False,0,,,57.14125407870727,0.0223717175926481,54.0,20251111_111825_118698,2025-11-11T11:18:26.498225,89093296.80332617,92277675.28423531,89093296.80332614,19239410.905447092,69853885.89787908,0.0,178186.59360665234,9622076.054759229,4689937.5362468185,600000000.0,32400000000.0,15792223560.656456,3362800.9823438516,3461568.759516231,2234555.5545182982,1511187.7390748886,23024.791525341883,1828588.4517436211,36333143.92735418,37881367.13637893,31348810.522409968,2621022.7152329693,33712121.21212121,62600000.0,0,58231217.12559197,372083092.5760671,26470380731.627052,12697613033.629652,0.0744166185152134,19438654.967550147,1049687368.247708,530838438.35593534,1.193583799481157,4121738.223725379,222573864.0811705,108485685.81262366,81326211.17775422,450000.0,24300000.0,11844167.670492336,10659750.903443102,17646570.05849214,16167897.03912612,2687030.3975907806,2461873.9316053824,0.0,0.0,0.0,1362196106.545425,704288915.6562445,25225853.82491528,1731286.3758308664,93489464.2948668,51421946.23539464,0.004013588766325957,0.98086996057735,0.003068181447761691,0.007182944709086862,sample_0014
0.990028661577409,2.0,0.802896391195658,1.096683785848176,2.0948992791117256,0.8612022816437341,1.133660024211247,0.7768699375952948,1.7531967133277486,0.7124363037769662,0.8242109810383926,1.8855679855663814,1.4415438474738795,0.885323645532845,44.0,0.9851336357082177,1.18693294838593,1.3210461078211948,1.1573489556092869,0.9636910487351059,1.4358078422744722,0.7137546847705614,1.182518485554915,1.027251702836977,0.8137756532253292,1.3822053481461558,0.853829617680528,0.9433528198220664,1.2732941790838397,1.4631275375346116,1.235717259882127,1.495425794756028,1.2847439785015657,1.2723319326534248,1.5294016372206756,S1_Rural_Overhead_AC_500MW,Overhead,AC,460,Advanced Aluminum Conductor,100,0.7676786500937232,LCC Converter,0,False,0,,,72.07719237369398,0.0295540090712465,44.0,20251111_111826_781422,2025-11-11T11:18:28.173404,114285029.87659304,117651702.87102132,114285029.87659308,24679484.64171081,89605545.23488225,0.0,228570.0597531861,10057082.629140189,3512340.5736800535,600000000.0,26400000000.0,9219949220.3119,2901726.0736279134,2971999.720891368,1726479.8812961658,1308155.0316432242,10524.036390586343,1583047.0055941031,36394920.137978315,37671535.52969939,31058700.855159245,2682798.925857106,33712121.21212121,25040000.0,0,23174219.5534072,1000314405.7758492,54949028013.27349,26868182183.75712,0.2000628811551698,47293370.97020877,2080908322.6891856,1065369429.9342844,2.903935560722999,4803440.654086674,211351388.77981365,73812464.85576814,45976780.72221215,450000.0,19800000.0,6914961.915233923,6223465.723710531,11835692.700560156,10599718.78869187,1261303.376038046,1129588.39262515,52133.777406950234,2293886.2059058105,801117.9672585415,1815823932.889922,957128291.490734,41268725.74749823,2738969.328013936,120514650.4326132,46212536.55426996,0.002105394869315458,0.5489039992157304,0.001361397674126358,0.007755110978750651,sample_0015
1.109815188157484,11.0,0.5167044627284697,0.9572278951086455,1.0783292432571199,1.4874995598688905,0.8390207184805373,0.9130607915241818,0.9767955568270692,1.2749463617751216,1.0893031411379925,0.6373745584851637,1.1795633298553112,0.7235575816856625,57.0,1.1433586896604049,0.8247027380012669,0.7073755039612759,0.7533591422284632,1.4462890776304833,0.8881380116979883,0.9122864727577549,1.0997865352436103,1.007319119539214,1.0908432559271397,1.3227484615088256,1.2835982054031647,1.0248508622607178,1.36424772367425,1.0305476024294018,1.5188357385752815,0.6156931355656182,1.1741830040959975,1.0373559247116422,0.9125335501207466,S1_Rural_Overhead_AC_500MW,Overhead,AC,460,Advanced Aluminum Conductor,100,0.6700595265760518,LCC Converter,0,False,0,,,58.97816649276556,0.0343007606898121,57.0,20251111_111828_477804,2025-11-11T11:18:29.875510,101197128.12344696,103105690.40004088,101197128.12344693,21853194.35104218,79343933.77240479,0.0,202394.25624689396,11536472.606072957,2686391.785913275,600000000.0,34200000000.0,7963838013.178303,3937321.997880857,3966471.608562901,1248580.9196549607,851524.1213673236,35803.8037115849,3049994.072801948,35904719.944502,36711436.765052445,21430773.73380453,2192598.732380796,33712121.21212121,137720000.0,0,107452973.80976254,514902213.65527475,39300834028.07885,10663138296.05491,0.1029804427310549,58128881.38675318,3313346239.0449314,981137170.7563308,3.569263985651912,6689530.000711406,381303210.0405501,88790555.51660363,77471987.29259408,450000.0,25650000.0,5972878.50988373,5375590.658895354,55003577.59354439,42432503.594858386,5182517.008227811,3998052.148663347,0.0,0.0,0.0,1587273914.6921685,486140307.48188055,27846910.784073133,1617310.187546163,92186680.6901313,33702813.13431738,0.004643353720747388,0.7649832470393126,0.004059483631929513,0.010812648905047684,sample_0016
1.1571370642193672,17.0,0.5013034301269789,0.8233624112995216,1.234878107218599,0.858212791319063,0.7758865596222411,1.3997094575913929,1.903166958075337,0.5023023628236916,1.255538478389009,1.740777605633564,0.8480464733104338,1.2339503264281082,58.0,0.892488819873225,1.3465443780976334,1.279630044138747,0.9083992685364434,0.7470917578784225,1.242669821443916,0.9225829038906544,0.7743867207576104,0.7816038599821292,1.0202204328731954,1.1089844473590273,1.2115266491135013,0.728429718305041,1.0648223919742328,0.7772671383152038,1.62536269770748,1.2951726422391436,1.096154108212632,1.0423358713474038,1.669963427718535,S1_Rural_Overhead_AC_500MW,Overhead,AC,460,Advanced Aluminum Conductor,100,0.5763536879096651,LCC Converter,0,False,0,,,42.40232366552169,0.0267746645961967,58.0,20251111_111830_167057,2025-11-11T11:18:31.555413,83568623.82416245,85097310.78165568,83568623.82416245,18046375.543886837,65522248.28027562,0.0,167137.2476483249,9693960.363602843,841244.4346210753,600000000.0,34800000000.0,3019953169.4735537,2706655.8491798034,2740738.709876895,521156.2405766511,1026766.445951798,77421.34240885644,1602468.060819149,37451364.62553972,38262039.83283089,11662687.111930234,3739243.41341851,33712121.21212121,212840000.0,0,125016874.87158962,589654296.1968809,46046139167.196175,13621536683.285414,0.1179308592393762,62205881.166660674,3607941107.666319,1147088239.779754,3.8196023396125782,6328442.481776988,367049663.9430653,31852666.551122513,20762984.828741025,450000.0,26100000.0,2264964.8771051676,2038468.3893946495,144039851.38639417,83429808.74328454,7875586.54355714,4561645.0777053675,2365408.2251431257,137193677.0583013,11905703.44436633,942759273.1299028,307760829.79522413,16254470.226377632,2483646.5585549083,144051500.39618468,36320568.430632606,0.0018487765389066807,0.35631072946954456,0.001235572048761572,0.009257153641203638,sample_0017
0.8393512817512647,14.0,1.828051918557756,0.8700181940524575,1.283472976439225,0.9360599843369927,0.7362233240192373,0.9654833606401797,1.1863965202664082,1.3701839438822532,0.8107266494308727,1.2456659928086904,1.2756957224768435,0.8980468973253498,43.0,0.843376091127707,1.2211404277112077,0.9240704313943536,1.4333744584495158,1.3258980580120323,0.8313766573401655,1.340666710565506,0.9124093523698318,0.7903363472670287,1.473224141439238,1.3912604183265889,0.7200274673551549,0.7480385595480135,1.432093404116817,0.9373922213891364,0.6479421199890297,0.8106877261648,0.8731919678794803,1.1290742304831038,0.8909897010650714,S1_Rural_Overhead_AC_500MW,Overhead,AC,460,Advanced Aluminum Conductor,100,0.6090127358367202,LCC Converter,0,False,0,,,63.784786123842174,0.0253012827338312,43.0,20251111_111831_839353,2025-11-11T11:18:33.233177,117269683.1815116,125283507.47404616,117269683.1815116,25324010.923754115,91945672.2577575,0.0,234539.36636302323,10085192.753609998,1220895.9700315583,600000000.0,25800000000.0,3123303321.648372,3842067.921377477,4047408.658481025,939571.1968248098,1620147.4939444526,42656.17276188105,2179264.2546711434,36433475.44644045,39415460.854841925,13513353.30898953,2721354.234319242,33712121.21212121,175280000.0,0,110764018.1941542,612858346.24973,32725274750.732124,12841642759.278584,0.1225716692499459,24798040.81622015,1066315755.0974663,434585478.15871656,1.52266398197422,4509861.125853476,193924028.41169947,23476107.05758505,17627429.416551095,450000.0,19350000.0,2342477.491236279,2108229.7421126515,61095370.74276269,36641037.0157247,7122623.36335099,4271687.087462757,195235.00786519024,8395105.33820318,1016296.9142789912,1133996814.8381398,473862912.566932,26372018.949724182,1865928.29056012,80234916.49408516,25793293.431515977,0.0015024060814443443,0.19600723825713892,0.0011484353174056093,0.00660559036621407,sample_0018
1.1621756961098202,15.0,1.5746919106066568,0.8456272976586934,0.3983751681673867,1.2170419138903612,0.6267576201997759,1.4364337090184416,1.7811313965862419,1.8406727172597217,0.9208685617717449,1.6659956420394668,1.1772027634404711,1.3793745729321565,45.0,0.7563310409558753,1.0989894997084741,1.2354658648683952,1.055527233601695,0.9452543805623237,0.7362630518465243,0.8389449736496435,0.9675423658430511,1.064699577697705,1.3110592503209815,0.941738582870908,1.0550577475436158,0.8405361502636829,0.9304258126643116,1.4429414931526725,0.9186258747462246,1.1303781414594272,0.8813540105301009,0.9681919806812738,1.1632903653072717,S1_Rural_Overhead_AC_500MW,Overhead,AC,460,Advanced Aluminum Conductor,100,0.5919391083610853,LCC Converter,0,False,0,,,58.860138172023554,0.0226899312286762,45.0,20251111_111833_518773,2025-11-11T11:18:34.921258,91919642.02397446,97305558.93603843,91919642.02397443,19849751.06583802,72069890.95813644,0.0,183839.28404794892,8272767.782157701,1572366.1795798952,600000000.0,27000000000.0,5131763391.234026,2847707.463561612,2976815.4664415224,916584.888637621,1193065.6307073706,40474.38795014484,1614167.444904097,37892044.16040047,40530493.51132379,17563835.093709756,4179922.9482792625,33712121.21212121,187800000.0,0,130802788.41835482,190224142.79992715,10744064023.613283,4442509235.597508,0.0380448285599854,35157649.47828751,1582094226.522938,679047289.6339197,2.158770805653628,8247175.487962495,371122896.9583123,70537588.75034754,47034525.65873729,450000.0,20250000.0,3848822.5434255186,3463940.2890829667,185795438.73757553,125100699.63626868,7458611.359772995,5022068.92570994,4389819.847863411,197541893.15385348,37545861.315629944,1053119600.7710168,462263231.0916854,23402657.794911485,2273533.5700607696,102309010.65273462,40985606.01622769,0.006661263308094157,0.6737895789362283,0.004522110590935528,0.012304516048599534,sample_0019
0.8243255086555029,4.0,1.2583438052494436,0.8967036379429889,0.5967074336402902,1.360968476591921,0.8486586321642129,0.5100120998136854,1.3714955949493968,1.7120239357979332,0.928692103023594,1.360423506198572,1.4000082224103192,1.363641688231165,58.0,1.3298432777726883,1.0308620489120595,1.2902921061776667,0.8027912535559996,1.0129745592934618,1.4430845534336563,0.8028789819426525,0.7054421086057477,0.9566614316758002,1.1865577156348135,1.2219078909997019,1.0656080085366053,0.9420397410216516,1.4404657527186222,0.7242424938282054,1.1673522897235746,1.4708589401686067,1.1206820920097271,1.0239109346516508,1.178503083542426,S1_Rural_Overhead_AC_500MW,Overhead,AC,460,Advanced Aluminum Conductor,100,0.6276925465600922,LCC Converter,0,False,0,,,70.00041112051596,0.0398952983331806,58.0,20251111_111835_205013,2025-11-11T11:18:36.588326,84014865.2076142,87926028.7134776,84014865.20761423,18142739.935454875,65872125.27215932,0.0,168029.7304152284,9745724.364083247,3040165.497400792,600000000.0,34800000000.0,10855812801.29911,3129440.1302191284,3207049.447771795,1470374.6625048667,907397.3865951146,21154.744956638348,2200887.9986673757,37844368.75221565,39934640.27242726,30753889.68913021,4132247.54009444,33712121.21212121,50080000.0,0,45219138.91788758,284927799.5632386,22250028865.91579,6329787704.650768,0.0569855599126477,44676906.832300656,2591260596.273438,817360120.0067583,2.7432778808504006,5197275.166434719,301441959.65321374,94034410.47275996,68449085.99302636,450000.0,26100000.0,8141859.60097433,7327673.640876893,18020815.551492184,15849809.943360375,2366254.71236225,2081187.022937872,257178.5936491073,14916358.431648225,4653137.7819268,1750202701.0956864,574090443.4683766,30175908.6395808,2707646.5884149736,157043502.12806845,58400915.251396075,0.005428401248719304,0.8790178527761007,0.004025853129339518,0.008751424894749223,sample_0020
1.154436798522871,20.0,0.6320379869659715,1.0671256856347093,1.0379515894248348,0.7918360282815616,0.7898187263413368,1.7160808794531215,1.1628080687070792,0.7876187134570664,1.16668432750355,0.6716270126151049,0.8631609641516856,0.7615931894154153,49.0,0.8699012481951083,1.1326882682879456,1.147762246966266,1.4022588743291626,0.8761190681914991,0.9652993811618664,1.226845406685686,1.1505710859962182,1.0121072679404555,1.3903919928423196,1.259890455751187,0.7126771557026534,0.7958252521762176,0.717453019086902,0.7626237658633144,1.773437150254857,1.306496798391417,0.9498139993862513,1.2626924927033503,0.5696973577458673,S1_Rural_Overhead_AC_500MW,Overhead,AC,460,Advanced Aluminum Conductor,100,0.7469879799442964,LCC Converter,0,False,0,,,43.15804820758428,0.0260970374458532,49.0,20251111_111836_895418,2025-11-11T11:18:38.286316,139100802.20814013,142316516.8130233,139100802.20814013,30038370.864953976,109062431.34318615,0.0,278201.6044162803,13631878.616397737,1677713.5692641202,600000000.0,29400000000.0,3618340532.8325434,3250049.6587326783,3316681.6659620698,782854.6361660706,1584977.4549235683,70753.51948952493,1594318.6843195849,36019979.361864895,37012158.54900579,11837907.383658774,2307858.149743683,33712121.21212121,250400000.0,0,150476464.1501691,495621883.95035857,31142318728.427063,9756922438.824816,0.0991243767900717,67872986.61455388,3325776344.11314,1095954408.1932008,4.1675773030989145,6244704.1962763285,305990505.6175401,37659110.51489353,32600535.336321503,450000.0,22050000.0,2713755.399624407,2442379.8596619666,117361506.79309829,69512335.1652832,9284417.094134688,5499090.20850888,78065.09565021377,3825189.686860475,470776.8329843633,1164399003.663021,393722022.0013145,23763244.97271472,2498084.8576490567,122406158.02480376,42549767.05234678,0.002641019800612152,0.2660984028206882,0.002292357275297727,0.009105353327182252,sample_0021
1.3517042239735768,12.0,0.6808160702601364,0.885605874222822,0.9030931662087746,1.3026622381128672,0.6584051691343364,1.5706861771812957,0.5199938346874404,1.2074591632209355,1.1717016599783094,1.0233345291949467,1.496183127946276,0.7752517836332624,52.0,1.1380591867320309,1.2032475223044086,1.3457675400096005,1.4427203642651971,1.4475113110462432,0.8833913256654309,0.8751180380211869,0.8601856410197622,1.310537148560408,0.7787712810526944,1.3674358452224085,1.09426545596918,1.0838736692799853,0.9129647856756306,1.3962164714839183,1.0499537010908944,1.5327055934172955,0.9866145274784973,1.2914822842207296,1.3168992535668584,S1_Rural_Overhead_AC_500MW,Overhead,AC,460,Advanced Aluminum Conductor,100,0.6199241119559754,LCC Converter,0,False,0,,,74.8091563973138,0.0341417756019609,52.0,20251111_111838_571764,2025-11-11T11:18:39.960662,106724379.11540715,109384385.28573547,106724379.11540715,23046786.42617451,83677592.68923266,0.0,213448.75823081433,11099335.428002344,2014496.5342958088,600000000.0,31200000000.0,5662707670.898943,4465478.658217022,4539448.204420314,1391029.5394883913,1630711.199608844,38849.94433671898,2795917.5142714595,36061369.04131292,37132402.34877046,18223578.650498588,2349247.8291917043,33712121.21212121,150240000.0,0,108677192.67820635,431226986.8646899,29223775163.40471,8252804082.660887,0.0862453973729379,40183828.04815072,2089559058.503837,634726194.4670162,2.467391197563602,5169830.491105752,268831185.5374991,48792064.63205295,38805943.73431468,450000.0,23400000.0,4247030.753174207,3822327.677856784,48570116.39123405,34521841.44302391,5706367.231617061,4055874.6699051578,0.0,0.0,0.0,1648282768.0459783,517777974.0786086,31697745.539345738,2786501.071307052,144898055.7079667,48458694.56919595,0.0034458685905709914,0.4198157395152923,0.002769493341895311,0.008154149496374505,sample_0022
0.9304361758796087,12.0,1.003415038476949,1.0601505646669103,0.3289314883032221,1.4497243481084203,1.086555388798337,0.8441862825694753,1.0561353130593236,1.010722542291047,1.3424857883874861,1.4604060315954865,1.3974547801858703,0.7597242014551111,59.0,0.8834897491498418,1.108769294859753,1.3689237353917334,0.772535430607356,1.1810647095496996,1.0940897181460656,0.9442292637498954,1.3684863049750304,0.9877917109517856,0.9185871072797341,0.8350760569189142,0.9266159089391532,1.1262253659797818,1.380732844477731,1.1781117567048438,1.136307098067713,1.2022761560962334,1.2151833009048039,1.2440102824199526,1.3843698682912668,S1_Rural_Overhead_AC_500MW,Overhead,AC,460,Advanced Aluminum Conductor,100,0.7421053952668372,LCC Converter,0,False,0,,,69.87273900929351,0.0265046924744952,59.0,20251111_111840_249802,2025-11-11T11:18:41.651730,130617344.29152,135443669.74137425,130617344.29152004,28206395.412106782,102410948.87941322,0.0,261234.68858304,15412846.62639936,3098866.815746383,600000000.0,35400000000.0,7117431836.992802,3519676.615687359,3578707.0163309826,1062347.3832513962,873199.1382319508,48116.07655003097,2598361.400905377,36014315.76198518,37603387.58154032,20131810.00934728,2302194.549863973,33712121.21212121,150240000.0,0,113673285.31111336,157064785.66478857,12544915253.115004,4169773757.061952,0.0314129571329577,43488745.257247515,2565835970.1776032,918202628.412793,2.670321680459126,7012788.819414237,413754540.34544,83188410.68234342,58890639.33847606,450000.0,26550000.0,5338073.877744602,4804266.489970139,60506664.55762281,44856984.975095645,5851536.767314627,4338072.487910487,0.0,0.0,0.0,2248745013.5471935,826058481.7841933,38114322.263511755,2365203.5387226976,139547008.78463915,48002656.89532726,0.006607811102813309,0.5831342393561801,0.0047543275666862925,0.010653940308530445,sample_0023
0.932997989789937,10.0,2.715225467196316,0.9634927072984181,2.534050933523231,1.4733226463873779,1.1649613137955723,1.2600345770903476,1.5270768058293291,1.8893654501224075,0.9936756593341531,1.4505980984993616,1.458570132231703,0.9570085545870379,56.0,1.2808821207084653,0.8596126755792546,1.0189789045491935,1.3968970105422391,0.7671033461950864,0.8066182385495617,1.293078096600838,0.9073832518941684,0.8390029640055898,0.7499902279825017,1.111704612978039,1.3838572244264276,1.490943555999842,1.2688596779637338,0.9433979476407588,1.3271653110234032,1.3741385925427174,1.2766943048733452,1.0559678793534988,1.3624270847405724,S1_Rural_Overhead_AC_500MW,Overhead,AC,460,Advanced Aluminum Conductor,100,0.6744448951088926,LCC Converter,0,False,0,,,72.92850661158515,0.0384264636212539,56.0,20251111_111841_935378,2025-11-11T11:18:43.342866,98311758.8764487,108454105.5753491,98311758.87644872,21230108.141992304,77081650.7344564,0.0,196623.5177528974,11010916.994162254,3012048.260842321,600000000.0,33600000000.0,9191316365.199968,3259886.718958752,3566530.85183019,1584980.0790744692,1578916.924037137,29561.336293995148,1651408.4586276195,36612147.13511223,41156587.64357425,24459347.827926036,2900025.9229910243,33712121.21212121,125200000.0,0,103047714.00957808,1210009320.7573426,90243683275.2716,20784592268.475716,0.2420018641514685,50793270.78348769,2844423163.875311,719315680.3039169,3.1188384809049974,13763173.518595414,770737717.0413432,210836136.66425464,149668436.87623087,450000.0,25200000.0,6893487.273899975,6204138.546509981,129768048.770519,101863524.1056766,5721851.460238342,4491459.644120825,0.0,0.0,0.0,1946001174.3715243,511027376.0447939,34750020.97092008,2584328.1451919647,144722376.13075003,60639037.109329864,0.006889379685490656,1.7508561870180417,0.004932104943825048,0.02155791441264632,sample_0024
1.182970903618137,19.0,0.7623314161079501,1.0245920385696394,0.6167952419484912,1.1856275828755323,0.993744983106572,0.9515870920089539,0.5592531292181593,1.0201922518522948,0.6127385274605939,1.4390022900355026,1.287042712371846,0.9428997793489549,43.0,0.915903797927592,1.1976218452226868,1.0012838132877748,1.1016558594799006,1.0532879480350683,0.9273554229052807,1.4447169707289258,1.2072454396532637,1.2184801764836226,1.2223876930751874,1.254922737890992,0.7643584732284772,0.7218717401711511,1.4864003667275714,0.8007882736877828,1.4162819981744619,1.2299228663513935,1.1583679589438214,0.9477047588660739,0.8814034373315458,S1_Rural_Overhead_AC_500MW,Overhead,AC,460,Advanced Aluminum Conductor,100,0.7172144269987476,LCC Converter,0,False,0,,,64.3521356185923,0.0274771139378277,43.0,20251111_111843_648429,2025-11-11T11:18:45.073493,106797783.57790154,109782740.84023048,106797783.57790154,23062637.883768898,83735145.69413264,0.0,213595.5671558031,9184609.387699531,974104.1198573448,600000000.0,25800000000.0,2736304314.2561197,2999820.5364633477,3063244.1262948983,594493.5504007597,1245204.9563212208,64573.725214458434,1690041.8549276683,36569393.2707544,37785209.08313763,10566156.83280397,2857272.0586331966,33712121.21212121,237880000.0,0,135586760.93463916,294519728.0304046,15726699453.936234,5146326041.785569,0.0589039456060809,54203944.63413301,2330769619.2677193,794629901.740772,3.3282626957099857,3084584.3677860596,132637127.81480056,14067269.188766632,10018702.673330422,450000.0,19350000.0,2052228.2356920897,1847005.4121228803,44889620.971439,25078173.222655,8893049.137248578,4968218.085053552,0.0,0.0,0.0,1437955294.5067089,503712926.6828632,33440820.802481603,2400453.0942980265,103219483.05481514,34967907.85863808,0.0016966986912636144,0.13665404738904643,0.0012489552775359397,0.004528520072616689,sample_0025
0.8215956674601945,11.0,2.9140072292616694,0.9813912588711018,0.3455556169970076,0.8002422933930005,0.5709291922363087,0.5653230931521676,1.567661798716867,1.0940162890962468,0.94540931339039,1.9430294650870343,0.8436503768185967,0.9955656759985212,52.0,0.7295412185735125,0.7911052370856697,1.1357649409274964,0.9370695346530538,0.889990654498666,1.057650570528219,1.4645916977150093,0.819461098395612,1.4701712903070105,1.258607967196356,1.085417555623342,1.496641493760388,1.4145462050213615,1.3440493564257965,1.4707751137396383,1.0817374039962366,1.5783483114779044,0.9714821798766173,1.2429126061824174,1.5685261302521272,S1_Rural_Overhead_AC_500MW,Overhead,AC,460,Advanced Aluminum Conductor,100,0.6869738812097712,LCC Converter,0,False,0,,,42.18251884092983,0.0218862365572053,52.0,20251111_111845_356724,2025-11-11T11:18:46.756211,133096015.49165788,147886080.95323056,133096015.49165791,28741656.48594741,104354359.00571048,0.0,266192.0309833158,13841985.61113242,5030570.656813015,600000000.0,31200000000.0,11338966019.899334,2893729.379995471,3116050.3365657106,1477081.8859099443,1059172.534622997,42637.41999989427,1791919.4253725798,36728986.89696521,41642930.615192406,26217997.543692585,3016865.684844004,33712121.21212121,137720000.0,0,116971976.08738352,165002807.11607113,11182057439.284851,4681336822.619361,0.0330005614232142,41400253.92574397,2152813204.138686,945585626.6230168,2.542082899391156,1944492.477885255,101113608.85003324,36747556.88781797,22467239.727219503,450000.0,23400000.0,8504224.514924506,7653802.063432057,35524283.54610922,28998499.172408197,6261303.253167751,5111106.518714519,1130333.3237297211,58777332.8339455,21361351.91488531,1072568049.9364464,481417551.0689527,20626308.65262397,2844695.5368343284,147924167.91538507,77040000.67053927,0.0025333240680782258,0.28143213667959854,0.001686262015736316,0.0036983437932266226,sample_0026
0.7402154583772498,8.0,0.934152984553613,0.8460154313917493,1.0166700559527326,1.2841253356459519,0.8918324150054933,1.369311032320361,1.54847766736762,1.6872355087296775,1.1263434070376483,0.8357710152109893,1.2956886501891272,1.4532203615938608,58.0,1.0960757372263994,0.8116259386083746,1.3350121559651453,0.7624420590398368,0.9913729881932809,0.9392105790322399,0.9950099929677645,1.4935870534281959,1.047306626742016,0.8339403920328678,0.8567818305932959,1.1241558963820317,1.1930115857668169,0.7589436744468703,1.0543989449449338,1.0136773009442435,0.9105117382131067,0.8697008465460899,1.2376440534478168,0.8077507035002793,S1_Rural_Overhead_AC_500MW,Overhead,AC,460,Advanced Aluminum Conductor,100,0.5922108019742245,LCC Converter,0,False,0,,,64.78443250945635,0.0328822721167919,58.0,20251111_111847_042291,2025-11-11T11:18:48.447239,135558541.38845167,140215828.5080138,135558541.38845167,29273431.033456925,106285110.35499471,0.0,271117.08277690335,15724790.801060392,7010521.612507232,600000000.0,34800000000.0,15514747076.876852,3031497.5264425375,3085605.5523919333,1676522.3728373237,861790.5697632094,27536.515740159783,2142170.4409391684,38115819.27755715,39664940.07115478,30733177.7254036,4403698.065435942,33712121.21212121,100160000.0,0,90184307.96748844,485459951.7174299,37909596590.842834,11556680354.540323,0.0970919903434859,38795457.66173808,2250136544.380809,748350506.5374641,2.3821416572189724,11849399.784388332,687265187.4945233,306400734.4459735,255184563.8681127,450000.0,26100000.0,11636060.30765764,10472454.276891874,87573025.41662982,77846413.65749073,4020368.8430491257,3573832.1763205575,355388.6483736906,20612541.605674054,9189608.322518218,1494913149.5886416,513526629.5765042,25774364.64808003,1993203.905921711,115605826.54345924,62173156.88848533,0.011061668190687353,1.8934340916989825,0.009239842168337344,0.019337987625263516,sample_0027
1.3154277290629457,8.0,1.792905544588315,0.8301254248601445,2.946615806710891,0.7785843989485658,0.9964203850576467,0.7887760174922492,1.5041937296857404,0.8352999049459624,0.563706703904648,0.9111132064333616,1.0212862359432326,1.2880250455586348,53.0,1.02774800796832,1.1959860194690386,1.0006925720565851,0.9156648963923505,1.3347940007577448,1.3973812513077697,1.214791451933586,0.755563794992773,1.1278548891945601,1.0247794206577292,0.7339915077169957,0.9345865211233035,1.238349457838026,0.8468884042463221,0.8431425786893805,1.271959353940427,0.9551166195600358,1.197665914591258,1.0274468565144232,1.2090638052769234,S1_Rural_Overhead_AC_500MW,Overhead,AC,460,Advanced Aluminum Conductor,100,0.5810877974021011,LCC Converter,0,False,0,,,51.06431179716163,0.0308324402390496,53.0,20251111_111848_730104,2025-11-11T11:18:50.136188,93886530.64062388,100175033.38967133,93886530.6406239,20274494.336754348,73612036.30386952,0.0,187773.06128124773,9951972.24790613,1646164.540576664,600000000.0,31800000000.0,5260066154.359685,3757514.213674436,3886009.6368569126,1114284.6761194845,1034978.807134384,40969.52449288768,2681565.8820471647,37615227.41078374,40616543.363253415,21465093.076855488,3903106.1986625306,33712121.21212121,100160000.0,0,76607415.76781961,1407009047.7044504,97711967894.47523,33164833537.24975,0.28140180954089,48680428.394008026,2580062704.8824253,938180512.8846272,2.9891044817600037,3679255.083132571,195000519.40602627,32255208.56006911,26377579.26100084,450000.0,23850000.0,3945049.615769766,3550544.6541927895,32566961.07646588,23608823.494390693,4406807.495064742,3194634.589345347,49597.538368158246,2628669.533512387,434810.5548498419,1049135334.6480083,393256344.9334183,19795006.314113367,2050075.1296390456,108653981.87086944,30944796.27369316,0.000904797466470356,0.3108227864715516,0.0007480303196498009,0.006129170130084884,sample_0028
0.788693257570121,1.0,2.577153211393904,0.8995312407029861,0.7024439305009867,1.0682115577112705,0.7932034301761093,0.8897494665515153,1.9732879816159468,1.9360277148475205,0.6745909708500393,1.4962458070762759,1.4472169723097004,1.2247681210371186,48.0,1.373311357593186,1.2445089681517167,0.9076612795306309,1.2120176840042367,0.9205842763040956,1.2358344983825595,1.0694446345559028,1.464989253180848,1.4542604621062465,0.7516472458319194,1.2482855269558129,0.8415417267995866,1.205815582681045,1.330063519657643,1.2641037348529203,1.2467002434943537,1.0213343488109468,1.0725453600454018,1.1500832315089593,0.7982864317862253,S1_Rural_Overhead_AC_500MW,Overhead,AC,460,Advanced Aluminum Conductor,100,0.6296718684920902,LCC Converter,0,False,0,,,72.36084861548503,0.0411993407277955,48.0,20251111_111850_444188,2025-11-11T11:18:51.838151,126450107.14549348,138800622.5190916,126450107.14549352,27306493.952967446,99143613.19252604,0.0,252900.21429098697,12139210.285967374,2898947.154997715,600000000.0,28800000000.0,6877686117.724326,3081611.2578635896,3332913.845098776,1716971.786540009,1369947.2610108494,4529.14618892081,1707134.8506638191,37423539.76071854,41801596.327562325,32462556.550779194,3711418.5485973298,33712121.21212121,12520000.0,0,11696414.1883793,335416976.81422114,20535102010.308098,7144721558.308707,0.0670833953628442,47713711.719015904,2290258162.5127635,858031930.3148401,2.9297455722117314,5830925.349773559,279884416.7891308,66838790.55270745,46837338.529799834,450000.0,21600000.0,5158264.588293244,4642438.12946392,24152134.695802256,20559367.436171215,1609718.945127257,1370264.106202969,2142545.5891661807,102842188.27997668,24559593.425332885,1503833543.2016113,586614322.2663459,31329865.483366903,2134502.734433957,102456131.25282994,29157265.51855037,0.004580569842127351,0.4482177583519719,0.003275227187876862,0.00933187955101963,sample_0029
0.9259197838304183,18.0,0.8679499369891008,1.0119597462600602,0.3328811060185909,1.1162866994941671,1.1865842232225132,1.9100409614175118,0.5823429309420138,1.5867000214059943,1.2423250657295402,1.17526232200167,0.7176897720305159,1.1060306380995022,56.0,1.249355755829853,0.8616538407516163,1.0324791536459135,1.4175811031282413,1.3042151973655258,1.4396078085382844,0.8004203668445331,1.0055782488847171,1.1894931997113771,1.4329978479511674,0.894422070189176,1.0262200268716086,1.2929186193644184,0.8102322407621063,1.403947289479086,1.438367265786641,0.936007300509136,1.1387030809624268,1.1685656159976732,1.0837665981138693,S1_Rural_Overhead_AC_500MW,Overhead,AC,460,Advanced Aluminum Conductor,100,0.7083718223820421,LCC Converter,0,False,0,,,35.884488601525796,0.0374806726748955,56.0,20251111_111852_124052,2025-11-11T11:18:53.526241,120676013.50387248,124523535.3462874,120676013.5038725,26059597.00152892,94616416.50234357,0.0,241352.02700774497,13515713.51243372,2982174.0546444133,600000000.0,33600000000.0,7413670624.48259,4416623.333366473,4509881.381070698,1492389.2444811317,1602296.216566163,94967.00092615644,2719360.1158741536,37063729.20636213,38467257.76147422,18594726.869644064,3351607.994240916,33712121.21212121,225360000.0,0,162674148.32159543,158950728.12387717,11854701380.487638,2246397655.3793035,0.0317901456247754,55049191.99618632,3082754751.786434,640112041.5240074,3.380163074598607,7352447.452941861,411737057.3647442,90847706.16654488,69493728.94698106,450000.0,25200000.0,5560252.968361944,5004227.6715257475,84338224.71479224,59969872.56285384,8490577.471645094,6037343.69180157,0.0,0.0,0.0,1026074476.0124924,221042569.63616517,18322758.50022308,2025710.7478491487,113439801.87955232,47756001.86537111,0.008811295641699465,0.6848949678551356,0.006808810458788053,0.011968864745104526,sample_0030
0.7007750186293547,19.0,1.5060403956199857,1.0328613455037667,1.6963267818045467,1.378200702540402,1.118542570542901,1.2539873879603791,1.5072896048252464,1.3614930444937827,1.0734902584383814,0.6169496975855642,0.8166530481839269,1.0369987249148962,43.0,1.2763890337550525,1.3220674223512847,1.1487340019848908,1.3026047264470753,0.7575998361436406,1.2923330463644733,0.9063727268148446,1.0561494856362774,1.1508375000015048,0.7430560416636074,1.232474091536472,1.0798812042612231,0.94936046865042,0.988980793333027,1.2111090366214432,0.9737789749961706,0.9269577605491481,1.0617935425008358,0.9869277951903968,1.8351089778461773,S1_Rural_Overhead_AC_500MW,Overhead,AC,460,Advanced Aluminum Conductor,100,0.7230029418526367,LCC Converter,0,False,0,,,40.83265240919635,0.0382916710126515,43.0,20251111_111853_812868,2025-11-11T11:18:55.266987,86542992.0370116,91386724.99189754,86542992.03701158,18688680.79337636,67854311.24363524,0.0,173085.9840740232,7442697.315182998,645280.126325058,600000000.0,25800000000.0,2236853999.856256,2798582.8492945535,2950602.3482402703,571814.8632067345,1472338.0695901788,89987.89133088087,1236256.888373494,36854541.5906512,39315745.2301215,9690185.636997608,3142420.3785299887,33712121.21212121,237880000.0,0,130448491.83091275,809996038.311671,43251989734.59465,9209947994.511766,0.1619992076623342,37268468.93105344,1602544164.035298,360885593.73142135,2.2883805912410007,11865294.892866915,510207680.3932774,44234887.234305605,38776747.17391832,450000.0,19350000.0,1677640.4998921915,1509876.4499029724,192303260.9966919,101314304.17212784,9227718.178028991,4861591.225536134,0.0,0.0,0.0,922874295.1077826,215785102.6864493,21462192.909483317,2014172.584400164,86609421.12920704,27558310.033596378,0.0037070759823909175,0.47427851116818265,0.0032528284156363475,0.016314175229663407,sample_0031
1.073928353106514,19.0,2.4353117492336445,0.9595193923690577,0.6540331290484868,1.4353593965969358,1.0141620885464948,0.9485533993194883,1.1387109579514882,1.4270701931295195,0.8286333920392499,0.6039057169560268,0.916490517288659,1.3670384802152151,49.0,1.1783158169234667,0.9838823634067647,0.7471391413834115,1.1484288696900418,1.4196311224796905,1.4099351042635118,1.1796914555538416,1.3896264997595826,0.9613370412933016,0.8914864244713842,0.7182560971131263,1.2615391991132086,1.4210142172640803,1.092178931246898,1.2067178102785785,1.3846517968170429,1.0728733416088403,1.2636821033768402,1.019548946412882,1.2705757547024683,S1_Rural_Overhead_AC_500MW,Overhead,AC,460,Advanced Aluminum Conductor,100,0.6716635746583404,LCC Converter,0,False,0,,,45.82452586443295,0.0353494745077039,49.0,20251111_111855_555162,2025-11-11T11:18:57.041542,114351001.45157906,124877637.34606647,114351001.45157908,24693730.991153203,89657270.46042585,0.0,228702.00290315817,11206398.14225475,1288577.1946031942,600000000.0,29400000000.0,3380583934.323035,4073486.1844207793,4297376.746870589,848011.2206359535,1298072.6314981382,98176.7720813016,2677236.78084134,37854662.06125823,42017204.80249239,12897181.555845251,4142540.849137016,33712121.21212121,237880000.0,0,145255651.35476163,312300819.12065244,19623370079.39371,4114147730.3578377,0.0624601638241304,52993393.567781866,2596676284.8213115,582169748.0295438,3.253931722520051,7481738.847651759,366605203.5349362,42154410.248620115,37062952.37980984,450000.0,22050000.0,2535437.9507422773,2281894.1556680477,119637752.64761417,69205572.18992181,9645890.28715514,5579755.067532967,0.0,0.0,0.0,1063739178.4133494,246918678.92405653,21708962.824762233,2200214.950251271,107810532.56231228,37068107.29500742,0.005130681679352779,0.3488772517300346,0.004517041149837765,0.011133504607426474,sample_0032
1.2211186090664654,0.0,2.0930622559589667,1.074823643619992,2.922197759276948,0.8798608401905084,0.7554982123188126,0.9915691854219242,1.926736566325654,0.8550397899723597,0.5200019269692527,0.5924177029868218,1.4997461357681043,1.4660590845360835,57.0,0.9955905717621989,1.3755905125997123,1.326675520508764,0.8865295489211815,1.2048739615167374,0.9817244328131507,1.3565667630009828,1.2924476797992481,1.0524767179024057,1.4428888906718935,0.7604758781806908,0.8446698112542211,0.8685296281764194,0.7280233134762897,1.2389519172812364,1.7842804565196073,1.3270697707344703,1.2081731746117135,0.9430774574632423,1.2023307999336303,S1_Rural_Overhead_AC_500MW,Overhead,AC,460,Advanced Aluminum Conductor,100,0.7523765505339944,LCC Converter,0,False,0,,,74.98730678840522,0.0298677171528659,57.0,20251111_111857_351979,2025-11-11T11:18:58.750504,113118976.25825036,122012802.23687288,113118976.25825036,24427679.113056928,88691297.14519343,0.0,226237.95251650072,12895563.29344054,3042759.4354933826,600000000.0,34200000000.0,8069625988.870608,3612572.955624692,3628329.873255672,1642133.776945088,1002047.03559879,0.0,2610525.9200259023,38154724.498594195,40624473.97218208,35590701.98848905,4442603.286472981,33712121.21212121,0.0,0,0.0,1395349430.0547428,106502545352.17436,44281311743.92708,0.2790698860109485,68287981.63191842,3892414953.0193496,1748109766.211379,4.193059072821077,4375613.935088612,249409994.30005088,58849279.879759096,51876608.83800003,450000.0,25650000.0,6052219.491652959,5446997.542487663,12666131.64617851,11438400.127156433,941878.015181535,850581.5279338902,2002162.5549330933,114123265.63118632,26927838.312052783,2377747397.4567986,1099756978.6650372,41714866.62204909,2524315.3973864494,143885977.65102762,36465274.797727644,0.0011709179213060504,0.43166423136415744,0.0010342016544285355,0.006905546430000391,sample_0033
0.7815091235462293,2.0,2.691662343798619,0.8575636833403057,1.5771482138761141,0.7212404310659202,1.184478065584913,1.475884363412919,1.2391599957571107,0.709265681325893,0.7371306634212649,1.4558843769502496,1.1065628219566288,1.3458154669885494,55.0,1.3057462097914763,0.9176118057024184,0.7437326120949107,1.1753271228948439,0.8826555237216245,1.063332624032138,1.2880941876323804,0.8776855884260751,0.9714154954227237,1.2621109884228399,0.9646626911718096,0.7290162390719094,0.7984373803997041,1.4168632230266076,0.9981990759694561,0.9658844618859654,0.7486716445884193,1.0550160192377325,1.134771314570349,1.5167323008715319,S1_Rural_Overhead_AC_500MW,Overhead,AC,460,Advanced Aluminum Conductor,100,0.600294578338214,LCC Converter,0,False,0,,,55.32814109783144,0.0391723862937442,55.0,20251111_111859_034286,2025-11-11T11:19:00.469131,111196944.76583314,122564118.21333578,111196944.76583318,24012622.593850374,87184322.17198277,0.0,222393.8895316663,12231663.924241647,3462172.030424436,600000000.0,33000000000.0,9340648803.927134,3203312.1587921376,3458865.8980946597,1763128.9278264514,1328475.808605384,7793.905912148288,1867042.4442746053,37790349.8999653,42413197.891886696,32472739.407777023,4078228.6878440897,33712121.21212121,25040000.0,0,23280419.825335756,753088272.1258445,54864331223.7392,17054306442.833391,0.1506176544251689,36966330.12529968,2033148156.8914824,692796341.3066459,2.269828485432019,5241657.688461447,288291172.8653796,81600806.03053814,57840538.301256515,450000.0,24750000.0,7005486.60294535,6304937.942650817,22278658.155900896,19327152.286093146,2111248.0547093786,1831547.141732964,0.0,0.0,0.0,1233427259.8248675,436754812.0729496,22425950.17863396,1786857.786550235,98277178.26026292,33305172.655281335,0.0031928877338690863,0.6092592912418072,0.0023114532635909774,0.008857048453393291,sample_0034
0.9836196311498637,8.0,2.526040965007883,1.0820244043541716,0.6671319264351238,0.8194871981892395,0.938151471517179,1.9667196306045247,0.703554582091809,1.956326374346097,0.6781119311639678,0.627245456157548,1.1857905415337633,0.8607719126086861,45.0,0.8352179286799926,1.0812630302776025,0.7805322184902146,0.9873061742524187,1.408216917100494,0.8633122391500456,1.3991290360409123,1.15717007181896,0.928305681384381,0.861944808636013,0.938608217411282,1.4991606676838283,1.045162412967874,1.231528926979974,0.9744904554375482,0.8999946626748863,0.9959590762038641,1.168509147503802,1.065589515394619,1.5991401982403148,S1_Rural_Overhead_AC_500MW,Overhead,AC,460,Advanced Aluminum Conductor,100,0.7574170830479201,LCC Converter,0,False,0,,,59.28952707668817,0.0250565378603997,45.0,20251111_111900_753491,2025-11-11T11:19:02.165199,110020023.74192436,120542798.01564884,110020023.74192432,23758470.283915933,86261553.45800842,0.0,220040.04748384873,9901802.136773191,1882290.1897149067,600000000.0,27000000000.0,5132584394.265058,3595133.8228886016,3795422.954537381,1198926.5160752118,1115955.1605944005,25311.268412801575,2453867.393881399,36320520.94729905,40500919.16426023,21121250.03849447,2608399.7351778373,33712121.21212121,100160000.0,0,77243978.74334732,318555494.8727715,17992356709.351307,7927316897.703162,0.0637110989745543,34444595.72989325,1550006807.8451962,711550350.8152221,2.114987457285983,5208082.288403943,234363702.97817743,44551536.46251719,38962586.70032696,450000.0,20250000.0,3849438.2956987945,3464494.4661289114,42968478.79119815,30890051.76643618,4736718.434253547,3405228.2452944773,0.0,0.0,0.0,1498445178.9030917,705116228.3701718,33298781.753402036,2102149.2618599264,94596716.7836967,31791828.06565287,0.003280505377923817,0.3657314606580525,0.002875608779191845,0.007914793592500817,sample_0035
0.7095893840890781,9.0,2.8960325686943444,1.0010644580561574,0.4014113354971062,1.1100928579343234,0.8019665335746389,1.72902256745209,0.5916023649539552,1.7089295385533165,0.893002810098004,1.1289650742017958,1.2695393759086078,1.1741969645355383,51.0,1.0363260089321558,0.7505857398582729,1.3571582297314573,1.3638526122413301,0.9817136810039946,1.2726271808604759,0.8077053731537551,0.9341189592062069,1.1482976921251657,1.1535208890108812,1.2170671171808618,1.0463802587832305,1.0356924628317041,1.151681148649839,0.8863414160954409,1.3957380884103485,1.4674857616168735,0.8903003185696033,0.9774565657885234,1.6550166139424043,S1_Rural_Overhead_AC_500MW,Overhead,AC,460,Advanced Aluminum Conductor,100,0.7007451206393102,LCC Converter,0,False,0,,,63.47696879543039,0.0310897802679646,51.0,20251111_111902_448791,2025-11-11T11:19:03.852248,89586616.70707697,99477097.06105074,89586616.707077,19345941.75206117,70240674.95501581,0.0,179173.23341415395,9137834.904121852,4805547.0965216365,600000000.0,30600000000.0,16092405115.267675,3523497.0710364757,3844872.312491211,2367454.9155266103,1541566.7405030793,41975.87215998162,1939954.458373415,37270293.83192587,42211535.51925559,30938645.975225095,3558172.619804662,33712121.21212121,112680000.0,0,102889333.04228504,191673912.69986823,12671143370.60967,4113337199.346831,0.0383347825399736,53417688.119640864,2724302094.101684,943212280.7284304,3.2799845077643193,5587723.323226472,284973889.4845501,149866512.31565034,116027700.67628989,450000.0,22950000.0,12069303.83645076,10862373.452805689,48628907.97409617,43221884.18165317,5353214.655912455,4757993.4137247475,0.0,0.0,0.0,1627893881.86456,581134629.7191932,31919487.879697252,2703345.7857615137,137870635.0738372,88606822.70698361,0.007328319906345355,1.317700668659981,0.005742343344751307,0.009502877387839004,sample_0036
0.8305635914264635,9.0,1.3223005277588529,1.0120513545012875,0.47701465105617136,1.303183490758814,0.8962692038814635,0.7951068292804978,0.8875068022656184,1.7425316396186468,1.1200970509048476,1.3780963381939142,1.37360659993452,0.8957739927925201,47.0,1.0585841335383723,1.3948825139142946,1.3414256718820834,1.1643569477164506,0.79442845022366,1.4190435392225922,1.232243548327022,1.320182615990167,0.7356449355142807,0.9935286149560294,1.334845921014248,0.9762893547212514,1.1684553001077393,0.9921305426661726,0.7731521753855239,1.827690910442751,1.407804155300611,1.2574093349610338,1.1661321407555099,0.9082713459711869,S1_Rural_Overhead_AC_500MW,Overhead,AC,460,Advanced Aluminum Conductor,100,0.7084359481509012,LCC Converter,0,False,0,,,68.680329996726,0.0317575240061511,47.0,20251111_111904_161859,2025-11-11T11:19:05.632393,127719719.49620152,133974970.62067358,127719719.4962015,27580662.656813085,100139056.83938845,0.0,255439.43899240304,12005653.632642943,1917824.1989758927,600000000.0,28200000000.0,4504764510.619514,2770393.983348881,2888941.4624378397,982584.3731401716,1316076.186358291,46805.21608188554,1407512.580908704,36426587.85694703,38557023.30716004,18735009.60274275,2714466.6448258185,33712121.21212121,112680000.0,0,82063052.69324711,227774495.87932184,13581360519.752949,4797102967.653881,0.0455548991758643,69949386.52446496,3287621166.649853,1228114233.133416,4.2950736395404645,5827393.099035193,273887475.6546541,43751722.70327134,31692904.933860566,450000.0,21150000.0,3378573.3829646357,3040716.044668171,34172892.744667284,23908218.726589985,4645035.237491484,3249783.9524573,0.0,0.0,0.0,1648427844.0158951,635337636.418295,35072932.85140202,2627251.7377082794,123480831.67228912,36609980.68351541,0.004112409875603255,0.3196632858829156,0.0030307232881839866,0.008671167618869815,sample_0037
0.703783283495694,7.0,0.8319494780632168,1.0212768861978547,0.8827226404080791,1.443427896073173,0.683020431041992,0.5912223022876328,0.8287128881882732,1.5408660505903815,0.6469083171345832,0.5120130273546308,1.2662161395760223,1.3531931306924718,50.0,1.343084202286715,1.381510899065394,1.1886490524422495,0.942654349869751,0.7132305546684707,1.4635188831848802,0.7891662186297814,1.3292625801674505,1.2553507734367404,0.7403942791011489,0.9760095533801618,0.981424646825714,1.4759854050431076,0.8072356007666837,1.1737847571553437,0.6306061819010873,1.4920897980414733,1.2273915368156156,1.2162160970196678,1.7691970584370755,S1_Rural_Overhead_AC_500MW,Overhead,AC,460,Advanced Aluminum Conductor,100,0.7148938203384982,LCC Converter,0,False,0,,,63.31080697880112,0.0402925260686014,50.0,20251111_111905_919820,2025-11-11T11:19:07.369010,122842378.97171736,126594065.18526755,122842378.97171736,26527416.656909347,96314962.314808,0.0,245684.75794343473,12284237.897171736,2045519.9558922008,600000000.0,30000000000.0,4995474622.881941,2432310.490692447,2491678.633297988,897563.0262977898,1065485.0681861124,37545.02473111078,1329280.3977752237,37812706.45664385,39179738.02024754,21502797.536642637,4100585.2445226423,33712121.21212121,87640000.0,0,66939970.93054293,421500060.7948578,27171235209.74965,7881561264.39218,0.0843000121589715,24134559.793718416,1206727989.6859207,378603299.5759035,1.4819245274675552,3630904.802692007,181545240.1346003,30230154.66658013,27134508.064933244,450000.0,22500000.0,3746605.967161456,3371945.370445309,19939872.350290723,14755918.60696572,3524377.2651284477,2608112.186019966,0.0,0.0,0.0,1637446242.113706,534438255.3626814,32748924.84227412,2734715.9322028784,136735796.6101439,36678567.65579039,0.0024168387337245257,0.23393087146799557,0.0021699884543427504,0.00585989722817016,sample_0038
0.9595252148921102,12.0,1.628862600635398,1.0870345840465183,2.1244311219590917,0.7883849543421269,1.0782289116502148,1.7720286365284919,1.8106092628767223,1.9331276803177553,0.7996629794468814,1.2009451854888005,1.429381963863034,1.2691616195190423,57.0,0.9435831733288471,0.9346750481001124,1.1938033698083566,1.2348863485529225,1.2783509357781901,0.9138806651775531,0.7484327550448345,0.9979082743078043,1.0031898756842401,1.0470017753164405,0.9986027457185921,0.7599454468166207,0.922763531427516,0.8021596619477908,1.4115642887996014,1.9316583462960242,0.6287442199737504,0.967302142036384,0.8299331749835455,1.6226913640140777,S1_Rural_Overhead_AC_500MW,Overhead,AC,460,Advanced Aluminum Conductor,100,0.7609242088325627,LCC Converter,0,False,0,,,71.46909819315171,0.0283074951998654,57.0,20251111_111907_664634,2025-11-11T11:19:09.126819,73630722.57606253,78097853.72796498,73630722.57606255,15900317.73134429,57730404.84471825,0.0,147261.44515212506,8393902.373671127,2156708.359612839,600000000.0,34200000000.0,8787262779.00465,4183953.239204604,4340491.073419424,1634158.2044887673,1395795.7818492125,40190.81005329937,2747966.647302092,37558065.51369406,40270566.62810678,23186785.540571816,3845944.301572856,33712121.21212121,150240000.0,0,119145555.92162712,1014415860.7354662,77427108140.00575,24271867676.461006,0.2028831721470932,73928428.22944143,4213920409.0781617,1421557939.5454671,4.539397113795657,10396077.676232776,592576427.5452682,152255110.68666905,115685102.2576251,450000.0,25650000.0,6590447.084253488,5931402.3758281395,124106896.44833516,95629682.10442162,6132988.170285929,4725730.204032422,160831.52318069138,9167396.82129941,2355448.095560522,2303115097.939258,798944994.8402188,40405528.03402207,1633950.320166532,93135168.24949232,38146021.1978531,0.004456915527019901,1.6134369656356107,0.0034123364571794633,0.01596948374967963,sample_0039
1.0674480812473743,17.0,1.473836469548507,1.0478115256969878,0.5657711323735987,0.9504085062685201,0.724122920476631,1.442975029692521,1.0259551519874663,1.0651279143844556,1.1497308823999908,0.821741652660325,1.1883429091020234,1.1463087081760888,40.0,1.2613274884988446,1.285582902599316,1.0954192649136583,1.2146838853419015,1.4387767799307416,1.4145589353897543,0.930117874656988,0.7418619603554748,0.7989253622575836,0.9985463606781085,1.4468376690613036,0.9057667313498992,1.0756866549806596,1.369173801767154,0.9084407795617948,1.074221211645127,1.5848836728234137,1.1468070919035356,1.2323875864774179,0.7180138334926358,S1_Rural_Overhead_AC_500MW,Overhead,AC,460,Advanced Aluminum Conductor,100,0.7334680679878914,LCC Converter,0,False,0,,,59.41714545510117,0.0378398246549653,40.0,20251111_111909_421379,2025-11-11T11:19:10.923383,100947834.89900996,106473732.50014228,100947834.89900996,21799360.280994527,79148474.61801545,0.0,201895.66979801995,8075826.791920798,878819.7543854577,600000000.0,24000000000.0,2611704615.3530035,3648941.2394233346,3787513.383519656,739882.3048889072,1372960.8764622095,88130.45090856447,2187849.91205256,37185783.96416997,39610623.34184233,11393772.8426695,3473662.752048754,33712121.21212121,212840000.0,0,124157219.8236225,270155715.7083934,13206933183.140327,3239411309.518966,0.0540311431416786,41112594.212082304,1644503768.483292,423232843.82770216,2.5244198473660484,5915646.617944961,236625864.71779847,25749869.29147374,21517921.262001134,450000.0,18000000.0,1958778.461514752,1762900.6153632773,93574411.14790758,52456330.80492257,8313226.411296829,4660262.878896643,80035.87761820873,3201435.1047283495,348383.45161550643,1274997258.656002,340552499.5728881,31874931.466400053,2853028.1225498524,114121124.90199412,39048471.86194516,0.0039871241356381135,0.24503256670545928,0.0033499840061563474,0.008430055105125267,sample_0040
0.8716282958720073,4.0,1.28359373065532,0.9646893458149189,1.317720724624711,1.0032372071950921,0.8664164625452533,0.63952856973256,1.3456634847974942,0.7714607805279927,0.5138999360694699,0.6501205122981606,1.1484209209186216,0.9534843137299257,49.0,1.3141431600146105,1.1187267567138108,1.081398510278147,1.374936209129812,1.108075189816942,1.127453764471885,1.4800454976280752,0.9707829230455951,1.4723030894474047,1.072369069254473,1.2776226484221749,1.4810939913726635,1.3184601704393055,1.4872536804163405,0.7441438056188794,1.485346577557277,0.8446259299713534,1.0532747066963593,1.1197374610978041,1.388970901034935,S1_Rural_Overhead_AC_500MW,Overhead,AC,460,Advanced Aluminum Conductor,100,0.6752825420704432,LCC Converter,0,False,0,,,57.42104604593108,0.0394242948004383,49.0,20251111_111911_249663,2025-11-11T11:19:12.741561,120693730.97641855,126427795.8948154,120693730.97641854,26063423.032742828,94630307.94367574,0.0,241387.46195283715,11827985.63568902,3220424.2488194983,600000000.0,29400000000.0,8004784232.203521,3613514.478226946,3749221.582554985,1820293.2054726095,1554094.5636527874,16527.788881846034,2042892.1256923135,36601467.61736341,38675920.57620055,27937569.86374832,2889346.405242199,33712121.21212121,50080000.0,0,43857840.543350495,629211646.0082996,39536409230.85497,13164314657.420984,0.1258423292016599,56847184.2162721,2785512026.597333,998734913.1038802,3.490564457259601,3351846.34974498,164240471.137504,44718011.34867925,38903592.05928759,450000.0,22050000.0,6003588.174152644,5403229.35673738,16422223.779428825,13891773.60885427,2377617.178794894,2011257.4289552297,136752.74282832156,6700884.398587756,1824460.3325045544,1343015991.1123524,500517470.7873637,27408489.614537805,1909199.5004134756,93550775.52026027,32071411.701355487,0.002213401454568297,0.33712902707727715,0.001933471812642317,0.005795012108215317,sample_0041
1.2367232826097574,17.0,1.920702036030933,0.8740638230683598,1.22235479066217,0.9447030388389772,1.1462187254979166,1.7642319908373112,1.004683357606487,1.2540243787945382,0.9181047676176541,1.3554377560185218,1.1145674163101484,1.018330694515469,57.0,0.8217986382184277,1.0765584925468201,1.25565034739855,1.036136418381318,1.3684055979313157,1.1637584558439056,1.4140641894455552,1.3361657558248645,1.1108114835951346,1.1736578404736708,1.225944604763559,1.3892253954875446,0.982179176612184,0.7631447090161241,1.4662581549732725,1.2116357330265757,0.8518841341773031,1.249618923995563,1.172130155367479,1.0391556347919364,S1_Rural_Overhead_AC_500MW,Overhead,AC,460,Advanced Aluminum Conductor,100,0.6118446761478519,LCC Converter,0,False,0,,,55.728370815507425,0.0246539591465528,57.0,20251111_111913_037843,2025-11-11T11:19:14.553831,137970037.05336806,147893106.54694018,137970037.0533681,29794185.766514458,108175851.2868536,0.0,275940.0741067361,15728584.224083958,2414714.309700512,600000000.0,34200000000.0,5250518941.514404,4199845.189567816,4356307.839114124,1047912.790028291,1171148.133503732,72504.97303169555,2956192.0830323887,36797971.801562026,39964357.48955754,16128164.955982598,3085850.5894408156,33712121.21212121,212840000.0,0,144700002.6204872,583674412.5411861,44549995329.93868,14070306391.204676,0.1167348825082372,46371722.7743931,2643188198.1404066,890388513.1761931,2.8473439726124528,7404485.319975908,422055663.2386268,64795650.70783139,47230356.42879483,450000.0,25650000.0,3937889.2061358034,3544100.285522223,114056479.07978046,74557133.778788,8514315.916213918,5565689.875066122,0.0,0.0,0.0,1321770321.4662068,456230883.67635006,23188953.008179065,1918453.7107760615,109351861.5142355,38036612.70942677,0.0032593882748006777,0.4430245643137582,0.002407757102008214,0.011217827947898915,sample_0042
1.040814437385648,18.0,1.1491057303097292,0.9275023522976347,0.9743674246362048,1.0746448188939246,0.7159811091915427,1.325025925535852,1.6975685969366472,1.1276102670963009,0.5385941131242848,1.9046658712264926,1.2077521156502677,0.8567254192740714,40.0,0.9425480552554535,0.7933767634304096,0.796905654815637,0.9936086523424248,1.3573985035380456,1.1611724511504686,1.1324740972104164,1.498271510054221,0.8445819812064694,0.7548582136973097,1.295632168682009,1.0950500559898757,1.0103171588190083,0.7230728703071042,0.79689992108169,1.6366407290569296,1.2701313767916447,1.091048479464097,1.250958197054143,1.2859393851940646,S1_Rural_Overhead_AC_500MW,Overhead,AC,460,Advanced Aluminum Conductor,100,0.6492516466083442,LCC Converter,0,False,0,,,60.38760578251339,0.0282764416576636,40.0,20251111_111914_842068,2025-11-11T11:19:16.308239,134826403.40256673,140546738.74442852,134826403.40256673,29115328.190085657,105711075.21248108,0.0,269652.80680513347,10786112.272205338,2737386.820911455,600000000.0,24000000000.0,6090914135.130025,3247620.2943746215,3335006.3981260285,1135485.293015561,1123078.870677953,76599.37976843872,2047942.0439282297,36308258.84628506,38146924.84556924,17660540.939481765,2596137.6341638532,33712121.21212121,225360000.0,0,160261891.53178105,465260445.26378775,22744895836.257355,7640875600.138732,0.0930520890527575,62637513.98246682,2505500559.2986727,873005374.6287757,3.846105713283785,6882241.6886442285,275289667.54576916,69865238.6379071,43251251.51416387,450000.0,18000000.0,4568185.601347517,4111367.0412127655,166635548.56104153,116228547.74126948,8617097.578639377,6010438.624644239,2335648.8355025505,93425953.42010202,23710394.178104103,1091310183.1671996,391003375.91434366,27282754.579179987,2451718.945109347,98068757.80437388,49524693.28810349,0.004799711872850003,0.4845218528054403,0.0030540973350735574,0.010642448208555241,sample_0043
0.7524865545989335,3.0,1.412835754462887,0.8587845048581874,0.6426441747678765,1.3849835862155075,0.5578699714517603,1.811865875086079,1.1812636509990395,1.825526560565661,0.7590913783419471,0.6994463787069972,0.8761172089079396,1.3929215384319409,41.0,1.1216535646083634,1.2120980868406053,0.8169400736792538,1.292638543939387,0.8927782465230862,0.7661995184857173,0.8217128463159307,0.7333909201971022,1.4196068641240385,1.085937520794329,1.301844444789459,1.2916605968044559,1.165199360821578,0.8687865914759354,1.187813515649395,1.7125943844911842,0.8473926293491073,0.9370866831184126,1.221974878172969,0.532758796834147,S1_Rural_Overhead_AC_500MW,Overhead,AC,460,Advanced Aluminum Conductor,100,0.6011491534007312,LCC Converter,0,False,0,,,43.80586044539698,0.0336496069382509,41.0,20251111_111916_597762,2025-11-11T11:19:18.013883,104276945.23571806,109742740.39269625,104276945.2357181,22518270.95122024,81758674.28449781,0.0,208553.8904714361,8550709.509328881,2193585.203031296,600000000.0,24600000000.0,6310844256.33882,2857821.194426869,2998883.4595295787,1553262.4580598772,1461073.263301186,8424.01543324206,1388323.9156924412,37933095.57100588,40293338.44290452,28774175.149799403,4220974.35888467,33712121.21212121,37560000.0,0,32812887.61125048,306862593.45166105,15458275899.919355,6871528440.920103,0.0613725186903322,65544412.28324661,2687320903.613111,1249839288.3604777,4.024596803554283,9956516.455291118,408217174.66693586,104723374.47502822,90073697.46652111,450000.0,18450000.0,4733133.192254114,4259819.873028703,47090985.19737787,39130341.41636484,1985776.0895082988,1650084.3215155404,1896880.5822875877,77772103.87379108,19951529.87948376,729407997.6823679,350653765.4107045,17790438.967862632,1912727.0421201116,78421808.72692457,25402526.576051593,0.0072783654700803915,0.8131719439959159,0.006272754630199472,0.015823717914357018,sample_0044
0.777418700140507,19.0,2.2136599119881875,0.9608236444235823,1.6053250141681212,0.7229545066068921,0.7841045033950332,1.2012410964538462,1.0784307661394417,1.038635978349271,1.4262303655638315,0.7528058914909903,1.0458587609897672,1.4723486057564241,48.0,1.0738859705237536,1.3044966588561722,1.0511714923434925,1.487618670871091,1.0256875405957153,1.1480031209671102,1.0450306227073871,1.1696272547558937,0.8629103780091849,1.4285561293658462,1.3974375162904717,1.4357835893322028,1.417291185185493,1.1360607983112456,0.7173484945772409,1.7479631880606852,0.7514394421623621,0.9924130621611593,0.9619389782649456,1.1694567144836887,S1_Rural_Overhead_AC_500MW,Overhead,AC,460,Advanced Aluminum Conductor,100,0.6725765510965075,LCC Converter,0,False,0,,,52.29293804948835,0.0322165791157126,48.0,20251111_111918_322234,2025-11-11T11:19:19.771839,109146979.40429786,118243030.09050503,109146979.40429792,23569939.167064913,85577040.23723294,0.0,218293.95880859572,10478110.022812594,749264.751839511,600000000.0,28800000000.0,2059419571.468254,3649766.7370980415,3911341.1354168607,644241.0267859539,1681459.8916209603,79937.89247107526,1888368.9530060056,38173783.65380734,41963821.230089374,9705774.379809633,4461662.441686134,33712121.21212121,237880000.0,0,128823109.90284716,766542694.2652779,46929742708.61801,11412157812.712404,0.1533085388530555,66898047.13345856,3211106262.406011,828436800.5097717,4.107713491942611,4275442.778720951,205221253.37860563,14674884.225317562,12465416.364964116,450000.0,21600000.0,1544564.6786011893,1390108.2107410708,71523955.30368048,36516352.10746377,9546146.960394684,4873758.200246368,23214.526044502076,1114297.2501360998,79680.74879734512,1191385815.6850402,317269234.4407757,24820537.826771673,1790386.7284570113,85938562.96593654,24400634.210021023,0.0010862045571928202,0.1357310192577342,0.0009278942845457532,0.006025886669526147,sample_0045
1.1264745854457536,9.0,2.442934692773136,0.9990051757863793,0.32424867842929944,1.4469602693144736,1.0475998548005303,1.2879916918299532,1.8436595744758972,0.9469685030090365,0.6002039821526433,1.3232767955674418,1.0025146619149827,0.931209867652124,49.0,1.3458779004304229,1.1128647941960776,0.7141183151129784,0.8802589877106463,0.7217756776213277,1.1808497880728275,1.1608215435695706,1.0488654340091224,1.3165013647959718,1.3499607687716813,0.8255645728434614,0.8729598522541613,1.1355261103614547,0.9138280696639175,1.296705982964225,1.0536189631827173,0.9234516037128693,0.8962256706577565,1.0326167382501665,1.6028374220337882,S1_Rural_Overhead_AC_500MW,Overhead,AC,460,Advanced Aluminum Conductor,100,0.6993036230504655,LCC Converter,0,False,0,,,50.12573309574913,0.0403763370129126,49.0,20251111_111920_056611,2025-11-11T11:19:21.475272,112332017.83995944,122706614.42777674,112332017.83995944,24257737.973619435,88074279.86634,0.0,224664.0356799189,11008537.748316023,1662962.8189247306,600000000.0,29400000000.0,4441199003.370447,2395283.4434213443,2567476.647314364,803550.6582296363,994959.4012608211,38948.720009871206,1361375.3221506516,36533969.29591553,40588338.36360472,19170039.91379705,2821848.0837943153,33712121.21212121,112680000.0,0,82910228.98171282,154828743.94999048,9728638400.671532,2481846302.8629065,0.030965748789998,40324104.95892896,1975881142.987519,543649592.5497383,2.4760045634793855,12909071.53791566,632544505.3578674,95552926.08104809,70264332.11472373,450000.0,22050000.0,3330899.2525278367,2997809.327275052,141543627.39370352,97010334.47964488,5149320.611747911,3529210.916003528,411614.2664526962,20169099.056182113,3046768.116571286,1231498814.1607268,352519149.8632019,25132628.860422995,2009702.2344339085,98475409.48726152,29049971.029594623,0.012105166387419373,0.7473895212791116,0.008968609467345496,0.019226004491341514,sample_0046
1.0284095855834974,4.0,2.1352345888064237,0.8116216819857762,0.4308613144957929,1.491431800174936,0.8429899531901087,1.4171441631897213,1.930029611137738,1.2948067784508657,1.195973339754305,0.6124054267875646,0.9565068247028137,1.0117625546531333,54.0,0.9339234897985302,1.0187997325137184,0.9772260483522235,0.9688120111269425,0.9415732032348934,1.4320548878005175,0.9190351615524905,1.015620660217152,0.7674922614546253,1.1960453675425708,1.4082350841591973,1.2882577215913358,0.8095377414193978,0.9020109984346532,0.8153871593431923,0.5112271343089093,1.0796740400085152,0.8592196143238441,0.8146657292144641,1.0740731236359875,S1_Rural_Overhead_AC_500MW,Overhead,AC,460,Advanced Aluminum Conductor,100,0.5681351773900433,LCC Converter,0,False,0,,,47.82534123514069,0.0280177046939559,54.0,20251111_111921_764644,2025-11-11T11:19:23.196644,76474510.19637352,82613100.8850413,76474510.19637355,16514424.52184465,59960085.67452887,0.0,152949.02039274704,8259247.10120834,2178142.556959034,600000000.0,32400000000.0,8544582572.804717,3053980.638285133,3217844.265954798,1440750.0504701757,1095051.1519707562,20993.056743102377,1937936.4295712744,36778068.34743374,40314890.92594639,28651299.61433092,3065947.1353125256,33712121.21212121,50080000.0,0,44323123.3531905,205736277.6717411,14636294174.44005,5928527413.044798,0.0411472555343482,19565684.88427058,1056546983.7506112,456877770.65950376,1.201383765625937,13414628.259079544,724389925.9902954,191037331.40530792,167638871.71098292,450000.0,24300000.0,6408436.92960354,5767593.236643186,90097984.80387358,75766929.31109978,2760855.5649628905,2321711.7328877975,3420128.538606577,184686941.08475515,48705951.17954972,970794783.415447,431558069.4947544,17977681.17436013,2208885.840710857,119279835.39838628,40552060.432386,0.012590630539928233,1.8527929267129022,0.011057703347114659,0.021238594917240373,sample_0047
0.8832510677422533,7.0,0.8933661629364511,1.0700923951086097,0.7432110978268988,1.3072905843396756,0.7280270197480598,1.8187263582494126,1.0143248095197188,0.6902810081594815,1.141993174006143,1.4938765526272708,1.2444088771986448,1.440268812526246,43.0,0.9399554696694175,1.384508415872502,0.9618398876935992,1.3394375082973635,0.8415536117619569,0.7537306743465275,0.8950709846558371,1.0433929036085354,1.4278652373635998,1.2976868705613795,1.1391845327233638,0.7890162229835372,1.1139734216434647,0.9476578846439703,1.2979177643879494,1.7503074427051946,1.3975720834475118,1.1759312954191992,1.0018722031020806,1.8773627118496372,S1_Rural_Overhead_AC_500MW,Overhead,AC,460,Advanced Aluminum Conductor,100,0.7490646765760267,LCC Converter,0,False,0,,,62.22044385993224,0.0281986640900825,43.0,20251111_111923_485656,2025-11-11T11:19:24.910390,102925778.16443644,106305023.72355944,102925778.16443644,22226490.76776062,80699287.39667581,0.0,205851.5563288729,8851616.922141533,1468430.6245240625,600000000.0,25800000000.0,4280066619.0098634,2887655.371423318,2978432.5863757003,1118348.6806659768,1513970.2745300503,19336.16103903889,1354348.9358542291,38076572.15917044,39555331.40329587,20474949.977814823,4364450.94704923,33712121.21212121,87640000.0,0,65271153.26186736,354883299.21234417,18949980109.168427,8392517793.359445,0.0709766598424688,66987766.44721321,2880473957.230168,1330451806.880757,4.113222490357208,9422313.105865644,405159463.5522227,67213546.33045784,47131798.15405829,450000.0,19350000.0,3210049.9642573986,2889044.967831658,68530088.49599315,49186874.342097186,3552014.773321403,2549427.6769662695,87953.96650495338,3782020.5597129953,627414.7267456043,1478996567.8098462,702391740.5395415,34395269.01883363,2614205.846095578,112410851.38210984,31619531.45422607,0.0047009644369682265,0.5655647157974597,0.003339025795261997,0.013394372577149467,sample_0048
0.7052622011684275,16.0,2.327088726152508,1.013712145123952,2.308846754580514,1.395364430588368,0.6458266251470458,1.7224736153885347,1.3170867782534272,1.7230244908122605,1.3340436953951667,1.0854342312482639,0.944675399857388,1.1380359380861282,42.0,1.1794461221683483,0.7812267627876269,1.370144458063307,0.7321049965716564,1.1780751031140437,1.036219040008998,1.1240421726268053,1.248394531535362,1.1782980705255297,1.1307361793662984,1.4013689900083648,0.7930831791359794,1.1549003335618742,1.041665229214594,1.203242529838596,1.3560610357468055,1.2587240561240658,0.8133667024335165,0.9201941169392939,1.0584933982116869,S1_Rural_Overhead_AC_500MW,Overhead,AC,460,Advanced Aluminum Conductor,100,0.7095985015867663,LCC Converter,0,False,0,,,47.2337699928694,0.0353833836650504,42.0,20251111_111925_220563,2025-11-11T11:19:26.659883,101188173.96074288,110071503.89768758,101188173.96074288,21851260.72840435,79336913.23233853,0.0,202376.34792148575,8499806.612702403,3976800.125166326,600000000.0,25200000000.0,11790310970.65504,2802923.70810035,2938789.4039080595,1546721.743293807,827500.4961249328,60761.37245997003,1914661.8395154472,37160714.963897355,41066944.961583145,26260094.31215304,3448593.7517761467,33712121.21212121,200320000.0,0,169255763.5043602,1102474325.3121958,57195253906.46818,14867900908.8295,0.2204948650624391,51899167.96010174,2179765054.324273,595500611.8549,3.186743434004993,12066474.201964317,506791916.4825012,237112471.9342431,185638473.19557893,450000.0,18900000.0,8842733.227991281,7958459.905192151,208857752.12333804,172544855.8609859,8247189.926768628,6813298.442147978,1616480.0464883826,67892161.95251207,31764670.709928233,1015428007.9157844,287225408.2009268,24176857.3313282,2437174.6112581836,102361333.67284372,68128189.79986173,0.00874587734813298,1.9067035481871457,0.006884078874269871,0.019429253080581094,sample_0049
1.3492028827350784,8.0,1.3782803096648704,1.0663415192316068,1.4488472585052,0.8706014644243145,0.688486298253978,0.6464404109470572,0.7721823838151523,1.1575219746089942,0.7631493001443067,0.8332586205826927,1.172359732714905,1.3905842857679038,45.0,0.8564613206621015,0.7698812782860616,0.9339173532475624,1.4406463663568478,0.9376890431142568,0.7380104853894417,0.9616381195443777,1.0327575338921833,0.9332498859871503,1.121921946817134,1.1953448006853467,1.238051343185954,1.1772608476440065,1.276110625882732,1.495439954986521,0.681822198229949,1.5975200175910167,1.1107806451355078,0.8108731102981827,1.5827523387943823,S1_Rural_Overhead_AC_500MW,Overhead,AC,460,Advanced Aluminum Conductor,100,0.7464390634621247,LCC Converter,0,False,0,,,58.61798663574525,0.025693839619863,45.0,20251111_111926_945018,2025-11-11T11:19:28.398597,79281654.3733635,83333100.00055611,79281654.37336354,17120618.2786114,62161036.0947521,0.0,158563.30874672698,7135348.893602714,2835761.216724583,600000000.0,27000000000.0,10730456771.3864,3244500.3169785207,3397685.0326245883,1906432.910888828,1628366.9534881946,21637.57287345432,1594495.790616872,37926012.987175465,40226263.59821634,28363149.04228935,4213891.775054255,33712121.21212121,100160000.0,0,86909390.29177795,691824565.9362329,39074995003.89497,17386647159.069115,0.1383649131872465,26094699.17065661,1174261462.6795475,544942099.8905797,1.6022821658403803,2149032.112895112,96706445.08028004,38433493.64623696,32028485.66626955,450000.0,20250000.0,8047842.578539807,7243058.320685822,14672140.959481187,12455597.392729308,4220226.139349191,3582669.8941327916,0.0,0.0,0.0,1450880442.3650374,690613281.629317,32241787.608111944,2869139.462128546,129111275.79578458,67166103.33060363,0.0015684523422284185,0.4242885592475549,0.001325167263940083,0.003971551672010231,sample_0050
1.176838975171758,9.0,1.667599510874876,0.8631882476287808,1.631633860156124,0.9837903752084999,1.1576709363001165,1.635138268760332,0.5254855365618486,1.900390512467504,0.6422261231743218,1.909154326463086,1.4701019408974232,1.0650933296238798,40.0,0.863166956086902,1.0313570795051885,1.0358271987388055,0.8223132211174629,1.2524606544117578,1.2131193594220187,1.0846015541211484,1.4556509013126062,1.2736475331457895,0.887630753259294,1.1279409997522583,0.9514326674833031,1.4268069526618876,1.0110771631389206,1.218752926793466,1.5641514294745071,0.660678094233991,1.0845654936977736,0.8930774474227716,1.298768238791084,S1_Rural_Overhead_AC_500MW,Overhead,AC,460,Advanced Aluminum Conductor,100,0.6042317733401465,LCC Converter,0,False,0,,,73.50509704487116,0.025895008682607,40.0,20251111_111928_715938,2025-11-11T11:19:30.282876,102046943.56346308,108389789.13128762,102046943.56346308,22036709.26216233,80010234.30130076,0.0,204093.8871269262,8163755.485077048,2190948.8797527505,600000000.0,24000000000.0,6441002944.072103,2882905.7228727643,2989767.7600471685,1144630.8431613792,929463.125687314,40013.08781686335,1913429.5093685868,36939676.756436,39680836.76298655,22640989.147737384,3227555.5443147873,33712121.21212121,112680000.0,0,89036062.64911143,779105168.2245494,38087626139.61324,17334207857.530178,0.1558210336449098,59863203.50884834,2394528140.3539333,1126984659.5538893,3.675755859265092,4577701.8452688465,183108073.81075385,49141651.770768195,30377852.353227302,450000.0,18000000.0,4830752.208054075,4347676.987248667,32462878.241014753,24662768.925609563,4800419.779893694,3646985.4243504344,0.0,0.0,0.0,1202509561.0851166,580616688.1693624,30062739.02712791,1674666.0098483386,66986640.393933535,28781587.524516623,0.002095449057403589,0.4289223906298727,0.0013481996790969855,0.007397766091307056,sample_0051
1.2767018363125313,15.0,2.8859495844207843,0.9051435903693443,1.4131733511857467,0.8926266015861919,0.9519487805784489,0.7139168881790798,0.7565554927377351,1.1104510168863337,1.3890166026376254,1.9271558309730783,1.3898937756964014,1.2931885717713962,57.0,1.0299092174261562,0.7452117251375002,1.3320181471514922,1.063483892081102,0.9035339990496527,1.4448464316740883,0.8251358118593635,0.9201417630868955,1.2322425729812112,1.190435436043618,0.7554070188589418,1.1468240996485386,1.0126855831737118,0.7527011677947075,0.7591206669063335,0.8022710085713027,1.590798594382718,1.2092124066944385,0.855834676290963,1.9069014030531015,S1_Rural_Overhead_AC_500MW,Overhead,AC,460,Advanced Aluminum Conductor,100,0.6336005132585409,LCC Converter,0,False,0,,,69.49468878482007,0.0308972765227846,57.0,20251111_111930_574996,2025-11-11T11:19:32.082591,79158289.91367441,87865427.33773574,79158289.9136744,17093978.120302677,62064311.793371744,0.0,158316.57982734882,9024045.050158884,4005625.3288284065,600000000.0,34200000000.0,15180818079.306858,3265384.1902987966,3515019.5813196525,1861349.6412681364,1202059.0658977306,79427.14883939283,1983897.975561673,37630874.45991332,42593361.65136075,27823360.74846477,3918753.2477921103,33712121.21212121,187800000.0,0,162203268.44649068,674790275.191194,51504576802.62703,12906301631.054892,0.1349580550382388,30704516.0400409,1750157414.2823312,474876359.87832314,1.8853368701425617,3182613.7978665833,181408986.47839525,80524468.47017412,49487828.68051337,450000.0,25650000.0,11385613.55948014,10247052.203532128,31043649.58991513,26114636.728434253,8048677.312989353,6770733.691098914,0.0,0.0,0.0,1729928966.216977,483890505.6848982,30349630.986262754,2860569.647537966,163052469.90966403,99291823.528763,0.003120555498382946,0.8444280456570347,0.002028134529657102,0.005718668395780985,sample_0052
1.2298347352476129,1.0,1.8122611871824308,0.9833980030364725,1.0423083195686416,1.4091417324387032,0.9071300626434486,1.37259204205397,1.650391575078812,1.4075324670978184,0.8984389315510188,1.2151890000573264,1.018798462763731,1.0861843081858078,57.0,1.3881112290772135,0.9939986743650624,1.349992126790999,1.2899486864498715,0.9353774228192004,1.1025809357658591,1.474480045590416,0.7715885783322307,1.4761571299072942,0.9928870266676155,0.9196622954194733,0.9737966977008958,0.7756225031307616,1.0322339770760958,1.0846409518605162,1.0038466043733607,1.4303140271569523,1.0041663172511446,0.8204065114204786,0.6957513490429938,S1_Rural_Overhead_AC_500MW,Overhead,AC,460,Advanced Aluminum Conductor,100,0.6883786021255307,LCC Converter,0,False,0,,,50.93992313818655,0.0416433368723164,57.0,20251111_111932_414583,2025-11-11T11:19:33.891914,76610797.06766,81799406.22386804,76610797.06765999,16543855.233377151,60066941.834282845,0.0,153221.59413532002,8733630.86571324,3353308.3227771395,600000000.0,34200000000.0,13131210421.224104,3479067.927745206,3662164.639683964,2186485.4928674656,1458032.9092297032,4040.792071864333,2016994.2264436383,37003588.81268427,39997296.175957255,34288428.48234571,3291467.6005630544,33712121.21212121,12520000.0,0,12067454.352476869,497702222.59402627,37988013892.418816,11606993817.423525,0.0995404445188052,38419217.24257727,2189895382.8269043,742181914.1639302,2.3590395202773977,12792793.88635209,729189251.5220691,279974780.6617308,211930325.91101116,450000.0,25650000.0,9848407.815918077,8863567.034326265,32317764.015389107,29864360.54036686,1265517.534232094,1169445.7541823308,483539.9874537065,27561779.284861267,10582442.203884462,1423871382.500105,502662863.2871776,24980199.692984294,2655951.8243251145,151389253.9865315,62136865.16476019,0.011055494057360634,2.5628630337547316,0.008422326675033962,0.020901515307496878,sample_0053
1.1900027332411054,10.0,0.7559425632203045,0.8907495669132681,0.368336720433913,1.039780147355895,0.677348447445993,1.1950486095645363,1.4023661338431885,0.7968048639486767,1.3771334315209947,0.6603353327077325,0.7981230383271212,1.38392388872282,47.0,1.1239591951545191,1.2309737789008788,0.7537002174298053,1.436039875475411,0.9722503818379595,1.1325374710804585,1.4779489853314058,0.8884777331358208,1.1198739124234538,0.7945045936678345,1.3333186591483812,1.1996355459202233,1.330911138606312,1.2873355355804919,1.0217772001960577,1.4083466150152681,0.7995759134603605,0.8296854796499519,0.8819157985351311,1.2127685883070978,S1_Rural_Overhead_AC_500MW,Overhead,AC,460,Advanced Aluminum Conductor,100,0.6235246968392877,LCC Converter,0,False,0,,,39.90615191635606,0.0337187758546355,47.0,20251111_111934_183873,2025-11-11T11:19:35.708591,85274740.84065774,87637888.5688939,85274740.84065774,18414806.026435807,66859934.814221926,0.0,170549.4816813155,8015825.639021828,1104048.924950738,600000000.0,28200000000.0,3884088936.771099,3367041.810097647,3449005.345554294,1048873.6190379218,1623160.2228858431,41505.78234923353,1702375.8048625705,37905829.96582673,39148307.714073345,17150578.950423345,4193708.753705516,33712121.21212121,125200000.0,0,86257281.91025922,175880784.00719348,10487128187.363262,3447128701.31154,0.0351761568014386,53900241.64986434,2533311357.543624,883494039.8759495,3.3096145452858803,6054067.419741074,284541168.72783047,39190893.81247111,34015067.43151681,450000.0,21150000.0,2913066.7025783253,2621760.032320494,67474470.09677234,45264306.68655217,4840174.153449138,3246963.2882455923,1072359.4293159689,50400893.17785054,6941898.99274721,801107297.3360639,288807286.58947897,17044836.113533273,1851760.7293619595,87032754.2800121,24096051.87663731,0.004798771665205409,0.406903007672365,0.004175658712050153,0.009475871729474764,sample_0054
0.84413497516471,12.0,1.7537168239515262,0.9549788439885768,0.6497306930893092,0.8488613295703431,0.78546962999104,1.1136248447968486,0.9546752661039503,1.9747253250540118,1.364727575673471,1.2848913827214796,1.0630698876983038,0.9529189410153139,51.0,1.2146290612679749,0.9859666797837922,0.7838324733344931,0.7191926606661008,1.3696185267073246,1.2679706222203087,0.9581903888648077,1.0095895888298787,1.463868017032533,1.3769332277913382,1.0967925587930423,0.9115733700153676,1.018067155140675,0.8184015285104534,1.1907916043202333,0.9975296819816912,1.1456657602928582,0.9608712784833737,0.841067222843889,1.6938779205366266,S1_Rural_Overhead_AC_500MW,Overhead,AC,460,Advanced Aluminum Conductor,100,0.6684851907920037,LCC Converter,0,False,0,,,53.15349438491519,0.0364388718380392,51.0,20251111_111936_002373,2025-11-11T11:19:37.497463,87276662.51884876,92990569.28506978,87276662.51884878,18847114.574319743,68429547.94452901,0.0,174553.32503769753,8902219.576922575,1536007.098870438,600000000.0,30600000000.0,5279786329.611472,3517794.475037612,3616377.9441088177,933787.7051311572,812905.6437225927,55763.042564117866,2649125.788750902,36599754.36671307,39466218.18221227,18397737.46980366,2887633.1545918607,33712121.21212121,150240000.0,0,108451679.8046723,310246405.9501451,20509711700.65419,5252480411.622267,0.062049281190029,38177455.98880328,1947050255.4289677,537198605.078469,2.3441947526569744,5232635.522353107,266864411.64000845,46045329.16459885,34212679.83296543,450000.0,22950000.0,3959839.747208604,3563855.772487742,44684192.17859212,30906393.65292699,6189172.570778186,4280820.454218976,0.0,0.0,0.0,1275723521.1785293,364802638.55837613,25014186.689775083,2293025.284073394,116944289.48774312,39504975.44684002,0.004264630922640015,0.469055613771805,0.003221726581453198,0.008424225879263789,sample_0055
0.7722260857515396,7.0,1.7774049221024188,0.9739815621971248,0.9169042653051322,1.119615974929467,1.1822423904119266,0.8711167578205564,1.285947401421701,1.151441470895403,0.5963240076795175,0.5826248877799782,1.455724250780033,1.190011823896508,54.0,1.0518116225846224,1.0162719130626239,1.2053674959222058,0.7501955547164608,1.001801558552844,1.1828648355500353,1.3341297378158594,1.3321878055584873,1.0786190374421996,0.7615334334061148,0.7987948565597842,0.8653011950319575,1.1032986152085953,1.1427461291398138,1.3695842607498192,1.2551464491940187,1.5214989216476744,1.103203073100191,1.208583684670325,1.471930858720955,S1_Rural_Overhead_AC_500MW,Overhead,AC,460,Advanced Aluminum Conductor,100,0.6817870935379874,LCC Converter,0,False,0,,,72.78621253900165,0.0315543486775386,54.0,20251111_111937_786859,2025-11-11T11:19:39.225189,129873040.06316452,138494263.8173479,129873040.06316447,28045665.307802703,101827374.7553618,0.0,259746.08012632903,14026288.326821769,3851431.396158264,600000000.0,32400000000.0,8896607165.625206,2927047.8654956734,3031356.3042159644,1220399.9656059884,847948.3088158784,30345.14280242269,2048754.4138773729,37318217.64817123,40272759.23737387,26449762.548026204,3606096.436050025,33712121.21212121,87640000.0,0,74165516.40301672,437821786.6832007,31147100250.829742,10520093963.88798,0.0875643573366401,48036964.90355349,2593996104.7918887,942489916.3644092,2.9495941556059444,5518527.249516327,298000471.47388166,81826948.45290822,72292065.12095746,450000.0,24300000.0,6672455.374218906,6005209.836797014,39631206.57362665,32270048.245196376,3949832.214946088,3216184.5968515803,0.0,0.0,0.0,1901529603.443678,712693172.0235686,35213511.174882926,2772212.564800785,149699478.49924237,57270970.93924502,0.004135447207314067,0.5617468883431315,0.003658716703864359,0.008905494915556917,sample_0056
1.2795656142635605,5.0,2.470234650195658,0.943846420220914,0.5684016822885072,0.9157999538470625,0.5916305115435645,1.1607551078868756,1.9626376566121775,1.3374508481697147,1.4089592857569264,1.430152707081372,0.7380450014011745,0.7950160305245324,43.0,1.0868209809515283,0.8785841813324098,1.155134007065933,1.492708943077971,1.4780926833381889,1.3883745036442163,0.9736581319386408,0.8977287408459933,1.1580221344053836,1.271683571701503,1.1801955453651165,1.472645615975606,0.9008188624251043,0.7427004996801142,0.8275984045673519,0.9895579885464967,0.6944193493585172,0.9644337734204184,0.9515479258710557,1.607623471910582,S1_Rural_Overhead_AC_500MW,Overhead,AC,460,Advanced Aluminum Conductor,100,0.6606924941546398,LCC Converter,0,False,0,,,36.90225007005872,0.0326046294285458,43.0,20251111_111939_535354,2025-11-11T11:19:40.978220,90327741.50955611,98767552.0501432,90327741.50955611,19505985.26957282,70821756.23998329,0.0,180655.48301911223,7768185.769821826,3231081.343548225,600000000.0,25800000000.0,10731192730.662031,4176870.262809218,4472415.897887857,2486487.6807164736,1687213.4417214638,25440.910980413864,2464215.91010734,36121260.69855919,40185109.70223565,29423838.4649502,2409139.486437977,33712121.21212121,62600000.0,0,56618340.246109895,271411803.2927622,14492787587.375078,5800519886.658237,0.0542823606585524,37872363.33765152,1628511623.5190153,683981437.6574892,2.3254612730842674,4963431.800957817,213427567.44118613,88772572.10262541,63380905.24119622,450000.0,19350000.0,8048394.547996521,7243555.093196869,56107134.96537295,48672334.45587333,3361605.5925880456,2916156.5959865456,3674516.023559663,158004189.01306552,65719899.40120767,734598974.8045003,318594180.54594576,17083697.08847675,1717686.1101321094,73860502.7356807,38245936.89315683,0.005417488003158617,0.7920688579903703,0.003951697445572533,0.008502443261336234,sample_0057
0.9642412017474974,0.0,1.7055412760207904,0.9351543005993531,1.0601997114217552,1.1750860480831826,0.8559584245183314,1.0202351241921996,0.8517460270514113,1.6944205056734039,1.237049690039244,1.2275536740458461,0.8596222960854055,0.9369261596430896,49.0,1.3952227974842977,1.3269979478818676,0.8910071622889036,1.4134904601876872,1.3335617232746817,1.1999416628408297,1.2459209697890599,0.7852478837616581,1.4210283037159062,0.7603367519923137,1.2129297733366933,0.8703768880778553,0.8466299270525491,0.7766712153389725,0.8667825404720159,1.1930296401291578,0.7406323248157551,1.0177036039263454,0.910782598033995,0.517032422037789,S1_Rural_Overhead_AC_500MW,Overhead,AC,460,Advanced Aluminum Conductor,100,0.6546080104195472,LCC Converter,0,False,0,,,42.98111480427028,0.0418566839245289,49.0,20251111_111941_268917,2025-11-11T11:19:42.714146,77076914.02173331,81980117.0954923,77076914.02173328,16644511.690497696,60432402.33123561,0.0,154153.82804346664,7553537.5741298655,1841505.816133472,600000000.0,29400000000.0,7167538449.765483,4076911.803674173,4097238.8057594937,2214472.75957557,1597672.5504545677,0.0,2479239.2532196054,36551291.39285785,38447565.146060616,33796561.4290003,2839170.180736635,33712121.21212121,0.0,0,0.0,506245362.2038882,31809843219.353436,11582431475.731491,0.1012490724407776,45659630.38702313,2237321888.9641333,880777368.3159624,2.803619654303521,6003613.6769938655,294177070.1726994,71718553.11231908,54110878.438263185,450000.0,22050000.0,5375653.837324111,4838088.453591701,6269671.5871268185,5532160.780380084,767493.5742093556,677212.1619819137,0.0,0.0,0.0,962477559.6721052,394762844.9441674,19642399.176981736,1776607.6538400878,87053775.0381643,22368801.40878476,0.003822407607536932,0.6817190352262067,0.00292274852312897,0.010004687076870357,sample_0058
0.9449490600861596,9.0,1.4887930728383432,0.9375787198723168,0.7705254067273748,1.183245811824937,0.8524677234147802,1.5898886558968521,1.4869931361859432,1.7361807796635582,0.6723839747045004,0.5260622220756839,1.2103137198646232,1.1588555663139437,56.0,1.2015678590673362,1.1469618118909368,0.8713903618289841,1.3129420180447795,0.7017699044521937,0.7106996068059828,1.3239567187830867,1.0667933121826016,0.7030862543420847,0.8191362632994152,1.3440538706593195,1.457391878011232,1.4640669951027314,1.184984209834276,1.2891954093555562,1.3052729171378004,1.1891139686224164,0.8924932268223924,1.11484883038985,0.8128817243972469,S1_Rural_Overhead_AC_500MW,Overhead,AC,460,Advanced Aluminum Conductor,100,0.6563051039106217,LCC Converter,0,False,0,,,60.51568599323116,0.03604703577202,56.0,20251111_111943_002626,2025-11-11T11:19:44.426888,111861948.68388258,118049114.20815486,111861948.68388256,24156228.051187184,87705720.63269539,0.0,223723.89736776517,12528538.25259485,1882674.665493074,600000000.0,33600000000.0,5049102096.764214,2986666.956581218,3138047.21808756,1090549.5369140073,1484022.34160819,23441.457394667876,1479203.1575783608,37223804.746405885,39676235.70303278,19973178.477529433,3511683.5342846783,33712121.21212121,112680000.0,0,83714522.37634164,367925881.71232146,27440273532.141136,7401749164.896503,0.0735851763424643,49955405.084697895,2797502684.743082,824306355.6779246,3.067391355273831,11031395.122455124,617758126.857487,92831067.0717044,83064083.58742495,450000.0,25200000.0,3786826.5725731594,3408143.915315842,105627905.61772734,75169699.01467203,4719956.882777254,3358939.440914662,339126.85493361164,18991103.876282252,2853810.190523918,1554327491.7289448,474504283.6859951,27755848.0665883,2348421.749693581,131511617.98284054,35584775.47220646,0.006859556336483902,0.7268565114289488,0.006139247024781673,0.016490237701661425,sample_0059
1.1388297537884162,13.0,1.1502405404016474,0.9207411643627627,0.7920867903069003,1.3270412512218417,0.5269540778393746,1.963602563132149,1.3307226231829103,1.108050552655637,0.7782309223631325,1.6351173646679242,0.7635027112139843,1.091196264968746,50.0,1.11208571201021,1.2245329053286351,0.9807465851507149,0.976849809443291,0.9648671659935844,1.3366307321914952,0.8270527524423434,1.3870697049278764,1.3967553286662304,1.1627559752982979,1.3523698696030595,0.7723930060825615,1.471808131664957,1.0967631178099253,0.8042664232582835,1.883286748519832,1.3332034020748758,1.289175666293376,1.189793436575932,1.4638076677814214,S1_Rural_Overhead_AC_500MW,Overhead,AC,460,Advanced Aluminum Conductor,100,0.6445188150539338,LCC Converter,0,False,0,,,38.17513556069921,0.0333625713603062,50.0,20251111_111944_715163,2025-11-11T11:19:46.145337,136005791.45268154,141781983.09670755,136005791.4526815,29370013.246394917,106635778.20628664,0.0,272011.5829053631,13600579.145268155,1680554.461897711,600000000.0,30000000000.0,3706947573.219486,2977344.58494464,3063345.003269161,740650.9259644015,1104136.2997646893,63681.138477760986,1809527.1467021897,37018776.56051135,38889484.44654991,15001841.2885453,3306655.34839014,33712121.21212121,162760000.0,0,106695879.6617895,378221442.3715449,24381357745.639008,6932036827.677199,0.0756442884743089,72077150.439351,3603857521.9675503,1094709775.6213543,4.4257238590216055,9283584.164527023,464179208.22635114,57356266.315787174,38599420.91069485,450000.0,22500000.0,2780210.6799146147,2502189.6119231535,176641147.367593,112152164.15738808,6367608.243180742,4042891.792890166,3865401.1094211894,193270055.47105947,23881398.77014796,853621721.7638767,267947413.12513497,17072434.435277533,2532135.7773454664,126606788.86727332,36515673.49178219,0.004834759932899238,0.3962909862466115,0.0033044240311348194,0.013631407132140914,sample_0060
1.3119234079637292,0.0,2.86827546479705,0.941063092711869,1.1094289159251696,0.7567723754879391,1.0233349645768826,1.845035960213648,1.3632923086889919,0.5941857172437865,1.3082694425502854,1.1423337509508413,1.0275255666978769,0.7303650415493489,43.0,0.9055021070609401,0.9747159933517503,0.8282410261804228,1.3877113348227337,0.779359336137921,1.1126029168837173,1.3212458400013394,0.8059217205008167,0.8301521553693507,1.3176570108601746,1.2883062193670507,0.917762646025059,0.7097922029772514,1.37976071659269,1.2385994534743303,1.5339894284992175,1.3874778352419446,0.9950153170574149,1.0251191230415713,1.412478903222311,S1_Rural_Overhead_AC_500MW,Overhead,AC,460,Advanced Aluminum Conductor,100,0.6587441648983083,LCC Converter,0,False,0,,,51.37627833489384,0.0271650632118282,43.0,20251111_111946_464982,2025-11-11T11:19:47.915144,98150652.20657656,108877277.702905,98150652.20657656,21195317.67477993,76955334.53179662,0.0,196301.30441315312,8440956.089765584,3053275.169638952,600000000.0,25800000000.0,9332414306.976044,2879224.5170656964,2913508.711668431,2063037.2114028167,1568534.3269359989,0.0,1310690.190129697,35925348.6107556,39114673.322810784,34032587.47638385,2213227.398634391,33712121.21212121,0.0,0,0.0,529752307.3542685,28287596822.477577,14732396820.884115,0.1059504614708537,58708843.40752205,2524480266.5234485,1369184210.0081525,3.604875156973162,7517315.151298008,323244551.5058143,116924499.11336891,90211138.78332429,450000.0,19350000.0,6999310.730232038,6299379.657208833,19655425.46081534,17602176.34456321,1290723.9591586725,1155892.0862108527,0.0,0.0,0.0,1018515646.5016958,567411124.5587069,23686410.383760367,2601335.6796334796,111857434.22423962,44468112.19088699,0.0047295676105411745,0.9231079826602201,0.0036833359357572397,0.01226925755636991,sample_0061
1.0650924110031847,12.0,0.6435505046780196,1.0082352433120674,0.42426806847850534,1.4256119877941416,1.1756531850874743,1.666165622159464,1.9859680063560203,1.3484577018875112,0.6935691925199795,1.5145282924868018,1.1373486155222312,1.228613091418243,42.0,0.8408021308210882,1.124586914707834,0.9735362304512969,0.9058687388755758,1.343726905991756,1.0150483722882224,1.0250723112527604,1.0005975364212245,1.2535621932757528,1.4492201121257917,1.0828047570998103,1.3712927641170332,1.1789527066343952,0.8935330596480204,1.0363215687106995,1.9786482951473618,1.113687522904279,1.1376233817253119,0.87112032046551,0.6624874397533242,S1_Rural_Overhead_AC_500MW,Overhead,AC,460,Advanced Aluminum Conductor,100,0.7057646703184471,LCC Converter,0,False,0,,,56.86743077611156,0.0252240639246326,42.0,20251111_111948_201254,2025-11-11T11:19:49.637618,93105746.17832229,95297816.8301754,93105746.17832229,20105886.443256263,72999859.73506603,0.0,186211.49235664457,7820882.678979072,1472054.0452079647,600000000.0,25200000000.0,4743168189.819099,3169489.1382608837,3213335.297323644,927377.192014256,1023906.1806078476,44639.98187074096,2100942.975782295,37435191.18611588,38479041.14977057,17695755.345649954,3723069.973994675,33712121.21212121,150240000.0,0,105522326.2574243,202588002.6984863,10510060857.392746,4530817038.143974,0.0405176005396972,75726827.55187984,3180526757.178953,1421435495.2258277,4.649823493596301,18426912.20514379,773930312.6160394,145669906.34671223,101545667.44151258,450000.0,18900000.0,3557376.142364326,3201638.5281278924,214715454.36678275,148128113.32828364,5689597.727105109,3925145.3948596306,285820.27912813117,12004451.723381508,2259489.426609613,1213199845.8410902,555877685.2708539,28885710.61526405,2252253.031402956,94594627.31892414,34720563.31698924,0.012799260554012612,1.3356196196008603,0.00898420207802449,0.026149018458625245,sample_0062
1.04669193233182,11.0,1.887477672293366,0.9168481982669212,0.44253554031992454,1.2691578927483356,0.9470353807630902,1.730880438194746,0.9387163911923242,1.6151511421058449,0.6207175932638288,1.9751620348700127,0.8710983025204525,1.0142877228643956,44.0,0.7182700501172098,0.7167574695105363,0.8969702883185723,0.8459641351617149,0.8841877360746475,0.8570261705244953,1.1971630335907433,0.7220772251875553,1.3158430705671136,1.1784057172447835,1.0124909300920983,1.0544865938282184,0.8533006854103823,0.8006438475249367,1.0022322014625682,1.6794066131646057,1.5735431618977649,0.9135087856971422,1.0163567093002073,0.6833836705781744,S1_Rural_Overhead_AC_500MW,Overhead,AC,460,Advanced Aluminum Conductor,100,0.6417937387868448,LCC Converter,0,False,0,,,43.55491512602263,0.0215481015035162,44.0,20251111_111949_923059,2025-11-11T11:19:51.357443,92152250.79288138,98661413.83916529,92152250.79288138,19899982.181374013,72252268.61150737,0.0,184304.50158576277,8109398.069773562,3179195.545912776,600000000.0,26400000000.0,10349814091.00329,2478353.6210663426,2603743.6055501094,1302813.179588908,956195.8255009686,34549.581687744154,1487608.21387763,36785720.372316346,39893965.46567171,25856424.105320606,3073599.1601951383,33712121.21212121,137720000.0,0,116078002.0451821,211310720.50276396,11607669182.17636,5472096713.907594,0.0422621441005527,64274249.89903579,2828066995.5575747,1379249567.709439,3.9466055409368233,8754012.792057473,385176562.8505288,151004008.24676582,91352531.4063238,450000.0,19800000.0,7762360.5682524685,6986124.511427221,95672594.7229323,78448895.72745652,5799364.952532015,4755319.721015152,0.0,0.0,0.0,852009305.8213413,424479110.2352513,19363847.85957594,2838568.97111965,124897034.72926462,69286473.78915551,0.008812178638741992,1.3306880282266103,0.0054581950164185634,0.014219557128381695,sample_0063
1.2119621850591429,3.0,1.0713111998736644,0.834843708678039,2.692200598145129,0.870667292434895,0.6016041783832985,1.2556373412542576,0.7775881199768544,1.23038821180727,0.7497074687240948,1.9494299040433274,0.7108543141660687,1.342806685213214,55.0,0.9208379485970142,0.8762776161187189,0.8366956227465097,0.9021598794241077,1.0442709989761616,1.3206578463981182,1.2794526069080594,1.3504875848593734,1.4865633297825909,0.7462567187397948,1.4057626243798047,0.8849187749527466,0.8090826101275498,1.273467062986891,0.8820039614216184,1.660618663834871,0.779545098153185,1.0327997317185118,1.1077194263929895,0.6073141367583659,S1_Rural_Overhead_AC_500MW,Overhead,AC,460,Advanced Aluminum Conductor,100,0.5843905960746273,LCC Converter,0,False,0,,,35.54271570830343,0.0276251384579104,55.0,20251111_111951_642152,2025-11-11T11:19:53.080553,117337046.04104611,121971754.3480809,117337046.04104616,25338557.716620155,91998488.32442597,0.0,234674.09208209225,12907075.064515073,4243858.320258224,600000000.0,33000000000.0,10850430780.676888,3181094.569636972,3254867.344990159,1607296.6202857157,1019714.0455308852,14520.03272212622,2146860.4913839605,37781232.37943398,39550396.359977946,31805439.680994876,4069111.1673127697,33712121.21212121,37560000.0,0,34488589.71270838,1285525785.614299,93653712465.21635,40070193444.278275,0.2571051571228598,63555197.502288185,3495535862.62585,1599039102.53536,3.9024538600119465,3538397.573611901,194611866.54865456,63988563.24498496,39040319.50367666,450000.0,24750000.0,8137823.085507665,7324040.776956898,12459564.715344444,11182860.958932951,1832090.0399431488,1644359.8672189857,55350.747702373505,3044291.123630543,1000965.7610055231,763693670.3324225,359003954.6891655,13885339.4605895,1826221.439845311,100442179.1914921,37683889.03292748,0.0013578095976904461,0.47845101471991547,0.0008728286079848577,0.006299011685060579,sample_0064
0.8486406402004827,15.0,2.388592680160521,1.015745450685373,2.487911058017293,0.8674747745530133,0.6603889084593489,1.9068652382978386,0.6880592308271096,1.4432730830341525,1.0482203145575921,1.4261406972957804,0.9736563521164054,1.4584332813531844,42.0,1.2541153797337246,1.001210472321459,1.1578147638767349,0.8358434168489329,1.2428557363427486,1.3754711509123505,1.3053687682334716,1.0241109965569026,0.8704192387889953,1.4265013088674325,1.4623291632210027,1.113995947839255,1.2826461946734353,1.444737516350994,0.8496817017949906,1.276855259914186,1.3112918689024893,0.8870757161742673,1.1252625749975789,0.710654731068615,S1_Rural_Overhead_AC_500MW,Overhead,AC,460,Advanced Aluminum Conductor,100,0.711021815479761,LCC Converter,0,False,0,,,48.68281760582027,0.0376234613920117,42.0,20251111_111953_389652,2025-11-11T11:19:54.826830,125610621.83429892,136942224.87494043,125610621.83429895,27125209.799942855,98485412.03435609,0.0,251221.24366859783,10551292.23408111,2368724.521926757,600000000.0,25200000000.0,5657303070.399956,3043118.732290398,3202680.9338616338,1014398.9180197072,944756.3469231878,75613.40045060893,2022748.984916601,38131616.00410056,42234670.619830385,19118711.33653894,4419494.791979347,33712121.21212121,187800000.0,0,135538153.88322532,1187977530.2032576,61631073772.0929,15341377948.976051,0.2375955060406515,48867804.50743573,2052447789.3123007,538496468.310511,3.000609860798338,5054182.368664426,212275659.48390588,47655069.0543443,34062502.372176066,450000.0,18900000.0,4242977.302799966,3818679.5725199706,71247497.91213393,49118484.37968228,7824866.706072235,5394513.552592397,0.0,0.0,0.0,1049551824.623568,285729059.7029932,24989329.157704,2504198.572550674,105176340.0471283,47698919.010248266,0.002336826781452352,0.35609110329014265,0.0017056857954201028,0.008200175412197643,sample_0065
1.3929149962100733,2.0,1.998197755751687,1.0461396541092183,0.6581020784856538,1.4108794067225803,1.06422775680105,1.8733048818704008,1.8364811115272988,0.6989782022739418,1.156354723515539,1.4205598562088622,0.9992954390677864,0.875467213518245,59.0,1.024398502920028,0.7566809028642287,1.011242115323501,1.4725129907055357,1.4672023329488892,1.329227937016826,0.9487240483549282,1.1345515327331817,0.9826537137659273,1.2473880130990374,0.9241363366476023,1.2766493252060604,0.7867422928250016,1.1867038793345044,0.9761703028729357,1.1233767816644482,1.5115942859527136,0.8992814150714316,1.295669720199932,1.2355093995974946,S1_Rural_Overhead_AC_500MW,Overhead,AC,460,Advanced Aluminum Conductor,100,0.7322977578764528,LCC Converter,0,False,0,,,49.96477195338932,0.0307319550876008,59.0,20251111_111955_115180,2025-11-11T11:19:56.551899,130652365.63549437,140442140.18100443,130652365.63549428,28213958.158703428,102438407.47679092,0.0,261304.7312709887,15416979.144988334,6688904.857292061,600000000.0,35400000000.0,15358860495.38521,4955511.607541454,5187469.576654512,3006584.859889038,1664385.8955550443,9742.837981988783,3281382.874004421,36365052.1621765,39632948.30796534,33278171.355345756,2652930.9500552877,33712121.21212121,25040000.0,0,23980683.011343226,314243742.4768997,25098949465.399944,9379962879.472748,0.0628487484953799,42993876.18786176,2536638695.083844,1031724104.2922676,2.639935436911453,18460238.625778325,1089154078.920921,472547049.6080847,338290775.83944833,450000.0,26550000.0,11519145.371538913,10367230.834385024,69863702.39787422,64589721.76836401,1799188.990088259,1663368.9926235634,353385.5541235769,20849747.69329104,9045999.0447807,1577853174.455746,661480875.2040203,26743274.14331773,2759584.1542897094,162815465.10309288,77030891.86845881,0.018074334506551774,2.89969174988211,0.01301838778738865,0.02956982118121651,sample_0066
0.9846783113595776,6.0,0.8217943043944889,0.9718192938042333,0.8562768179128449,1.464566738617204,1.166926080026204,1.8661796197328937,1.582518556285854,0.6504037720889139,0.7665580251891766,1.68966510993434,0.9789246037788524,1.4917859271455893,48.0,1.0220325972661546,1.1218457609158692,1.0752043919367051,1.0771369582165446,1.4640053378912183,0.7624521645407923,1.3149953725914438,0.8417953003736134,1.3049637851961535,1.4801909529444228,0.8874939684041491,1.1110180361592454,0.939014475716382,1.14648601173575,1.3451489601466473,1.2641484045594409,0.9197695394584462,0.9337868651800025,1.0611865667187965,0.5513812735490409,S1_Rural_Overhead_AC_500MW,Overhead,AC,460,Advanced Aluminum Conductor,100,0.6802735056629633,LCC Converter,0,False,0,,,48.94623018894262,0.0306609779179846,48.0,20251111_111956_840367,2025-11-11T11:19:58.296020,111521700.80831592,114885450.79870436,111521700.80831592,24082752.616753735,87438948.19156219,0.0,223043.40161663183,10706083.277598329,2704419.7369776624,600000000.0,28800000000.0,7275049745.589964,3854890.316462116,3921876.601143426,1538014.9509783403,1217491.167923549,16765.62995992062,2620633.5185786462,38232684.627713904,39595370.961802624,26026915.889596183,4520563.415592696,33712121.21212121,75120000.0,0,62406486.86941921,408872180.55338347,25032221137.367462,10012119601.320389,0.0817744361106767,48381487.73929892,2322311411.486348,982819638.7077488,2.970748750714686,16511604.17595444,792557000.4458131,200204569.59926587,132548834.3790057,450000.0,21600000.0,5456287.309192472,4910658.578273224,106221527.16807656,85988465.41940472,3069807.43697752,2485070.942550945,0.0,0.0,0.0,1133090090.004836,494235167.3125442,23606043.54176742,2005007.6025095184,96240364.92045689,33330121.390044272,0.010773097391430222,1.4786529407630458,0.0072005170418235195,0.025405013997232887,sample_0067
0.802511737348899,14.0,2.226370581682408,0.9199110712569498,1.1759135633923508,1.249183229832048,0.9880081962626576,1.7388264825547406,1.662258633410709,0.5278687789840997,1.0406815815792378,0.6875555084926466,1.4319982377582365,1.2173624214946668,44.0,1.2253950241429261,0.9402125839269242,1.1235521528709964,1.3723031071361786,1.132892762758389,1.3248394276816904,1.2566311539139825,1.285550467223036,0.8083557838306692,1.410609484772912,1.4374340588529502,0.7631282710616614,1.483185385033677,1.1606643922889197,1.075026540674974,0.9342502926103297,1.5370929856599882,1.2706631343469443,1.0181103559573437,0.5615307033289549,S1_Rural_Overhead_AC_500MW,Overhead,AC,460,Advanced Aluminum Conductor,100,0.6439377498798649,LCC Converter,0,False,0,,,71.59991188791183,0.0367618507242877,44.0,20251111_111958_588183,2025-11-11T11:20:00.038714,123866950.21260858,134251419.12351474,123866950.21260858,26748669.52118403,97118280.69142456,0.0,247733.9004252171,10900291.618709557,2788310.4319696007,600000000.0,26400000000.0,6753158353.823207,3539213.602236614,3782005.418951823,1443701.1591677845,1551118.3604902867,67974.70076889487,1920120.5409774324,37401098.24695353,41149288.67191853,20667686.22645775,3688977.034832324,33712121.21212121,175280000.0,0,132113424.41110212,561498726.5198475,30844111686.09145,7983779034.793966,0.1122997453039695,35755627.19878254,1573247596.7464318,430844095.269921,2.195488187634275,13472037.26232008,592769639.5420835,151631334.9684239,130780343.04489715,450000.0,19800000.0,5064868.765367404,4558381.888830664,210913743.2261493,152777138.15911868,7301866.761757083,5289168.406082939,274684.3957533939,12086113.41314933,3091645.3697448517,1407131992.8389635,399518517.9315984,31980272.564521905,2792094.996416485,122852179.84232531,57232051.16943452,0.009752934383584148,1.0734209356805748,0.008423622732296904,0.020477952188242977,sample_0068
1.3956887782413379,17.0,2.640411661713856,0.9669913827428663,0.5292128979612065,0.8739673297378573,0.6353632318919027,0.7847755983876186,1.5162596452046007,1.1496406891707953,0.7546928905836544,1.9912196235878588,0.9683754549406194,1.2466375074103715,50.0,0.7723537625343398,1.1403988926800435,1.091557853686563,0.8676695309526573,0.9785193183469332,0.7784094797350393,0.8605539444342123,1.1299918046036785,0.777619889347213,0.8818512728044205,1.2753406211117881,1.359850993586998,1.1578735681090837,1.4191205723211961,1.0441814816820534,0.7415905204746647,1.2200846986224962,1.0426384791054688,1.2491042707110767,0.7075644229004179,S1_Rural_Overhead_AC_500MW,Overhead,AC,460,Advanced Aluminum Conductor,100,0.6768939679200064,LCC Converter,0,False,0,,,48.41877274703097,0.0231706128760301,50.0,20251111_112000_349738,2025-11-11T11:20:01.787344,116191535.9444897,127832160.89299975,116191535.94448967,25091188.495424557,91100347.44906516,0.0,232383.0718889794,11619153.59444897,1376097.4845831725,600000000.0,30000000000.0,3553006180.864843,2917820.167531194,3102552.554493935,649284.4848241583,980729.5001373976,48496.79764077714,1888593.8697530197,37489810.62851627,41988881.57505944,13834512.003300888,3777689.4163950654,33712121.21212121,212840000.0,0,134413732.13163614,252699158.77647611,16289791910.04964,5833809449.691407,0.0505398317552952,28382152.39960637,1419107619.9803183,532634074.6027554,1.7427377231154622,3103834.610720947,155191730.53604734,18379905.927122913,11060220.054765726,450000.0,22500000.0,2664754.635648632,2398279.17208377,73530471.81642745,43666170.945142075,8838185.247771235,5248568.360033166,1171887.1769159562,58594358.84579781,6939537.304764409,1159445787.7170448,445258398.1140657,23188915.7543409,2387909.4304436827,119395471.52218412,39482201.499624416,0.001961929934912756,0.16104539526328454,0.0012546951010873784,0.004826683702738692,sample_0069
1.017082996865778,20.0,2.3122696969949628,0.977932625694867,2.191205191963496,1.318336416848151,0.7025380449250271,0.7361733938803068,1.5995153272910534,1.730498609501923,0.9242476634309249,1.869656895714456,0.7514884078365716,1.4076489905542098,43.0,1.2697342050108582,0.9573238486859292,1.1839655886443676,0.9391400978171152,0.8048072702351201,1.073448075774318,1.1010999419185896,0.7675617470175086,1.0748343252208006,1.2286503445073518,1.1986728869537637,1.246238961802486,1.2114602525879898,1.301228165976895,0.9840496656073022,0.9021421510774664,1.2898364198409191,1.039326205906116,1.039028369563224,1.8420740432434752,S1_Rural_Overhead_AC_500MW,Overhead,AC,460,Advanced Aluminum Conductor,100,0.6845528379864069,LCC Converter,0,False,0,,,37.574420391828575,0.0380920261503257,43.0,20251111_112002_081026,2025-11-11T11:20:03.515171,97622988.00587334,106136439.9385149,97622988.00587334,21081370.287696097,76541617.71817724,0.0,195245.97601174668,8395576.968505107,1745546.4340387306,600000000.0,25800000000.0,5364145688.51461,2477274.034425502,2650361.6984926276,823709.2598119294,1061512.8984417696,78680.4910813006,1337080.644902432,37977724.21380064,41928931.44114038,16728315.56526871,4265603.001679424,33712121.21212121,250400000.0,0,170666851.16342908,1046300479.162569,55870122128.458855,11202342772.517456,0.2092600958325138,34526784.406036794,1484651729.459582,314735667.51679504,2.120034055032046,5677244.920858848,244121531.59693047,50755948.108110785,31776706.432339896,450000.0,19350000.0,4023109.266385959,3620798.339747364,124692698.59001596,81729637.51746972,10040521.363647733,6581044.285804282,1546684.0312860268,66507413.345299155,13827730.796528902,786127117.5964198,173001554.88854355,18282025.990614414,2476842.8749971716,106504243.62487838,50725400.60723733,0.0031311842833948137,0.4756158130835002,0.0020233300083282203,0.009164057719259128,sample_0070
0.945799554089207,18.0,1.3113204399721594,1.0442097568446107,1.3858154088585541,0.7545666462332341,0.6619188749992617,1.0544940331662334,1.6386342172963724,1.7573630010967092,1.4170900426153277,0.80660474221856,0.7024255784574083,1.3544206001321484,48.0,0.8126206280271596,0.7284026380108128,1.3169486020306234,1.050423033040662,1.3390970894847711,1.4294766666102365,0.836362377723159,1.1140711457840875,0.7439473235741444,1.3470180469700044,1.1451989873645638,1.2649519802631297,1.3448185994945616,1.4776709772179768,0.9641489502744632,0.5574742330257063,0.8358838661224692,1.1248237497708975,0.9994361574589952,1.1709213468222446,S1_Rural_Overhead_AC_500MW,Overhead,AC,460,Advanced Aluminum Conductor,100,0.7309468297912275,LCC Converter,0,False,0,,,35.12127892287042,0.0243786188408147,48.0,20251111_112003_804172,2025-11-11T11:20:05.238840,104327036.3462598,109393155.76008037,104327036.3462598,22529087.965440176,81797948.38081962,0.0,208654.0726925196,10015395.48924094,4800733.933637019,600000000.0,28800000000.0,13804860470.789543,3702671.963373709,3808690.9159098943,2091088.165443416,1187296.3373459606,94298.67712355018,2421076.9489041977,37816426.06100651,39996102.32677256,26903142.607192356,4104304.8488852982,33712121.21212121,225360000.0,0,190957551.0826245,661726857.7299597,40512643860.51558,14238999090.05789,0.1323453715459919,21335653.84635983,1024111384.625272,376679407.8535575,1.31006444761041,4590270.838517776,220333000.24885324,105613414.08145335,88575757.95345479,450000.0,21600000.0,10353645.353092156,9318280.817782942,90643824.54333629,75948379.18984014,8690094.197987473,7281230.383528673,1476736.3821200998,70883346.3417648,33976899.51217756,899956448.1927061,339083520.2283,18749092.670681376,1898053.369006148,91106561.71229511,60597752.971035056,0.003962449710718584,0.8698316625743316,0.003344917147175785,0.007915392971399857,sample_0071
1.3897722001487087,7.0,1.8766441251989427,1.0278891792303013,1.5080846593606245,1.1721090771643436,0.9843950111585584,1.4247452795549849,1.6703834865487106,1.4205816685921375,1.4015928618426368,1.81223873439828,0.824768690392597,1.241814797985214,56.0,1.3789209518113341,1.3587396317682856,0.7724488420371269,1.007122265359078,1.3925941382927718,1.4065244664401777,0.9961590628998982,0.9588344994003208,1.4292468924807658,1.1116204869022093,1.1894330665047712,0.8882139590210699,1.2010148041708568,0.923741992271037,1.00071271427553,0.7908167962679673,0.9828472256642145,0.9896221689134755,1.259085643234463,0.8339243439096087,S1_Rural_Overhead_AC_500MW,Overhead,AC,460,Advanced Aluminum Conductor,100,0.7195224254612109,LCC Converter,0,False,0,,,41.23843451962985,0.04136762855434,56.0,20251111_112005_527340,2025-11-11T11:20:06.958593,123331608.53677537,131991404.67627075,123331608.53677544,26633064.20803794,96698544.32873742,0.0,246663.2170735507,13813140.156118842,1550489.9538718346,600000000.0,33600000000.0,3771514793.9779863,4129574.461729396,4277938.512106309,1020134.7888276372,1138353.3484210183,36082.893418149266,2955138.219890228,37475196.35753095,40613202.35113281,19587086.394313388,3763075.14540974,33712121.21212121,87640000.0,0,64391318.820323594,720110424.8446983,53706542576.24395,13130134311.83855,0.1440220849689396,30266140.426767644,1694903863.898988,457794159.2719807,1.858419471229723,12305030.368557423,689081700.6392158,77347673.45893784,49313183.48736246,450000.0,25200000.0,2828636.0954834917,2545772.485935142,89140025.409593,60914409.840646,3994489.856339525,2729660.341640236,273320.5986913504,15305953.52671562,1718054.4691055806,1205543247.20549,339087707.14168656,21527557.98581232,2085431.652421873,116784172.53562488,24670356.3143419,0.0044546244745366104,0.5570165445309824,0.0028813021675157514,0.01817844362240046,sample_0072
0.9002858510689917,9.0,0.5802658894083615,1.0523738407141596,0.5137445608509047,1.1075973516495066,0.6052019881271028,0.7404875501628854,1.9558545620833208,1.8168435704134698,1.0779328444751148,0.7018039367003175,0.9061586785300858,1.4652893807984102,51.0,1.0696335912232469,0.9058432463747277,1.3921196757088568,1.094633607429558,1.4719740409069961,1.4693141596818242,1.485501361897836,1.1124274211889011,0.8966671304325073,1.4372598803346741,1.272332591627484,1.1267468483118672,0.9982055271792882,0.960480891819661,1.0805494387442012,1.06728345411882,1.3816690658100863,1.1405937658909595,0.811749997049043,0.7735738945725307,S1_Rural_Overhead_AC_500MW,Overhead,AC,460,Advanced Aluminum Conductor,100,0.7366616884999116,LCC Converter,0,False,0,,,45.30793392650429,0.0320890077366974,51.0,20251111_112007_271849,2025-11-11T11:20:08.717676,94158793.30263782,96155363.58405012,94158793.30263785,20333288.58297313,73825504.7196647,0.0,188317.58660527563,9604196.916869055,3847928.6731056534,600000000.0,30600000000.0,12259912871.03036,4069502.7508332,4117171.480074606,2084080.4096267028,1237267.6835491671,48463.32394688722,2783771.743337146,38152392.06302548,39107386.27181445,28479127.148872543,4440270.850904274,33712121.21212121,112680000.0,0,97722104.27710146,245313027.80630696,16217108015.524998,5483618655.035099,0.0490626055612613,40847072.356035486,2083200690.1578095,752717005.3230633,2.508116117179227,4338485.721041423,221262771.7731126,88649094.88696197,76206238.13164395,450000.0,22950000.0,9194934.653272768,8275441.187945491,55324346.224125214,47538430.27019552,4311119.650233762,3704406.375610053,2885645.5484471503,147167922.97080466,58962938.334397785,1247292070.5377605,465142401.6730381,24456707.265446283,2593929.49860786,132290404.42900088,68003915.56861371,0.00505238933578088,0.7844969521389595,0.004362395310872126,0.007452195802350199,sample_0073
1.1020501996717382,19.0,1.2561467627272198,0.9965362802720035,1.4245726606376996,1.4023528814385235,0.5614172752470626,0.5412663414258098,0.6224171274757849,1.646980276675107,0.9786797824957384,1.2647937348374672,0.7344001283846012,1.4822533442021295,43.0,1.1619631257752856,1.158365638507405,0.9292476462432739,1.0311286004586298,1.069212786930073,0.9570135573861758,1.1914754001459344,0.8630427566674841,1.0410072279007925,0.7695301808099336,1.2919306202571956,0.8551034673307792,0.9104620255291741,1.49148099143572,1.1159896156096503,1.5077737164723197,1.335552135910942,1.088056678480855,0.8742481830653268,0.967988145584139,S1_Rural_Overhead_AC_500MW,Overhead,AC,460,Advanced Aluminum Conductor,100,0.6975753961904024,LCC Converter,0,False,0,,,36.72000641923006,0.0348588937732585,43.0,20251111_112009_004054,2025-11-11T11:20:10.464925,74791578.10114999,78267149.54106939,74791578.10115,16151000.748477656,58640577.35267234,0.0,149583.1562023,6432075.7166989,678521.4214330616,600000000.0,25800000000.0,2721649035.866359,2967079.358143789,3066581.40814845,584532.6935490028,1165487.781730512,66638.8840295575,1734952.6923837198,38203798.01273373,40307013.109295025,11230224.85634308,4491676.800612514,33712121.21212121,237880000.0,0,136444818.07540095,680233445.4545015,36322955432.2897,8864393698.874067,0.1360466890909003,57705515.676828615,2481337174.1036305,637443523.9002392,3.5432682337099517,3101806.3535050917,133377673.20071894,14070047.11910214,10510905.630080473,450000.0,19350000.0,2041236.7768997704,1837113.099209794,34451584.69189187,19155187.749562453,9115266.043227248,5068116.140571094,0.0,0.0,0.0,788917971.9344229,209734037.49821305,18346929.5798703,2535130.412986451,109010607.7584174,37314845.904015735,0.001266760934367462,0.18602892934898177,0.0009708715856583156,0.0050087138472140955,sample_0074
1.3235421242570362,1.0,1.402895272901941,0.9958755896112735,0.5044327619325741,0.7108978178751139,0.6001262861829816,0.9179657208030458,1.2702874769038326,1.9402466757926526,0.5586293227431703,0.861663015559506,1.240115345071056,0.7459907718948364,46.0,1.3973302999858501,1.3379002027917315,0.8744573780542995,0.892890527201949,0.8217300721934365,1.1749689451783258,1.3271486416385068,1.0506857658664832,0.8259389464344137,1.1206102989700397,1.3493486405951685,0.990140047861698,0.9857043035506107,0.8658051530224842,1.436260934217576,0.9756126150938786,1.176801345793135,1.1529527729472802,0.8434469595153412,1.18214393404324,S1_Rural_Overhead_AC_500MW,Overhead,AC,460,Advanced Aluminum Conductor,100,0.6971129127278914,LCC Converter,0,False,0,,,62.0057672535528,0.0419199089995755,46.0,20251111_112010_752312,2025-11-11T11:20:12.195342,86818258.59728362,91336099.99527012,86818258.59728359,18748123.72176292,68070134.87552069,0.0,173636.51719456725,7987279.790950093,1922232.2546467404,600000000.0,27600000000.0,6642262649.714851,2441726.2296082615,2538446.04910188,1284239.0567706097,1009236.8686252332,4306.083158480809,1428183.2778245474,35972699.30877223,38213763.50699309,30857017.474375036,2260578.0966510195,33712121.21212121,12520000.0,0,11606210.121212143,240866643.82280415,13981317620.95249,5202879959.166252,0.0481733287645608,37338646.004872926,1717577716.2241545,684979096.6814201,2.2926896454706145,2848740.456073391,131042060.97937596,31536803.88351322,26101984.37643787,450000.0,20700000.0,4981696.98728614,4483527.288557524,7170889.089629942,6260030.190004609,1081302.8728058734,943953.886846798,646034.3895262165,29717581.91820596,7151883.493302205,1423784306.438873,591615385.5786616,30951832.748671155,2332723.1555862473,107305265.15696736,28721211.11703635,0.002746309027282716,0.3069825968219005,0.002300129106800299,0.0049286431542121785,sample_0075
1.2496808448041907,17.0,2.063811647027914,0.8337114469930391,0.9915551478336714,0.7451135253614476,0.6201746819066566,1.1555611916214306,1.7468492401536282,1.2023951218362212,1.1285713569391636,0.552677991868414,1.3447752604064749,0.705805504327485,50.0,0.9759945469009695,1.290893368306509,0.8129919722352685,1.4070321963334538,0.8298905323934649,1.2016490207433523,0.9167215721077351,1.1725366671259687,1.1862277874412606,1.1404097519546934,1.0253517363660862,0.8988795657212676,1.3751628915101077,1.1646811206412853,1.0721256795581011,1.2653652550013375,0.7220185802347581,1.0940575568062063,1.224823429405015,0.6288711240296687,S1_Rural_Overhead_AC_500MW,Overhead,AC,460,Advanced Aluminum Conductor,100,0.5835980128951274,LCC Converter,0,False,0,,,67.23876302032374,0.029279836407029,50.0,20251111_112012_483702,2025-11-11T11:20:13.920119,129331348.41922006,139352377.537487,129331348.41922008,27928688.739465572,101402659.6797545,0.0,258662.6968384401,12933134.841922006,857997.2404925744,600000000.0,30000000000.0,1990230329.2580528,3249426.203761446,3478874.068173405,601199.2330210146,1590372.7552496311,74865.64708084599,1584187.8014309686,35850925.770689346,39191681.51080602,9409770.165000653,2138804.5585681368,33712121.21212121,212840000.0,0,116521547.83733664,473467583.0905781,30521227067.16992,8662533858.24144,0.0946935166181156,48428059.03941119,2421402951.970559,728715427.5807469,2.9736083492531433,3961158.778755708,198057938.93778545,13139363.90081067,11686996.44978499,450000.0,22500000.0,1492672.7469435392,1343405.472249186,103224564.53581648,53218742.990517706,8578715.24116256,4422866.2398459995,2145807.767640832,107290388.3820416,7117752.833193834,1310958341.123575,406081544.9337094,26219166.8224715,1752875.129499317,87643756.47496584,22205868.65702987,0.0012061443589184136,0.10500784597931878,0.0010741188086836443,0.005340161372200419,sample_0076
1.2043717089354211,11.0,2.1967159659215394,0.8387540189818095,0.3034933785172986,1.399184488103065,1.0602446170585278,1.509649427839779,1.8821258963437995,1.6226636331605382,1.1812857271650947,0.9427636215654587,0.9042702804777242,1.069408318100188,52.0,1.3171643725075923,0.9765649962809517,1.0644250509434312,0.7593449386900324,1.1070896573488502,1.0765317943532924,1.3003902648826546,1.4622573541190023,0.7144461801020513,0.8939058346837354,0.7780288738081954,0.8140299057883769,1.4022095906022052,1.2379863342505129,0.9253036166308535,1.7202567676604188,1.4853956415384784,1.0702071025233946,0.9566884256979935,1.9906257457559742,S1_Rural_Overhead_AC_500MW,Overhead,AC,460,Advanced Aluminum Conductor,100,0.5871278132872666,LCC Converter,0,False,0,,,45.21351402388621,0.0395149311752277,52.0,20251111_112014_231728,2025-11-11T11:20:15.672738,110824897.00561884,119987242.8163719,110824897.00561884,23932280.07660112,86892616.92901771,0.0,221649.79401123765,11525789.288584355,2604878.3359544966,600000000.0,31200000000.0,7051335231.529505,3101602.247571854,3234020.358181812,1071411.7943843384,858289.8852466124,43398.58506969572,2199913.777255546,36952752.47909148,40611295.26963216,21795973.014670897,3240631.2669702666,33712121.21212121,137720000.0,0,106916831.10793,144918088.24201006,9820938292.119965,2285830294.3933926,0.028983617648402,65837667.01189955,3423558684.618777,865916371.0450617,4.042603404001985,17034204.87267803,885778653.3792576,200189814.93301028,162443479.94765764,450000.0,23400000.0,5288501.423647128,4759651.2812824175,188872239.08822456,140294526.1106171,5938522.184664693,4411141.413459649,417164.3657835352,21692547.02074383,4902609.649646839,924392857.6111538,243044326.04791015,17776785.72329142,2726180.8826615596,141761405.8984011,54654949.239793554,0.01886229083658301,1.5369497293904673,0.015348744071629337,0.026541219028175005,sample_0077
0.7136129792639788,5.0,2.6163987550408287,1.0756066981163008,1.7413476205308436,1.3754966607659735,1.0120902723362115,1.7030606798745869,0.8159385152676486,1.7514522079802588,1.175105315601281,1.8355375783139516,0.8673868052858169,1.2515456226422437,41.0,1.1060653465336958,1.1357564013289507,0.7134174357824877,0.8169613364054341,0.7537051638526036,1.4593962732255699,0.7759915239287336,1.1773576733919942,0.9666342909308745,0.8718493704253045,0.9359672292194534,0.7751801403295728,0.7550525825611926,0.8642390897096025,1.064885498718403,1.091295923841821,1.0373843036360395,1.164772227798702,1.167677571543353,1.5205354750231868,S1_Rural_Overhead_AC_500MW,Overhead,AC,460,Advanced Aluminum Conductor,100,0.7529246886814105,LCC Converter,0,False,0,,,43.36934026429085,0.0331819603960108,41.0,20251111_112015_964891,2025-11-11T11:20:17.415451,105215142.48467624,115655630.63786888,105215142.48467624,22720871.629730467,82494270.85494578,0.0,210430.28496935248,8627641.68374345,1867418.4222556644,600000000.0,24600000000.0,5324571287.429391,2155472.950125501,2327681.4008482606,961790.9122326336,923413.8741794756,26742.331103621276,1205316.7448424036,37504683.7049765,41961709.61198995,25115302.395259697,3792562.492855285,33712121.21212121,62600000.0,0,51610190.76705607,831493488.8034778,41886681639.27065,16940443947.599829,0.1662986977606955,41766077.59727417,1712409181.488241,724172646.6289792,2.564545421028279,10044141.946000382,411809819.7860157,89134583.020898,56412607.68845741,450000.0,18450000.0,3993428.465572044,3594085.6190148396,52408203.23018432,39749316.925797045,3427379.4397683726,2599516.5485438565,0.0,0.0,0.0,990197640.8054703,432646575.8533996,24151161.970865134,2154966.4268359505,88353623.50027396,29554226.644496333,0.003933018667955315,0.7093184979642567,0.0025342261819350192,0.015485484368301616,sample_0078
1.1199936830280897,10.0,2.245374647624562,0.8886659061403401,0.5574609331289384,1.0161065667069247,1.141243112747744,1.5823518737952025,1.716466520393434,1.7621235252368574,0.9763563022304715,1.170777956929172,1.0435333924333667,0.9859605013317037,44.0,0.9828402235212024,1.3131853632253874,1.2922311217580438,1.2640079310767534,1.3105788372941376,0.726065873763247,1.0580693006608417,0.8844336440578522,1.2517845723628325,1.0763144594414984,1.1352066207891915,0.7323475085447814,0.7994708571877898,1.1728689251538829,0.906599751377747,1.8867360638775434,0.863602967784778,0.9114991299976388,0.9311403925369233,0.9746377251320206,S1_Rural_Overhead_AC_500MW,Overhead,AC,460,Advanced Aluminum Conductor,100,0.6220661342982381,LCC Converter,0,False,0,,,52.17666962166834,0.029485206705636,44.0,20251111_112017_705837,2025-11-11T11:20:19.159465,84687105.90029663,91850003.29111308,84687105.90029666,18287908.150998972,66399197.749297656,0.0,169374.21180059327,7452465.319226104,1236739.9470256264,600000000.0,26400000000.0,4381091786.80043,3677512.021236057,3903203.422535239,1170946.875472661,1428711.9948231182,26609.214173614273,2222190.812239324,36699880.30706577,40422496.84688723,18522252.609202877,2987759.0949445567,33712121.21212121,125200000.0,0,90505804.02804236,266187595.5690681,14622152356.554388,5442147361.603089,0.0532375191138136,72209162.63672134,3177203156.015739,1238023709.803722,4.433829750112228,12122696.976006132,533398666.9442699,88517746.92575146,67790821.5462105,450000.0,19800000.0,3285818.8401003224,2957236.95609029,121661239.93665284,82655806.82680625,5510418.591431052,3743740.363531739,15161.604133122904,667110.5818574078,110707.298903907,977405022.6678214,392083578.79758954,22213750.51517776,1933395.223625592,85069389.83952606,28305232.02318497,0.007803582413909772,0.8795104155641691,0.006013800232497883,0.018056945842753143,sample_0079
1.332462121265464,4.0,1.694372129411032,0.9701588799354958,0.8391081138282092,0.8035685801125539,0.6684678039199907,1.1705628855093162,0.8097556231157457,1.6262295471990722,0.5254842489293449,0.9767570160426478,1.4532958714772297,1.0433073539944355,52.0,0.9050604564561251,1.2200922466653468,0.7638451565730193,0.7843962377296012,1.1367556441647844,1.359488306419451,0.7195017344912894,1.314562217887048,0.9908401124883577,1.1069722287161563,1.3831043654099484,1.3104662949121808,1.3726937837492308,1.0253641402297815,1.3564090714232324,1.7021016764034498,0.6379107797855761,0.9244111840842718,0.8188675246362366,0.7861480230840934,S1_Rural_Overhead_AC_500MW,Overhead,AC,460,Advanced Aluminum Conductor,100,0.679111215954847,LCC Converter,0,False,0,,,72.66479357386149,0.0271518136936837,52.0,20251111_112019_448999,2025-11-11T11:20:20.919401,86388773.90739053,91847242.77420476,86388773.9073905,18655377.88427649,67733396.02311404,0.0,172777.54781478108,8984432.486368615,1656163.384090445,600000000.0,31200000000.0,5751314583.53327,3144461.0299079865,3248128.920816535,1105871.629751751,886605.4444640643,19929.27463980223,2237926.3108041203,36873658.64846799,39656455.93245246,25820140.45288321,3161537.4363467745,33712121.21212121,50080000.0,0,42120473.67012927,400674124.3529699,27153241519.08739,11700438058.107656,0.0801348248705939,65142835.35931285,3387427438.684268,1548292802.8935766,3.999938939548107,3248816.1265590987,168938438.58107314,31141605.94649568,25058049.526680667,450000.0,23400000.0,4313485.937649948,3882137.343884955,15614209.987410342,12340493.876608076,2562467.4582349644,2025213.8278435336,0.0,0.0,0.0,1817976112.8643515,853504674.172889,34961079.09354522,1645637.683926609,85573159.56418368,21959995.63318194,0.0017686012777234797,0.3128902514740358,0.0014436192026828821,0.005215336725732556,sample_0080
0.991670800210725,13.0,1.791155799451888,0.8834041420492691,0.6919231175685471,0.7713472932171836,0.8842328468736199,1.006344850634258,1.1690809593806075,1.9991712352657882,1.4931834525250038,1.5556338003182306,1.122150652201717,0.7265601427583529,59.0,0.8736964266415581,0.851007419730331,0.9599409718489922,1.4641743888648506,1.0815378331671726,0.877899175960103,1.2208556123508294,0.779855855169017,1.364117705242163,0.9427179800855777,1.4686958009892896,0.9414261000758304,1.1820800174951274,1.4284999564260055,0.9273697224076078,0.7588902298021952,1.091829282352809,0.8392286684369721,1.1386226490833788,1.4365807765783296,S1_Rural_Overhead_AC_500MW,Overhead,AC,460,Advanced Aluminum Conductor,100,0.6183828994344883,LCC Converter,0,False,0,,,56.107532610085855,0.0262108927992467,59.0,20251111_112021_230278,2025-11-11T11:20:22.694854,103685273.82921824,110623095.11970536,103685273.82921824,22390501.41390272,81294772.41531552,0.0,207370.5476584365,12234862.311847754,2884203.2241808316,600000000.0,35400000000.0,8345070956.551028,4107424.597668578,4312679.392833636,1619974.6909318203,1654960.7486260282,41825.777043272516,2410638.0719992775,35913818.61441925,38798233.971935034,21216028.10467045,2201697.4022980393,33712121.21212121,162760000.0,0,126441947.95620722,330393288.6389813,26388829225.02961,8467439966.287483,0.0660786577277962,29044246.874989618,1713610565.6243875,591529870.218746,1.783392040035159,5514714.761393267,325368170.92220277,76701143.31494364,52837365.102187835,450000.0,26550000.0,6258803.217413268,5632922.895671944,48322120.97219545,36357315.50052274,6656020.10975335,5007955.326451223,0.0,0.0,0.0,1397823550.7528834,495169084.61906195,23691924.589031924,2224383.774699832,131238642.70729008,51870834.708753034,0.00454617561564801,0.6556995688429696,0.0032041510228325697,0.009027862155433056,sample_0081
0.8758326090650732,5.0,1.306079416005146,0.9786282887401705,0.3188861915444238,0.9885681569711676,0.5969896708312704,1.142808808214562,1.6337732186753318,1.7789528635927028,1.2480405935681032,1.2438372349239817,1.214495443062492,1.300619980224051,41.0,1.1914461169709014,0.8693269240097965,1.125098228745381,1.1471444349441606,0.7486452367699791,1.4708278804245878,1.3169043514775338,0.7975155171168612,0.9433392274049421,0.8214456070139963,1.0908948606103783,1.221265911563806,0.7791527404405085,1.12638866608992,1.1522270613185968,1.3243807155943534,0.8386318617548152,1.2107384437979776,0.9551154813646573,1.4448188883447735,S1_Rural_Overhead_AC_500MW,Overhead,AC,460,Advanced Aluminum Conductor,100,0.6850398021181193,LCC Converter,0,False,0,,,60.7247721531246,0.035743383509127,41.0,20251111_112022_982286,2025-11-11T11:20:24.443704,81161990.85204645,85087088.99171828,81161990.85204645,17526670.893700305,63635319.95834614,0.0,162323.9817040929,6655283.249867809,2944135.4643025943,600000000.0,24600000000.0,10882441768.843184,2484830.695935672,2600127.988029578,1626675.824230955,1296620.8310126422,26951.806645234792,1161258.0582777949,37653393.87946682,39816201.950660095,30665074.448559217,3941272.6673456095,33712121.21212121,62600000.0,0,56588617.27926814,152268156.46246237,7670544483.420778,3050939663.734302,0.0304536312924924,50686698.74722709,2078154648.6363103,867098811.6918415,3.1122946816467305,5558201.379527734,227886256.5606371,100811338.08702403,75732758.8839939,450000.0,18450000.0,8161831.326632388,7345648.19396915,41901918.27235257,37036277.07082689,2837735.7372023156,2508218.510037951,2533042.087062378,103854725.5695575,45942805.01747557,1212596021.4737494,524033480.1366544,29575512.718871936,1901557.0634373892,77963839.60093296,41316451.48168178,0.00697459353200132,0.9605075014119623,0.005317254914881085,0.009308961039784121,sample_0082
1.001883263718162,8.0,2.2748311572649653,1.0737504518240613,1.8481035611265668,1.4300885489447162,0.8470260027652579,0.537993468323089,1.5323548030325556,0.874995050030368,0.9061271021312376,1.014532168071956,0.8825342042686326,1.3311224670122632,51.0,0.9001490789615924,1.0919434648404622,1.2694701438970362,1.219711178343496,0.8729950433387688,1.3396092084626396,1.2893832626026844,0.8743529060262133,1.2130392267954564,0.7027021381292838,1.1210974966152676,0.9774013309532206,1.1021226316091892,0.7036718093238346,1.384213110492526,1.023080240932614,0.6502291889050684,0.9880846204525996,1.2116715516482064,0.6381043746945423,S1_Rural_Overhead_AC_500MW,Overhead,AC,460,Advanced Aluminum Conductor,100,0.7516253162768428,LCC Converter,0,False,0,,,44.12671021343163,0.0270044723688477,51.0,20251111_112024_731557,2025-11-11T11:20:26.168875,107624606.3046732,116851973.71429354,107624606.30467317,23241187.59241239,84383418.71226081,0.0,215249.2126093464,10977709.843076669,2672663.5648371545,600000000.0,30600000000.0,7449960533.944652,3123152.0609431705,3344019.647629924,1408916.8542666002,1378643.2409761332,39275.71822338706,1705233.1017436504,37745825.65761292,41609658.74286674,24781609.61284569,4033704.445491707,33712121.21212121,100160000.0,0,81755575.64741506,882469450.4379358,58338126295.73296,22623320888.556297,0.1764938900875871,39155326.98097301,1996921676.0296235,819374504.8766729,2.4042385661916432,4823399.886601281,245993394.21666536,59890231.32435445,47738118.07798878,450000.0,22950000.0,5587470.400458489,5028723.3604126405,43609033.42912903,33871989.76815581,4623674.020769235,3591298.1051804833,481145.0866589165,24538399.41960474,5974186.511183848,1250128795.2360225,526803326.990973,24512329.31835338,1661343.655553962,84728526.43325207,31713784.768441837,0.002064705433361821,0.4893146265937026,0.0016638944457319426,0.007917345452034165,sample_0083
0.7824861918909267,6.0,2.841186657913509,1.063077135637075,0.3200578990657407,1.12745494165606,0.8986519035709319,0.8323330628458449,0.8566324314263738,0.8177187634630616,0.8094833827396465,1.9337794046245722,0.780388285890684,0.7505747440191126,46.0,0.835334756581466,1.1829825396757507,0.95395756007342,0.9435356151976183,1.2705066911077725,1.4210938933763844,0.8875093330571705,0.7010982764050291,1.3550261741252771,1.2528072472107024,1.239748548191963,1.2567796342077495,1.2024983052171063,1.214981580754296,1.0075551112381587,1.4626410424630307,0.8622613863237685,0.8415235229842708,1.1879256214454017,0.7049440662345656,S1_Rural_Overhead_AC_500MW,Overhead,AC,460,Advanced Aluminum Conductor,100,0.7441539949459525,LCC Converter,0,False,0,,,39.0194142945342,0.0250600426974439,46.0,20251111_112026_456819,2025-11-11T11:20:27.890395,106066853.16659346,117543424.43234938,106066853.16659345,22904795.812243737,83162057.35434973,0.0,212133.70633318697,9758150.4913266,1913276.783473493,600000000.0,27600000000.0,5411521299.123712,3372895.5673189797,3590594.612720534,1234014.4061764188,1066481.165056702,31248.562811807256,2275165.83945047,35986590.133391246,40688862.056418255,23180508.264443457,2274468.9212700385,33712121.21212121,75120000.0,0,60764005.45229523,152827646.8038912,8871016083.073149,4026218525.654057,0.0305655293607782,55978197.97714511,2574997106.948675,1219914880.6565397,3.4372064497881216,3634374.494638032,167181226.75334945,32779158.311209474,20101626.062580418,450000.0,20700000.0,4058640.9743427816,3652776.876908503,25586089.444959287,18996964.72523005,3978533.996061079,2953951.604987877,0.0,0.0,0.0,982939168.6297586,477340990.2346025,21368242.7962991,1931684.7072628047,88857496.53408901,28375562.111634385,0.0032374971517601424,0.28232227817332767,0.002087660320374245,0.006007128547565475,sample_0084
0.8516978728591084,17.0,2.1182093671442885,1.017831355118195,2.270784481245957,1.3442179271487245,0.5739097201170029,0.8960082459362007,1.700211532959923,0.9156235275817458,1.2028214071101742,0.8011165566182537,1.323605474897854,1.1322309837158344,56.0,1.0795484441278675,0.7649669405062202,0.737305778794249,0.9313388080222376,1.0948959464979164,0.8952073008206074,0.8840805501126647,0.8143979692770096,1.2424208566839847,1.136647598735918,0.7625521554512735,0.8484787869718308,0.8832440918660176,1.0691364125279343,1.483511151568348,0.6626543328151394,1.2811639591165198,1.1864530298780287,1.1084490095485386,0.7424713765027293,S1_Rural_Overhead_AC_500MW,Overhead,AC,460,Advanced Aluminum Conductor,100,0.7124819485827365,LCC Converter,0,False,0,,,66.1802737448927,0.032386453323836,56.0,20251111_112028_207806,2025-11-11T11:20:29.648354,96704463.9129844,104402614.19154046,96704463.9129844,20883017.9639668,75821445.94901758,0.0,193408.92782596877,10830899.958254252,2249831.5210711546,600000000.0,33600000000.0,6979506726.066674,3441577.332883686,3597753.4838616727,1088639.73680478,1052695.0769463473,55773.58504064098,2333108.6708966973,37143124.19307829,40679355.73734666,18867131.16607939,3431002.980957074,33712121.21212121,212840000.0,0,154423460.5713042,1084299589.7949448,80868128103.11003,18619146819.011597,0.2168599179589889,25361106.62550102,1420221971.028057,354311003.33390987,1.5572376821155778,5032812.236022555,281837485.2172631,58544244.75391678,49164092.000501975,450000.0,25200000.0,5234630.044550006,4711167.040095006,140940030.59323874,98703526.53934497,8603194.21521493,6025013.652759505,3277213.4808408483,183523954.92708752,38122222.553808466,1907905557.4005303,491391435.7815196,34069742.09643804,2465785.4875735627,138083987.3041195,56605441.12462536,0.0023694516303409616,0.5467062096963252,0.0020015219894072658,0.008028874706628875,sample_0085
1.2277544347322698,11.0,2.477416658823145,0.9522838690590072,2.030194226541814,1.3090303855065415,0.5203508266459834,1.1795024517856727,0.6969687469027492,1.199668235981147,0.5325290218277016,1.0646964640769905,1.034536299762649,0.803572431666819,56.0,1.1531546480279857,1.0387489449848655,0.8066110651476788,1.3252027879128148,0.9011653046397696,1.0454056341809221,0.9355863629562006,1.1367731010031372,1.497388684694435,1.3557384537944241,0.764455410290125,1.3784157440347968,0.7420137206741501,1.2100115333315724,1.2864413842781945,1.2511279108277562,0.8313667159258566,1.0781487494693394,1.2048674907281796,1.2662458183328176,S1_Rural_Overhead_AC_500MW,Overhead,AC,460,Advanced Aluminum Conductor,100,0.666598708341305,LCC Converter,0,False,0,,,51.72681498813245,0.0345946394408395,56.0,20251111_112029_937740,2025-11-11T11:20:31.391964,126724239.65210484,138600762.7855993,126724239.65210488,27365691.986113302,99358547.66599156,0.0,253448.4793042097,14193114.841035742,2097743.6516804304,600000000.0,33600000000.0,4966083025.882066,3472182.061782953,3735392.1099015055,1138811.3594434806,1497880.7269438785,42143.78579928024,1932157.549039794,36147189.186869144,40226000.12774988,18419902.039882112,2435067.9747479367,33712121.21212121,137720000.0,0,100013444.98547108,969417743.173716,72300127177.23651,18444888610.92724,0.1938835486347432,47883167.40319989,2681457374.5791936,744894822.8653477,2.9401505904452274,4190084.6124205394,234644738.2955502,34680513.45125211,27295669.442467585,450000.0,25200000.0,3724562.2694115494,3352106.042470395,52212084.88662293,35623237.56313214,6064837.496470415,4137914.5726071233,164376.1279378272,9205063.164518325,1360509.1646871043,1357812157.1855829,390241969.58646846,24246645.664028265,1892294.0025054673,105968464.14030616,31467238.8692358,0.0015444136587210975,0.26253965290925674,0.0012324632143060359,0.006764663017782474,sample_0086
1.1426498162181578,4.0,2.101982724824748,0.8063018097552823,0.5447441409898892,0.986109481282609,0.633120988736132,1.2345422008281473,0.6383691867899821,1.178826638672692,0.8186891662186644,0.5012883367257303,1.0107353531161989,1.3731447183836794,48.0,1.01233699171013,1.0097104881524785,0.8426607459637686,1.3490602214342575,0.8989920302048073,1.0312269173820385,1.1824947801801202,0.8299896237655403,0.766053058255847,1.276039027834218,1.2501170704469526,1.4610192375029638,0.9053200400925481,0.9421751733277604,1.372971889885405,1.9681014033675917,0.8735857320544032,1.162058792968097,1.1792543598786598,1.9612524251123085,S1_Rural_Overhead_AC_500MW,Overhead,AC,460,Advanced Aluminum Conductor,100,0.5644112668286976,LCC Converter,0,False,0,,,50.536767655809946,0.0303701097513038,48.0,20251111_112031_680523,2025-11-11T11:20:33.142692,111571362.79502252,120382334.88464832,111571362.79502247,24093476.963061616,87477885.83196092,0.0,223142.72559004507,10710850.828322165,2899429.5012680846,600000000.0,28800000000.0,7796165867.20791,3191395.8408552404,3415758.9766350025,1706064.193309863,1524846.8563484182,15117.161622810148,1651431.822884012,37873165.813283876,41438580.816474654,29003658.732651178,4161044.601162665,33712121.21212121,50080000.0,0,43972812.3789008,260115327.32267213,15924938659.185007,6558895385.861656,0.0520230654645344,75323176.90968448,3615512491.664855,1574822619.2314944,4.625038297913841,3462924.4345356715,166220372.85771224,44995888.79541208,40484705.94466248,450000.0,21600000.0,5847124.40040593,5262411.96036534,17071688.00893402,14211039.459329756,2745892.226171137,2285771.785236686,0.0,0.0,0.0,903723814.854462,405593284.9482,18827579.476134624,1946123.248069364,93413915.90732948,33090475.504357938,0.003067596546422829,0.35734203838957435,0.002760137373325548,0.006023697008745215,sample_0087
0.7140573899110721,15.0,2.652978950934262,1.0880813353849388,1.9332692319239855,0.8976358455635566,0.7097723956841964,1.0667577591470618,0.921085809224721,1.3269269689037377,0.5983482173194915,0.5769132645003716,1.1049288967765882,1.2594251447724527,42.0,0.8806051815385298,1.128302230827928,1.2827628897008663,0.9323125084476145,0.8323362084258847,0.9414772487487202,0.8429074637958693,1.4195148187859288,1.2793823279588525,1.0348041113006163,1.2706233143736194,0.8787626301270405,0.9751579637024121,0.8794038417224218,1.1830157550119507,0.6104659637319723,0.9422083676453852,1.1539817355359723,1.1006519869846574,1.748663501655947,S1_Rural_Overhead_AC_500MW,Overhead,AC,460,Advanced Aluminum Conductor,100,0.7616569347694571,LCC Converter,0,False,0,,,55.24644483882941,0.0264181554461558,42.0,20251111_112033_430790,2025-11-11T11:20:34.872566,118503115.80490774,130434586.78252669,118503115.80490774,25590366.731846917,92912749.07306084,0.0,237006.23160981547,9954261.72761225,1839976.9824690735,600000000.0,25200000000.0,4658047098.520777,2468247.6609229865,2667776.1996729923,804044.7854887259,1053795.6534877582,51755.57202894101,1362696.435406287,37528561.04476501,42054330.44970004,17144754.16752033,3816439.8326437967,33712121.21212121,187800000.0,0,130074234.70991632,923136058.243703,47891365838.84918,17457644821.517483,0.1846272116487406,23363753.363950044,981277641.2859018,371440319.5414367,1.434595014770135,3721435.709338925,156300299.79223484,28891038.013696313,25557513.402639136,450000.0,18900000.0,3493535.3238905813,3144181.7915015244,56051416.586769015,36670553.93984463,7943840.5279204175,5197103.843355715,12202.588295426707,512508.7084079218,94733.71833992664,1313635219.808819,510383058.2862911,31277029.04306712,2033617.108447866,85411918.55481037,35500887.40428698,0.0013873150462931222,0.23733322756988262,0.0012295451041417782,0.005872877939913787,sample_0088
0.9771487780799568,17.0,1.0945057150340296,1.0712190810089695,1.2529048145873403,1.3471565989941734,0.9451877270155811,1.9527319291077267,1.7872659326987974,1.8204045643601572,1.0070839228190867,1.0904197083434908,0.9590659669729706,1.4360944501215032,45.0,1.0405558951726561,0.7838050219249868,1.0560893556691977,0.971312834423272,1.251546825089704,0.8334581232679769,1.1714788810975716,1.2094416552738259,1.436637763092477,1.3062908115409995,1.0155306161064284,1.405782735136909,1.1489428612318446,1.4568354876845833,1.4121661188465706,1.118491033300197,0.7858160449590215,1.1288147286696764,0.8172392521365565,0.5127435054082835,S1_Rural_Overhead_AC_500MW,Overhead,AC,460,Advanced Aluminum Conductor,100,0.7498533567062786,LCC Converter,0,False,0,,,47.95329834864853,0.0312166768551796,45.0,20251111_112035_183557,2025-11-11T11:20:36.630879,93679553.622896,97461520.93911524,93679553.62289605,20229798.315449387,73449755.3074466,0.0,187359.10724579197,8431159.826060638,2765032.9438535767,600000000.0,27000000000.0,8854759134.477076,3264978.5954915453,3346191.092146079,1389876.166738165,1097877.8401208497,51926.46158413621,2115174.2937865597,38063922.57612576,39883803.07621271,22324545.22003938,4351801.364004555,33712121.21212121,212840000.0,0,164748187.30483323,598262048.9654549,33790483491.590614,9823822535.418934,0.119652409793091,42806888.82646514,1926309997.190931,589100354.0947472,2.628453928255462,18562377.264968023,835306976.923561,273942299.40764195,214199882.96303663,450000.0,20250000.0,6641069.350857808,5976962.415772025,306266229.8657709,233563590.50830537,8142527.571765313,6209623.490999618,940691.537081412,42331119.16866354,13882661.634494854,1194673999.776995,376757967.29514533,26548311.106155444,1834216.8970227528,82539760.36602387,44917947.83278265,0.013871092764285484,2.3901002477799977,0.010884798554920331,0.028587205551526607,sample_0089
0.9738576254523881,10.0,2.8777222641049836,0.8597293893048048,2.0711511840995604,1.0569008535068165,0.8095577866849156,0.6783437446984433,0.7127291049414887,1.7740479024766682,1.032689974879471,0.7472913071416838,1.1263229935875454,1.4101629413120298,44.0,0.7946708102161164,0.7865640876026484,0.9377705946207062,0.9052187796603316,1.3514096829932964,1.0046372758053828,1.0764185113574247,1.4278484861909333,1.4232615811867817,1.421662563379209,1.4778577663128474,1.3555386028764178,1.4386772913197265,1.4064968970951497,1.4977946452943787,0.6768025278225474,0.8908830651857937,1.0754804714667971,0.8519026091915447,1.5340810396507194,S1_Rural_Overhead_AC_500MW,Overhead,AC,460,Advanced Aluminum Conductor,100,0.6018105725133633,LCC Converter,0,False,0,,,56.31614967937727,0.0238401243064834,44.0,20251111_112036_917889,2025-11-11T11:20:38.363118,107605533.7050314,119406240.35612825,107605533.7050314,23237068.92586048,84368464.77917092,0.0,215211.0674100628,9469286.966042764,3292724.7234352753,600000000.0,26400000000.0,9179987153.247995,3382745.0654946803,3594562.8606513925,1586944.026969235,1023171.529737284,36818.433980576665,2322755.1017768197,37985342.24640009,42971562.53815826,26224582.878562327,4273221.034278879,33712121.21212121,125200000.0,0,104735364.44700548,988974690.40754,54326117522.49386,23769719481.395573,0.197794938081508,25902586.344824538,1139713799.1722796,517691573.8386367,1.5904859403829863,3570107.037021023,157084709.62892503,54622561.22595544,46458768.19036128,450000.0,19800000.0,6884990.364935999,6196491.328442398,23689185.14665699,18915532.408004787,5794975.018847243,4627218.584935243,0.0,0.0,0.0,1007852596.3808848,468710253.48611856,22905740.826838292,1968177.347811887,86599803.30372304,44712363.9741471,0.001795955825428035,0.4542082903998114,0.001537478205948043,0.006175210430301878,sample_0090
0.8609980758940523,3.0,1.5387178446723055,1.0348762126688829,1.5482251767542952,0.9391153351667754,0.894169455467931,0.6097154339893578,1.2254198687258377,1.9184394862532315,0.616725897675088,0.970178164958348,0.9209531432471276,0.9834268685256101,45.0,1.2233884901627545,0.8887755543332995,1.2992266931498526,0.7984622969027976,1.4130556421194211,0.7293690904644023,1.492874707899579,1.452771302573275,1.297374439889218,1.356858635855542,1.3905595158063242,0.876354651731049,0.8190275245589899,1.321321697009294,0.8186473755265045,0.5403149249956187,1.5491422310426834,1.0141808113782453,1.1330437051870295,1.5597115366416678,S1_Rural_Overhead_AC_500MW,Overhead,AC,460,Advanced Aluminum Conductor,100,0.724413348868218,LCC Converter,0,False,0,,,46.04765716235638,0.0367016547048826,45.0,20251111_112038_660081,2025-11-11T11:20:40.113407,144045224.74929947,152287146.023846,144045224.7492995,31106103.010611504,112939121.73868796,0.0,288090.44949859893,12964070.227436952,6240415.177161684,600000000.0,27000000000.0,12996783172.83204,3321669.78882372,3416983.9530269075,1983732.260140068,902504.35377195,8019.081618251347,2411146.3534335187,36692202.63189579,39199501.21095286,32442037.87821376,2980081.419774577,33712121.21212121,37560000.0,0,35351660.56501321,739277521.9001758,41755188955.52464,16242850119.658598,0.1478555043800351,20678932.80943232,930551976.4244545,383916125.4523832,1.269740073739704,3622853.36402512,163028401.3811304,78475732.73199941,63248644.25686082,450000.0,20250000.0,9747587.379624031,8772828.64166163,11464806.375245787,10518369.088898525,2042423.0301025377,1873817.8878162191,0.0,0.0,0.0,1092165094.072726,467130045.8659293,24270335.42383836,2807457.7842794214,126335600.29257396,67732544.91961761,0.0029029550008713013,0.4943286171916037,0.002369839342436365,0.006409668163259178,sample_0091
1.0451453951243361,14.0,0.5427993794104821,1.0838567011607476,0.3885917053430055,0.7261465880862804,1.1976040031871715,1.047232843150565,1.2915003891493118,0.9917606125955747,1.1320398215089926,1.4822249487703005,1.4864157351823035,1.2062551900834062,52.0,1.3072231485884203,1.3698469421097412,1.2181944126695015,1.0982682863543793,1.0575246969383676,1.23222212239178,0.9533236900139068,0.9051664770244102,1.3690413671314645,1.057079057458179,0.8590621269577325,1.2154632778477084,1.3698916031823987,1.250426097935081,1.392942836867848,0.5712604919892591,0.6921506602695413,0.826645011085547,1.274532352299112,1.7633469972292952,S1_Rural_Overhead_AC_500MW,Overhead,AC,460,Advanced Aluminum Conductor,100,0.7586996908125233,LCC Converter,0,False,0,,,74.32078675911518,0.0392166944576526,52.0,20251111_112040_401593,2025-11-11T11:20:41.852794,121309899.8607946,123714467.93387002,121309899.8607946,26196482.72161966,95113417.13917494,0.0,242619.7997215892,12616229.58552264,1329427.3852092354,600000000.0,31200000000.0,3287680692.346079,3341892.273914948,3386573.5838793293,723828.687299145,1241375.972152071,63222.70329542018,2037293.5984674569,37367439.969949715,38244421.42749852,13407624.327466495,3655318.757828504,33712121.21212121,175280000.0,0,109187494.87115408,185552539.30128512,12574690023.379856,2805893303.021576,0.037110507860257,21863281.549412925,1136890640.569472,275523478.4523319,1.342462156174759,4613503.799120285,239902197.5542548,25279545.607388403,17785550.96881886,450000.0,23400000.0,2465760.519259559,2219184.467333604,51417695.76580797,31500204.151872143,6544259.720734717,4009232.89454564,0.0,0.0,0.0,2175783381.901431,547976194.1894202,41841988.11348906,1714793.531543665,89169263.64027059,23629438.227589004,0.0038416851143844503,0.2048510705008948,0.0027699061596748314,0.006700544364412924,sample_0092
1.0330267604178243,7.0,2.510333946686716,1.0853044479695875,2.733114992292641,0.7005124429074499,0.7527532560894522,0.7640258115675931,1.0517595303485923,1.3125824417949816,0.5485354997938126,1.469439384182638,1.3146178552644128,1.1770668485094071,45.0,1.0146907252666921,1.3861070806821698,1.0703353157222975,0.7710527884704106,1.2298077850498772,1.1216046654795249,0.7064987575697735,1.1988822402695112,1.3765335335844588,1.3716937742015147,0.8025167507927355,1.2324119013552264,1.1325282484440247,0.9776548709095689,1.2267398039709145,1.2301432048795724,0.7248232899788519,1.0312151326776895,1.152518374141093,0.5848134485379853,S1_Rural_Overhead_AC_500MW,Overhead,AC,460,Advanced Aluminum Conductor,100,0.7597131135787112,LCC Converter,0,False,0,,,65.73089276322064,0.0304407217580007,45.0,20251111_112042_163600,2025-11-11T11:20:43.622493,122937480.7039009,134619252.93015686,122937480.70390092,26547953.570111,96389527.1337899,0.0,245874.9614078018,11064373.26335108,1659656.7148588027,600000000.0,27000000000.0,4050001770.061017,3042571.8614563565,3197932.2675762186,884356.2782266624,871523.3033317064,28773.578112171403,2142274.980012479,37278990.45002851,41522874.43781426,20573222.523038626,3566869.237907294,33712121.21212121,87640000.0,0,66010530.39250332,1305062408.819736,73711327430.80806,28519144805.04509,0.2610124817639472,47080040.737151,2118601833.171795,861220455.9162697,2.8908365314669955,2403584.185090664,108161288.32907988,16224200.34017976,11456104.548833864,450000.0,20250000.0,3037501.327545763,2733751.1947911875,19272524.59476876,13332196.578650177,4279650.276009022,2960543.0511742127,42047.688628716525,1892145.9882922436,283822.02228879416,1668452922.9210284,698878955.4615251,37076731.6204673,1756451.134423036,79040301.04903662,22171663.47465404,0.0005602579510117284,0.1333958497869269,0.00041273505535578854,0.0038525759592005653,sample_0093
0.7937906639593861,6.0,0.6224270959291416,1.0804346834529952,1.1228230968392465,0.8411218216021827,1.1797090618322363,0.8796411145346961,1.3376145856687631,0.7183065218328962,1.0192397353068121,1.9240561055106817,0.7406309032167131,0.8227958874849326,44.0,1.1830940771552603,0.7966122208252248,1.1721694590541523,0.8101068629916197,1.482122349625721,0.8524805037115049,0.8133774169297394,1.2185777104332942,1.261803127993431,1.171719313083245,0.97022762615753,1.1372437067488366,0.995264973197111,0.8517487203614771,1.0248247275804727,1.586806345435513,1.157905077899317,0.9976315751450072,1.2465163800391843,1.892833130417703,S1_Rural_Overhead_AC_500MW,Overhead,AC,460,Advanced Aluminum Conductor,100,0.7563042784170966,LCC Converter,0,False,0,,,37.031545160835655,0.0354928223146578,44.0,20251111_112043_909875,2025-11-11T11:20:45.356453,128299043.9956649,131219433.9232063,128299043.99566486,27705765.919265848,100593278.07639904,0.0,256598.08799132975,11290315.871618511,5570574.767885009,600000000.0,26400000000.0,13025603140.285055,3359274.13774395,3397170.597584018,1962416.543037986,915666.2421087096,18745.271294339887,2424862.6243409007,36205442.08328767,37186530.60018729,29889695.596552856,2493320.8711664625,33712121.21212121,75120000.0,0,68367533.549471,536148028.74074024,29451553312.067253,11119100885.034344,0.107229605748148,60730252.45250795,2672131107.91035,1065429769.0106575,3.728994911773455,4364880.208351223,192054729.1674538,94758662.24811296,58294465.71841169,450000.0,19800000.0,9769202.35521379,8792282.11969241,23594734.939489473,21257649.237359196,2980092.193168114,2684910.625180813,0.0,0.0,0.0,913190207.1750654,377029561.2260562,20754322.890342396,2308630.414021629,101579738.21695168,58407124.61393367,0.004035263643050442,0.6526825476991731,0.0025898617130362617,0.0076191645664284305,sample_0094
1.3408435952989972,13.0,2.6951747782650077,0.8495084342326631,1.0049967279219583,1.3107565416339721,0.5169019801493586,1.2225151021976994,1.462603886935555,1.989867604493475,1.1435249691222673,1.3434041301411634,1.4726508291149847,1.3053349095322995,41.0,1.2575561511956348,1.1525222672202735,0.8656071630174261,1.383734349601299,1.0331424946665013,1.0495109643817468,1.2041682492266061,0.7758771891553384,1.4823556295162774,1.083221614929266,1.0944960732202447,1.0820334388128217,1.3263952373633359,1.3104385129572842,1.4325034050421221,1.1449376717008106,1.2452198812808122,1.0338205318165332,0.9319977517809634,1.7819784634810054,S1_Rural_Overhead_AC_500MW,Overhead,AC,460,Advanced Aluminum Conductor,100,0.5946559039628642,LCC Converter,0,False,0,,,73.63254145574923,0.037726684535869,41.0,20251111_112045_646939,2025-11-11T11:20:47.086842,89254497.20824829,98391086.91235964,89254497.20824826,19274221.614442036,69980275.59380625,0.0,178508.99441649657,7318868.77107636,1017887.200075899,600000000.0,24600000000.0,3421297184.7266192,3269214.8011259353,3570512.9298695205,969185.46674642,1564039.128488741,50001.88267940212,1655173.789957792,37667681.54403727,42284400.38455832,15586281.186267126,3955560.3319160594,33712121.21212121,162760000.0,0,107943676.28518742,479885937.5827351,24174367883.04392,6490133602.340769,0.095977187516547,43819054.57133342,1796581237.4246705,507220835.6905961,2.6906035284969048,6716783.981138654,275388143.2266848,38300190.20847755,28009663.466225374,450000.0,18450000.0,2565972.8885449646,2309375.599690469,132425507.80153506,81623695.44651765,7062828.650219253,4353346.906552342,3422592.409932051,140326288.80721408,19516176.2942787,1207888333.156408,353883241.3052014,29460691.052595317,2419956.7883330355,99218228.32165444,34601903.127748854,0.0036725701906775254,0.3862222573916223,0.0027247187072373504,0.009894841960246717,sample_0095
1.0200239601927341,1.0,2.9845935659578293,1.0044935266895016,0.4395866226248661,1.4361489449422389,1.1503584012943802,1.299868992579061,1.9237866297852249,1.0581665621937129,0.7821621677223691,1.3523766624527822,0.9083116616479041,1.3285537647277075,57.0,1.2522063424413936,0.7004158628614625,1.2852989298023267,1.2997239726178398,1.0879920126580331,1.482208299771292,0.7778785994637579,1.186427667058919,0.8339364006364827,0.9762861065105042,1.1639123528792894,0.7796904018455958,1.2412300730633894,1.3471228169320626,0.9466786897566168,1.0082184125817153,1.2647980017497786,1.0475323180858453,0.9655367619968935,1.066665189182183,S1_Rural_Overhead_AC_500MW,Overhead,AC,460,Advanced Aluminum Conductor,100,0.7031454686826512,LCC Converter,0,False,0,,,45.41558308239521,0.0375661902732418,57.0,20251111_112047_374194,2025-11-11T11:20:48.852285,93481278.29115756,104134681.38826792,93481278.29115756,20186981.39524775,73294296.89590983,0.0,186962.55658231516,10656865.725191964,6487788.342127322,600000000.0,34200000000.0,20820602137.85395,3867363.172438864,4183984.6658594497,2910544.3850407666,1469081.944807437,5432.068841646668,2392849.15878978,37738041.71129608,42894734.84754844,36415473.24951241,4025920.499174871,33712121.21212121,12520000.0,0,12312830.153533457,209902612.3033736,16021192974.94024,5157340973.010188,0.0419805224606747,38586535.08632741,2199432499.9206624,778419796.1086105,2.3693132695670314,14170656.213025972,807727404.1424804,491735991.73953664,358733535.876212,450000.0,25650000.0,15615451.60339047,14053906.443051418,51516043.33071559,49230639.23222237,1793067.1046810232,1713521.342915036,267718.9218120904,15259978.543289153,9290115.25970794,1308028163.0009162,480326049.4195442,22947862.508788005,2444918.8919309676,139360376.84006515,89173162.66691132,0.018423883038474663,3.8202076159033274,0.013537346400845668,0.023486379473164246,sample_0096
1.084257850323413,10.0,0.6701237681529891,0.9424035675321092,1.8172119678459029,1.2084524856379322,0.9160472283025656,1.6567629458856195,1.604324745976601,0.642794790601623,0.8036909797376314,1.2698184716194776,0.724386229476042,1.0248981915811624,47.0,1.0093432149991797,0.8749763648795366,1.1061974071467908,1.490786866060442,1.009455284595305,1.0432353495973887,0.8176899312708907,1.201540294469345,1.3118484468896778,1.1047928592323528,0.7248393401810513,1.3465360584892547,1.2148145875577263,0.8854952745018386,1.2352839636062938,1.0593085649925293,1.427671221437711,1.1700431506350324,0.9732860937157144,0.9162977732261093,S1_Rural_Overhead_AC_500MW,Overhead,AC,460,Advanced Aluminum Conductor,100,0.6596824972724764,LCC Converter,0,False,0,,,36.2193114738021,0.0302802964499753,47.0,20251111_112049_168104,2025-11-11T11:20:50.615364,100337176.2425991,102798234.00101665,100337176.24259911,21667490.50812494,78669685.73447417,0.0,200674.3524851982,9431694.566804316,3240136.2911100313,600000000.0,28200000000.0,9687744101.775114,3487617.887696853,3562823.7390798903,1809744.0717980987,1685040.9122440752,38232.9949031237,1764343.9805496542,36817873.307821706,37890371.214031115,25001067.788429733,3105752.095700492,33712121.21212121,125200000.0,0,103794159.3558188,867718714.6464186,51738894856.75077,18896511899.63857,0.1735437429292837,40541857.39939409,1905467297.771522,734220566.585218,2.4893751277324445,11848012.794133078,556856601.3242546,191300860.10686463,142717386.94678664,450000.0,21150000.0,7265808.076331333,6539227.2686982015,123382678.0123107,101013435.29835328,4801555.6956688445,3931035.080528003,346726.8443643559,16296161.685124729,5598334.902363145,786390833.6569124,312189924.55036753,16731719.865040692,2652582.247033082,124671365.61055484,60085538.247995615,0.006611070880978612,1.5616972879084128,0.004969343873580467,0.019084242313857004,sample_0097
0.742170495820694,12.0,1.7657485829574489,0.8263080429015504,1.912617140266574,1.2598164602258235,0.7593863469116473,0.7673828807607755,1.790464013133317,1.0706100455950365,0.8006249741031661,1.9824205055187778,1.352662104955335,1.0586507319895704,49.0,1.3471293589868953,0.9213540531551323,0.8014739297541649,1.4785216480688885,1.1445346333592676,1.222047785438214,1.346346582552769,1.20456856876794,1.2491805254545585,0.7910659101729189,0.8710379528134544,1.1230872824685654,1.252909322490746,1.1549263652487909,0.7209221576474942,0.6873566879071844,0.889712134418328,0.9802025464076733,0.9601261837343174,1.570891934314943,S1_Rural_Overhead_AC_500MW,Overhead,AC,460,Advanced Aluminum Conductor,100,0.5784156300310852,LCC Converter,0,False,0,,,67.63310524776675,0.0404138807696068,49.0,20251111_112050_906196,2025-11-11T11:20:52.369153,101589205.47665164,108287241.17439954,101589205.47665168,21937862.194479126,79651343.28217253,0.0,203178.4109533033,9955742.136711862,2063928.7379691775,600000000.0,29400000000.0,6094925326.815946,3855264.40296711,4059409.224599498,1430981.6678183342,1671177.4991808953,53743.43969850821,2130343.464087706,36920153.73330173,39828248.98292031,19887021.034834664,3208032.5211805166,33712121.21212121,150240000.0,0,111913944.12566936,913274684.4772892,57385463054.82366,13337570986.463198,0.1826549368954578,26306515.15958376,1289019242.8196044,323144547.45002294,1.6152882165818834,5314760.907539645,260423284.4694426,53988451.43555782,32582888.798146904,450000.0,22050000.0,4571193.99511196,4114074.595600764,85780251.53958459,61439542.50709053,6194586.862330852,4436832.208010148,1821980.390554926,89277039.13719139,18508057.378925383,1276606994.381909,332966690.0559063,26053203.966977727,1966684.411083368,96367536.14308503,36568972.44785624,0.0028640500811977086,0.4764541176888447,0.001794784449506361,0.008629821860663208,sample_0098
1.051020767718236,12.0,2.9751282718616587,0.9147520983101689,0.6763966170428559,0.9785014908703968,1.110566166938443,1.5033883061359599,1.47496457322915,1.7670188029522604,0.9424532209924146,1.3840607072590365,1.3825588481829518,1.109695035796065,41.0,1.0632144347822727,1.293415493509721,1.0482347237520622,0.8724583978421594,0.8151422913733012,0.8368216542408881,1.127842020723464,1.0733306867625316,1.443906424624206,1.4840243577490506,1.4712472428706573,1.302833159309939,1.092260524786885,0.7906121520449526,0.8072217405605571,1.4677442712799444,0.7740348059866644,1.1833221403597278,0.9595196678313325,1.7362433811210436,S1_Rural_Overhead_AC_500MW,Overhead,AC,460,Advanced Aluminum Conductor,100,0.6403264688171182,LCC Converter,0,False,0,,,69.1279424091476,0.0318964330434681,41.0,20251111_112052_667439,2025-11-11T11:20:54.116028,107841462.11797364,120090284.1414142,107841462.11797364,23288016.907849353,84553445.21012427,0.0,215682.92423594728,8842999.893673837,1126981.1490662787,600000000.0,24600000000.0,3135105348.905821,2337231.9414076265,2549023.5706294295,643021.7454830495,986142.3708943196,36801.89485959745,1314287.675653709,37074833.44180626,42138657.024488054,15302441.928318037,3362712.229685046,33712121.21212121,150240000.0,0,99532461.40996644,322979384.6379638,16270163077.098228,5391640931.423168,0.0645958769275927,56173508.75042604,2303113858.7674675,796749016.2460773,3.4491990375078694,9809092.12915114,402172777.2951967,51254228.67001953,37066435.873410806,450000.0,18450000.0,2351329.0116793653,2116196.1105114296,116973450.40682223,70973052.28356524,6738807.722337746,4088737.6677611927,0.0,0.0,0.0,1256057882.409536,448385842.7102336,30635558.10754966,1819195.817332997,74587028.51065287,24415151.198554102,0.00530968660829647,0.43304700669172624,0.0038810807184992482,0.013718932984043121,sample_0099
0.8078162848265963,6.0,2.589156198421281,0.8736896374087122,0.580628979860837,1.0454954341887088,1.0542900403827642,1.1372383362487966,0.6479524883156781,1.952236642177013,0.8885588819241081,1.5458664254019892,1.0975758639472046,0.8575143726404924,59.0,1.0443016533659162,1.1790211065294856,1.1390439116203095,1.229165380687823,1.4234667172751405,1.27400072173141,1.2181962832620872,0.9486769771847218,1.030110279113184,1.0933376678746085,0.8797646171877197,0.7426600588510479,0.9190507666431635,0.9757066013108135,1.1023223031154714,1.3409182146371208,0.6576098101118648,1.1487361674275607,1.149346595896897,0.5257289874665251,S1_Rural_Overhead_AC_500MW,Overhead,AC,460,Advanced Aluminum Conductor,100,0.6115827461860985,LCC Converter,0,False,0,,,54.87879319736023,0.0313290496009774,59.0,20251111_112054_405085,2025-11-11T11:20:55.864627,111257778.4065926,122177460.42266148,111257778.4065926,24025759.42292102,87232018.98367158,0.0,222515.5568131852,13128417.851977926,2402374.2007816588,600000000.0,35400000000.0,6477859530.869366,4631754.9184449585,4887908.360491792,1631640.3786282786,1389329.354535024,28014.1176883994,3214411.446221535,36310649.6140621,40601154.16647931,24352332.21829633,2598528.4019408864,33712121.21212121,75120000.0,0,61921864.74738818,277250337.88354963,22144250717.469135,7066702114.009047,0.0554500675767099,51319621.910591885,3027857692.724921,1053173793.0306392,3.151157804397234,4884354.645276643,288176924.07132196,52733605.48508559,36429783.44312798,450000.0,26550000.0,4858394.648152021,4372555.183336821,23821537.87566755,18298628.474658336,3865120.289289577,2969010.6723049656,0.0,0.0,0.0,1346495223.0473948,483021710.6585491,22821952.93300669,1670753.9475926275,98574482.90796503,27702927.6194144,0.0037564996953506936,0.41963906546020135,0.002661376098508742,0.007986224310460227,sample_0100
0.7457006023083578,6.0,1.2249946474691678,0.9793551268853222,1.7300580227039746,0.9091543750253632,0.6155080294268982,0.6309503176314415,0.8715931364141738,0.6236096298013999,0.6834697555397333,1.5964636640290233,1.2493654961895668,0.9960766364899496,53.0,0.9969041330704742,0.847911331473507,1.0052649351180731,0.9972177295535366,1.2099589959402817,1.1679443809101184,0.9270180289909182,1.2837075842688221,1.2083174924052036,0.9466507615504168,0.9895137992110157,1.153043769205809,0.7849239245492143,0.7057663538857186,1.165374975308796,1.8547563878662365,0.9866116958034078,0.9208775409966762,1.078059368790126,0.8764743702700039,S1_Rural_Overhead_AC_500MW,Overhead,AC,460,Advanced Aluminum Conductor,100,0.6855485888197255,LCC Converter,0,False,0,,,62.468274809478345,0.0299071239921142,53.0,20251111_112056_188381,2025-11-11T11:20:57.639256,107829730.9145399,112713548.26189516,107829730.9145399,23285483.592197396,84544247.32234251,0.0,215659.4618290798,11429951.47694123,4012686.310824229,600000000.0,31800000000.0,11163951565.467049,3558421.7020216286,3652163.589318491,1768604.905192301,1127158.22158627,25682.035168594495,2405581.445266764,36730535.26209076,38713340.928518005,28546220.526508473,3018414.0499695446,33712121.21212121,75120000.0,0,66370363.9694673,826102705.8411478,57370008531.49101,21619214949.05501,0.1652205411682295,70985236.4764166,3762217533.25008,1515974028.856071,4.358677511485656,1949433.171375151,103319958.082883,36272295.84224502,24690815.377633978,450000.0,23850000.0,8372963.674100287,7535667.306690253,13004289.477015411,11242688.918477638,3251247.5913611255,2810823.7156077204,113782.96659639,6030497.22960867,2117112.5467620883,1614192474.5962005,669886519.9603409,30456461.78483397,2090231.3518493448,110782261.64801526,48637108.18437859,0.001266806663111964,0.3231778413653014,0.0009144245869646634,0.00368750475008577,sample_0101
1.2954775785874353,14.0,2.620065192125985,0.8248455553565146,0.45301158922546203,1.2816298786821827,0.5057304377865413,1.935570556524279,1.0988737609791026,1.0333498782837567,0.885096826205144,1.6175995996240273,1.1693396054208436,0.7983614791494102,54.0,0.7096514085746822,1.0837092031930784,1.0421972466073952,1.1679487303885645,1.024553419453849,0.7272023801374935,1.4053379222434392,0.8575310875229935,0.9996728230817171,0.8639618151116941,0.8501038150560596,1.0506561787615194,0.7642546497322148,0.8995081441043017,1.017404403510011,1.285939047240744,1.1337975554604505,0.9741951536127149,0.8502713307511041,0.723466129582114,S1_Rural_Overhead_AC_500MW,Overhead,AC,460,Advanced Aluminum Conductor,100,0.5773918887495602,LCC Converter,0,False,0,,,58.46698027104218,0.0212895422572404,54.0,20251111_112057_926972,2025-11-11T11:20:59.406048,76499180.1132652,84101335.548935,76499180.1132652,16519751.91105475,59979428.20221045,0.0,152998.3602265304,8261911.452232642,1182085.8935211217,600000000.0,32400000000.0,4635680637.769913,3484385.378949602,3730955.8613037,977953.917122322,1320135.9891967713,37311.21157435147,2126938.1781784794,36131398.42166488,40458597.1804418,16419828.316157805,2419277.2095436677,33712121.21212121,175280000.0,0,121012107.27551064,216313033.85515812,15388735681.906298,6093146497.521747,0.0432626067710316,49215459.21599776,2657634797.663879,1106642270.8515506,3.0219567610157485,8503273.8668228,459176788.8084312,65697436.703475565,44443007.24190214,450000.0,24300000.0,3476760.478327434,3129084.430494691,163100261.66615853,105991897.78221416,7479029.336456693,4860301.9078072915,1964649.9490447,106091097.2484138,15179149.547970263,1213263477.762912,515959915.3926716,22467842.180794667,2277893.3229120746,123006239.43725204,39871260.22776565,0.005432490282605005,0.7367032484661424,0.0037360018079324276,0.012500680963863416,sample_0102
1.2348887875833503,14.0,1.5641079007003125,0.8925542673366403,2.3954118242509677,0.9656346210250022,0.586753088928838,1.8987166205392894,1.2162735941392273,1.2796314396544417,1.497447536308283,1.7060398837858513,0.9815954699319933,0.82874005913822,54.0,1.2977983363950394,1.2800889581424069,1.359203501800013,1.087255046547238,1.0165530810937355,1.4551896460258429,0.7711251436198374,1.2951840251136386,1.4037685321510647,1.046548273874905,0.9506728654736805,0.9430147810047074,1.22297907332409,0.8547965868063823,1.146831156508228,1.4735658222265993,1.026233250016607,0.822497984777436,1.0696332527992056,1.3253222457163034,S1_Rural_Overhead_AC_500MW,Overhead,AC,460,Advanced Aluminum Conductor,100,0.6247879871356482,LCC Converter,0,False,0,,,49.079773496599664,0.0389339500918511,54.0,20251111_112059_696556,2025-11-11T11:21:01.156415,112161187.35031876,118687699.39006236,112161187.35031874,24220847.67880151,87940339.67151725,0.0,224322.37470063753,12113408.233834429,1565547.6553450064,600000000.0,32400000000.0,4187404820.676295,3374562.7229647525,3506609.000971916,868428.5502943709,1228927.6738246053,74662.69397167017,2070972.355168477,36223454.72466128,38746412.06688234,15250496.26512926,2511333.512540061,33712121.21212121,175280000.0,0,116939934.093078,1143809146.079837,81371780081.24838,17069195813.217192,0.2287618292159674,56396311.14825641,3045400802.0058465,697741986.7110306,3.4628796822325083,7977017.341399844,430758936.4355916,55671668.11666021,36676050.87587791,450000.0,24300000.0,3140553.6155072204,2826498.2539564995,124948484.2472445,80116893.63109984,7003848.555315141,4490863.519433929,1249570.1840637976,67476789.93944506,8720760.354203517,1135183575.294542,270211878.5843853,21021918.06101004,2140748.8334711734,115600437.00744335,34533390.038931556,0.002602402586183546,0.4584671835660698,0.0017479621240034907,0.012170738041066255,sample_0103
0.8679906592876334,2.0,2.372946034557638,0.9908010432884069,0.5619555868797906,0.8769172063865035,0.676569138483936,0.8619248780904831,0.6655487103317685,1.3219872161723716,1.0010182240290453,0.7831724835088932,1.147574030753006,1.221811775833467,53.0,0.7055491067696094,0.7670191407213206,1.3056145310432883,1.0471052985668508,0.9488841504781179,1.1731715924247221,0.8629728989956431,1.1382068278074218,1.3889527207178904,1.008827284967438,1.0383829635119668,1.2227596210211802,0.9170697110130657,1.298891510908943,0.8930959444775727,1.5596909401946415,0.6972595757536529,0.9196389241073928,0.9019924233228035,0.6873281077836819,S1_Rural_Overhead_AC_500MW,Overhead,AC,460,Advanced Aluminum Conductor,100,0.6935607303018848,LCC Converter,0,False,0,,,57.3787015376503,0.0211664732030882,53.0,20251111_112101_452188,2025-11-11T11:21:02.896848,87429857.3071146,95263177.85927878,87429857.30711463,18880196.496145204,68549660.8109694,0.0,174859.71461422922,9267564.874554148,5136635.49081624,600000000.0,31800000000.0,17625450786.587,3118608.4838851145,3317081.806515559,2216073.1614034683,1183546.2920164708,8598.992265930054,1926463.1996027136,37414581.13888929,41424973.300902285,35058963.163589574,3702459.926768082,33712121.21212121,25040000.0,0,24260093.598733127,268333792.73510003,18634864490.39694,9683829899.803226,0.05366675854702,59692491.66312932,3163702058.145854,1725352092.2466185,3.665273709457408,2677746.6538740587,141920572.6553251,78660819.77800873,66339821.86193102,450000.0,23850000.0,13219088.089940254,11897179.280946229,7919257.646414551,7475929.082432199,1967825.7155509368,1857664.714659936,0.0,0.0,0.0,1507135413.8026338,839326586.8693932,28436517.24155913,1721307.3987859073,91229292.1356531,54300306.293392904,0.003053331100456453,0.736778687603104,0.002599953290542266,0.004917963037311763,sample_0104
1.0143546653014672,14.0,2.7348680553722784,0.9538235398585307,0.8516906986717888,0.9699843260511309,1.0521832324811298,0.6880533299720417,0.9837646620635964,1.3057041076065157,1.339008901579645,1.608949037151245,0.8511753340631035,0.9394582677995535,53.0,1.0358064821466408,1.315630096598721,1.1166935432720757,1.0709880883850937,1.4171805580087407,1.0247662007819733,1.3935777448652225,0.9829599608689068,1.346188131111211,1.294025403855746,1.1175471718371845,1.363436744014832,0.8516570973089994,1.098986670947963,0.861131142386479,1.208200336622676,0.63463058483178,1.0445062421077012,1.1177569157870653,0.7660466320417769,S1_Rural_Overhead_AC_500MW,Overhead,AC,460,Advanced Aluminum Conductor,100,0.6676764779009715,LCC Converter,0,False,0,,,42.55876670315518,0.0310741944643992,53.0,20251111_112103_209152,2025-11-11T11:21:04.690373,119440275.27269375,131855970.12807412,119440275.27269375,25792743.304850686,93647531.96784309,0.0,238880.55054538752,12660669.17890554,1162624.3862878832,600000000.0,31800000000.0,2920181781.9830837,4159143.001897428,4396109.417765238,791150.0680119629,1210541.0817201212,52578.580015636544,2896023.3401616705,36558964.44787744,41132954.18743821,13286573.653122889,2846843.235756223,33712121.21212121,175280000.0,0,109872579.99470462,406682308.6157792,28242695914.108448,7693271059.908156,0.0813364617231558,46240243.283223055,2450732894.010822,715556116.5503689,2.8392707910632886,4333577.501671974,229679607.5886146,21091390.118657112,14304395.753938183,450000.0,23850000.0,2190136.3364873133,1971122.702838582,39555131.17572077,22942153.414010108,7530690.624917525,4367834.323764121,0.0,0.0,0.0,1059700654.0764169,319022150.59949785,19994351.96370598,1641455.4353605197,86997138.07410754,22969788.543700486,0.001949408976124731,0.17436994735234557,0.0013627818533227501,0.006587799458041073,sample_0105
1.2322839322945809,15.0,2.3369040349887893,0.8227218377161077,0.3804317945613556,0.9300323808497055,0.7982676585391156,1.1878714373812653,1.0675647725331041,0.6490776420791045,0.9363514821644554,0.5882599349266446,1.2521272375798658,0.7436929717600308,50.0,0.8119092080848601,1.057932695676754,1.0684513988378175,0.8612198824772066,1.0339947986446085,1.4082037724045473,0.7018682360138225,1.2998736420431531,0.7399339256662357,0.9841865958142786,0.862977745944792,1.1740158325898848,1.290469185317915,1.482175184480854,0.982504453686663,0.8092344981209831,1.4055624106886015,1.262216511376419,0.8692682748129532,1.9513290246589088,S1_Rural_Overhead_AC_500MW,Overhead,AC,460,Advanced Aluminum Conductor,100,0.5759052864012754,LCC Converter,0,False,0,,,62.60636187899329,0.0243572762425458,50.0,20251111_112104_981957,2025-11-11T11:21:06.445284,86780592.50621876,94432588.52069125,86780592.50621873,18739989.85053803,68040602.65568073,0.0,173561.18501243752,8678059.250621876,1386613.5185569995,600000000.0,30000000000.0,4793514811.935517,3035010.358770541,3195567.014781548,841641.5917887023,973439.442921206,77412.80192482089,1984158.1139245136,35965736.2780607,39784008.8585545,16202926.09227355,2253615.0659394874,33712121.21212121,187800000.0,0,129124578.5476538,181656181.90304735,11710135548.936516,4220444905.6962495,0.0363312363806094,30971022.712086268,1548551135.6043134,586270163.7217195,1.9017010705843105,4743985.851228352,237199292.5614176,37900610.74245936,33441528.58065152,450000.0,22500000.0,3595136.1089516357,3235622.498056473,73609825.78761606,48105908.71716351,7801606.815744956,5098550.109441608,0.0,0.0,0.0,1198698792.8882809,464872404.3008305,23973975.85776562,2624393.5133279674,131219675.66639836,47217424.52269582,0.003990029170735756,0.3996694710160956,0.0035266964401811014,0.007419035891109197,sample_0106
1.0059756049803292,1.0,2.4167312732723896,0.8182456389312684,0.5340894394336008,1.11111368971076,0.9556293798880132,1.8559909909167207,0.7953265838606629,1.4976239631073684,1.4112057099202915,1.367425301392136,1.375063901367488,1.2615163743923428,51.0,0.8264681726581999,0.7770889324301399,1.1287525183683993,1.4234410146403043,0.86064821467294,1.0868365906858541,1.3535815935518518,1.1678039310354442,1.0931222581710294,1.1582205567242554,1.15606676612687,1.4939866200994576,1.3327340367507965,1.233877879987186,1.1708234253210363,1.2989440313998546,0.8427034653859343,0.8519058399984973,1.1208154058554192,1.7095493150898087,S1_Rural_Overhead_AC_500MW,Overhead,AC,460,Advanced Aluminum Conductor,100,0.5727719472518878,LCC Converter,0,False,0,,,68.7531950683744,0.0247940451797459,51.0,20251111_112106_737270,2025-11-11T11:21:08.191044,126803782.7147159,138383757.3301133,126803782.71471594,27382869.054660104,99420913.6600558,0.0,253607.5654294318,12933985.836901022,6489306.275149917,600000000.0,30600000000.0,15352790278.543056,3298496.391252849,3573704.2920329375,2423739.9318994423,1608919.692305556,3983.091432652945,1685593.60751464,37534898.10421922,41634621.42861576,35481700.24482266,3822776.8920980087,33712121.21212121,12520000.0,0,12186368.103518086,255027707.32954437,16859324242.57733,8302354983.018684,0.0510055414659088,49713185.969735235,2535372484.456497,1315259408.8594997,3.0525184737896582,8381969.676744835,427480453.5139866,214477704.2802845,155821256.39681217,450000.0,22950000.0,11514592.708907286,10363133.438016554,20174054.27135284,18969960.788908686,1537529.0729725752,1445761.26512725,0.0,0.0,0.0,1332757005.3635025,708528316.5482199,26132490.301245145,1906748.3580670664,97244166.26142038,52080817.68984077,0.008713858263824838,1.3720682607928167,0.006407772468236684,0.013849943406009348,sample_0107
0.8453269545635532,13.0,2.742696710410409,0.90069042821397,1.8755141796958792,0.7531070441505201,1.098473094014512,1.7877463120609085,0.8112434392769843,1.0776769870640348,1.0355206134369188,1.1686917254218354,0.8939249420120801,0.8868590722617924,44.0,0.9683609216760332,0.7249038546045514,0.8421270894506925,1.334003492317899,1.4385108949878544,0.9965599206155629,1.2026331922332236,0.7151013690163551,1.450234534387649,0.9089849425974658,1.4414936744287263,0.7694366386220043,1.2875181765982255,0.9484858241940155,1.2738868663991063,0.9075434823365005,0.9476518057065553,0.8215362349871941,1.1820699648614161,0.6151908349640381,S1_Rural_Overhead_AC_500MW,Overhead,AC,460,Advanced Aluminum Conductor,100,0.630483299749779,LCC Converter,0,False,0,,,44.696247100604005,0.0290508276502809,44.0,20251111_112108_478806,2025-11-11T11:21:09.948889,105096466.84660213,116053986.13508455,105096466.84660213,22695244.007369436,82401222.83923268,0.0,210192.93369320425,9248489.082500985,3103583.363565155,600000000.0,26400000000.0,8859241770.97728,4020647.280871983,4316735.195176868,1879928.7491479684,1507828.1898017465,47479.134496672734,2465339.956573564,36399572.94624785,40970917.241638586,23386216.634664677,2687451.7341266437,33712121.21212121,162760000.0,0,131527666.48031062,895558020.8047824,49194575713.968834,16787913617.74303,0.1791116041609564,34733504.15598255,1528274182.863232,545666656.2349558,2.1327271834907764,4951232.6490694815,217854236.5590572,73106945.17077145,56019048.79238175,450000.0,19800000.0,6644431.328232963,5979988.195409666,61900681.09383036,48019903.659909464,7084213.519684684,5495630.172563526,0.0,0.0,0.0,853009950.234001,313413040.91440487,19386589.77804548,2040557.491975858,89784529.64693774,47883509.42512515,0.0029677550154423317,0.6117657136084734,0.0023071445415792863,0.00836051761802244,sample_0108
1.2948017255760398,4.0,1.9422251664445895,0.875773811110198,1.706233838529447,1.2655257113987655,0.9410928059894463,1.5593605880782384,0.5782549788722228,0.8115092767942458,1.382594805002047,1.9983761468568275,0.7772712238399875,1.1369239421841835,59.0,1.1581427898452903,1.2421525390607764,0.9175171589015174,1.0055592495633632,1.4219373580900236,0.8119584514665532,0.9901156537971936,0.8698336325007945,0.907524781716052,1.414612948076009,1.174246806376893,1.4128904011904866,1.002321105556073,1.2121715102949384,1.428538217889607,1.497161219415794,1.4395414788416891,0.9223932136351247,0.8465640082318098,1.6378455755129457,S1_Rural_Overhead_AC_500MW,Overhead,AC,460,Advanced Aluminum Conductor,100,0.6130416677771385,LCC Converter,0,False,0,,,38.86356119199937,0.0347442836953587,59.0,20251111_112110_261421,2025-11-11T11:21:11.719165,82370805.67896871,88363817.23965202,82370805.6789687,17787710.567819607,64583095.11114911,0.0,164741.61135793742,9719755.070118308,1655749.9311624623,600000000.0,35400000000.0,6030352322.698779,4325719.573128813,4479382.120970777,1436562.0171834412,1136586.6669307104,11902.81880246848,3177230.087395634,37157345.27934601,40387029.95951803,26355678.60427559,3445224.0672247987,33712121.21212121,50080000.0,0,42415348.8319991,814726657.8978112,65073000510.724754,20433154264.562546,0.1629453315795622,57299354.18948127,3380661897.179395,1166784720.281133,3.5183288656271157,5583318.866329581,329415813.1134453,56115633.15656418,33687604.60339498,450000.0,26550000.0,4522764.242024087,4070487.817821675,24411165.35015816,19268643.520582817,2674001.324900065,2110689.0049692644,0.0,0.0,0.0,956688612.8043342,341658818.69341177,16215061.233971763,2667716.8252231535,157395292.68816605,37445189.688239105,0.002151441492987724,0.550442271115308,0.0013396516104655833,0.009208466904747891,sample_0109
1.2404227298657897,6.0,1.3643347840133768,1.0183141695523763,0.94984215435754,1.4766172880197361,0.8065352451098213,1.332308276003335,1.86984457909996,1.9813853300065403,0.6248500568680717,0.5686462947466806,1.4777924212297242,1.0308383819027473,51.0,1.149222870985799,0.789551182607347,1.1820346012417,1.224079513938125,1.4058925086487797,0.7974937245317556,1.1141717540468323,1.4838934881997694,1.2285465935805435,1.4912453878910363,1.48751317388418,1.4662860658275199,1.44492632520229,1.3703783228899846,0.7081090617651479,1.027458279186523,1.4975589362816155,1.2954909177812757,0.9762728873712028,0.9335834708040659,S1_Rural_Overhead_AC_500MW,Overhead,AC,460,Advanced Aluminum Conductor,100,0.7128199186866634,LCC Converter,0,False,0,,,73.88962106148621,0.0344766861295739,51.0,20251111_112112_008181,2025-11-11T11:21:13.462982,126791548.7051845,133203653.48415042,126791548.70518447,27380227.15964846,99411321.54553604,0.0,253583.09741036905,12932737.96792882,5927877.915851927,600000000.0,30600000000.0,14025882583.788183,4100332.7136484617,4229110.408261144,2424660.113087807,1383580.7839361231,17536.162008158277,2699215.7677041804,36835873.884553775,39056960.41058947,30595467.66972454,3123752.672432568,33712121.21212121,75120000.0,0,68558941.58921295,453549628.7057254,29983174497.073746,10179624367.2811,0.090709925741145,39322883.261026606,2005467046.312357,730865891.3320453,2.4145269560883293,11606563.008403309,591934713.4285687,271320483.26200694,240463405.76284307,450000.0,22950000.0,10519411.937841143,9467470.744057026,97524606.84201816,87394025.97911745,3313950.6528060194,2969706.8137275567,3264078.6700172992,166468012.17088225,76302640.28318354,1941268314.958434,731860718.7565283,38064084.60702812,2741689.0834590597,139826143.25641206,75818300.38862693,0.010779870523846945,1.763575111615931,0.009559407786273602,0.01850007584533758,sample_0110
0.951010626770967,16.0,0.9302771408422504,1.0776090393860718,0.5392312334207093,1.0194136265527065,0.9764566523129544,1.6778123182161424,0.9164687794415838,0.5495927875937959,0.6817667820195854,0.8448589023391133,0.7088642400218251,0.8190834397946745,47.0,1.2919103768325966,1.0510177862379586,1.0983994289900458,1.1996796996561403,1.0614212203996447,1.229678324635985,1.4994568284024528,1.270369276416076,1.3503469889761155,1.086669226619985,1.3389005047283806,1.2679948541123376,1.334792189891664,1.3372800535353873,1.1175504369985212,1.8314126120701468,0.6536180025187608,0.8771451895142799,0.9442272904085001,1.4551277898050796,S1_Rural_Overhead_AC_500MW,Overhead,AC,460,Advanced Aluminum Conductor,100,0.7543263275702502,LCC Converter,0,False,0,,,35.443212001091254,0.0387573113049778,47.0,20251111_112113_753624,2025-11-11T11:21:15.206228,112572295.27608944,116423542.39101627,112572295.27608944,24309625.11317851,88262670.16291092,0.0,225144.59055217885,10581795.755952409,1889297.8527188124,600000000.0,28200000000.0,5034892061.368768,3293402.276683717,3378175.038779758,1000455.8777156464,1356001.5999143643,72105.3559182914,1865295.320851061,36194192.24180205,37671002.11351614,15872229.858262612,2482071.029680832,33712121.21212121,200320000.0,0,136174650.5044139,257482913.95838872,15352764885.486343,3446345889.3455133,0.0514965827916777,70091823.48914865,3294315703.9899864,790943432.7787253,4.303819638364845,6054816.088249818,284576356.14774144,50808909.0929615,42223637.25989608,450000.0,21150000.0,3776169.046026576,3398552.1414239183,95538420.29771794,63584623.3345544,7618624.713379012,5070498.143238646,0.0,0.0,0.0,930124311.6292092,231971856.17881525,19789878.970834237,1665664.3929114202,78286226.46683674,30176704.170934997,0.005530126270109118,0.4216855509747365,0.004622077621025289,0.009689880150249998,sample_0111
1.3042415881062557,3.0,2.5512550704024295,1.0500710699828737,2.024286660826557,1.171620111807242,1.161118931014797,0.8124207028100694,1.562384160196278,1.040376904107584,0.9912663969778224,1.288444680824477,1.229599822516219,0.8836440111064217,57.0,1.376332183169511,0.8311093202038401,0.9433552952413984,1.1199190799530379,0.8563350191103265,0.8608840152258017,1.3804989190728114,1.2576500447582086,1.3945412900581164,1.0498136396751474,1.3599698507908995,0.8027345864288322,0.9723588483850076,1.3043030028366276,0.8642775661892248,0.7134754432735755,1.3149376609056846,0.9574252499438509,1.047232564757816,0.9228474884494521,S1_Rural_Overhead_AC_500MW,Overhead,AC,460,Advanced Aluminum Conductor,100,0.7350497489880116,LCC Converter,0,False,0,,,61.479991125810955,0.0412899654950853,57.0,20251111_112115_496259,2025-11-11T11:21:16.950547,117821276.74682716,129207947.12707011,117821276.7468271,25443125.780165065,92378150.9666621,0.0,235642.55349365433,13431625.549138296,4702386.174333486,600000000.0,34200000000.0,11973353975.202406,3145067.1606405936,3374730.502196217,1813167.6153686712,1265847.9297651006,9465.02843649168,1869754.202439001,36389830.33668613,40621260.099813566,31374163.7480264,2677709.124564914,33712121.21212121,37560000.0,0,34933791.242158696,966596880.5446812,73777238797.76936,20341787223.242565,0.1933193761089362,27306132.16496628,1556449533.403078,475651795.9539541,1.6766672916929024,6902615.923116794,393449107.6176573,137745773.00390983,102250211.29732113,450000.0,25650000.0,8980015.481401803,8082013.9332616255,29720034.61988734,26351004.20696024,2498064.7816810934,2214886.907543825,0.0,0.0,0.0,1885722296.9458337,600072213.0671558,33082847.314839184,2508846.9573547477,143004276.5692206,59103494.21255878,0.0043578664878238995,0.9716385729362893,0.0032769502336498137,0.011416803046534647,sample_0112
1.184825046318938,9.0,1.8387833261063495,0.9850770565801599,2.43461378635088,0.74917318006337,1.1544145647817645,1.085856760760365,1.979305743066246,1.6054503141354126,0.9315619060927598,1.332069453080428,0.8293062232178726,1.4252372669151034,54.0,1.3107183841204202,1.105200394245785,1.3331520962685632,0.7173394743214023,1.1317514180995534,1.2091385566006352,0.731504912811687,0.9421576396091407,0.733044531314743,1.040859161429212,0.8949820815379339,1.2701073049050309,1.1957569828121963,1.1323313439563742,1.0112124597971288,1.9078728868508312,1.0168032453866251,1.241759384634737,1.0288084718512251,1.8546553052413373,S1_Rural_Overhead_AC_500MW,Overhead,AC,460,Advanced Aluminum Conductor,100,0.6895539396061119,LCC Converter,0,False,0,,,41.465311160893634,0.0393215515236126,54.0,20251111_112117_261365,2025-11-11T11:21:18.716849,89988543.76891112,96175378.49321751,89988543.76891114,19432736.608398296,70555807.16051283,0.0,179977.08753782226,9718762.7270424,2258750.1364120026,600000000.0,32400000000.0,7530125642.0342655,3167750.681437733,3271156.5248352503,1113605.6033973545,810810.9815814638,39881.7864641675,2317057.913392102,38031022.02095486,41141127.07141824,24026451.82722745,4318900.8088336475,33712121.21212121,112680000.0,0,90369388.8207442,1162528082.9825454,82703464848.95842,20535856908.86769,0.2325056165965091,73018111.12555502,3942978000.779971,1070186946.661928,4.483501284099454,7052477.429899025,380833781.21454734,88510068.55791767,64929756.834706314,450000.0,24300000.0,5647594.231525705,5082834.808373133,62827630.55985049,48353758.986782,4877452.496747858,3753812.7794355783,172058.59579983458,9291164.173191069,2159371.40694124,1100675787.2688134,310487872.4053354,20382884.94942247,2128725.577567947,114951181.18866912,41804496.62895207,0.0031649118005629044,0.8178477095040299,0.0023533260163294653,0.011560972049711305,sample_0113
1.2469488730407066,18.0,1.8921090314298,0.9468939975074802,1.1458682789923678,1.1151585686775924,1.0596973010838884,1.3415260084437561,0.9586307581781989,1.0632756709843734,1.1196988037443285,1.7525101622061068,1.1422448856969278,0.9815144255371213,57.0,0.8377743502567829,1.3903283740892065,0.8387822633076818,0.7448080537991493,0.7611297018574064,1.0487938436830877,1.0145206023802922,0.736961606978344,1.2960173755792979,1.0609284919438464,0.9797670938264752,0.861490617002922,1.2317833412723909,1.1580420648634373,1.0936744575692905,1.479640825651332,1.5292662297325563,1.0808887451234686,1.2600159297017912,1.8000186746853044,S1_Rural_Overhead_AC_500MW,Overhead,AC,460,Advanced Aluminum Conductor,100,0.662825798255236,LCC Converter,0,False,0,,,57.11224428484639,0.0251332305077034,57.0,20251111_112119_013951,2025-11-11T11:21:20.493006,111536621.72251412,119434997.7367563,111536621.72251403,24085974.740186635,87450646.98232748,0.0,223073.24344502823,12715174.87636661,573606.3953701571,600000000.0,34200000000.0,1542828857.0471537,2554529.5948302792,2665214.89163818,309500.77705663955,841858.8002032809,69186.06952092687,1643484.7251060717,36686407.35011248,39795595.9720092,7888095.895937512,2974286.1379912766,33712121.21212121,225360000.0,0,114188558.421423,547152103.2188556,41762364632.43301,12613400886.715374,0.1094304206437711,56628813.67932778,3227842379.7216835,1041043476.023074,3.4771559402806305,6716076.778186188,382816376.35661274,17269595.099216543,11216566.917504188,450000.0,25650000.0,1157121.6427853657,1041409.4785068288,102699992.96156187,49058706.79901118,8951449.06414341,4276013.097960548,0.0,0.0,0.0,1513877235.9748175,500527009.47949994,26559249.75394417,2782115.8826090097,158580605.30871356,32805201.485214476,0.0011503442738029846,0.15389683073834795,0.000765241749411701,0.00779474524793493,sample_0114
1.3813808827440432,12.0,2.365994330179878,0.9566764265627508,2.1693462402611967,1.105295662466907,0.8147777882426605,1.0627340403247547,1.1333016876809785,1.3590982313918276,1.2709463334311375,0.818214422020517,1.1350616857180091,1.1660240609059649,41.0,0.7089036751599852,0.8901776318950996,1.0076442448123837,0.8649024570016759,1.0717007376612213,0.7019632372208646,0.830207020729162,0.7161872846663064,1.2252186579980267,1.309159605032811,1.3705379630884447,0.8833317096682585,0.9147926086796991,0.8544326992451129,1.394076612944203,1.2188915142581158,0.9626887154672448,1.2694752025362042,0.8234960501328948,0.6210176667585823,S1_Rural_Overhead_AC_500MW,Overhead,AC,460,Advanced Aluminum Conductor,100,0.6696734985939254,LCC Converter,0,False,0,,,56.75308428590046,0.0212671102547995,41.0,20251111_112120_782463,2025-11-11T11:21:22.241093,71488887.51589718,77874390.92499505,71488887.51589718,15437795.33860828,56051092.17728891,0.0,142977.7750317944,5862088.77630357,1702656.2266037336,600000000.0,24600000000.0,7145122629.968647,2712485.2650848376,2875902.759372672,1139238.004219324,977601.8680655306,30871.066876178673,1704012.330143128,37245527.4572908,41228396.09996632,22366230.42801855,3533406.2451695907,33712121.21212121,150240000.0,0,117649690.867702,1035862829.7247216,52181835642.59795,24832850197.44683,0.2071725659449443,46649416.033686616,1912626057.3811512,937105501.0772508,2.864395058506572,6475819.8716121875,265508614.7360997,77117545.18709485,64497807.65451486,450000.0,18450000.0,5358841.972476483,4822957.775228836,68847279.58577198,51658454.5877018,6464697.448580945,4850682.28665009,33932.025939624386,1391213.0635246,404080.8107031556,1097762550.335997,549295670.2350172,26774696.349658463,2059729.5519207371,84448911.62875023,41316248.51972785,0.0024417949740699178,0.8682240785400105,0.002052309787740072,0.010300542541179937,sample_0115
0.8144572513206878,15.0,1.9528089874080656,0.8095199690005739,0.7313141338730169,1.0533043276019458,0.5155048598348116,1.9017981249504117,1.6872693025329952,1.8693799009234504,1.3586909152869584,0.5734333729445276,0.7484084432666369,1.4136564198480717,58.0,0.8856344242808978,0.9525751653519602,0.8046843421668072,1.4548675994142442,0.9520518402912028,0.8993072046783298,1.4620226943830272,1.2539597938971334,0.7710220688722187,0.911419947912865,0.9081343918855979,1.4395492335196702,0.826540889944149,1.410803739178621,0.9617914814212329,1.9607517139877697,1.172356541085224,0.8034109662522443,1.269341474394656,0.7359996096540423,S1_Rural_Overhead_AC_500MW,Overhead,AC,460,Advanced Aluminum Conductor,100,0.5666639783004017,LCC Converter,0,False,0,,,37.42042216333184,0.0265690327284269,58.0,20251111_112122_545798,2025-11-11T11:21:24.016679,135067151.9929943,144949629.00409392,135067151.9929943,29167317.07389998,105899834.91909432,0.0,270134.3039859886,15667789.631187338,2273219.1235858165,600000000.0,34800000000.0,5049086524.835568,3786641.5254850937,4010258.556564102,1124456.9723036694,1644441.2563076154,49437.369697180555,2092762.899480298,37995928.54499415,41305400.895032436,17098290.993512582,4283807.332872945,33712121.21212121,187800000.0,0,129220146.98308368,349202498.9243656,27269243973.48106,8253677278.934713,0.0698404997848731,75041889.59773992,4352429596.668916,1415095777.5447428,4.607766527871259,7983609.286821473,463049338.63564545,67183223.44940402,59478202.96382846,450000.0,26100000.0,3786814.893626677,3408133.404264006,206275124.59033215,135846197.8104014,7628764.044333629,5024059.936813128,5706556.496228713,330980276.7812653,48021495.84720212,812977562.4418354,271344360.03584707,14016854.524859233,2327056.029583661,134969249.71585232,43194243.722900115,0.0045769188243845686,0.46297922017106513,0.004055593930054105,0.01215802452170564,sample_0116
0.7187440869511414,16.0,2.865320410612907,0.9504138630448261,0.3631271025081041,1.217895621227016,0.6323435979276276,1.4115239258846999,0.8904495516293489,0.5090949507466491,0.7153571405379962,1.5167644060596321,1.4668809104191747,1.0302004828223341,58.0,1.0887179376646954,1.3634851789379754,0.7103273701809775,0.8542500233606383,0.8694648174830203,0.86701474387685,1.2966021269272177,1.3407219433497057,0.9978409279199275,0.7732262881271119,1.2655380705726142,1.0638952640473238,1.3116879389062386,1.3904713440368865,1.3875249756166887,1.8094952440035095,1.1474506235054804,1.023606798198472,1.1813559078446758,1.9789036412453846,S1_Rural_Overhead_AC_500MW,Overhead,AC,460,Advanced Aluminum Conductor,100,0.6652897041313782,LCC Converter,0,False,0,,,73.34404552095873,0.0326615381299408,58.0,20251111_112124_328943,2025-11-11T11:21:25.788030,128666207.84182484,142712547.33179343,128666207.8418248,27785053.770982563,100881154.07084228,0.0,257332.41568364963,14925280.10965168,680752.941288613,600000000.0,34800000000.0,1587253450.709047,2956714.1531912326,3155656.647859633,383734.32701754046,965561.390040964,50839.64272701393,1940313.1204232548,36833940.85703737,41671476.78150865,8999045.390605813,3121819.6449161647,33712121.21212121,200320000.0,0,106733848.58168817,173393191.44761968,13540284664.31382,3020616288.959671,0.0346786382895239,69253001.97850232,4016674114.7531343,977051345.597242,4.2523138234082465,5681243.714717274,329512135.4536019,15029289.48417346,10470111.21658134,450000.0,26100000.0,1190440.0880317856,1071396.079228607,103961926.5804743,50512815.22569404,8489394.184775807,4124810.052473592,139136.7781206722,8069933.130998989,368075.5519876266,1988537902.0166247,499508249.040444,34285136.241665944,2295300.9846694875,133127457.11083028,26485044.439794343,0.00252983293629631,0.1174925644798411,0.001800158576100993,0.006719816806553446,sample_0117
1.319912516324517,7.0,2.8198183650516664,0.9033132460414586,0.4144167293414449,1.2512132262920093,1.0351295623585175,0.7922013857711115,1.4784708137979372,1.9904629240670317,0.6096817219601359,0.6764399948658397,1.1167256700986063,1.10022579592616,41.0,0.9722495478774884,1.0364019384369931,0.9572014426757243,1.4453324916948813,1.4979523803316432,1.2272856650611272,1.066427983118924,0.8816928441205656,1.1311520413210228,1.2640438667135179,1.1667972137222056,1.156538101754742,1.1589678959457852,0.8883060078376255,1.1613426526409745,0.7292371719765809,0.8816040980559456,1.0092012110295063,1.072002613015333,1.390456911137425,S1_Rural_Overhead_AC_500MW,Overhead,AC,460,Advanced Aluminum Conductor,100,0.632319272229021,LCC Converter,0,False,0,,,55.836283504930314,0.0291674864363246,41.0,20251111_112126_076812,2025-11-11T11:21:27.527894,105225106.61605018,116520531.40606572,105225106.6160502,22723023.351854324,82502083.26419586,0.0,210450.21323210036,8628458.742516115,2230427.339354438,600000000.0,24600000000.0,6359016619.939144,4071829.106711653,4402548.03182064,1813977.992716212,1633663.6951581538,31484.712070528756,2406680.6994829704,37046138.77553382,41824330.039650515,24441633.153854538,3334017.5634126063,33712121.21212121,87640000.0,0,71746155.24396908,197883988.26053995,9968452825.416449,4183077257.704599,0.0395767976521079,27909365.045887705,1144283966.8813958,499527369.7215515,1.7137073541449652,7010936.726764487,287448405.79734397,74304438.61139515,64251939.79683493,450000.0,18450000.0,4769262.464954358,4292336.218458923,51806664.953285106,39536534.134696595,4418918.2642732505,3372321.16661845,0.0,0.0,0.0,996970496.471414,447913177.73300207,24316353.572473507,1956346.6647213304,80210213.25357457,32609664.0791196,0.0067179501509815245,0.6014091071446038,0.005823390370475382,0.011156144754841125,sample_0118
0.7612940081205478,16.0,1.2964380900762629,0.8644896740829243,0.4883789314782353,0.947945684070175,0.6224928931220688,1.6707201459991294,0.5414536299442888,1.166021456889375,1.005365050034105,1.1523551338154352,1.094577377149341,0.9283120054875484,47.0,0.9327378459009354,1.1385937710490217,0.9713890477461824,1.3601730993310697,0.8802248581517007,0.9260000353225906,1.2718991189360054,1.362831928583278,1.2400693747385891,1.4157843430708363,0.886649800940694,0.7829128109238975,0.9318104336081464,0.9201308673404907,1.1394470056660284,1.6823810881531507,0.9690658996373429,1.1168999891698956,0.9376727336100626,1.1418062222211578,S1_Rural_Overhead_AC_500MW,Overhead,AC,460,Advanced Aluminum Conductor,100,0.605142771858047,LCC Converter,0,False,0,,,54.72886885746705,0.027982135377028,47.0,20251111_112127_817634,2025-11-11T11:21:29.276017,114229716.87200163,119712269.733518,114229716.87200168,24667539.97626534,89562176.89573629,0.0,228459.43374400327,10737593.385968154,1370316.703794863,600000000.0,28200000000.0,3598844699.922572,3150392.142546422,3286045.96273587,835423.7766968709,1537407.7759105726,54298.39722274623,1558685.9694131033,36525187.89541681,38617385.770969786,13505133.248339675,2813066.6832956015,33712121.21212121,200320000.0,0,126359370.407997,233200939.78085735,13904919532.286182,4535563316.422232,0.0466401879561714,64388089.005797386,3026240183.272477,1037427276.6168004,3.953595557159904,3850791.9331378937,180987220.857481,23097336.89846318,17774069.947981432,450000.0,21150000.0,2699133.5249419273,2429220.172447736,53395863.006742544,32613887.102633215,7783397.140534318,4754054.365303358,0.0,0.0,0.0,1054207900.9242404,371506231.67604864,22429955.338813625,2067860.4617376125,97189441.70166776,32152050.02546952,0.002613846220183744,0.2006410163212646,0.0020471131379526425,0.006004526151152865,sample_0119
0.9070859473009882,17.0,2.7299653788698897,1.0294635135104417,2.052372077958384,0.886767961696483,1.1586840419276925,1.210021650996873,1.81852469954843,1.3310547336019642,1.3481481384415113,0.8919411982277575,1.406704391465487,0.8129227008006636,46.0,1.2186399161189883,0.7090360990493089,1.3190346780092477,0.8267084917635054,0.7162165386853804,1.055181774807492,1.1210556408330474,1.400976224950257,1.0571477039952037,0.7360180136673476,1.3104512753087805,1.343403524435801,1.2611937104494655,1.0391043066198582,1.4272538778968764,0.9924042960791943,1.2329417343802982,0.9351923166622496,1.1980416583961837,1.4344881887432481,S1_Rural_Overhead_AC_500MW,Overhead,AC,460,Advanced Aluminum Conductor,100,0.7206244594573091,LCC Converter,0,False,0,,,70.33521957327436,0.0365591974835696,46.0,20251111_112129_566306,2025-11-11T11:21:31.049664,127986022.33809884,141264992.87167236,127986022.33809888,27638169.89904547,100347852.43905336,0.0,255972.0446761977,11774714.055105094,6039840.441155485,600000000.0,27600000000.0,14157422031.290564,2279818.9675076874,2462376.6367642386,1420117.5850602237,934431.113417538,65740.38258693053,1279647.471503219,36175523.33575959,40700981.951979205,26913379.74676228,2463402.1236383747,33712121.21212121,212840000.0,0,184283087.86872852,980007667.2251282,56885412811.759384,12664004350.97161,0.1960015334450256,37981297.21954292,1747139672.0989742,413487982.1062304,2.3321500957861065,8991111.314600438,413591120.47162014,212151595.68518344,174306245.99290878,450000.0,20700000.0,10618066.52346792,9556259.871121123,138596149.00684914,117428969.83628727,8878484.42049145,7522512.614360693,69071.64781375235,3177295.7994326083,1629794.1141599326,1692646195.5960486,415236541.4543812,36796656.42600106,2404302.15103488,110597898.94760448,77078763.37568271,0.007899506405030988,1.425091777911317,0.00651984219178632,0.014730558474297356,sample_0120
1.3621882152701126,8.0,1.3491182122692944,0.8953855725051619,0.6184443843871885,1.3513304502387125,1.1085565245979143,1.4546918800081121,1.3877559680811389,1.0989875732737773,1.2243357639699535,0.8882165360017229,1.384135056157245,1.4063640401783954,40.0,0.9305671102241921,1.2280823667911984,1.1688339394140548,0.8467309477539164,0.8181745947237711,1.302182054485835,1.262629080945435,1.3311080989541195,0.7315924979625275,1.1660842364450146,1.153672665977499,1.301058120906531,0.8141961129252562,1.4025155749315001,1.1979845849242,1.5751189956782095,1.186557475899121,1.1454461359630537,0.9887116716230143,0.9646641861802114,S1_Rural_Overhead_AC_500MW,Overhead,AC,460,Advanced Aluminum Conductor,100,0.6267699007536133,LCC Converter,0,False,0,,,69.20675280786224,0.0279170133067257,40.0,20251111_112131_363975,2025-11-11T11:21:32.820871,109940702.00223248,115437090.26735736,109940702.00223248,23741341.009341713,86199360.99289076,0.0,219881.40400446497,8795256.160178598,1991143.117990246,600000000.0,24000000000.0,5433319275.921526,2235642.0396260805,2323681.2087823222,904261.552955754,957062.5560976084,38178.399435034386,1240401.0840934375,37973830.424783014,40226232.164461166,22229222.47162471,4261709.212661805,33712121.21212121,100160000.0,0,77427261.33428624,295307193.54488254,14436497719.181076,6435369632.627267,0.0590614387089765,60282954.202596426,2411318168.103857,1114387587.4895067,3.701529639843792,12046095.04918106,481843801.9672424,109083800.7171638,89705793.5957835,450000.0,18000000.0,4074989.456941143,3667490.5112470295,91816098.23709376,68353631.52272163,4207103.195521182,3132030.0810663374,0.0,0.0,0.0,1190921521.0414062,565747893.2605153,29773038.026035152,2345162.2214713795,93806488.8588552,34827982.13045415,0.008159922429881256,0.8503436583208162,0.006733182231485093,0.017910898644042276,sample_0121
1.0495989714834602,3.0,0.7427653764455912,0.8794630000615815,2.2298221842203114,1.2792452991054484,0.5214010468272124,1.6176185772845815,1.0174560343061325,0.8214099707145611,0.6524555254708813,1.6257275513181724,0.9372779018013977,1.1154779423941075,53.0,1.2732060641722505,0.9423170567237179,1.2642309055700067,1.2852513162615038,0.9964101825884133,1.1451449314246105,1.3265853842423343,0.7440928849711017,1.4734501668931903,1.2112559738575623,0.7907755452291545,1.17763285019576,0.7339116397962999,0.8204881384953169,1.2555043538598163,0.7874408880554762,1.525256946189857,1.1069741620734577,1.170344867612175,1.6162153183202872,S1_Rural_Overhead_AC_500MW,Overhead,AC,460,Advanced Aluminum Conductor,100,0.615624100043107,LCC Converter,0,False,0,,,46.86389509006988,0.0381961819251675,53.0,20251111_112133_108965,2025-11-11T11:21:34.584848,110346302.98628932,113350214.7171992,110346302.9862893,23828929.23736687,86517373.74892245,0.0,220692.60597257863,11696708.11654667,4701023.951227329,600000000.0,31800000000.0,12780737978.53863,3428710.5263857534,3500756.1821163883,2089014.8340917437,1452723.457471336,12590.348000590217,1963396.7209138272,37092357.40119426,38290650.120379,32111842.652015623,3380236.1890730527,33712121.21212121,37560000.0,0,35003610.582486495,1064740092.9651988,73942559182.19922,25191969264.74233,0.2129480185930397,30136937.667659186,1597257696.3859367,591677781.8239547,1.8504860869303692,7081089.461322845,375297741.4501108,150835915.01293084,101792294.45996928,450000.0,23850000.0,9585553.48390397,8626998.13551357,28368783.402578168,25949792.907285444,1684244.419400516,1540629.8278100498,893186.4860426878,47338883.76026245,19025970.740138736,1042342885.675198,400866999.8908792,19666846.89953204,2777004.046092068,147181214.4428796,65194730.06933337,0.004086003673791147,1.1098209606647347,0.0028124267869513017,0.011902849959507836,sample_0122
0.9776707361138309,15.0,1.926608975184834,0.9941375216330166,1.6842862871001278,0.8278878228211918,0.6903889203948933,0.7507163165778161,1.4285544835940274,0.9364999492296628,1.0166421728697856,1.4082231778383987,1.223691955480645,1.2489873141598071,51.0,1.23163536072006,1.1248771483949906,1.308495091613073,1.1106819235362244,0.826387336764545,0.8224417469481644,1.0091592607080568,1.417133542143308,0.8424269526738908,0.7165077887937936,0.9495920993552787,0.800147104641915,1.0610952327902277,0.9865785583872364,1.3514985020450632,1.352641071399185,1.3942871310497864,0.9783378154290889,1.2994161702629188,1.2549389226854233,S1_Rural_Overhead_AC_500MW,Overhead,AC,460,Advanced Aluminum Conductor,100,0.6958962651431115,LCC Converter,0,False,0,,,61.18459777403225,0.0369490608216018,51.0,20251111_112134_879226,2025-11-11T11:21:36.342492,132581356.01868507,142147220.20392388,132581356.01868512,28630517.427991536,103950838.59069352,0.0,265162.71203737013,13523298.313905876,2318729.231466959,600000000.0,30600000000.0,5246731443.462173,2904261.7322606454,3072531.7632261515,923851.9985588096,1255407.143875793,45211.86585268682,1603642.7225321657,37496931.255029716,40723939.96919353,17415405.253853064,3784810.042908507,33712121.21212121,187800000.0,0,130997011.29505362,804246702.090311,53166991396.91188,11932394900.575815,0.1608493404180622,51768279.084589615,2640182233.31407,638969670.8339291,3.178706517788085,3144978.022712644,160393879.15834486,27501425.134606536,19755796.274978444,450000.0,22950000.0,3935048.582596629,3541543.724336966,54102411.200343445,36193987.94758484,7616974.038833176,5095681.697765892,652088.332305071,33256504.94755862,5702220.595033042,1553804925.577679,389942217.2054442,30466763.24662115,2610017.5317884777,133110894.12121236,48760720.262769274,0.0016912216334247963,0.20829807827996424,0.0012533519427954615,0.005224902188589695,sample_0123
1.1080402082270462,12.0,1.7387978517737943,0.8480600174062951,0.48420555524322983,0.8132790528374254,1.0441379078303652,1.9487070506447546,1.6459013072985882,1.5799846944756795,1.2912677421262142,0.5953262142447711,1.263232373461243,1.0203903088209403,49.0,0.8497434424590997,1.340381392781596,0.8782234061148259,1.035842892428438,1.2567958621408684,0.9011974282252971,1.2358431971791373,1.3966894751824328,0.9510931813106083,1.318879033703214,1.0410619507755206,0.9641607460052726,1.0971530133129885,0.8747358500908591,1.1324259972783257,1.4596484443071778,1.5666058964233698,1.2049584204688224,1.0074812162676068,1.1259420162770168,S1_Rural_Overhead_AC_500MW,Overhead,AC,460,Advanced Aluminum Conductor,100,0.5936420121844065,LCC Converter,0,False,0,,,63.16161867306215,0.0254923032737729,49.0,20251111_112136_636041,2025-11-11T11:21:38.106462,121251280.85617304,129119792.69789878,121251280.85617308,26183824.13610035,95067456.7200727,0.0,242502.5617123461,11882625.52390496,1142339.7166126503,600000000.0,29400000000.0,2826377689.0761614,3548504.852502388,3689212.0116001535,726193.645897437,1170816.3602297194,39633.02435256998,2338055.4679200985,36804213.05703315,39658533.8839826,13668038.426516227,3092091.8449119404,33712121.21212121,150240000.0,0,94937456.5827516,231208152.62864223,14527925854.24492,5551640150.400286,0.0462416305257284,55863665.26052431,2737319597.7656913,1098996541.2287583,3.430173844121868,11211966.051680822,549386336.5323603,52815417.83191667,46526937.28159055,450000.0,22050000.0,2119783.2668071203,1907804.9401264088,129015285.42168924,76978447.51464751,6182459.033298207,3688834.983007344,91265.20035182498,4471994.817239424,429916.5434391065,1235393036.756632,508637496.69561213,25212102.790951673,2829723.957639796,138656473.92435002,35033972.48302743,0.005316219738224842,0.4049909201762207,0.004687153727756277,0.014916403848135027,sample_0124
0.9727026711008305,5.0,0.5952621095412517,1.092765704399188,2.1778127811644867,1.4388009722981954,1.0652125887179325,1.6406141231681055,0.9074020697121417,1.4158384034789124,0.6627236560533778,1.6946582605480218,1.1009174583730008,0.7665281266566452,47.0,1.1557197069900826,1.2717781983073793,1.3619342644686023,0.8373702445087956,0.852688825693213,1.2593525893721043,1.2638884031463689,1.3595747539333187,1.0653898435881413,0.730014124548687,1.1023516510659226,0.7173991107963111,1.0637632779120278,0.9636090049523617,1.0881814238480505,1.088579970918321,0.7962705748591266,1.0508132634442275,0.9947239448649795,0.7470473129570714,S1_Rural_Overhead_AC_500MW,Overhead,AC,460,Advanced Aluminum Conductor,100,0.7649359930794316,LCC Converter,0,False,0,,,55.04587291865004,0.0346715912097024,47.0,20251111_112138_418912,2025-11-11T11:21:39.883163,105448442.36698423,107742811.30256884,105448442.3669843,22771251.98898268,82677190.37800156,0.0,210896.88473396847,9912153.582496518,2584625.868874254,600000000.0,28200000000.0,7353240534.020911,2457563.117083149,2494990.339135168,1106267.0112169082,946482.1248538812,23076.682145251863,1488004.310084016,36034933.717141345,36968884.28077524,25565847.89992688,2322812.505020137,33712121.21212121,62600000.0,0,52955527.46977919,1039905603.0060424,62005769550.33145,23627918820.23384,0.2079811206012085,41662132.646985985,1958120234.4083416,792897508.2611277,2.558162931658055,9298618.266612155,437035058.5307713,113958294.58073296,75334221.52689216,450000.0,21150000.0,5514930.400515682,4963437.360464116,43144940.12080359,35769861.94069825,2517867.949293563,2087470.4815666876,0.0,0.0,0.0,1473727191.2611046,617443636.8684502,31355897.68640648,1847546.4226453863,86834681.86433315,29401741.69921839,0.0036596118025030073,0.9042743040338874,0.0024596160371803026,0.01452455353135618,sample_0125
1.2852707071581022,6.0,2.1483729864747527,0.8721037148992239,1.9969501492979291,1.3679413403012113,1.0825864222129313,1.8538746173711271,1.8626419861041743,1.5207899023183786,1.2269490759815778,1.5634837569092608,1.0542553503410799,0.8794129588064898,54.0,0.816197628986419,0.9665593098277959,1.3521224956511015,0.7355909461346468,0.8483750959094309,1.3148290731698604,1.3901857544043335,1.447315957686279,1.0222479698022617,1.3859245264139972,1.4578719790536412,1.202009064095853,1.1426148725651768,1.1232716447663822,1.2294177660192218,1.942022278106416,1.2769359263354365,1.281040656713119,0.9385416278020434,1.7541828535593158,S1_Rural_Overhead_AC_500MW,Overhead,AC,460,Advanced Aluminum Conductor,100,0.6104726004294567,LCC Converter,0,False,0,,,52.71276751705399,0.0244859288695925,54.0,20251111_112140_172493,2025-11-11T11:21:41.662260,119593061.82006817,129254160.98097277,119593061.8200681,25825737.068368617,93767324.75169957,0.0,239186.12364013633,12916050.67656736,4472169.915979043,600000000.0,32400000000.0,11218468315.597378,2606878.277601354,2732118.454049083,1313348.0776603487,831440.6754794645,28911.8960198478,1746525.7061020413,36377008.96608027,39904331.228083126,28485078.00778368,2664887.7539590597,33712121.21212121,75120000.0,0,66641658.585152246,953543696.2897612,67836096798.38606,28998396233.52596,0.1907087392579522,74325076.62768877,4013554137.895193,1817391346.962721,4.563752353550078,19722537.778453745,1065017040.0365022,368761108.61792606,253450707.91713032,450000.0,24300000.0,8413851.236698031,7572466.113028233,138564067.07222193,118569095.73309584,3666767.8439136385,3137648.5744275004,333250.58135560894,17995531.393202882,6230935.14682051,1180781428.1863534,547765710.0559132,21866322.74419173,2460394.7457776815,132861316.2719948,58961712.576817855,0.008773668136313462,2.5247419725358218,0.0060717994262145586,0.03098292696976312,sample_0126
0.9488003455291465,3.0,2.0021459225745364,1.078849347242567,2.50956156691331,1.0339327113274848,1.1217523276593468,1.7999301364029077,0.9649888239762631,1.5574466968413003,0.9823168149541693,1.959098442770024,1.3783637494994236,1.3607241694087535,48.0,1.1891150461152986,1.2968975921587704,1.3296777556116395,0.9580350383916605,1.1212537810452987,1.2698449947679031,1.428261454159515,1.3164497009976452,0.7950079899820809,0.9277977770171151,0.7278203718426292,1.07112336656215,0.9687032263959547,1.3872096333632187,0.7818619055100117,0.6547956500511416,1.0889510404557028,0.9552034770390201,1.2251466872540475,1.3444518232711573,S1_Rural_Overhead_AC_500MW,Overhead,AC,460,Advanced Aluminum Conductor,100,0.7551945430697969,LCC Converter,0,False,0,,,68.91818747497118,0.0356734513834589,48.0,20251111_112141_955758,2025-11-11T11:21:43.422299,134670309.02830195,144781816.44326842,134670309.02830195,29081620.11198929,105588688.91631263,0.0,269340.61805660394,12928349.66671699,3257378.054830599,600000000.0,28800000000.0,7256339006.720566,3152449.495464826,3303683.2935265787,1449370.441888602,1082869.9070305736,13961.368515202745,2055618.21991905,37835527.78608713,41220603.44598808,29715880.154154405,4123406.57396592,33712121.21212121,37560000.0,0,33378889.428778592,1198315648.2011054,73364008912.36835,27428745065.129932,0.239663129640221,25060339.118757293,1202896277.70035,479918152.3297423,1.538769777620183,8424011.073933903,404352531.54882735,101879133.58138762,61960883.19137645,450000.0,21600000.0,5442254.255040421,4898028.829536377,32339184.590466954,27138623.58838008,2250965.6651585414,1888981.143795227,0.0,0.0,0.0,1850118759.112851,764471758.6433518,38544140.81485105,2220714.016281021,106594272.781489,34091808.47974963,0.0029650834215876956,0.6471554597791648,0.001847183078928743,0.012951506306695514,sample_0127
1.2869311967362236,13.0,2.720922006694805,1.0164452804759414,1.2795395831132166,1.0364206873388768,0.8617281171625956,1.6017329759399819,1.2966977388075331,1.4873601007108466,0.8522190886276187,1.3892551108791025,1.2344424977528106,1.1985468229239755,59.0,1.235684539367902,0.9953655734769553,0.8579032679968894,1.0680817229634705,0.7448668881259447,0.7689298458093994,1.15289191599588,1.346243926712398,1.4333549458167212,0.8807053995455953,0.8282516869411534,1.0059236891754448,1.0502722668796658,1.1825586694615111,0.9946782560677968,1.201727150168605,0.8948789340759246,1.267936941025197,1.093619171752887,0.5401493174438088,S1_Rural_Overhead_AC_500MW,Overhead,AC,460,Advanced Aluminum Conductor,100,0.7115116963331589,LCC Converter,0,False,0,,,61.722124887640526,0.037070536181037,59.0,20251111_112143_713862,2025-11-11T11:21:45.176308,118700238.13318436,130972941.39192408,118700238.1331844,25632934.664659243,93067303.46852513,0.0,237400.47626636873,14006628.099715754,2022632.8593686428,600000000.0,35400000000.0,5111951478.393509,2929515.1744361343,3164517.6046971874,901893.5061733052,1207256.0080768922,36634.14794480163,1685625.0184144406,37344081.2815878,41974367.622388944,18140345.896190707,3631960.0694665927,33712121.21212121,162760000.0,0,115829587.24316062,610980150.936561,48799571351.35781,10060566690.50398,0.1221960301873122,45992501.491252854,2713557587.983918,618320621.1431068,2.824058802896222,8895546.730559457,524837257.103008,75789338.76733656,54731193.520802565,450000.0,26550000.0,3833963.6087951288,3450567.2479156167,121827535.0762397,81445724.50249684,7074414.903012662,4729479.643879793,103648.49755349188,6115261.355656021,883076.8171697311,1871092313.772722,442158724.15484333,31713429.04699529,1973272.0806468036,116423052.7581614,35726856.81415215,0.004793299237043414,0.5780591710032411,0.0035025247783008143,0.013421565289885643,sample_0128
0.8879285424433851,14.0,2.843413222763787,1.0387585109393782,0.363836629745062,1.1499194642525066,0.8761897281251311,0.6594395038378679,0.6785580664829292,1.4823319003303008,0.8749169263476523,0.6557478440775681,1.3480103273129638,1.1877141044110395,47.0,1.2428322708428128,0.8832158570484433,1.2285142105993063,1.052383479831604,0.7352785085259064,0.9799497291225654,0.8987866086384448,0.8156851364313491,0.8667722784344185,1.0649849459839316,1.005606735776825,0.826902251479654,1.1101660908734674,1.3726498476947442,0.8404762648529533,1.9570550635471569,0.818280899396804,1.105204288201306,1.248129975113562,0.7944286849587328,S1_Rural_Overhead_AC_500MW,Overhead,AC,460,Advanced Aluminum Conductor,100,0.7271309576575647,LCC Converter,0,False,0,,,67.40051636564819,0.0372849681252843,47.0,20251111_112145_490178,2025-11-11T11:21:46.954635,107664880.17112732,119323966.81635548,107664880.17112732,23249884.60434554,84414995.56678179,0.0,215329.76034225468,10120498.73608597,3093570.187063066,600000000.0,28200000000.0,8619998040.621994,2583513.730306658,2826536.337562548,1217155.9979744754,1189512.2362945098,50279.14192003524,1343722.3520921126,37311254.86185163,42160918.32033696,22977598.171079837,3599133.6497304225,33712121.21212121,175280000.0,0,138952297.72084227,173731990.70326713,10359003497.940104,2455077722.051956,0.0347463981406534,74900411.39207679,3520319335.427609,890285527.3255798,4.599079399335819,3294991.0914333174,154864581.2973659,47338027.92003686,41129665.969747305,450000.0,21150000.0,6464998.5304665,5818498.677419845,31200532.56109297,23693541.755042817,7579535.950243704,5755864.941385358,0.0,0.0,0.0,1678569797.2359445,440336555.9386768,35714251.00502009,1875609.586430925,88153650.56225348,44795355.72294237,0.004218571993637167,0.4080325773670673,0.003681097990192204,0.0057185643856666885,sample_0129
1.1286325874387129,10.0,1.0808454812603987,0.9182368129176048,1.0706241493395,1.227773934019274,1.1290344671102703,1.6461331035593076,1.5757471902820663,1.1163332757581834,1.3948070444050007,0.9613790414912542,0.7728496279058563,1.3153750223133465,56.0,1.2045352448905104,1.0049267184556245,1.2141407293243272,0.7227160521932832,1.2479915763974798,0.9504265198992475,1.146223420892519,1.087024834572388,1.4889561832319311,0.9576903849007561,1.0332035534537578,1.182587648304063,1.1186942440088754,0.9813507426445163,0.853718615950306,0.7036256146168749,1.1667332911835167,0.8545795820241305,1.0904571526737705,1.0435812095209704,S1_Rural_Overhead_AC_500MW,Overhead,AC,460,Advanced Aluminum Conductor,100,0.6427657690423233,LCC Converter,0,False,0,,,38.64248139529282,0.0361360573467153,56.0,20251111_112147_251360,2025-11-11T11:21:48.740310,110626649.39205804,115035956.31590256,110626649.39205806,23889469.142050788,86737180.25000726,0.0,221253.2987841161,12390184.731910504,3095708.0109218834,600000000.0,33600000000.0,8395015200.950646,3463592.1739263367,3523236.8407423813,1212277.414609441,816888.143842711,34831.69191412575,2611872.3381695,37698106.12822226,39480107.8523046,23860380.118298,3985984.91610105,33712121.21212121,125200000.0,0,100333713.77172938,511223031.30961126,38127515655.543236,10042517577.620916,0.1022446062619222,26929159.52261704,1508032933.266554,433981701.5374265,1.6535201943496562,13847839.00980332,775478984.5489858,193754698.3126937,156500357.08303675,450000.0,25200000.0,6296261.400712984,5666635.260641685,127041408.05052914,99698887.48194924,4986380.466567179,3913185.4149533734,0.0,0.0,0.0,964099454.7848036,287474426.8925773,17216061.69258578,2319886.3859589836,129913637.61370309,49344917.804495186,0.01023222321719174,1.4742224131183237,0.008294530886021736,0.022045214465488096,sample_0130
0.9425021911541671,20.0,1.6666530762697511,0.8253242514884395,0.9112131937145828,0.9673437220478094,0.9578705829428484,1.8813794638059125,0.5098775827926619,1.6364813169017811,0.7433661812864808,1.3987868731573718,1.0912686971407324,1.1911639292011187,50.0,1.2327919714238227,1.0925716051191654,0.9285799584557548,1.3278566344152927,1.4904643273105709,1.245857485606955,1.4416630808816067,0.7822326674152004,1.2910288141079844,1.2657368835009404,1.486158285982384,1.2178096689697928,1.0304558155270187,0.9333620558208267,1.1771324515668113,0.8766104820746924,1.1240313283698147,1.0669169024195888,1.0583645629154268,0.8016399213885022,S1_Rural_Overhead_AC_500MW,Overhead,AC,460,Advanced Aluminum Conductor,100,0.5777269760419076,LCC Converter,0,False,0,,,54.56343485703662,0.0369837591427146,50.0,20251111_112149_035123,2025-11-11T11:21:50.675616,106923808.3115397,113565894.3608251,106923808.31153968,23089852.519681033,83833955.79185866,0.0,213847.6166230794,10692380.83115397,1083638.5566959002,600000000.0,30000000000.0,3040403930.072933,4415659.064574169,4588114.338151892,828373.714435461,1500880.3776875883,91317.57836927584,2823461.1085173045,37321708.876367025,40084982.34239739,11397770.482458062,3609587.664245814,33712121.21212121,250400000.0,0,146042765.50343615,435104299.9987134,28048207760.02779,5376743584.712686,0.0870208599997426,33549636.369962625,1677481818.4981313,345803613.4396171,2.0600346328755275,4585039.216259571,229251960.81297857,23233952.087756876,16734082.649372546,450000.0,22500000.0,2280302.9475547,2052272.6527992296,72379814.40931392,40612475.958877906,9749993.884321388,5470743.403498625,0.0,0.0,0.0,1049220151.8499606,224290192.30635244,20984403.03699921,2265441.3833715133,113272069.16857567,36763205.19063712,0.002732782778982862,0.2141356710444826,0.002012170379992498,0.007060195830783453,sample_0131
0.8895388555343733,10.0,2.025727192490157,1.0263562416178007,0.4176791054152998,0.9073721279546296,0.7065076118449911,1.3613509053946808,0.8839863912271866,0.7589433010336901,1.4800731908653146,1.937826948196314,1.4515151587922033,0.835116096314716,52.0,1.2118794677325693,0.8985129657955552,1.117697956489515,1.079595469976237,0.9754668737045393,1.371141788880809,1.3483809104121367,1.078085871106079,1.3743829849351707,1.2547379840264061,1.2416956301951452,1.4431902796412315,0.7195328780896505,1.4987546177135647,1.4564716581169455,1.9285661289461986,0.7128799085159303,1.1190844698628737,1.122589005516471,1.1324390678985004,S1_Rural_Overhead_AC_500MW,Overhead,AC,460,Advanced Aluminum Conductor,100,0.7184493691324605,LCC Converter,0,False,0,,,72.57575793961017,0.036356384031977,52.0,20251111_112150_978034,2025-11-11T11:21:52.645232,120728523.45962274,129903956.6661674,120728523.45962273,26070936.35759221,94657587.10203052,0.0,241457.04691924548,12555766.439800764,3699634.926136063,600000000.0,31200000000.0,9193274679.71575,3202769.0790327815,3375341.913765187,1464961.575716585,1220270.0312155648,50250.26907492273,1932248.778742294,36242776.04943853,39548619.36339304,24243980.67661759,2530654.837317321,33712121.21212121,125200000.0,0,103027379.9668942,199441772.83580565,13515947992.775476,3634971517.127469,0.0398883545671611,73810082.88702892,3838124310.125503,1115051189.8303456,4.532130403023567,4725999.076139874,245751951.95927343,72412346.07172789,44347826.95174553,450000.0,23400000.0,6894956.009786815,6205460.408808129,47273194.053361885,37583033.22778272,5411577.2366205705,4302300.514516634,0.0,0.0,0.0,1965930911.7015076,591906551.9028627,37806363.686567456,1741223.3230578112,90543612.79900618,39868942.183868095,0.005333332058356693,0.541577947255059,0.003399655026194652,0.007836612501297456,sample_0132
0.8324974999425481,1.0,0.8863450733639121,1.0431003993426167,1.8624745664654827,1.3863390640910502,0.9483512557564969,1.3133453961009276,0.7290242841543201,0.893674893470972,0.7857568875775007,1.3377640051753823,1.200464097059255,1.2806099358061118,45.0,1.0778762577994323,1.2988724845176738,1.209390578746139,1.3795310673352505,0.7340775257007656,0.7474648889988988,1.0519975303820495,1.3654032859951157,1.1265627765615571,1.0006054938352669,0.7080138575344214,1.4202176101029593,0.7180931311782497,1.0511733268482295,0.7680967877806172,0.5957779322667038,0.9073245135286896,0.9431229309390562,0.9364592519194195,1.8229163387305296,S1_Rural_Overhead_AC_500MW,Overhead,AC,460,Advanced Aluminum Conductor,100,0.7301702795398316,LCC Converter,0,False,0,,,60.02320485296275,0.0323362877339829,45.0,20251111_112152_982441,2025-11-11T11:21:54.509018,98931313.13048878,102153474.42162804,98931313.1304888,21363898.89056015,77567414.23992863,0.0,197862.62626097756,8903818.18174399,2700005.3567862012,600000000.0,27000000000.0,8187514967.758302,2797051.1848375136,2889788.3702756483,1830980.679320963,1559288.1458062076,2739.3455659250553,1235023.693465381,37592757.38123064,39043892.35201788,32941454.92916366,3880636.16910943,33712121.21212121,12520000.0,0,11752995.684913885,889331605.4872681,50230404863.10794,23484025562.62632,0.1778663210974536,22801613.02371129,1026072586.067008,505474084.81077224,1.400078140826754,5797752.327250184,260898854.72625825,79115306.59786065,57947784.712854184,450000.0,20250000.0,6140636.225818728,5526572.603236853,9013927.381252935,8014749.815429988,848855.2830137605,754761.208417417,0.0,0.0,0.0,1439743452.7090964,732195601.8147398,31994298.949091032,1989140.1944490792,89511308.75020856,28707906.327297844,0.002576109494097861,0.6376481110497693,0.0019179530376189358,0.009363285552495479,sample_0133
1.3279697774242345,19.0,1.857438617919279,0.8714257027120345,0.32354572861553804,1.3621703218399925,0.8781949890881658,1.237726153537622,1.0245845861265397,1.5821037290205273,1.2986382777662138,1.5509455062383302,1.2164257480961962,1.4976669407987397,45.0,1.0496324588495929,0.9326182124529232,0.9985851964857468,0.7072500107550019,0.7089063529763145,1.003620578723849,1.377036360072569,0.7876469725566551,1.0704598622019694,1.1430009722350856,0.9668156930253426,1.3958758369287232,0.7886398085825506,1.3967009286754208,1.388008241534373,1.8132606466913948,0.7590483033610319,1.0492448631319837,0.980239041371418,1.3763570317873106,S1_Rural_Overhead_AC_500MW,Overhead,AC,460,Advanced Aluminum Conductor,100,0.6099979918984241,LCC Converter,0,False,0,,,60.82128740480981,0.0314889737654877,45.0,20251111_112154_797869,2025-11-11T11:21:56.371081,92036253.90022872,98430248.3159439,92036253.90022875,19874933.025471453,72161320.87475727,0.0,184072.50780045745,8283262.851020585,1557226.5998392955,600000000.0,27000000000.0,5075912590.469174,2087206.9816898769,2190259.925023853,633566.7035098776,799406.8303382294,69884.22978867828,1217915.9215629692,38250505.8812083,41408821.92388046,16300605.227393365,4538384.6690870905,33712121.21212121,237880000.0,0,159850805.6273591,154493085.41391942,8725935501.460133,2305595473.3218803,0.0308986170827838,69397111.47017306,3122870016.157788,868324278.294051,4.2611625197247776,8932200.700038353,401949031.5017259,75565116.6565371,52125641.03517081,450000.0,20250000.0,3806934.442851881,3426240.9985666927,129708152.85702176,84169396.28505108,9385847.378063677,6090604.869734542,0.0,0.0,0.0,1134128544.1865368,325278161.86407197,25202856.537478596,1800088.0264853155,81003961.1918392,35371675.829595014,0.008847506827007542,0.7283815814612795,0.006192301304286109,0.01369144396431567,sample_0134
0.9625662111007425,7.0,1.2356082021560968,0.8501454731319579,1.668993904747443,1.0128837721444774,0.9330661719505879,0.8526075328092926,1.8873754481002254,0.5311213709298886,0.8567416467195703,1.7877781691868089,1.1817538266500063,1.312337090649407,57.0,0.9933071429450919,1.0731316227023728,0.9416682467192484,1.483553713948504,0.7710762486774015,1.4872171260016225,0.8673441929317622,1.3810349476764212,1.004263516215337,0.8424881888345879,0.7048165530326068,0.7257472901494241,1.2130923487808425,0.749315703627307,0.7876036804365949,1.5227660182765472,0.6848564443502991,1.1678877788092374,1.2556459241411002,1.889649199502574,S1_Rural_Overhead_AC_500MW,Overhead,AC,460,Advanced Aluminum Conductor,100,0.5951018311923705,LCC Converter,0,False,0,,,59.08769133250031,0.0297992142883527,57.0,20251111_112156_659821,2025-11-11T11:21:58.190368,129516233.15152052,135434242.47272506,129516233.15152057,27968614.00278504,101547619.14873548,0.0,259032.46630304103,14764850.57927334,2977626.670158378,600000000.0,34200000000.0,6897112271.65215,3361420.0508069424,3502139.2772757383,1505847.8564442543,1676865.258493309,38152.97801607435,1646401.8142975592,37688900.27469517,39733186.33327204,24337362.850377884,3976779.062573961,33712121.21212121,87640000.0,0,70891532.30907308,796944589.516904,60828223712.29559,21153472272.32187,0.1593889179033808,58279301.05148002,3321920159.934361,1247624963.473694,3.578500142949886,5447678.467330417,310517672.6378338,62622083.34839965,40231204.64454652,450000.0,25650000.0,5172834.203739113,4655550.783365199,48324265.08104307,37854286.38592694,3706023.690970244,2903073.2679688693,894815.8778279532,51004505.03619333,10286075.953060618,1348938023.21606,521722321.72407746,23665579.35466772,1705493.4062466314,97213124.15605798,29083214.752831407,0.0022501334786580634,0.43637461533368005,0.0014898047638896253,0.008772418754981366,sample_0135
0.9582145835883471,14.0,2.9311726266590985,1.0543948231499969,0.4128140681141135,0.856489439620226,0.5515290260615433,1.6932836914095981,1.668816620492565,0.8854534934217986,1.2508468521468807,1.1015910014315091,1.363867906821155,1.1503167867714246,49.0,1.0565113233814387,1.047140178033529,1.1041820101308648,1.3525708668031016,0.9158091005275949,1.2972361814738402,1.4161515253673458,0.8370209904595076,1.4390163060442887,0.8783711882799129,1.2461422057965645,0.8239205317042467,1.3070290443673547,0.7787132334633453,0.8975356676027088,1.7322755417306768,1.4519495979646264,1.2283509334888338,0.8765579738835008,1.355339432758144,S1_Rural_Overhead_AC_500MW,Overhead,AC,460,Advanced Aluminum Conductor,100,0.7380763762049978,LCC Converter,0,False,0,,,68.19339534105775,0.0316953397014431,49.0,20251111_112158_484556,2025-11-11T11:21:59.976595,84886696.88412021,94378147.80453996,84886696.88412024,18331009.182037044,66555687.70208316,0.0,169773.39376824044,8318896.294643781,1460836.5747263313,600000000.0,29400000000.0,5162775658.666053,3339118.399950083,3662104.193254084,1149620.3628335586,1528814.949447142,66558.43675831053,1743745.0137446304,37197929.656883106,42195335.08678826,18046924.492127255,3485808.4447618932,33712121.21212121,175280000.0,0,124709664.54872136,197118717.52448913,12385921863.57388,3466174014.601847,0.0394237435048978,66297649.53311647,3248584827.122707,965952187.0480522,4.070847523067091,5567614.148644272,272813093.28356934,47907238.00577563,37352401.54765562,450000.0,22050000.0,3872081.743999541,3484873.569599587,147519656.6939546,98528844.95076336,7619027.681996594,5088772.669207141,3722891.26112972,182421671.79535627,32034087.3047018,1808626855.3911967,554832461.7286069,36910752.15084075,2683537.1771048987,131493321.67814004,49495057.10737288,0.004900961568209003,0.4974798909470662,0.003865286698767698,0.008442727364880111,sample_0136
0.9041627890351804,15.0,1.84231696388164,1.042492676020407,0.7395937476574557,1.0726066970876875,0.8041294275440927,1.7571517745451013,0.5239282728152611,1.8764529354246935,1.3711863771422113,0.6930133305789673,0.8333215975415905,1.4934757835995303,48.0,1.3928250035249687,1.2356619102275448,1.208475520270234,1.0859315588432341,0.9249186896838427,1.0191770257530415,1.0946729370823427,1.4682231945762267,0.7837725069211052,1.2414214742969736,0.7883519538815132,1.368482937283092,0.8313344100107058,1.3503017819093228,1.1888411962016567,1.762544590867527,1.199943913535824,1.299542950296016,1.0967410296376596,1.9884208425745575,S1_Rural_Overhead_AC_500MW,Overhead,AC,460,Advanced Aluminum Conductor,100,0.7297448732142848,LCC Converter,0,False,0,,,41.666079877079525,0.041784750105749,48.0,20251111_112200_294086,2025-11-11T11:22:01.857010,126487428.10609166,135200885.27803752,126487428.10609163,27314553.294378053,99172874.8117136,0.0,252974.85621218337,12142793.0981848,1554555.8748134742,600000000.0,28800000000.0,3687060203.745117,2973711.5055533336,3130570.7910700087,765133.2778194869,1227431.7316622008,56026.94067935129,1690252.8332117817,38237805.404847056,41368396.83519432,14876719.413234618,4525684.192725849,33712121.21212121,187800000.0,0,121273364.25012584,353156014.50643504,21621132157.124645,4315924152.771298,0.070631202901287,67456106.581682,3237893115.920736,696615656.7358041,4.141979788538689,6004893.601591175,288234892.8763764,36900673.710250854,31786141.952541113,450000.0,21600000.0,2765295.1528088395,2488765.6375279548,59872301.35262013,36876052.853908,7579042.633746738,4668021.279122519,0.0,0.0,0.0,1065166264.2852912,238740512.43179232,22190963.839276902,2362229.929458176,113387036.61399244,36762616.98044139,0.004273611229038499,0.279083723217266,0.003692778322316196,0.009291489472132522,sample_0137
0.7252432729376299,15.0,0.7126732227946504,0.8391573507593295,1.2150512097551056,1.192168394646566,0.6045129706053137,1.599769675499489,1.4076868484025864,1.860926123257409,0.5709010600213523,0.8579569961618638,1.415747459541553,1.1575033426108101,55.0,0.701125821096415,0.7474110779330413,1.1911486793650894,0.9188250373382199,0.8241919248491154,1.1052908898585607,1.1180363372389095,1.3253317150450488,0.7518918083949635,1.1518603072285012,1.3540945277379466,0.9206009382863533,0.8368935901892227,1.4954559139383488,1.253569917993011,0.6079891545042684,1.5894035840478118,1.0226433543729079,1.2703553061804884,1.5054551349722507,S1_Rural_Overhead_AC_500MW,Overhead,AC,460,Advanced Aluminum Conductor,100,0.5874101455315306,LCC Converter,0,False,0,,,70.78737297707764,0.0210337746328924,55.0,20251111_112202_147819,2025-11-11T11:22:03.648881,137533142.96721166,141123504.76515043,137533142.9672117,29699839.893734846,107833303.0734768,0.0,275066.28593442333,15128645.726393282,6057929.21135959,600000000.0,33000000000.0,13214114970.390415,2782885.7221844485,2832253.197892614,1447897.3545584758,1038550.7240216848,60760.854645224696,1683574.1435175394,37219707.098820634,38371952.346934594,25736348.504456192,3507585.8866994246,33712121.21212121,187800000.0,0,157054427.99540114,580186952.6580629,42268045221.9347,17056164995.157309,0.1160373905316125,23268960.92118736,1279792850.665305,543786832.6609046,1.428774513085031,8053071.386908787,442918926.2799833,177357018.6189568,146924079.630448,450000.0,24750000.0,9910586.227792803,8919527.605013534,151863602.1104752,125933721.5729362,7070702.950257593,5863419.043721324,2457251.0683829463,135148808.76106206,54117330.21454491,1531755677.409773,664536155.4034493,27850103.22563224,2858791.00936096,157233505.51485282,88265799.5931932,0.005837407315797436,1.1369024617328853,0.004857874984522907,0.012932255164810514,sample_0138
0.850281569220258,6.0,0.7943142523445023,0.901259853791304,0.7992461362376653,1.1964625390360277,0.8591613763916772,1.8099462314119998,1.2493851461368397,1.1842199582608623,0.9070702365568409,1.0428750914888936,1.2912668488214123,1.1228557996907018,56.0,0.9816299227746945,0.9726782343077054,1.1604695305887276,1.1076357215925876,1.4259322014595395,1.2914621652979186,0.8820496765143111,0.9271851037181453,0.9369991306406014,1.3824353446178987,1.3108011392782568,1.1947652085153264,1.3143193720134054,0.9959379721596753,0.9525901061851831,1.872473011727203,1.0070459389553688,0.8512142676373927,1.1987080144669022,1.3116889353587065,S1_Rural_Overhead_AC_500MW,Overhead,AC,460,Advanced Aluminum Conductor,100,0.6308818976539128,LCC Converter,0,False,0,,,64.56334244107062,0.0294488976832408,56.0,20251111_112203_941981,2025-11-11T11:22:05.449355,119530925.08777016,123013953.41701797,119530925.08777018,25812318.84087118,93718606.24689898,0.0,239061.8501755403,13387463.609830258,4079303.6649058815,600000000.0,33600000000.0,10238280165.34757,4249659.0366283655,4316175.53795049,1889992.58343606,1251964.0125879855,28398.07895838732,2969296.9450819925,37114714.54451728,38398398.76156748,27829546.474438675,3402593.3323960667,33712121.21212121,75120000.0,0,65300918.317616336,381640030.0534852,28463088181.631153,10574190194.253088,0.076328006010697,71663287.10482353,4013144077.8701177,1604664918.424123,4.400311577558927,10885347.357126378,609579451.9990771,185745393.23230937,147003544.44015244,450000.0,25200000.0,7678710.12401068,6910839.1116096135,66177331.06489653,56434743.146073535,3057441.413555026,2607326.6794174495,73792.29636983523,4132368.5967107727,1259177.007131223,1569585687.848159,646084659.1283249,28028315.854431413,2116285.011868095,118511960.6646133,45719621.016283385,0.008270273907981575,1.2959698615581432,0.006580948745598071,0.017256117470587175,sample_0139
1.2597310348751198,16.0,1.0313511330296783,1.0565574724124267,1.3751079954362915,0.8855108806519773,0.7000960813232457,1.3815206061588585,1.3420776445264426,0.6724034304629215,1.3181519346751802,1.003890496768531,0.7835188505037534,0.7389666652385632,45.0,1.128983953514044,1.2096073795527156,0.9085937830420581,1.0244258649502225,1.2710403998483586,0.9910787789367588,0.9690425218493801,1.1888132309658404,1.10428310731684,1.3640007603971656,0.9127332703208408,1.331251935452228,0.9708210498811847,0.8326167596035182,1.3008213510229694,1.7875954594390928,1.3225970705505015,0.9391560432175224,1.2285186870560583,1.80603802176575,S1_Rural_Overhead_AC_500MW,Overhead,AC,460,Advanced Aluminum Conductor,100,0.7395902306886987,LCC Converter,0,False,0,,,39.175942525187665,0.0338695186054213,45.0,20251111_112205_754961,2025-11-11T11:22:07.317656,132962737.13390492,138015074.5652611,132962737.13390498,28712875.45323658,104249861.68066835,0.0,265925.4742678099,11966646.342051445,1303445.3114810758,600000000.0,27000000000.0,2940926171.2965355,3361202.3269618317,3441737.108232999,670715.301290793,1157911.6594740392,58114.45698162987,2145176.2105061626,35951414.137086555,37583435.930013925,11810217.870474909,2239292.924965343,33712121.21212121,200320000.0,0,120122814.33017544,656614067.8208292,37086268228.80258,10146409607.385435,0.1313228135641658,68414853.42365296,3078668404.0643835,889568978.794235,4.200849329681867,5961050.051093266,268247252.299197,29218346.839447904,23351942.69476617,450000.0,20250000.0,2205694.6284724018,1985125.165625162,100665467.50096545,58707883.55964476,7664108.009863354,4469691.263563479,556166.8126428957,25027506.56893031,2726075.8915134477,956996859.492392,285886046.564967,21266596.87760871,2518612.7046518894,113337571.709335,35265867.20649067,0.0021477961897492888,0.21605643890777915,0.001731758719371662,0.008741401423454484,sample_0140
1.069836065843004,15.0,2.056834279460812,0.9451216171228132,2.1449674110978654,1.3918075645249401,0.6426146524927747,0.9093915485631295,0.6565875535699897,1.138916438437934,0.6462647418632801,1.8326719574499655,0.7203002855206283,1.1614902037084662,57.0,1.3887652280622118,1.1999194036655738,1.0834415109698634,1.2868789320721064,1.048245534414983,0.7736275435040456,1.4089041402037827,1.4085979677986797,1.3909872627838378,1.1920683143122364,1.3737563911408248,0.8594237011864475,1.1440401059993504,0.9994222256787613,1.0832354879321144,0.5162114173959367,1.4179007074175836,1.247020729062434,1.0995818172852085,1.0518448592763348,S1_Rural_Overhead_AC_500MW,Overhead,AC,460,Advanced Aluminum Conductor,100,0.6615851319859691,LCC Converter,0,False,0,,,36.015014276031415,0.0416629568418663,57.0,20251111_112207_648059,2025-11-11T11:22:09.188107,135852415.85130182,146341792.0042492,135852415.8513018,29336892.27855905,106515523.57274278,0.0,271704.83170260367,15487175.40704841,1638416.182135674,600000000.0,34200000000.0,3618079601.754775,3766867.9857408954,3975961.5800126647,869345.4371687757,1454563.156554229,42528.41595971785,2269776.413226948,37231788.49608626,40667301.599665195,14287605.960460655,3519667.28396505,33712121.21212121,187800000.0,0,120420963.05411036,1024221938.7992308,78175574618.16391,13348497211.163689,0.2048443877598461,19756443.366577286,1126117271.894905,213293114.1471737,1.2130968308804513,3718526.7436020193,211956024.3853151,22423209.599343468,14204332.113595532,450000.0,25650000.0,2713559.7013160815,2442203.7311844737,51029778.46692469,31069668.46024594,7675575.425757365,4673302.351772179,0.0,0.0,0.0,952154008.2610552,187857109.55187064,16704456.285281671,2640124.8416574188,150487115.97447288,41503952.90947416,0.0014187102783637618,0.1664583446616452,0.0009395245355384839,0.00604794102794766,sample_0141
1.0099746176811926,14.0,1.7272969992096434,1.01436833161442,0.5931461542957244,1.18837775287442,0.5138755143745279,0.6670239215574167,1.710080897498842,1.2823424763407862,0.5673310939334686,1.8520240951340545,1.4365784311602052,1.0449184156390525,44.0,1.3388017739807985,0.8009357512016632,1.1544448769311164,0.7640516259329531,1.06739256749077,1.3740355093237397,1.3910435383453765,1.1953520377014324,1.1977042592173566,0.8020942929035225,0.739576670452814,1.0889091419871266,1.2747030442046223,0.984683475322046,1.3260382454518158,1.0799538053929074,1.0054318346960067,1.0694695824089693,1.1482814069819556,1.4518938341089318,S1_Rural_Overhead_AC_500MW,Overhead,AC,460,Advanced Aluminum Conductor,100,0.710057832130094,LCC Converter,0,False,0,,,71.82892155801026,0.0401640532194239,44.0,20251111_112209_484707,2025-11-11T11:22:11.000834,122311614.54184282,130194779.98417789,122311614.54184274,26412799.785306834,95898814.756536,0.0,244623.22908368564,10763422.079682168,4032125.6520534176,600000000.0,26400000000.0,9889802371.975136,2723682.459976123,2826742.0967069054,1306401.8012558932,863609.8680999742,70498.84736262372,1789573.7445135252,36878540.65345167,39717984.69922055,24168217.430360135,3166419.4413304627,33712121.21212121,175280000.0,0,142926910.15198776,283227288.6762084,15558172640.252718,3669869908.525128,0.0566454577352416,41331992.039997354,1818607649.7598836,456016484.36578584,2.5378914426733323,2760865.140769526,121478066.19385916,45507351.02980988,28651208.907223593,450000.0,19800000.0,7417351.778981349,6675616.601083215,76748371.13373376,61132149.37017734,7077283.649644339,5637247.472669894,2609562.490942572,114820749.60147315,43013428.85456867,1619186825.700282,422318718.4882987,36799700.58409732,2114227.0289374087,93025989.273246,52680582.51573449,0.0035531342570810265,0.35811659487797354,0.002371689348185413,0.004914391512534336,sample_0142
0.7848711379086588,9.0,1.6890246536424212,1.0511271944680047,1.3969494718829591,0.9575680674026347,1.0705814288335838,1.958958600027821,0.6259405924964604,1.855429976472745,0.6669644531924999,1.8638803280415384,0.9978380259525961,1.1529050059338413,54.0,0.7435567874650473,0.7405227532801825,1.2455574917763876,1.3402149415350193,0.8383917347464391,1.1533149919705752,1.3510534796569853,1.2554566138459573,0.7737190403457173,0.7890786674509063,0.8087372157310954,1.4888842942702791,1.3627436023062969,1.224391499120744,1.2716927198652392,0.9839092540771949,0.6077902409981313,0.9120552307994954,1.0147222730949526,1.7747807085829106,S1_Rural_Overhead_AC_500MW,Overhead,AC,460,Advanced Aluminum Conductor,100,0.7357890361276033,LCC Converter,0,False,0,,,49.8919012976298,0.0223067036239514,54.0,20251111_112211_300108,2025-11-11T11:22:12.819314,108122566.40835476,114932057.33436903,108122566.40835474,23348720.475277837,84773845.93307692,0.0,216245.13281670952,11677237.172102312,5662852.065548991,600000000.0,32400000000.0,15712313128.496223,3264742.635304236,3441277.0545172635,2114508.9369060094,1514849.0096744308,38040.52230788765,1711853.1033219176,37205772.74525406,40000345.58436304,30158222.34525798,3493651.533132853,33712121.21212121,112680000.0,0,101663024.77641198,667043372.8241129,47454163856.0296,20553088150.71696,0.1334086745648225,37656174.9720424,2033433448.49029,928344743.8369598,2.312186747081408,5627556.092314154,303888028.9849643,147369872.4510276,92433911.20953552,450000.0,24300000.0,11784234.846372174,10605811.36173495,45182328.5174599,40036246.14468041,4810061.09413909,4262214.81395067,0.0,0.0,0.0,1451825721.5317075,677602523.565739,26885661.50984644,1607233.9969726177,86790635.83652136,51520222.98582633,0.004164714694710181,1.1336142300736607,0.0026963240472930067,0.009511132186484906,sample_0143
1.1983076294576303,13.0,0.6529101680368822,1.0102981182795854,2.812624725310926,1.3420401452126585,0.5384258493656693,1.623978171531254,1.7263688565150748,1.6990151677202026,1.3456957891109522,1.642467276108385,0.9413687735089507,1.1410644016629146,55.0,0.7328545622801431,1.353706820446873,0.8916154019471145,1.3543212891429242,1.3756399788910378,1.0797088035100908,0.760173642254876,1.4351410506638207,0.711754658966803,1.3372652484342975,1.2039801161828698,1.4497289551298753,0.9558762025472596,1.341267212932444,1.365026699298801,1.2440091438518879,0.6203475638724495,1.2546831737137527,0.9185258083543889,1.0211850486533347,S1_Rural_Overhead_AC_500MW,Overhead,AC,460,Advanced Aluminum Conductor,100,0.7072086827957097,LCC Converter,0,False,0,,,47.06843867544753,0.0219856368684042,55.0,20251111_112213_119384,2025-11-11T11:22:14.605507,101887793.38200048,104321929.140868,101887793.38200048,22002341.29232959,79885452.08967088,0.0,203775.58676400097,11207657.272020051,960924.6843025616,600000000.0,33000000000.0,2829361552.761782,4389235.025521913,4455762.148742256,829781.1694165273,1530793.4571221536,51440.59924407984,2807000.969155679,37169892.12625125,38222821.274399176,12692098.869672077,3457770.9141300437,33712121.21212121,162760000.0,0,99269751.02665424,1343028306.335967,97842912403.44926,39747603412.03713,0.2686056612671934,47610717.95349945,2618589487.4424696,1122646206.0748794,2.923421488051937,9113838.919202894,501261140.55615914,42977242.393427774,28859499.54371116,450000.0,24750000.0,2122021.1645713365,1909819.048114203,184929851.5462312,110283426.13105404,6143809.575616597,3663877.75597381,6255162.907633206,344033959.9198263,29496862.39519831,1318764038.7615917,577813096.3906995,23977527.977483485,1623244.583637373,89278452.10005552,20132398.780551676,0.0010099116808794737,0.39077541960844,0.0006890199929456464,0.011910882116515639,sample_0144
1.1497715997751101,0.0,0.6890313940817814,0.8666020494337298,0.7238278779835998,1.0626696225366548,0.9544641445487743,1.9308468258650857,1.3592044112645476,0.6050987768736202,1.2192482551390564,1.747891557226082,0.7065104958219522,1.051679238092917,47.0,0.9466924004237447,1.2470517035629294,0.9857175211083824,1.2823929582604645,0.8091853707026018,1.1982170166351158,0.8329034873522043,0.915194529974891,1.4462802289150445,0.9055415431446019,1.3572987881319698,0.9996704662727929,1.0803800315322716,0.8832633436239096,1.1119915275460475,1.553528385125826,0.6455211802475674,1.027578748542882,0.9158237771880261,0.5950784299410908,S1_Rural_Overhead_AC_500MW,Overhead,AC,460,Advanced Aluminum Conductor,100,0.6066214346036108,LCC Converter,0,False,0,,,35.325524791097614,0.0284007720127123,47.0,20251111_112214_920664,2025-11-11T11:22:16.394083,80087943.51901472,82108449.47356026,80087943.51901469,17294733.82645143,62793209.69256329,0.0,160175.88703802944,7528266.690787383,2290055.857981079,600000000.0,28200000000.0,8578279416.441877,2864362.257850754,2871675.9892194597,1865058.4207749288,1449492.6467610705,0.0,1414869.6110896834,36899027.99422096,37659836.61000105,34411395.16641035,3186906.7820997485,33712121.21212121,0.0,0,0.0,345627811.7371689,20608522910.935513,10538219305.372784,0.0691255623474337,59456638.3555356,2794462002.7101736,1502850540.7698455,3.650791705045691,10863256.199196603,510573041.3622404,155313411.7485048,101019211.52466686,450000.0,21150000.0,6433709.562331407,5790338.606098269,6917869.651445985,6188614.030727648,310064.1273368016,277378.34124422533,2860.0124512207117,134420.58520737346,40889.97656845685,682744496.2308295,377605390.17630047,14526478.64320914,1655340.9445156483,77801024.39223547,23186185.81863861,0.007649317090892335,1.3900052364231106,0.005051218906800089,0.017766146061303147,sample_0145
0.8861455806276222,12.0,2.632087402170922,0.8166500007672921,0.9362608975003742,1.1635347676166385,0.5779768469490499,0.50791649488216,0.9747421022779776,1.1603346237926078,1.3519546561990237,1.7160803673212444,1.426889830696715,1.15350037247579,59.0,1.0653714618173953,0.7728959834393949,1.3991981095976778,0.9603617144764396,1.1533471382042286,0.8078516945981591,0.8928283187902128,1.0742841007089237,0.9484588689409158,0.873701799734822,1.1651646503134125,1.1178811838000895,0.8786058660064667,1.0663615913304951,1.1937987497779583,0.7177473009724418,1.3794509795316972,1.2178531965451074,1.2208166851174802,1.4958165939051116,S1_Rural_Overhead_AC_500MW,Overhead,AC,460,Advanced Aluminum Conductor,100,0.5716550005371044,LCC Converter,0,False,0,,,71.34449153483575,0.0319611438545218,59.0,20251111_112216_685573,2025-11-11T11:22:18.159919,109326841.53427628,120243528.78649768,109326841.53427628,23608779.81556648,85718061.7187098,0.0,218653.68306855255,12900567.3010446,5958332.840850717,600000000.0,35400000000.0,16350054818.832348,3727282.055584683,3931044.717032359,2106875.678668529,1085499.7560597332,35527.848707164136,2606254.4508177857,37207576.886290275,41663373.229536615,29059767.13323692,3495455.6741690612,33712121.21212121,150240000.0,0,133174269.14888898,447064578.5564287,35707477184.79384,9235811412.869097,0.0894129157112857,27469624.702817295,1620707857.4662204,457628481.67264706,1.6867061572852382,2912508.9499009387,171838028.0441554,79366134.985367,52126401.76965579,450000.0,26550000.0,12262541.114124265,11036287.002711836,30343815.87965377,26249263.517258354,6584439.330976916,5695944.2344924165,325950.5744189289,19231083.8907168,8882182.933298968,1595673759.6656835,464960175.8682311,27045317.960435312,2591101.438602914,152874984.8775719,91328859.71917395,0.003403709831020898,0.6521916409569176,0.002346290199530828,0.0053189617510771585,sample_0146
1.3762659093258405,4.0,1.393721928217079,0.8980639524796652,0.8192169115011073,1.1775296223088945,0.6082632424179262,0.9561664920628385,1.1197311264521572,1.392469259221797,0.6345912344197306,1.9184658308006357,1.4348489327783966,1.061188538305921,60.0,1.1035689897740508,1.2169745425446492,0.7928344243054848,1.4148888131251058,0.772062453359671,0.7578676082763944,0.7848661722739971,0.8220813222641377,0.7227259939857255,1.3243346517356982,0.7306665700934996,1.2091856211687593,1.4545603050594318,0.9100602908116724,0.7564192765930415,0.7518925972123243,0.8681234738207124,1.286135050679029,1.155117624324923,1.1583441087751893,S1_Rural_Overhead_AC_500MW,Overhead,AC,460,Advanced Aluminum Conductor,100,0.6286447667357656,LCC Converter,0,False,0,,,71.74244663891983,0.0331070696932215,60.0,20251111_112218_452281,2025-11-11T11:22:19.959977,107367516.28895754,112917236.14562464,107367516.28895748,23185669.83036392,84181846.45859362,0.0,214735.0325779151,12884101.954674903,2168523.5324411173,600000000.0,36000000000.0,6059160928.911637,3348269.022410804,3500482.107596602,1515064.1988468985,1599253.113017165,11109.879823629955,1737906.0295700089,36927844.055472486,39203130.77078498,26041749.684469245,3215722.8433512757,33712121.21212121,50080000.0,0,42230074.907664634,391176075.24177873,31947220920.72193,10546354052.536615,0.0782352150483557,28776433.480510075,1726586008.8306046,625855646.0453702,1.766947603448962,4811285.608769026,288677136.5261415,48587256.29748019,29944658.09366643,450000.0,27000000.0,4544370.696683724,4089933.627015353,24479929.67632188,19663239.64129614,2427174.867697686,1949602.0497572655,426045.77761483425,25562746.656890057,4302466.549419301,1859514312.4717827,696355188.865382,30991905.207863044,1939158.868821408,116349532.1292845,26564362.691948894,0.002925826363840602,0.3937883325144144,0.001874200196238294,0.007604007938331003,sample_0147
1.0783851297038098,2.0,1.495972208223199,0.8131057107305193,0.35716199797979636,0.7355775108635112,0.7657947512534431,1.712630328929538,1.0939133409892083,1.3196861836103468,0.8966542483064079,1.188376239417796,1.023761251747902,0.7414527190729302,57.0,1.0523538665948555,0.949807774906714,0.8117068089507125,1.2428930468622172,1.3836030748426835,1.3060440245399203,1.4590230075869082,1.2633432484993723,1.4063355999655716,1.283115166332646,1.2607561781979841,1.4263315125593057,1.303100772760369,0.7665417146062209,0.7715349554191385,1.6997575270886403,1.256026285919169,1.2149928619822785,0.9291596494972019,1.3023584280221587,S1_Rural_Overhead_AC_500MW,Overhead,AC,460,Advanced Aluminum Conductor,100,0.5691739975113634,LCC Converter,0,False,0,,,51.1880625873951,0.0315706159978456,57.0,20251111_112220_255477,2025-11-11T11:22:21.765538,114049319.92555332,120388719.38436,114049319.9255533,24628583.83586716,89420736.08968616,0.0,228098.63985110665,13001622.47151308,3759875.707205138,600000000.0,34200000000.0,9890130979.280098,4381895.786369074,4525926.509460641,2141650.145154967,1404845.7772109304,9572.906928961089,2967477.102229183,35958947.63355433,38353323.217657104,30981101.92581353,2246826.421433122,33712121.21212121,25040000.0,0,23266433.882480662,170544854.03535277,13017141556.26775,4965769666.452958,0.0341089708070705,65053120.07673645,3708027844.3739777,1534082073.9527605,3.994430188658305,5640798.986409294,321525542.22532976,92980401.33896388,70881261.40241286,450000.0,25650000.0,7417598.234460075,6675838.411014069,17343848.23653954,15472504.0172614,1573187.493700439,1403445.7338541616,56173.037764887755,3201863.152598602,925931.1683313122,1099512373.6182556,469250444.30007976,19289690.765232556,2433734.954246941,138722892.3920756,45355609.27928885,0.005872399422093103,0.6821810565784296,0.0045364077975528225,0.009474425643951444,sample_0148
1.0857982525100527,18.0,1.0916399359109568,0.8803261088455924,1.6606328233942813,1.1510235455178193,0.6516138073620148,0.5823476243837169,0.5855254105880724,1.8721375521210561,0.6046386108448536,0.871591945758313,1.2730069097393852,0.8902001943978385,48.0,1.3510601513900506,0.8179662120014971,0.8251961553460857,0.9646578410250765,1.1972190018984126,0.9873138542547866,1.0995409123067474,0.9102127191984193,0.856108861235717,0.8595463349183582,0.9746140828159693,0.9611944299334141,0.8708536412161254,0.939805436423573,1.0518048514917842,0.8327440577723324,1.559182999058883,0.8833955102463792,0.8801483569341704,1.6529762837566435,S1_Rural_Overhead_AC_500MW,Overhead,AC,460,Advanced Aluminum Conductor,100,0.6162282761919147,LCC Converter,0,False,0,,,63.650345486969265,0.0405318045417015,48.0,20251111_112222_089927,2025-11-11T11:22:23.611601,76097595.26377504,79161551.95748784,76097595.26377507,16433030.954372687,59664564.309402354,0.0,152195.19052755006,7305369.145322403,1603038.5825512782,600000000.0,28800000000.0,6319668487.531212,3310405.5084727,3390842.4079629146,1054194.5104080946,1090355.6809162227,65130.4022910403,2154919.425265437,36409697.558781326,38158084.16213634,17372513.045340884,2697576.3466601167,33712121.21212121,225360000.0,0,158883328.27405515,792952173.1707693,48546599877.012695,9251320183.880695,0.1585904346341538,31870780.579062704,1529797467.79501,313577912.0636264,1.956948535764981,2350207.784019632,112809973.63294232,24754223.453032374,20439107.095999468,450000.0,21600000.0,4739751.36564841,4265776.229083568,26974785.44402838,18663904.670925383,8591237.971159931,5944293.674983072,0.0,0.0,0.0,1283886832.1730676,273837947.0502696,26747642.336938903,2820259.763500076,135372468.64800364,60078088.22954084,0.0017877193228759752,0.312025309247653,0.001497437953384096,0.004254018403336776,sample_0149
1.331286293121362,11.0,1.824684449027974,0.9747071531607454,1.0155757989849201,1.3903936791199598,1.1893579896631485,1.4645061757114322,1.2544853433810237,1.6325974314259033,0.8485257254495913,0.8793118260743382,0.7373214692671763,1.035485401488619,40.0,0.723799420298246,1.397863977182103,1.0443861297391948,1.480253262062664,1.4287667165766402,1.2049948746247874,1.224842292835484,0.747712829007211,1.1841663682915864,1.4398271243648995,0.8196301130582432,1.1418846040175774,1.4805174853428518,0.9446365381306022,0.7947713032898885,1.3367346820784012,1.0649687003879467,1.1429975723962544,1.2881617682549211,0.8658906476855065,S1_Rural_Overhead_AC_500MW,Overhead,AC,460,Advanced Aluminum Conductor,100,0.6822950072125218,LCC Converter,0,False,0,,,36.866073463358816,0.0217139826089473,40.0,20251111_112223_916284,2025-11-11T11:22:25.438620,133259055.05458608,142348205.78328544,133259055.05458608,28776864.35519872,104482190.69938734,0.0,266518.1101091721,10660724.404366884,1334597.2968469306,600000000.0,24000000000.0,3004517695.927488,3912719.7500197706,4124360.662370668,1043944.697999328,1673134.747725375,48577.36004570725,2191007.6422486883,36849955.76208672,39854611.71547597,14880348.824045336,3137834.5499655125,33712121.21212121,137720000.0,0,90230693.31809558,484937444.0152994,23706832943.80483,11613308324.31808,0.0969874888030598,51159509.75250458,2046380390.1001832,1031240953.488936,3.141326502884243,11725046.103603557,469001844.1441422,58713514.173070915,48388016.70051799,450000.0,18000000.0,2253388.2719456167,2028049.444751055,117935288.2083104,72689594.61544959,5771108.002062588,3557031.2119892407,0.0,0.0,0.0,714170067.2237785,367709429.53052247,17854251.680594463,2190136.532694632,87605461.30778529,26671605.800241053,0.003726482310023409,0.40867096111399975,0.0030815831393230333,0.016407061801573378,sample_0150
0.7362149557403251,2.0,1.9145156541695871,1.0401959662216158,0.37263373277387646,0.8229978223122736,0.8509284617393293,0.5728854703282097,0.5378668250122277,1.2240299997775352,1.4744973367949403,1.6220746562195356,1.2035870282361896,1.332304898879879,50.0,0.8305506095471175,0.9699016111848471,0.7563036676656729,0.9108881157710352,1.1626922708873075,0.8414497601598042,1.4469993551754348,1.3004660514210686,0.8843741064941808,0.7016483322342164,1.3139827494913185,1.1917937626584636,1.1834141759953591,0.7875259037131179,0.8447162829019335,0.8102120378290292,1.0156577889253953,0.800023064460074,1.1943693733086578,1.819001382514895,S1_Rural_Overhead_AC_500MW,Overhead,AC,460,Advanced Aluminum Conductor,100,0.728137176355131,LCC Converter,0,False,0,,,60.17935141180948,0.0249165182864135,50.0,20251111_112225_754393,2025-11-11T11:22:27.385139,127591003.76752707,136737001.58548212,127591003.76752707,27552866.909177564,100038136.8583495,0.0,255182.00753505417,12759100.376752708,3782653.073497019,600000000.0,30000000000.0,8894012027.029137,3248859.6463155793,3385936.370448871,1598583.284465694,1029579.5975230184,6167.571757195558,2213112.4770353655,37749408.78448448,40973323.962006114,32111378.786905028,4037287.5723632695,33712121.21212121,25040000.0,0,23158828.804217096,177932607.399526,11470102087.338877,5628322601.521883,0.0355865214799052,31008435.111792605,1550421755.5896304,800029597.3426352,1.9039982888982183,2308337.230229514,115416861.51147573,34217298.48016737,23116695.94637164,450000.0,22500000.0,6670509.0202718545,6003458.118244667,3573730.404177916,3114790.7142080553,1761532.0443763142,1535315.4922343488,0.0,0.0,0.0,1597531184.147758,844878069.7016999,31950623.68295516,2127265.120579879,106363256.02899396,36724763.047475904,0.0024936364929967728,0.25348767930674787,0.001775959223453972,0.004101698058050331,sample_0151
0.7580713321304661,5.0,1.3703764549968618,1.059692868706338,2.371882041148617,0.7844477301657573,1.1172871652329004,1.9406866793712345,1.7566591676157042,1.2161879908014763,1.4780550214951014,0.9500430097555719,1.2273562398232243,1.4459672235714165,47.0,0.7920406211618349,1.0415688284483804,1.174306089663236,1.091105477530802,1.0786339818616932,0.8263140545677644,0.9373368120199456,1.3525478683898933,1.046176174793416,0.7125819547791297,1.264198892067261,1.4193308988561264,0.7444081065990199,0.9542981153637884,1.400413258701753,1.8580197052760818,0.8065332291240024,1.231803429163962,1.2543218567334753,1.863359282419826,S1_Rural_Overhead_AC_500MW,Overhead,AC,460,Advanced Aluminum Conductor,100,0.7417850080944366,LCC Converter,0,False,0,,,61.36781199116121,0.023761218634855,47.0,20251111_112227_700730,2025-11-11T11:22:29.328595,120663601.64607576,126793501.16290513,120663601.64607576,26056916.700756364,94606684.9453194,0.0,241327.2032921515,11342378.55473112,3588613.7051160396,600000000.0,28200000000.0,8922194405.340166,3161370.7095197365,3276691.563504514,1597633.71942808,1233279.8276333006,15141.579054458398,1912949.3028319776,38093840.07142854,40388993.201469585,28953735.517426353,4381718.859307323,33712121.21212121,62600000.0,0,54739672.578180976,1132573674.6484644,67531227898.01594,33351185034.13142,0.2265147349296929,71110130.16032621,3342176117.535332,1722289262.2253692,4.366346307398793,11295567.414325155,530891668.4732823,167968747.31539106,136053240.46651357,450000.0,21150000.0,6691645.8040051265,6022481.223604613,61330222.52934899,51975416.38220994,2866669.404748588,2429411.3048529862,71200.9514433527,3346444.7178375768,1058781.2177046307,1572358294.7214122,829520173.67908,33454431.80258324,1860631.3068331033,87449671.42115584,35310006.965601586,0.003870547049227036,1.1550469645933226,0.0031484571603968324,0.017375631378836815,sample_0152
0.7977982035420941,8.0,1.592801458747802,1.0939588467999477,1.1929905764850204,1.29960962712297,0.8742613586708552,1.4453938474864083,1.2678111581646725,0.8482809677590308,1.4841138643813445,1.9862871546912217,1.2486753169619274,0.7742377963671789,60.0,1.0971902587514712,0.854711518756865,1.144113008018502,0.868454857172898,1.397927652500423,1.0004275100654145,0.9558870947983755,1.0336833445978573,1.3784468540402075,1.2245383405549768,1.1078148892494684,1.3727375746582333,0.9993366999478691,1.0448901902610266,0.7314565840774754,0.585433919707457,0.9308228066032638,1.1122370727940267,1.1355817601276303,1.0304782114995419,S1_Rural_Overhead_AC_500MW,Overhead,AC,460,Advanced Aluminum Conductor,100,0.7657711927599633,LCC Converter,0,False,0,,,62.43376584809637,0.0329157077625441,60.0,20251111_112229_658562,2025-11-11T11:22:31.274873,114131225.88481456,120897746.52295884,114131225.88481456,24646271.164346095,89484954.72046846,0.0,228262.45176962912,13695747.106177747,4497059.792610231,600000000.0,36000000000.0,11820760947.093037,4167875.5420845514,4275391.023571686,1817793.351660304,981617.156743912,29331.321955711817,3156927.0633849273,36058296.352627814,38619530.600011945,26906836.906810448,2346175.140506603,33712121.21212121,100160000.0,0,86812686.15812741,569653000.2715973,46523372464.89429,13478479391.638134,0.1139306000543194,22405726.975043792,1344343618.5026276,427450916.5288636,1.3757697113125238,10083427.753363583,605005665.201815,198656314.99965715,119738617.66323473,450000.0,27000000.0,8865570.710319776,7979013.639287794,82243512.11133222,69459203.86858891,4316760.656436511,3645743.606880972,69208.4134885109,4152504.8093106537,1363493.5189587604,2137197476.8002648,701916574.0220102,35619957.946671076,2019100.5181191617,121146031.08714968,52545673.43361555,0.007746305765029464,1.4526662841307056,0.004767399931192287,0.016107123967793683,sample_0153
1.2648339500227732,9.0,2.704861088241979,0.8896362660204407,2.636681418415263,0.7062810524271084,0.9291530459294081,1.294289069934925,1.2754990705244758,0.6255775092594775,0.5334938918376751,1.1578607451633585,0.9379091709129581,1.4604580665938285,43.0,1.2596608786738033,1.0850069384895085,1.3135961551912467,1.4264071042167694,0.8395994339355154,1.3515152284214142,1.0193183260160823,1.2900757886818697,1.0860896011645833,0.7831225646513288,1.1874156888691076,0.8101421172557971,1.3459108973711094,0.9688294779987675,1.1206987026996464,1.6911044813063283,1.5197133367612166,0.8180153984125555,0.9742407818230169,0.6003490903562761,S1_Rural_Overhead_AC_500MW,Overhead,AC,460,Advanced Aluminum Conductor,100,0.6227453862143084,LCC Converter,0,False,0,,,46.895458545647905,0.0377898263602141,43.0,20251111_112231_585497,2025-11-11T11:22:33.187960,100176576.70593698,110469898.00538298,100176576.70593698,21632809.55469824,78543767.15123874,0.0,200353.15341187397,8615185.596710581,2325553.509204525,600000000.0,25800000000.0,6964363084.689139,3063818.82359419,3375631.5415362017,1506465.0603924969,1612272.2723419848,44577.886834168865,1406968.6644180368,38137751.716951,42820455.589821726,24288793.154275592,4425630.504829784,33712121.21212121,112680000.0,0,90761492.37512864,1259015377.293288,67228625324.99559,20213713302.551567,0.2518030754586576,64721950.708555795,2783043880.4678993,884357196.5127627,3.974095531069872,4439300.96470609,190889941.48236188,51528172.93403997,39595683.19197718,450000.0,19350000.0,5223272.313516854,4700945.082165168,49131242.83385178,37366051.112465136,5267187.48970889,4005882.7256816938,0.0,0.0,0.0,859806181.2584249,283542152.6718165,19995492.58740523,2769935.944070551,119107245.59503368,51818775.62232807,0.0019802847036275357,0.45050899896254554,0.0015456863699402522,0.007506651191874446,sample_0154
0.8643556183852495,18.0,2.075180248148146,1.0905362886937788,2.6648665866478427,0.864235615154966,1.178271579830584,1.1683715259513119,1.9915608147003525,0.7247958220132906,0.8710606109145123,1.2789939775093708,1.3923087786581214,0.9636092294065057,40.0,0.9572981822951117,1.350172470322535,0.9656186946524059,1.3207293184481834,1.188485032217265,0.749952936706507,1.0286007930853034,1.3924501349151834,1.4914967131884187,0.7567271771743268,1.4240838799213995,1.1639165939966005,0.7561068202150816,1.059605990813141,0.8590575813961251,1.5130760268250216,0.7917019003358052,1.2220242599627764,0.8966565162005415,1.4803376397433197,S1_Rural_Overhead_AC_500MW,Overhead,AC,460,Advanced Aluminum Conductor,100,0.7633754020856451,LCC Converter,0,False,0,,,69.61543893290607,0.0287189454688533,40.0,20251111_112233_496883,2025-11-11T11:22:35.086489,91990054.51896504,99158509.1609638,91990054.518965,19864956.417672653,72125098.1012924,0.0,183980.10903793012,7359204.361517205,553433.3917164038,600000000.0,24000000000.0,1804869215.2986133,3375748.9195340592,3592395.8849478653,563284.109984997,1492824.3508520375,49472.349908337244,1833452.2187736847,36632149.180019714,40053117.48429657,8948976.704789553,2920027.967898502,33712121.21212121,225360000.0,0,119970026.37995544,1272473795.124345,62206629037.766075,20033073163.72473,0.254494759024869,57908445.69864723,2316337827.9458895,774129115.2588055,3.555728663038801,7775396.096719675,311015843.868787,23389288.41953723,17406336.614173673,450000.0,18000000.0,1353651.9114739602,1218286.7203265638,145334476.54467252,72907076.13944906,9033831.111666666,4531823.613695385,173872.96814015426,6954918.7256061705,523029.94594793493,1581571812.6540277,543747353.766738,39539295.31635069,1841721.3626281517,73668854.50512606,22732810.580338713,0.0010538534764878381,0.2437672505268123,0.0007932615843857329,0.009262380429276185,sample_0155
0.7288260245928596,15.0,1.184855087188196,1.0060721617819168,2.9633611724068616,1.2323805093789941,1.1242998671860682,0.7217098384480793,1.3078653407011682,1.7963416360826612,1.2063605066130667,1.3058500667550756,0.9234554969609546,0.750816139707934,45.0,1.3553652835424277,0.751772289075296,1.0760896957353596,1.3460299748803166,1.124105252096254,1.1366118943235055,0.8337956033626925,1.2803945585865508,1.319900270331815,1.3388117332541298,1.2546510666062036,1.402468100817229,1.2846733176326293,1.0302011936437991,1.3748489177016185,0.5823480023029075,1.1027391799894963,1.0572567540484719,1.1246801288191413,0.8496823332585233,S1_Rural_Overhead_AC_500MW,Overhead,AC,460,Advanced Aluminum Conductor,100,0.7042505132473418,LCC Converter,0,False,0,,,46.17277484804773,0.0406609585062728,45.0,20251111_112235_389128,2025-11-11T11:22:36.987838,126482976.71879166,132019875.02321716,126482976.71879163,27313592.031607043,99169384.68718462,0.0,252965.95343758335,11383467.904691253,4368420.017372121,600000000.0,27000000000.0,10361283701.642435,3487420.0875430643,3609635.239741845,1794596.604638076,1521421.7594859337,62482.65568158399,1903515.6723755468,35987321.635478586,37870772.74015024,23494789.050190605,2275200.423357376,33712121.21212121,187800000.0,0,152772025.5675924,1415004959.8242762,79921000869.33965,17908327057.891838,0.2830009919648552,22287622.744136877,1002943023.4861594,239723130.19182605,1.3685178054118328,7502511.503155385,337613017.64199233,129559416.93171471,95722382.28190903,450000.0,20250000.0,7770962.776231829,6993866.498608647,67776914.4578828,54323668.09833996,7283184.789234688,5837523.238611333,0.0,0.0,0.0,1052202946.343976,261723339.75912285,23382287.696532797,2238293.894186608,100723225.23839736,57915782.18032229,0.004703409774509647,0.9048444496757472,0.003517915042124479,0.012428092234707604,sample_0156
0.9200675977676884,16.0,0.6991148545968631,0.9112600564368183,0.44696197832084844,0.8205072821892054,1.0488089862298215,0.8192930328596112,1.6224080967636152,1.1445168725451553,1.2212247626007136,1.9146853499351473,0.9134813843831393,1.168779384705681,56.0,1.0683673200097867,1.0005109416205706,1.0232811174859386,1.4664717436230892,1.0920030313589555,0.7345975300584241,0.8466658282142824,0.8003990210807601,1.3256902496858602,1.0683097673704036,0.9828997798728072,1.2469852667297086,1.0382848566653706,1.4375677204395172,1.0046776395672132,0.5784369446610788,1.2477892065716314,0.9262714285613483,0.8661276345700654,0.5056978517532575,S1_Rural_Overhead_AC_500MW,Overhead,AC,460,Advanced Aluminum Conductor,100,0.6378820395057727,LCC Converter,0,False,0,,,45.67406921915696,0.0320510196002936,56.0,20251111_112237_325733,2025-11-11T11:22:38.861855,74717056.44103941,76629998.31711943,74717056.44103941,16134908.03565114,58582148.40538828,0.0,149434.11288207883,8368310.321396414,1388868.8977390488,600000000.0,33600000000.0,5576513438.407588,3970758.761038206,4048015.611058644,1180935.7329387732,1657557.4556709465,43075.018320128875,2270126.287047131,37253876.92335055,38384710.87551291,16772417.113762502,3541755.7112293374,33712121.21212121,200320000.0,0,137766892.79032198,213424344.64820513,15917397189.643225,4009923583.3935375,0.042684868929641,22137938.746068805,1239724569.779853,338147680.3802186,1.359326819953535,5185827.776309935,290406355.47335637,48198063.80643284,29741238.473349575,450000.0,25200000.0,4182385.078805691,3764146.5709251217,65565859.56028209,44403833.17492065,7514601.684568589,5089190.042125114,68380.75352807247,3829322.197572058,635543.651629555,1127511931.8325837,317397511.815843,20134141.639867567,2423232.6780788302,135701029.9724145,46928134.37639323,0.004955171450776572,0.5652338139847616,0.003169597262948508,0.008417513158850507,sample_0157
1.152082145582459,7.0,2.3474478369921927,1.0589764718901769,2.751724295838042,1.4755434534873508,1.0308174037454925,0.9844364196683607,1.741869755613773,0.5406255046472175,0.8821249370606542,0.549157536403473,1.0135999333445749,0.8659040884761317,60.0,1.1057639991689021,0.7104132299732369,1.0465744674432702,1.3311277006506101,1.1290395717438577,1.3027170348383459,1.4835305511469512,1.4861526856245582,1.3316117794877274,1.0024794852301362,1.1761502144680462,1.416667847514596,1.2668548709786092,1.3168706083971689,1.261915465249337,1.3904237711198482,1.2923121792094077,1.066336368281962,1.095075720255212,0.8709471969494091,S1_Rural_Overhead_AC_500MW,Overhead,AC,460,Advanced Aluminum Conductor,100,0.7412835303231238,LCC Converter,0,False,0,,,50.67999666722874,0.033172919975067,60.0,20251111_112239_154918,2025-11-11T11:22:40.661406,136097222.55788654,148154254.6867223,136097222.55788654,29389757.49950591,106707465.05838062,0.0,272194.44511577307,16331666.706946384,6918242.082470969,600000000.0,36000000000.0,15249926381.550695,4118936.490356519,4368309.868633436,2401893.0839532395,1504577.6737656896,33419.82385919536,2580938.9927316336,36336072.99538222,40205371.16835405,29861706.05416173,2623951.783261005,33712121.21212121,87640000.0,0,79596882.7042524,1313948351.262665,107309728055.99496,31078573545.31265,0.262789670252533,53214298.568298824,3192857914.0979295,1015524943.891067,3.2674958621316432,9583963.054948917,575037783.296935,243591218.38578793,216837227.7101359,450000.0,27000000.0,11437444.786163026,10293700.30754672,85143383.66840175,75180154.024112,4206351.5266464865,3714136.577945301,325577.42274372815,19534645.36462369,8275052.880561442,1656082967.413876,544209486.4776647,27601382.79023127,2479999.468191995,148799968.09151968,77248072.29414773,0.005279273753209474,1.5147744029928776,0.004701770898659294,0.015729470894136267,sample_0158
1.0981993455420318,7.0,2.1540098812570516,0.949653247501739,1.0905758661443816,0.9726608931550281,0.6976382920338328,0.6419666074237101,1.048153048882401,1.384994740137198,0.9001272808619991,1.6022518546196358,1.3864041797288913,1.178400289531527,44.0,1.1403232216955281,1.3907329890418811,0.7895494403707977,1.4742108763718562,0.7201205526471545,0.7898990362653578,1.3718284027142003,1.4243993861424855,0.742197073521951,0.7675677646179813,0.7003226563071927,0.8298593203780116,1.3204456463322292,1.4688790279897892,0.7076019428420234,0.5203528128666115,1.3487871773965816,0.9781646675901221,0.8980421933251324,1.1903362696199626,S1_Rural_Overhead_AC_500MW,Overhead,AC,460,Advanced Aluminum Conductor,100,0.6647572732512173,LCC Converter,0,False,0,,,69.32020898644457,0.0342096966508658,44.0,20251111_112240_963602,2025-11-11T11:22:42.547042,100751672.27851976,108912903.11426722,100751672.27851976,21756999.593992088,78994672.68452767,0.0,201503.3445570395,8866147.160509737,1173592.0983896833,600000000.0,26400000000.0,3494509039.4491415,2905178.486722394,3156882.882772265,1122586.6789965483,1666305.020868795,20264.022003682625,1218609.4438499163,37283031.18039857,40893484.780748,19244975.29600069,3570909.9682773547,33712121.21212121,87640000.0,0,63965458.47551741,520749976.0839423,28605711222.91729,10233919151.985245,0.1041499952167884,19914942.854030956,876257485.5773621,330468689.0316934,1.2228291102365372,3146065.713087253,138426891.3758391,18323258.4551407,12451563.486655876,450000.0,19800000.0,2620881.7795868567,2358793.6016281717,21568129.026884336,14542746.856505089,4119304.446565673,2777524.2681740485,144001.21227316657,6336053.340019329,838689.2299670257,1424186869.9946194,555487332.3611506,32367883.40896862,2552005.0908806417,112288223.99874824,29026326.59738967,0.001410586150281265,0.17292166982239146,0.000997476351634312,0.00488956084608373,sample_0159
1.3387567216604723,17.0,0.8570319564705144,0.9848058983076513,0.8593903261087469,0.7769385780797264,0.8196229152976153,0.8574938340523686,1.5856863659336855,0.8333700447729219,1.1862394590978478,1.2900888458521718,0.7221953636546948,0.7030648249814715,44.0,1.1253707680273586,0.944102683843361,0.9162432066825248,1.410088110410948,1.3540887653115274,0.7907984309758691,1.3118169071524044,1.0592143437178996,0.978694589868452,1.1596967631553976,1.394862053867795,0.7538903116710411,0.9251076981007578,1.1133081713929929,1.247813760298048,1.6168319810702907,1.060282462494853,1.2393104638772263,0.9173758872345478,0.7826250127464282,S1_Rural_Overhead_AC_500MW,Overhead,AC,460,Advanced Aluminum Conductor,100,0.6893641288153559,LCC Converter,0,False,0,,,36.10976818273474,0.0337611230408207,44.0,20251111_112242_855189,2025-11-11T11:22:44.373206,95426690.10789806,98430318.24942034,95426690.10789809,20607086.8202968,74819603.28760126,0.0,190853.38021579612,8397548.72949503,1636423.3645202946,600000000.0,26400000000.0,5144546130.658013,3870133.1970730945,3961696.8886380456,1189340.8936783974,1593826.8641917685,49268.659336902034,2227037.673544424,35842620.68176203,37189697.459437706,15710534.150610374,2130499.469640823,33712121.21212121,212840000.0,0,144634825.24759245,410358880.71692663,22541734380.52306,6114212403.550707,0.0820717761433853,61879393.57952217,2722693317.4989753,778003264.8001996,3.799555155515184,4032324.566787974,177422280.93867084,34574132.912710525,25653392.267570876,450000.0,19800000.0,3858409.5979935094,3472568.6381941596,67912037.58581437,45311459.32286078,8035664.380411731,5361460.098220394,465765.6346416724,20493687.924233586,3993587.989148816,780710005.4480757,230617699.07613057,17743409.214728992,2184161.579380938,96103109.49276128,40458914.39230338,0.003045101788786698,0.3421500733921071,0.002307719184323406,0.006708553000369701,sample_0160
1.2564261350002393,12.0,0.5591893027705575,0.8680895876601684,1.3242227843935095,1.4051825186247442,0.910532369249464,1.9970102474344011,1.3278542410506042,1.2614547818488278,0.5931762502780148,1.5064455615863526,0.7152349498031138,0.8209287857854584,51.0,1.3854707032025246,0.978972277861162,1.2650501890622088,0.962385088950414,1.2891500311947242,1.3681522431164779,1.1498352761099255,0.8476222781895689,1.351694496156546,1.494638938395973,0.9623794786415507,1.0340404009227069,1.0712833865802625,1.4651760646122933,1.317856910887707,1.9028936321972425,0.6760674276406836,1.2059654435480585,0.9798814507736241,1.6344339135849648,S1_Rural_Overhead_AC_500MW,Overhead,AC,460,Advanced Aluminum Conductor,100,0.6076627113621178,LCC Converter,0,False,0,,,35.761747490155685,0.0415641210960757,51.0,20251111_112244_692839,2025-11-11T11:22:46.190285,101925863.4262721,104007830.54657546,101925863.42627212,22010562.395950295,79915301.03032179,0.0,203851.7268525442,10396438.069479754,2890589.6445183945,600000000.0,30600000000.0,8507918051.464821,3584977.565334566,3625335.658508268,1394604.6979629055,1087786.782359104,60168.84810272976,2437021.934872732,36199784.19934987,37079747.31348768,22012500.690101355,2487662.9872286622,33712121.21212121,150240000.0,0,118261306.8523406,632316379.5479008,41801053612.24673,9511621759.751144,0.1264632759095801,72827545.09145287,3714204799.664096,918978390.753634,4.47180003566352,14404818.600913424,734645748.6465846,204258360.33797923,142717540.26836827,450000.0,22950000.0,6380938.538598616,5742844.684738756,168471927.22802067,131179569.92560576,5651635.186246751,4400608.9637998855,66362.85476919901,3384505.5932291495,941016.2167293445,751773223.8845215,193736886.93697077,14740651.448716108,1694287.4099418717,86408657.90703546,37341475.54180801,0.010772954522622,1.680637591762556,0.007592870770273053,0.023091344194283915,sample_0161
1.2187730455533652,16.0,0.9107382846043368,1.0399518914719834,0.4807421977473803,0.7816228035637685,0.535473733418864,1.1260802420989722,1.4481222017877124,1.3768864299295616,0.7225748371039351,0.517097965819098,1.00644996081614,1.2028410552423503,45.0,1.1459387772417864,1.0886285647580773,1.071954861253179,1.3657056483724532,1.1472300239060271,0.8807922139118358,0.7722350091128879,0.9938680912468614,0.9049779702815172,1.4633420669965551,1.1255505845945688,0.8332922755867718,0.9359243538123301,0.9263198761597736,0.9181068418317504,1.9815197951928794,1.209142859876196,1.278513519663597,1.0822380504026263,1.425838582575446,S1_Rural_Overhead_AC_500MW,Overhead,AC,460,Advanced Aluminum Conductor,100,0.7279663240303883,LCC Converter,0,False,0,,,50.322498040807,0.0343781633172535,45.0,20251111_112246_483073,2025-11-11T11:22:47.973916,106455765.3751601,110019997.85078616,106455765.3751601,22988780.152875733,83466985.22228436,0.0,212911.5307503202,9581018.883764409,1583174.3758740197,600000000.0,27000000000.0,4461499206.627554,3526452.8263273807,3620866.783349127,1018882.0768246156,1543661.2328573486,51647.52016993814,1931144.073300094,37357094.106795,38841142.74311838,15402399.343506437,3644972.8946737894,33712121.21212121,200320000.0,0,132631681.49985068,229554399.4243741,12965479186.895916,3498984460.5711427,0.0459108798848748,75836725.60162188,3412652652.0729847,973404772.18293,4.6565715187032675,3300270.966555145,148512193.49498153,24540260.498236217,22002316.74137447,450000.0,20250000.0,3346124.4049706655,3011511.9644735996,77595554.48028082,50260006.43594457,7609832.22807195,4929022.27867385,1747977.9532392437,78659007.89576596,12997670.419298902,1201881604.0206804,354603008.2624473,26708480.089348458,2373958.58604215,106828136.37189674,40280900.20712909,0.002888568234063399,0.22694543554272775,0.0025910189242101013,0.005381745553215718,sample_0162
1.3425645577438963,17.0,1.4386526277081488,0.8534508594231145,0.6101008359438982,1.140256558111792,0.8869485307132465,0.9371096961840665,1.536227844028865,1.4731497511973317,1.05377472825128,1.8431349261646113,1.1342045099736109,0.7331092043855866,54.0,1.3836312230890753,0.9168370432841818,1.1708776865795179,1.2579484534412848,0.7029545612905767,1.381211624335962,1.1050518254332957,0.9732415494606883,1.4123850521050747,1.372668059655673,1.4965570715634737,0.905002958375231,1.052264848800634,0.7297224300089807,0.9211900923596127,1.5808816275508772,1.0130092912073836,1.25656119394433,1.2404023318380897,1.1123184468903753,S1_Rural_Overhead_AC_500MW,Overhead,AC,460,Advanced Aluminum Conductor,100,0.5974156015961801,LCC Converter,0,False,0,,,56.71022549868054,0.0415089366926722,54.0,20251111_112248_269941,2025-11-11T11:22:49.810646,130402541.2306435,137365916.9902143,130402541.2306435,28160009.38195376,102242531.84868972,0.0,260805.082461287,14083474.452909498,3223498.039665888,600000000.0,32400000000.0,7415878577.008267,2936776.2290498186,3076686.851915774,1156285.3981297335,1421862.9488896946,86052.83258794699,1428860.4475721768,35933664.255713895,38231753.89368988,18691460.88627796,2221543.0435926868,33712121.21212121,212840000.0,0,156013450.69207722,291323149.1632114,20725033811.393333,3536362744.090857,0.0582646298326422,60503501.64962717,3267189089.079867,611997085.325497,3.7150718247445615,7330546.545105231,395849513.4356825,90604071.80267967,57204965.96423071,450000.0,24300000.0,5561908.932756199,5005718.039480579,108963319.6755886,77997114.0738314,8297393.682468667,5939363.480240817,312223.10405608616,16860047.619028654,3859014.3810275863,1233076539.259691,240562605.76059693,22834750.727031317,2123888.285989414,114689967.44342837,49402120.16074774,0.007849332059000761,0.6400385804639644,0.005077807272678917,0.011867763177594904,sample_0163
1.291699387943789,2.0,0.6596724702327688,0.944942376528453,0.5309671227360637,1.39660728692478,0.9980488553138585,0.7000849725046191,0.8365697624767623,0.7394792849365148,0.9160056732933335,1.2558687718940027,1.254675315538282,1.0170710952883404,55.0,0.765885430206999,0.706849840009328,1.2598400263958487,0.7082964893786409,1.103198800500484,0.8283158314670283,1.143598630927646,0.9231399028748296,1.3989164981591125,1.1498700706000682,0.749931971094787,1.3963029322154858,0.7595178064200181,0.9722782077741087,0.9689175965619894,1.655238516011172,1.4346241928109988,1.2122199415931778,0.8901432323661226,1.398096235126527,S1_Rural_Overhead_AC_500MW,Overhead,AC,460,Advanced Aluminum Conductor,100,0.661459663569917,LCC Converter,0,False,0,,,62.7337657769141,0.0229765629062099,55.0,20251111_112250_107180,2025-11-11T11:22:51.589130,85461135.71950516,87524232.19115998,85461135.71950518,18455057.4010452,67006078.31845996,0.0,170922.27143901034,9400724.929145567,5752959.063512608,600000000.0,33000000000.0,20195000973.52294,3058017.739140941,3093179.303275588,2131493.711800484,800589.6682976759,6071.304039855902,2251356.766803409,36794154.83420709,37849090.11447989,34835229.6687996,3082033.6220858805,33712121.21212121,25040000.0,0,24377287.61661338,253536801.10647044,18470778988.55957,9278634516.739222,0.050707360221294,63349288.48477958,3484210866.662877,1851422826.0521848,3.8898105126262545,3986987.037188469,219284287.04536575,134195345.16240746,100488996.49780658,450000.0,24750000.0,15146250.73014221,13631625.657127982,7831733.144824674,7552640.461424834,1196852.611604746,1154201.4128432549,0.0,0.0,0.0,1599917667.808005,869690049.3211815,29089412.141963735,2661447.285534024,146379600.70437133,92282364.53852329,0.0046024480723217956,1.2198334348919548,0.0035169989600690034,0.007005344135171919,sample_0164
1.0576543250123762,3.0,1.110102060676117,1.0651030572081668,0.4215551363130424,1.3318196278546583,0.7515726725263505,1.2702301090886645,0.5501567476331138,1.000162933431508,1.4498773353319996,1.5380877591602529,1.0606408727893653,1.364658971190246,43.0,0.7755778592634577,1.056666637556738,0.9485158448899751,1.2086941714644237,1.470524903542041,1.070453281531929,0.854904285467387,1.0393476107621291,1.3375151360486055,1.2160800268471106,1.0482312200027926,1.061710913886661,0.8023565144105277,0.9177291749680764,0.751343271376048,0.7609934133689207,1.0404138513552355,1.2595953317829247,0.8157882965845128,1.0288827769163509,S1_Rural_Overhead_AC_500MW,Overhead,AC,460,Advanced Aluminum Conductor,100,0.7455721400457167,LCC Converter,0,False,0,,,53.03204363946826,0.0232673357779037,43.0,20251111_112251_914100,2025-11-11T11:22:53.410204,78816868.08300266,82045066.98322809,78816868.08300266,17020249.174039926,61796618.908962734,0.0,157633.7361660053,6778250.655138228,2200982.1289221146,600000000.0,25800000000.0,8377580265.956175,3756225.3601333383,3858781.009365747,1937306.1886375183,1366190.6847158484,11769.147260770136,2378265.52815672,37847451.427849226,39685084.45194815,30587047.206045773,4135330.215728018,33712121.21212121,37560000.0,0,33807940.97785219,201292577.5894778,10748576644.519552,5928009607.824585,0.0402585155178955,29124739.916455336,1252363816.4075794,715258499.9459001,1.7883345214169637,4953016.1031233715,212979692.43430495,69157149.93748252,47883196.78203211,450000.0,19350000.0,6283185.199467132,5654866.679520417,13771123.241052756,12038286.726353616,1849545.9273042523,1616815.4039950385,0.0,0.0,0.0,1252202916.7332618,731806627.389896,29120998.06356423,2158829.100177925,92829651.30765076,35554658.06040566,0.00473003439868889,0.6775597944384754,0.0033567836271223067,0.008106680252264048,sample_0165
0.8119123697453525,16.0,0.9204251560505404,0.844276072720447,1.4683486164447004,1.276011930189168,1.0040131866771236,0.6226750008724824,0.8006697064240809,1.2987821572209721,0.7042081127959223,0.5406038707159322,1.0311608899571179,1.1938352691246903,57.0,0.8964200234551828,1.0203883554362836,1.18035761340433,1.1343621749224946,0.8126082076375076,1.2156654290966054,1.0879483303541564,0.9509139685577365,1.2769077590483433,1.1949436086797647,1.2348961818448636,1.3330526817044865,1.1299725992408365,1.2931617245148024,0.7039766376474155,1.9363654964867292,1.2176491181669764,0.8852827552656442,0.8598957470228712,1.5612252393395902,S1_Rural_Overhead_AC_500MW,Overhead,AC,460,Advanced Aluminum Conductor,100,0.5909932509043129,LCC Converter,0,False,0,,,51.558044497855896,0.0268926007036554,57.0,20251111_112253_708204,2025-11-11T11:22:55.203339,85934605.47455958,88842885.98112804,85934605.47455959,18557301.67188975,67377303.80266982,0.0,171869.21094911915,9796545.024099791,1761600.944617837,600000000.0,34200000000.0,6149795888.011666,3079146.9071050063,3158428.2606953345,992005.385417428,1282173.0037760318,71283.67369451803,1725690.2296344566,37329803.84583239,38829060.43529778,17699618.457569044,3617682.6337111825,33712121.21212121,200320000.0,0,141017879.94210377,701136464.3523445,53515496895.87013,16199202062.040192,0.1402272928704689,74108580.2815401,4224189076.0477858,1371318098.8666835,4.550458916743814,3583794.5499421186,204276289.34670076,36732674.977854446,32761109.72289874,450000.0,25650000.0,4612346.916008748,4151112.2244078736,38751037.45878158,26759148.069236323,7614191.320222744,5257904.98337127,0.0,0.0,0.0,1165903404.1084518,388671282.7658976,20454445.68611319,2384804.065362895,135933831.725685,48991053.92591739,0.0016918747473186073,0.3951688038797508,0.0015104806653721292,0.006020931768928726,sample_0166
1.1374678922811126,7.0,2.2943415830985874,0.8082834598059981,0.5870960577236541,1.3138832027262672,0.8726327544131983,1.1489904639073427,0.7232463302412836,1.5679497474335202,0.5110135546586594,1.0957724003106089,1.3087442181597901,0.8728693665091477,41.0,1.3366303680019551,0.7753976435343645,1.0377542656174938,1.1225989681790618,0.7992217870848142,1.0528774952668756,1.0938710026915597,0.8457790219983564,0.9222576952357252,0.8665347526684268,0.8144096173667466,1.484336022428604,0.8746330313385237,1.4347377039648068,1.150137495102314,0.5681150309051473,0.6055572504589497,0.944548773861951,1.0640543223755887,1.3226886231985988,S1_Rural_Overhead_AC_500MW,Overhead,AC,460,Advanced Aluminum Conductor,100,0.5657984218641987,LCC Converter,0,False,0,,,65.43721090798951,0.0400989110400586,41.0,20251111_112255_498840,2025-11-11T11:22:56.980928,89870924.28620198,97645016.03083868,89870924.28620195,19407337.05939157,70463587.22681043,0.0,179741.84857240398,7369415.7914685635,3295931.453729625,600000000.0,24600000000.0,11002217279.640196,2564556.530530647,2769722.9538450325,1627853.3735578756,1268877.0155478483,27010.455452819137,1268669.0595299792,36357179.89851257,40135870.644714475,28664181.642636403,2645058.6863913573,33712121.21212121,87640000.0,0,78013063.75187781,280338367.56304485,14122111732.087666,4524123893.315853,0.0560676735126089,21742898.4628018,891458836.9748738,301196168.4295869,1.335070322627096,4944823.848763111,202737777.79928756,90673377.32273072,70801900.4600911,450000.0,18450000.0,8251662.959730147,7426496.663757132,36532597.640391305,31462820.659010597,4182453.712394364,3602037.62029191,0.0,0.0,0.0,1002874615.93362,352427207.6720684,24460356.486185856,1604386.9340351606,65779864.29544159,37583428.35017802,0.006012187340945833,0.8232573569822872,0.004754345083384018,0.00850692593689173,sample_0167
0.9009252054009323,8.0,2.014837721423099,0.8438998945712328,1.331997663059442,1.0813470362569637,0.719651599837007,0.7748815129894063,1.1787436822464676,0.9447832886147937,1.4939307354098628,1.8270929651185384,0.7279634172235545,0.8105214669813425,42.0,1.2469295104720093,1.161928443716917,1.309825972644068,1.1033748431195232,0.8955385966301017,0.8751143532845007,1.2364632988929931,1.3060918826743533,0.8783245404722019,0.8568129487452312,0.7143010442315246,0.9018948903105172,1.4116815121561435,1.4729200826849336,0.8222250208518922,1.5276110454659082,0.8846420484885683,1.2880393295419093,0.8938125056493946,1.9185949369624924,S1_Rural_Overhead_AC_500MW,Overhead,AC,460,Advanced Aluminum Conductor,100,0.590729926199863,LCC Converter,0,False,0,,,36.398170861177725,0.0374078853141602,42.0,20251111_112257_273913,2025-11-11T11:22:58.761770,97268860.10822874,104620142.12872764,97268860.10822874,21004897.50713544,76263962.6010933,0.0,194537.7202164575,8170584.249091215,2104429.748383485,600000000.0,25200000000.0,6490555392.677377,2718023.0403957916,2893381.985941209,1233023.3780959784,1247147.9287381277,25657.292093630913,1445217.8195640333,36168246.86964043,39449815.60844252,22951866.479205377,2456125.65751922,33712121.21212121,100160000.0,0,80388684.84793642,636028884.1108836,32996535777.164913,10846790628.71646,0.1272057768221767,58464729.93207124,2455518657.146992,850553081.6370069,3.589885956844885,4520516.116588491,189861676.89671665,48901100.43034736,31031729.11377881,450000.0,18900000.0,4867916.5445080325,4381124.890057229,35609525.7072115,27270163.820558827,4506676.974640395,3451262.462613907,247765.00725303887,10406130.304627633,2680220.839904934,606114526.7294021,217802279.9996069,14431298.255461954,1960220.0515229248,82329242.16396283,33383284.799274303,0.0028789767541819613,0.44271187172166876,0.001896125114654056,0.007704302575922964,sample_0168
0.7319396976770807,16.0,1.2434566155338067,0.9150401861670632,1.617383178303497,0.817221251622848,0.7443920049283406,1.5392097485444056,1.1207861885757398,1.884575730062834,1.4134450791977053,1.197057431116877,0.9706193605678022,1.0070737316735487,55.0,0.7845199769180503,0.9237279238936734,1.1087048511024724,1.239922196748699,0.947836988260373,1.3457780132298631,1.0065938290211434,1.1289643448189504,1.0338724679364624,1.4587603436697123,0.9909829634550538,0.8369721886058904,0.7063372566550122,0.7685540397169812,0.835643518603862,0.7451941380455166,1.1129840077028552,1.2357849823332108,0.996212385681942,1.938679296682093,S1_Rural_Overhead_AC_500MW,Overhead,AC,460,Advanced Aluminum Conductor,100,0.6405281303169442,LCC Converter,0,False,0,,,48.530968028390106,0.0235355993075415,55.0,20251111_112259_078627,2025-11-11T11:23:00.551424,105714269.0850391,110576068.00765017,105714269.0850391,22828656.413802583,82885612.67123652,0.0,211428.5381700782,11628569.5993543,2528646.673588719,600000000.0,33000000000.0,7175890337.62684,3434990.429284786,3553379.7931235437,1235503.1285654088,1401487.8163250445,78913.1602036459,1954589.4527560957,36763859.792950146,38778974.43259066,19067286.85313166,3051738.580828936,33712121.21212121,200320000.0,0,146611569.98057815,772300467.63992,56263986877.97483,19833006295.71772,0.154460093527984,28520070.051278017,1568603852.8202908,585652364.2931598,1.7512062244069642,6753143.867607752,371422912.71842635,80766366.38028398,61429970.568318576,450000.0,24750000.0,5381917.753220129,4843725.977898116,87515918.88560854,62678433.06788186,7759555.476990213,5557352.134264403,111137.52159174586,6112563.687546022,1329184.4455633385,1183433753.3297377,452244743.4826997,21516977.333267957,2251356.0495211403,123824582.72366272,50384370.29318384,0.003028921522571937,0.6836239852882272,0.002330143053553493,0.010737341262967484,sample_0169
0.7989459654882934,18.0,0.9018568376430728,1.0911311983108065,1.357724262572857,1.3707579963154264,0.9059782193291532,0.5612657118843182,1.5584882844392884,0.882192532333649,0.5027689990599352,0.9459030024643283,0.7938206074152578,0.7696601255606588,51.0,0.8166842630105249,0.8464218480329739,1.1426113213992228,1.1526684380554921,1.360619912804356,0.9945262363837236,0.9340271718818566,1.4029499431695989,0.8022517157801514,1.0657705967904594,1.3648193559992883,0.9864151390805671,1.0222727238332239,0.8258236917292232,0.7399006002986852,0.6236790416838235,1.5098098036102268,0.8238876183740259,1.0627193815290108,1.2617397575839755,S1_Rural_Overhead_AC_500MW,Overhead,AC,460,Advanced Aluminum Conductor,100,0.7637918388175645,LCC Converter,0,False,0,,,39.69103037076289,0.0245005278903157,51.0,20251111_112300_842532,2025-11-11T11:23:02.323163,114438300.4242686,118231818.21786132,114438300.42426851,24712582.923537128,89725717.50073147,0.0,228876.6008485372,11672706.643275397,3215012.7732660035,600000000.0,30600000000.0,8428155856.946487,3957694.744879173,4036579.715082337,1482558.109517309,1302864.6284687836,65606.1834699532,2589223.932940436,36044424.62291109,37470175.802630365,19656754.005884912,2332303.4107898753,33712121.21212121,225360000.0,0,168854166.82517114,648313335.3785392,42858577392.964485,14618113961.486237,0.1296626670757078,23869444.283323295,1217341658.4494882,437138651.91786224,1.465645747956985,4565038.028503023,232816939.45365417,64124753.32851868,51993593.987372614,450000.0,22950000.0,6321116.892709867,5689005.203438881,81590540.82783496,60282774.74128638,8505835.576939384,6284495.296495546,359604.0013503847,18339804.068869617,5051330.950271063,1150602493.0594966,423296055.6336734,22560833.19724503,2757308.9393030396,140622755.904455,68457958.7493393,0.002892528232423387,0.5195981025305023,0.0023684645551969572,0.007575496559409367,sample_0170
1.326856927761625,15.0,2.937850324915282,0.9109544193463325,0.47027710166932823,1.2236238283650263,0.8323925447591574,1.5496235811686085,1.0616597200715663,1.8084556862254237,0.7032852173240699,0.5592220222145787,1.280006507580489,1.2085055955759199,43.0,1.39943847522368,0.8638634756068913,0.9046648865767474,0.8050110301131082,1.4872020896526637,1.4376385169902832,0.8118751868218254,1.1039054786105096,0.7240122425025479,1.4947493550229949,1.3874106074828156,0.7006514759748687,1.360413461781813,0.7155726067195117,1.2448908941317267,0.5374956563523662,0.9715358981411477,1.2652876788962741,1.2361057605401877,1.0766645262022216,S1_Rural_Overhead_AC_500MW,Overhead,AC,460,Advanced Aluminum Conductor,100,0.6376680935424327,LCC Converter,0,False,0,,,64.00032537902445,0.0419831542567104,43.0,20251111_112302_617907,2025-11-11T11:23:04.112936,132315165.3987819,147145270.42433912,132315165.39878193,28573034.419737857,103742130.97904404,0.0,264630.3307975638,11379104.224295242,2699297.4376767795,600000000.0,25800000000.0,6120154321.406979,3493838.2239903994,3686553.5360180414,1168391.0462782322,909906.40676421,79030.91011127493,2504900.9071149146,37374259.38053309,42403631.42778377,19598046.512563907,3662138.168411879,33712121.21212121,187800000.0,0,138368665.3849029,224557316.04710427,11990862015.500715,2478873509.086361,0.0449114632094208,20571033.75991776,884554451.6764636,194339152.1229282,1.2631147924280606,8677221.825772554,373120538.50821984,88509894.42468143,78610557.99544759,450000.0,19350000.0,4590115.741055233,4131104.16694971,129996715.40196244,90763715.67788884,8072032.6462118765,5635893.751453597,0.0,0.0,0.0,1212583436.029741,277592712.32836163,28199614.791389327,2071009.7098299628,89053417.5226884,41627764.00466372,0.009796766451940773,0.6081724280840496,0.008706773915570572,0.013631192753311249,sample_0171
1.2428122199104203,5.0,0.6051832074388638,0.9650499655367959,2.8985249726357822,1.0303780521684351,0.6383950707314554,1.7801831032514073,1.2004602737672787,1.4571401958109593,1.4287457308521714,1.4870966116574538,0.9858241838341353,0.9483700337546174,47.0,1.237937221783636,1.0683893313576696,1.0393385953376093,0.8195828564585776,0.9585041111096058,0.9733368857775231,1.4502523374665424,0.9910556071829162,1.4152457718561218,1.3777140252993159,1.4739731499444777,1.0287913616082502,1.4359729664822916,0.9516637271685088,0.7343453818556289,1.9497066643383374,1.4161452928263145,1.0369611797309304,0.8037602510115001,1.755256137973974,S1_Rural_Overhead_AC_500MW,Overhead,AC,460,Advanced Aluminum Conductor,100,0.6755349758757571,LCC Converter,0,False,0,,,49.29120919170676,0.037138116653509,47.0,20251111_112304_407278,2025-11-11T11:23:05.887797,93173713.5072448,95235165.86855398,93173713.50724478,20120563.769342564,73053149.73790222,0.0,186347.4270144896,8758329.069681011,2543938.8531835433,600000000.0,28200000000.0,8190954586.088501,2617221.023951444,2654476.4753482607,1202225.7385806164,926376.9862395438,17835.661055444492,1673008.3766564557,36585969.799256414,37547903.52433309,26826737.88172521,2873848.587135204,33712121.21212121,62600000.0,0,53810354.89907153,1384045674.433586,82525583945.29906,29616200928.8976,0.2768091348867172,74619173.45755686,3507101152.5051723,1342727513.922476,4.581810661195093,8897518.691446979,418183378.498008,121465285.884193,85339162.86971551,450000.0,21150000.0,6143215.939566376,5528894.3456097385,44432564.462850735,37488376.21854477,2522332.4433474885,2128127.168160872,541390.4285352908,25445350.141158663,7390840.689125931,1106392152.3361435,439324353.2824131,23540258.56034348,2637886.688053551,123980674.33851688,45610001.97459109,0.0032014671674290614,1.0528521716518477,0.002279715673997237,0.014337303747246581,sample_0172
1.362715722063149,6.0,1.3905589495751915,0.8141216172590751,2.7817993262594625,1.4683437710403742,0.5953127335600615,1.4744160408611335,1.5403809556020795,0.7441308667543275,1.2754379275631913,1.8227200757525295,1.462334819925788,0.9159449752319131,46.0,0.8006211330953851,1.239204544831515,1.3246693528383648,1.0834130624726788,0.7628643558448654,0.7174578150160587,1.0279850681630287,0.8312553250331738,1.180008887898288,1.2185901576797278,1.4936313101466334,1.4909526616180768,1.2997437943142076,1.3632902351510292,1.2933276458969742,1.1528407599943264,1.5415165508475228,1.225251557252271,1.1629579294955006,0.8648616790954684,S1_Rural_Overhead_AC_500MW,Overhead,AC,460,Advanced Aluminum Conductor,100,0.5698851320813525,LCC Converter,0,False,0,,,73.1167409962894,0.0240186339928615,46.0,20251111_112306_204315,2025-11-11T11:23:07.708852,111694824.58395636,117454784.10814074,111694824.5839564,24120138.139307715,87574686.44464865,0.0,223389.64916791272,10275923.861723986,2528939.474628853,600000000.0,27600000000.0,6792452964.715357,2565889.7490521977,2682165.53260614,1215571.4271935197,1224585.067582755,15776.245117825842,1325528.4363516166,36487712.04615731,38734965.3437608,24692709.242117673,2775590.8340361,33712121.21212121,75120000.0,0,62124744.783108115,1328309178.2888932,77102882432.09688,37335350408.16348,0.2656618356577786,44121521.56650286,2029589992.0591316,1024100593.2800906,2.7091757859866674,8924459.072754813,410525117.3467214,101031614.14535712,64201143.86767198,450000.0,20700000.0,5094339.723536517,4584905.7511828635,88726983.97555843,70650922.80481578,3325751.527308836,2648206.9365574415,3996896.0995109905,183857220.57750556,45247881.2679711,1269609838.70411,656012997.1411804,27600213.884871952,2797735.0420305915,128695811.9334072,45171618.17137586,0.0022983973928583845,0.7712467947112227,0.0014897173720983925,0.013580747324186583,sample_0173
0.893577473961007,4.0,2.286912641793297,1.0571918151899622,1.242124805781882,1.1543063647947334,0.5037259990776146,1.929227426459219,0.5979929083027826,0.7683379243304611,0.8437665803971428,0.7125664031129469,1.304730144266788,0.9658965304884912,58.0,1.1715233006188386,0.8398825263587815,0.7046366920867029,0.8835120295105949,0.7378376692855716,1.0612707552356504,0.9863310845669947,1.0617127155322248,0.7211501920385355,0.9403835782333542,1.2834882819409987,1.4705785087985463,0.7304727889708448,1.353111228745641,1.4757446350617072,1.1759981148425873,1.1216946347022734,1.127930819246255,0.9494189559610675,0.6763537951057841,S1_Rural_Overhead_AC_500MW,Overhead,AC,460,Advanced Aluminum Conductor,100,0.7400342706329734,LCC Converter,0,False,0,,,65.2365072133394,0.0351456990185651,58.0,20251111_112308_001824,2025-11-11T11:23:09.487366,85390569.87793182,92752178.523628,85390569.87793183,18439818.934509218,66950750.9434226,0.0,170781.13975586364,9905306.10584009,2766942.9692611336,600000000.0,34800000000.0,9721013596.290165,2645118.0548352743,2806024.051335684,1318241.0256781254,998636.3242650058,15557.58607735752,1630924.144492911,36639080.39541967,40429156.418858066,29314702.642226316,2926959.1832984583,33712121.21212121,50080000.0,0,44905507.26950838,593114594.7608485,46316354088.488464,14423387617.230978,0.1186229189521697,45007799.85125551,2610452391.3728194,891628964.790981,2.7635955698800796,5136311.70183592,297906078.70648336,83216926.48055205,71357409.28447974,450000.0,26100000.0,7290760.197217618,6561684.177495858,30139807.75568874,25716667.41658835,2829110.6888069836,2413927.0979600786,73902.57540643445,4286349.373573198,1197346.5672113467,2055742655.7540493,726839666.598376,35443838.89231119,2262462.0989453983,131222801.7388331,46283207.89323662,0.0034807734300520473,0.7800805536027288,0.0029966373042081417,0.008468824598534264,sample_0174
0.9121785069955679,9.0,1.061531149708412,0.975393028265533,1.997774110679929,1.0243345347166521,1.1718481522032524,1.7423123128257518,0.766808265941191,1.0893019860710687,0.5081571267548827,1.0840111643917085,1.0390807198456504,1.3804395693445763,53.0,1.1737442658888033,0.8143805276262839,1.1220317474591222,0.8323527631871134,1.3063991427465422,1.4624404325077827,0.7469795853231622,1.4433035411092892,1.0574611994107554,0.9682357711391161,1.1139662110438733,1.1603021190306342,1.368981834478883,1.407031595919571,0.7159988882215916,1.6897202956301278,1.0487853853136764,1.2505218362408022,0.9410971595078488,1.7796684359118953,S1_Rural_Overhead_AC_500MW,Overhead,AC,460,Advanced Aluminum Conductor,100,0.682775119785873,LCC Converter,0,False,0,,,51.95403599228252,0.0352123279766641,53.0,20251111_112309_782155,2025-11-11T11:23:11.258344,101497390.52655478,105469140.87462153,101497390.52655478,21918035.051298235,79579355.47525655,0.0,202994.78105310956,10758723.395814806,4042107.8466435503,600000000.0,31800000000.0,11947423945.60187,3578536.767961173,3645956.981133737,1722552.59025567,940810.8505114948,48236.603429315786,2589489.314020362,37895271.42225629,39652338.229770504,28065286.034204863,4183150.21013508,33712121.21212121,112680000.0,0,97271478.09283304,953937137.849666,66247672777.221306,19480479792.101692,0.1907874275699332,64668975.154356256,3427455683.1808815,1089408622.060584,3.9708426947308,5660259.236418128,299993739.5301608,112709194.5658268,88273589.51803614,450000.0,23850000.0,8960567.9592014,8064511.16328126,49570258.455654405,42144010.977414064,4527689.017368785,3849384.320257487,0.0,0.0,0.0,1334871155.8865,439225700.4813106,25186248.224273585,2169502.8059749375,114983648.71667168,56699697.00271589,0.0036546432756416765,0.9267589607134966,0.0028937460264265927,0.00956377310912917,sample_0175
1.1612583732546202,19.0,1.3582881683348484,0.9084651980868197,1.9803066004835563,1.293900009896542,1.0095038903961475,1.751374421555885,1.23368272186572,1.6133540316446737,0.8691769692062418,0.730215556998419,0.8274919473947002,0.8541781850569768,53.0,0.7205582851618653,1.1686343469353335,0.7791096144120307,0.8236262100050447,1.2023677806535948,0.9062662322883254,1.2526045333119749,0.9471297119658864,1.1695508700437016,1.4020447877038167,1.4978541104304501,0.9674107675631287,1.3283774516121798,1.0805785800318328,1.034873287814456,1.919514848197333,0.7718290649947801,0.909928098361508,1.0016600900666215,1.7103425053026267,S1_Rural_Overhead_AC_500MW,Overhead,AC,460,Advanced Aluminum Conductor,100,0.6359256386607738,LCC Converter,0,False,0,,,41.374597369735014,0.0216167485548559,53.0,20251111_112311_550493,2025-11-11T11:23:13.034049,109208823.42772606,114706651.18776608,109208823.42772605,23583294.185023315,85625529.24270275,0.0,218417.64685545213,11576135.283338962,857419.5239306106,600000000.0,31800000000.0,2355357828.293188,3390417.5984125463,3476663.9857039056,476572.1967994156,930947.201005702,63105.240137153065,2396365.157269691,36300539.95471811,38484511.17991639,9629165.058060288,2588418.7425969,33712121.21212121,237880000.0,0,130854275.9241392,945596401.730898,65668437170.1845,23938594482.16829,0.1891192803461796,73463672.27020833,3893574630.3210416,1491011919.0634265,4.510859893263733,12086510.06016582,640585033.1887884,47446760.1449266,40517487.66752698,450000.0,23850000.0,1766518.371219892,1589866.5340979027,204892923.5870185,108738368.96375138,9161229.675750682,4861940.350128135,0.0,0.0,0.0,962542607.2691548,376565543.5305295,18161181.269229338,1816383.4975683447,96268325.37112229,25719633.43960109,0.0017236443085040262,0.4124666615256565,0.00147476664030789,0.015762020991989274,sample_0176
1.344724880658628,3.0,0.7221574830048079,0.805429461985315,1.2906723376462246,0.7462603196428164,0.6922608753381084,1.6976989774851416,1.6782715148467457,0.9015072644303914,1.2867300635299472,1.052876211532397,0.7682874527892954,1.370858364073693,41.0,0.9590218755288068,0.9013508507324781,0.9908285696185086,0.8296759936697954,0.7308512082006825,1.2999021008331186,1.26659248959461,1.121836317462606,0.8715718192181132,1.2888042110753024,1.0020585753563243,1.0687481103831145,1.459299895424936,0.8610056675817148,1.4903708025783415,0.8408010618807191,1.142879758960555,0.8080086024924809,1.2941900508270536,1.0947792742555384,S1_Rural_Overhead_AC_500MW,Overhead,AC,460,Advanced Aluminum Conductor,100,0.5638006233897205,LCC Converter,0,False,0,,,38.41437263946477,0.0287706562658642,41.0,20251111_112313_349244,2025-11-11T11:23:14.847779,146230643.57645607,150099525.76987368,146230643.57645607,31578037.17765646,114652606.3987996,0.0,292461.2871529121,11990912.773269396,5148501.9086632235,600000000.0,24600000000.0,10562427510.560772,2070086.9521527004,2115272.5512221903,1310566.8282047026,937785.2898146476,14291.832734068852,1118009.829603984,37866237.46688998,39051186.19576191,32122751.716546457,4154116.2547687674,33712121.21212121,37560000.0,0,34667804.47993224,616296041.2260723,31046059195.8773,15657373679.859043,0.1232592082452144,32179138.24029889,1319344667.8522544,691839539.2349876,1.97588249541969,6202463.644278459,254301009.41541684,109188454.38263305,86196069.14394014,450000.0,18450000.0,7921820.632920583,7129638.569628523,28491184.498405684,25764283.29750866,1674970.8673521637,1514658.8217120208,2113602.925729583,86657719.9549129,37207962.815213144,585901964.6874424,316075355.5493814,14290291.821644938,2289473.1323747076,93868398.427363,44981411.158785425,0.004249798602944388,0.6518295245907312,0.0033866837235865524,0.01044932253604377,sample_0177
0.7480302802055959,1.0,2.4570940467168,0.9385400512630635,0.4611285630346896,0.9039842132975336,0.9235039110770484,1.552206032081379,1.8790699781483364,0.5792641805865703,0.8344088179029496,1.7980211659504712,0.8965602489914254,1.339916289013547,41.0,1.1362578993130286,0.7145833727104722,0.8204420266956699,1.245070165838654,0.9553395253314929,1.0835856008900477,0.8532442986644401,0.8954783528134556,1.4968120178801463,1.3681697094735132,0.8428142534125562,1.1340907222691214,0.7704932014766609,1.3956108381685821,0.989307335537817,1.11443284244317,0.7550481919704828,1.224480668241874,1.0859129228465307,1.0078312532027842,S1_Rural_Overhead_AC_500MW,Overhead,AC,460,Advanced Aluminum Conductor,100,0.6569780358841444,LCC Converter,0,False,0,,,44.82801244957127,0.0340877369793908,41.0,20251111_112315_140329,2025-11-11T11:23:16.621034,103390497.98019244,112997127.22706003,103390497.9801924,22326845.517354976,81063652.46283746,0.0,206780.99596038487,8478020.83437578,4355194.017899853,600000000.0,24600000000.0,12637120730.574938,2933465.859582365,3178555.98995008,2157934.292648673,1407306.5813873273,3971.1770476255265,1522188.1011474116,37772473.603071354,41966828.780528866,35381742.40122412,4060352.390950143,33712121.21212121,12520000.0,0,12134470.74286732,220188888.8490643,11092067480.886003,5043518741.280809,0.0440377777698128,42651573.74598501,1748714523.585385,832381141.8998783,2.6189171797414494,8703637.729375545,356849146.90439737,183314867.9688432,117394065.44056396,450000.0,18450000.0,9477840.547931207,8530056.493138084,32814580.90471174,30532013.46564569,1555692.32102256,1447479.0652298797,1233793.11185023,50585517.58585943,25985987.518338505,844192251.652162,415529694.8927458,20590054.918345418,1794987.884462366,73594503.26295699,40825763.76063078,0.010049262775727994,1.3680016289105847,0.006563757524079196,0.014486040627184135,sample_0178
1.0105481560467564,19.0,0.7765125091343594,1.0687743476070883,0.3132908026630933,0.8544664283183114,1.0216849218120831,0.5466565005646253,0.740809164829453,1.8521704254410043,0.6145330911013565,1.9741136646119153,1.1639007838980442,1.4792221649461939,58.0,0.8001206044170902,0.8051456879178845,0.7327517834838618,0.9223566472223933,1.3789903006061672,0.7031113612240958,1.1367874134417721,1.0641882871268542,0.832381287202665,0.7215661333580221,0.8388805935590339,1.1302643041964702,1.281038026292606,1.037380819227578,1.3633457910234026,1.8905754216840778,1.552871990669946,1.0465761495402321,1.0521592849440833,1.7927335696251592,S1_Rural_Overhead_AC_500MW,Overhead,AC,460,Advanced Aluminum Conductor,100,0.7481420433249618,LCC Converter,0,False,0,,,58.19503919490221,0.0240036181325127,58.0,20251111_112316_911858,2025-11-11T11:23:18.400345,98254560.82570451,101052544.02973028,98254560.82570451,21217756.406892776,77036804.41881174,0.0,196509.12165140905,11397529.055781724,1996868.2567442171,600000000.0,34800000000.0,6097024626.530561,4063269.771826,4117385.159135312,1023866.36788409,1042542.5133756144,48959.135530375774,2971768.12292001,38194612.62104907,39479746.81778743,16869089.879316524,4482491.408927861,33712121.21212121,237880000.0,0,162338872.99026233,149596358.27162704,11681988541.9458,3675906126.6575103,0.0299192716543254,72356102.53869304,4196653947.244197,1409278686.5507684,4.442852240957583,2342715.7149635437,135877511.46788552,23805992.34515479,14406845.387511447,450000.0,26100000.0,4572768.46989792,4115491.622908128,24635879.807683468,16567838.570657188,8899430.629110461,5984942.741435163,0.0,0.0,0.0,1862580950.4846344,640487078.9335879,32113464.663528174,2812213.227804181,163108367.2126425,61337127.40413078,0.0023285959255924904,0.24433377079631868,0.0015198351603864383,0.003995947741273607,sample_0179
0.7260438152622595,13.0,2.4266576988949344,0.9219626652471559,2.864360578548844,1.456103157995384,0.6721503203240785,0.6020314064649673,0.6448709150289427,0.9248230522881851,0.5842428383460936,0.7889491741875385,1.1569162210035713,1.282000207569331,53.0,0.7028705741062501,1.3690403504914235,1.2940910594308672,1.1824356288205458,1.1217636533776938,1.1385047232364647,0.9813208925924075,1.449417187170926,0.8137746513068249,0.8069579219027287,0.8447474989838277,0.9535239249710608,1.0869125278593001,1.3533572538532639,1.448982195327901,0.866019918039542,1.5539850188168416,0.8622593774530359,1.0495352317362698,1.2251742586418584,S1_Rural_Overhead_AC_500MW,Overhead,AC,460,Advanced Aluminum Conductor,100,0.645373865673009,LCC Converter,0,False,0,,,57.84581105017856,0.0210861172231875,53.0,20251111_112318_691330,2025-11-11T11:23:20.195834,110124893.08242711,120224864.30490407,110124893.08242708,23781116.48071983,86343776.6017073,0.0,220249.78616485427,11673238.666737275,1213521.291673492,600000000.0,31800000000.0,3305850088.1318073,3670411.710803396,3900042.879469675,853011.8852940248,1336510.5743941322,54241.81502929801,2279659.321379966,37596970.32596767,41720217.56587531,14875572.419492057,3884849.113846458,33712121.21212121,162760000.0,0,105799178.23606823,1367732176.257073,94984323457.41708,39281230467.70951,0.2735464352514146,33144314.303209357,1756648658.070096,762259005.8838897,2.035146807392924,2618924.8242891715,138803015.6873261,14429621.435311569,12152773.852265984,450000.0,23850000.0,2479387.5660988567,2231448.80948897,31394850.93668136,19059438.62988508,6941995.964502721,4214402.747800898,0.0,0.0,0.0,1373612305.7678018,608617169.9806314,25917213.31637362,2813632.338691473,149122513.95064807,40080106.73633619,0.0003820884310231415,0.13435472227268308,0.0003250364978727628,0.0040157360218927764,sample_0180
1.1148563483449228,4.0,1.5873209407265068,0.902838170655164,2.5984407911762135,0.998429687562186,0.934716105182691,0.5257569225185468,1.613253017874588,0.586452895957004,0.5528107533061738,0.5607702549927356,0.9507945821371914,1.171592816817334,56.0,1.2214863941080347,0.8947598348923911,1.2396848573232648,1.237363358668436,1.1703991296212861,0.9047175972815696,1.4243239824093636,1.100359359066476,0.9317069266356043,1.2397397993041768,1.1848419011673736,1.0070758944055376,1.4957892161230573,1.3282585365795458,1.3126671342035952,1.3628157765040518,1.4234746255802608,1.200817984517094,0.8075508507805003,1.9962686309324984,S1_Rural_Overhead_AC_500MW,Overhead,AC,460,Advanced Aluminum Conductor,100,0.6319867194586147,LCC Converter,0,False,0,,,47.53972910685957,0.036644591823241,56.0,20251111_112320_514458,2025-11-11T11:23:21.998312,92549165.99262784,98016720.14481384,92549165.99262784,19985694.74221231,72563471.25041553,0.0,185098.3319852557,10365506.59117432,4033011.497871866,600000000.0,33600000000.0,13073088626.837938,3883074.464385917,4035704.914288637,2198697.6964332527,1398595.5538888683,13262.611662452488,2471216.2988345954,37262402.47520404,39885620.409131706,31598448.73591684,3550281.2630828302,33712121.21212121,50080000.0,0,46188851.66383818,1240755477.786642,92536761856.80452,29223706597.968204,0.2481510955573284,52157685.39836307,2920830382.308332,1008936856.6969836,3.2026170747845217,3119048.7442795746,174666729.67965618,67959334.44232415,60337419.781452365,450000.0,25200000.0,9804816.47012846,8824334.823115608,17033782.23979377,15281273.35922638,2514294.423326928,2255612.9841015516,263623.2239911153,14762900.543502456,5743949.618881003,1158536500.5643556,414855886.85525304,20688151.795792066,2647231.587314833,148244968.88963065,66989166.09333818,0.0017678722700060281,0.6154841357845525,0.0015723073765446093,0.005653608105451112,sample_0181
1.368782223501392,4.0,2.6721921022369033,0.9098490802446707,0.5224866809095537,0.713671917562977,0.6635536171517669,1.180595985309811,1.5127410809878101,1.503579669038984,1.261206920834664,0.9202264754404699,1.3673945316048837,0.7866804038357595,50.0,1.031864078204273,0.7375217050569011,1.2675524965740648,0.9495114918516375,0.765937049284092,1.448000315560721,1.1951248588143855,0.8388192944194991,0.9386454244174667,1.1094078497707627,0.7710714767515869,1.0316282480258891,1.0479465299236774,1.283655869538938,1.2790154458377851,0.693204935839281,0.6185580719001395,0.8163238882388941,1.1957443363206368,0.8264897246878571,S1_Rural_Overhead_AC_500MW,Overhead,AC,460,Advanced Aluminum Conductor,100,0.6368943561712694,LCC Converter,0,False,0,,,68.36972658024419,0.0309559223461281,50.0,20251111_112322_307356,2025-11-11T11:23:23.803852,111716986.28218909,123050656.91562824,111716986.28218909,24124923.886765268,87592062.3954238,0.0,223433.97256437817,11171698.628218908,6240772.5817548325,600000000.0,30000000000.0,16758702833.222927,2573653.8962252606,2778473.8197696484,1840476.1103228957,1073235.7165474568,21226.807050171345,1479191.3726276322,36096001.22374472,40511346.23451252,32615912.19279537,2383880.011623514,33712121.21212121,50080000.0,0,47648852.40695503,249487390.13431188,16082751082.9357,6234986736.4454365,0.0498974780268623,26530339.304440964,1326516965.2220483,547008237.4346046,1.6290315992223103,4437858.164403507,221892908.22017533,123954576.98871762,101141320.28930922,450000.0,22500000.0,12569027.124917196,11312124.412425475,30615090.923544917,28329490.49961191,3002486.4460066063,2778332.7986768144,1142019.785830376,57100989.2915188,31897950.367320284,1503703872.4382648,639268748.238328,30074077.448765296,1620962.9813726775,81048149.06863388,50715812.32024893,0.005573813636313931,0.9339840754237982,0.0045911075055365055,0.007708078342216486,sample_0182
0.9149439475852061,11.0,1.1668889007525052,1.0252961822579798,0.3110572005391875,0.8967880673199627,1.1689757948564725,0.9706213712416678,1.4435430491340202,0.6376858943272138,0.6909808731525259,1.3006400506813807,0.7782438102337437,1.4739917088092416,48.0,0.917286048402054,0.872023321904891,0.8677004509505347,0.9240633485590914,0.7074622935321222,0.8409689280797921,0.8049972775997285,1.4751496982680103,1.1769777354528521,1.3837303436874242,1.073976039394074,1.4098848043354475,1.2462519663973004,0.7571816878188268,0.7778301910115161,1.654194564942879,0.979307725827431,0.8449959810042805,0.9007922764060079,1.1990265915156901,S1_Rural_Overhead_AC_500MW,Overhead,AC,460,Advanced Aluminum Conductor,100,0.7177073275805859,LCC Converter,0,False,0,,,38.912190511687186,0.0275185814520616,48.0,20251111_112324_097505,2025-11-11T11:23:25.608573,107374033.78226314,112001635.1088536,107374033.78226316,23187077.262081895,84186956.52018125,0.0,214748.06756452628,10307907.24309726,2735042.909772606,600000000.0,28800000000.0,7641632190.103305,2353713.6868724446,2436291.979480563,1021351.0012276416,1044471.6030683063,33902.26072065668,1275339.8230834815,38178762.7539674,40127297.67725142,23118347.378255177,4466641.541846187,33712121.21212121,137720000.0,0,108146743.28735326,148529813.25746202,9093382498.952496,3424290601.14447,0.0297059626514924,63309334.389493875,3038848050.695706,1204220949.4449186,3.887357227615766,5033433.382438567,241604802.3570512,64106077.603305206,47430291.19871573,450000.0,21600000.0,5731224.14257748,5158101.728319731,55036581.84733036,42250398.74198342,5475100.005338628,4203116.374841025,0.0,0.0,0.0,971547155.3331468,395594971.12691486,20240565.736107223,2080918.7901299745,99884101.92623878,42238453.52979749,0.005373411991321073,0.5310266889847766,0.00404624883971976,0.008345444056720122,sample_0183
1.2886434339899706,16.0,1.623260370925008,0.9683509029882366,0.39483454204148066,1.094618648376054,0.7292300402134992,1.9728299766167456,1.5702660656924268,1.432328570589283,1.0128083904367478,1.1477511277910137,1.128792288547184,0.7563252552728358,41.0,0.913870442789139,1.3427684192467833,0.8221045462275028,1.1405790460889456,1.2837862741070118,0.7532732830880127,0.8730281261408802,1.1922800098395399,0.8214221157064477,0.7076361023194296,1.1469035916322676,0.9148223392363684,1.17437576009686,1.4602222401061447,1.2690689441930996,1.1080573223477186,1.2349769760550926,1.1928096708558853,1.263576114947259,1.6821249247921575,S1_Rural_Overhead_AC_500MW,Overhead,AC,460,Advanced Aluminum Conductor,100,0.6778456320917655,LCC Converter,0,False,0,,,56.4396144273592,0.0274161132836741,41.0,20251111_112325_906639,2025-11-11T11:23:27.401481,116090496.66482124,123108694.78557014,116090496.66482122,25069369.387939695,91021127.27688156,0.0,232180.9933296425,9519420.726515342,757705.97163669,600000000.0,24600000000.0,1958056843.768237,3339639.6580577353,3483697.4159690673,558122.7532570083,1289199.9520944748,44170.119203231145,2006269.5867600297,36004015.9250692,38612874.391586624,9586292.376469174,2291894.7129479875,33712121.21212121,200320000.0,0,110278235.74499416,188533493.824807,9497419451.285135,3386620394.484363,0.0377066987649614,42407569.84089189,1738710363.4765675,643516456.1205055,2.603934707517139,11315610.79496513,463940042.5935703,36927681.930832,28450924.214267965,450000.0,18450000.0,1468542.632826178,1321688.3695435608,215136701.0859517,112576853.300685,7930467.166916253,4149859.2957374714,2170330.7393522616,88983560.31344272,7082718.262382124,1110429823.6210938,422250239.4962523,27083654.234660823,2406897.084170243,98682780.45097996,28566993.15377352,0.005646427874280241,0.3041648623017192,0.00437826665235452,0.01386168129959071,sample_0184
1.2681785764330815,13.0,2.7680168358480497,0.8361871981085742,2.529507029819957,0.923591671702751,1.0957231081206702,0.612656788718293,0.6615814364352158,0.7511968638394444,0.6556822883088509,1.7285767478343859,0.8133577824899781,1.429937201830596,58.0,1.3259242956262782,0.8132319091258757,0.9503111338802698,1.3999721664824778,1.4500990087414212,0.8167334180058781,1.3673630852108452,1.2447596692707812,1.0726223847812022,0.8291840773572261,0.7563858355523349,1.3286679396080734,0.9913707205759608,1.1961227554209417,0.8363566882139798,1.8379923995865985,1.4813093075567063,1.131680383109579,0.9523859376477072,0.844424861987848,S1_Rural_Overhead_AC_500MW,Overhead,AC,460,Advanced Aluminum Conductor,100,0.5853310386760019,LCC Converter,0,False,0,,,40.667889124498906,0.0397777288687883,58.0,20251111_112327_722654,2025-11-11T11:23:29.222525,100311640.26943162,110871752.13642415,100311640.26943156,21661976.096847463,78649664.17258416,0.0,200623.28053886324,11636150.271254068,2926136.840761141,600000000.0,34800000000.0,8751138450.836899,4852197.7220538715,5166077.060858544,1869039.0286407568,1582392.7821150431,38911.65498355156,3230893.284955277,38045264.247971505,42834922.95230609,23233005.536381554,4333143.035850291,33712121.21212121,162760000.0,0,128555744.06865616,1207839606.7390296,94320266946.69753,17862749971.426495,0.2415679213478059,70343645.1169783,4079931416.7847414,856497703.1601584,4.319282139028507,1897965.4452282712,110081995.82323974,27682263.976828173,18112080.409276452,450000.0,26100000.0,6563353.8381276755,5907018.454314905,21250059.221928544,16038957.335109098,7095607.576131622,5355568.471207465,0.0,0.0,0.0,923509910.4117272,201583699.5396068,15922584.66227116,2720970.8068348006,157816306.79641843,66465734.33588445,0.0012223276282079668,0.2730612521285861,0.0008573128481508795,0.003683323359559275,sample_0185
1.2552273282388495,4.0,1.9881364306216511,0.9397531871093708,0.34090158041555313,0.703313672355876,0.5292477562168544,0.8456575025373707,1.3763253720561115,0.6301299292477729,1.2437049874440338,1.20872726394107,1.09557584204586,0.7932785519079248,55.0,0.8253909857461272,1.106782144781545,1.248685308217201,1.0595720942327254,1.393738988419172,0.7213006782245578,0.9254880609651055,0.9547412330065836,0.9950024247646434,1.343769640676532,1.3988937537367931,0.7364613623618659,0.9837886403008895,1.0603267665980178,1.2152720122797296,1.6047963336759725,1.1368573641195745,1.1582555884929024,1.2656854025427093,1.722123231898424,S1_Rural_Overhead_AC_500MW,Overhead,AC,460,Advanced Aluminum Conductor,100,0.6578272309765596,LCC Converter,0,False,0,,,54.77879210229299,0.0247617295723838,55.0,20251111_112329_529209,2025-11-11T11:23:31.021736,123840334.14891846,133071260.64456493,123840334.14891848,26742921.867831945,97097412.28108652,0.0,247680.66829783696,13622436.756381031,3676527.557666221,600000000.0,33000000000.0,8906292726.677845,4120375.1805084385,4286385.617586639,1795846.6026908413,1197637.5489357775,10573.83079084582,2912163.8007818153,36115995.61184219,39348077.80570009,28315170.20896709,2403874.3997209845,33712121.21212121,50080000.0,0,44474042.18358721,162780504.64842662,11858959771.85834,5236604514.738427,0.0325561009296853,61418765.282446824,3378032090.5345755,1584420897.853033,3.7712713841385352,2153938.9978204207,118466644.88012314,31972685.38332629,24243434.07847896,450000.0,24750000.0,6679719.545008379,6011747.590507546,17646511.75064215,14866728.312927524,2694661.393779743,2270182.311538157,1115024.1030767334,61326325.669220336,16551218.432171335,1386330175.3822093,666340737.7849458,25206003.18876744,2281794.5789524573,125498701.84238516,43047083.874788776,0.0023183334339116025,0.25106895579131816,0.0018146761978285757,0.003923516244955839,sample_0186
1.3048317561283613,5.0,2.956838580066144,0.9802478930672617,2.290636828081546,1.3360814796611584,1.0932928211228412,1.0817437903560867,1.1939469790694344,1.2284801987065697,1.0567700836558633,0.7227566468992256,1.4412147800628363,1.0674144402680898,56.0,0.8866678580566459,1.0446270530558872,0.7302717430195074,0.8079655424598524,1.1771103856400695,0.8592691530701447,0.8786869781970827,1.4661209639495196,1.0198648889885789,0.8508035020837552,1.171542299966323,1.1023388142495945,1.4051011588977365,1.1146515842942928,0.7646856891084919,1.1605384688588407,1.4625110604752276,1.0201283466889077,1.1041366803790766,1.0137058254090743,S1_Rural_Overhead_AC_500MW,Overhead,AC,460,Advanced Aluminum Conductor,100,0.6861735251470832,LCC Converter,0,False,0,,,72.06073900314182,0.0266000357416993,56.0,20251111_112331_313574,2025-11-11T11:23:32.794198,119887304.03253162,133416048.4681817,119887304.03253162,25889277.727816977,93998026.30471464,0.0,239774.60806506325,13427378.051643545,2544131.757369626,600000000.0,33600000000.0,6366308203.942776,3473484.4343844354,3668288.1988611016,1210372.874628185,913245.9010228028,15745.456268530805,2544493.077093102,36946710.42505482,41962692.0512314,25834944.31810363,3234589.212933606,33712121.21212121,62600000.0,0,52690039.80999814,1093779085.4089384,81575118194.11455,32009136380.969646,0.2187558170817876,44416128.280165546,2487303183.6892705,1043495531.5749774,2.7272654018182756,8305760.926666325,465122611.8933142,88128389.87903866,75389313.9659183,450000.0,25200000.0,4774731.15295708,4297258.037661377,49429412.00441556,38153972.67799243,3580577.3610297646,2763804.8939761645,0.0,0.0,0.0,1969987095.2481856,848450527.9101381,35178340.98657474,2697003.0418059155,151032170.34113127,43016573.94287805,0.002290878465313095,0.6322838336189845,0.0019649743706107703,0.012385662786111374,sample_0187
1.2160264997110939,17.0,0.945337421854392,0.9172783784649701,1.3683210110697794,1.0603640215531647,0.6557726693521647,1.1508006285863415,0.9046072751808377,1.5192003620406578,1.3153967180536603,0.9907297224360091,1.0596144390263285,1.3989988313605488,41.0,1.181944147069946,1.0258436197233924,1.376391038804566,1.0201485073612822,1.2908315245579942,1.3541591166363836,0.9651326195288958,0.9439954242217274,1.0876891263371817,1.2896044205167936,0.914135166998149,1.2932467197881192,1.4689461707715574,1.1917162819186427,1.4881783434467033,1.1818761799493478,1.0451881006661194,0.8754039760368801,1.2783851458607962,1.895200673212514,S1_Rural_Overhead_AC_500MW,Overhead,AC,460,Advanced Aluminum Conductor,100,0.642094864925479,LCC Converter,0,False,0,,,52.980721951316426,0.0354583244120983,41.0,20251111_112333_090945,2025-11-11T11:23:34.575277,130228671.71916243,134757333.63427362,130228671.71916248,28122462.82014342,102106208.89901902,0.0,260457.34343832487,10678751.08097132,2750938.153787426,600000000.0,24600000000.0,6337171647.699394,3222639.2419609823,3295930.9673618367,1159758.396511525,1153076.9492295703,84367.39577642642,1985194.8969549856,37951511.61018348,39513882.92552967,18933063.69318282,4239390.39806227,33712121.21212121,212840000.0,0,153312653.6075359,653373282.7858196,32913834030.182148,8784274673.683327,0.1306746565571639,45232765.15902144,1854543371.5198789,519030846.0305255,2.7774090228809674,5414480.36403283,221993694.92534605,57187485.74995657,45856017.37318302,450000.0,18450000.0,4752878.735774544,4277590.862197091,71313094.06943178,50476664.81212287,8075401.839834477,5715911.74400117,93510.32961983889,3833923.5144133936,987651.682723113,966361429.1550776,280045362.7501872,23569790.95500189,2164916.2680493025,88761566.9900214,43839565.83789241,0.0037935227742692756,0.4120526141424071,0.0030704208180922093,0.008817608328934586,sample_0188
1.0294182831650083,7.0,2.6020889000994107,0.9138219517047426,0.8957590264597365,1.059313853960023,0.9619918450440781,0.5851663121266396,0.6906807571907407,1.8924315069076505,0.95915282570627,1.951535123949004,1.413507197107867,1.303191067910873,52.0,0.727185473915857,1.2547630595652177,1.1987094408594787,1.4704177433448515,1.1949492101426662,1.475953533192755,0.9770282785135966,0.8246088113406062,1.3449070325975747,1.3967142424013315,1.4410517205576856,1.0470240157199346,1.3927436946567708,1.443710425021409,1.2839730489481833,0.5264239749783892,1.0591446108468716,1.1991508356581038,0.8364806399222131,1.6250735203838187,S1_Rural_Overhead_AC_500MW,Overhead,AC,460,Advanced Aluminum Conductor,100,0.6396753661933198,LCC Converter,0,False,0,,,70.67535985539335,0.0218155642174757,52.0,20251111_112334_902342,2025-11-11T11:23:36.395364,84171882.90508509,92476386.29298308,84171882.90508507,18176647.40222803,65995235.50285706,0.0,168343.76581017018,8753875.82212885,1541255.8660375478,600000000.0,31200000000.0,5493244820.632741,4092142.866652192,4400243.521090807,1563596.3320307357,1662017.631114029,37864.02248879765,2392261.2130493647,37661185.05427537,42107731.80617958,23106516.767076302,3949063.8421541606,33712121.21212121,87640000.0,0,69352218.29042971,427724935.1345242,28986444997.412373,13353406887.475878,0.0855449870269048,20147298.370372914,1047659515.2593915,506289384.7473837,1.2370963411992146,3583369.7204816346,186335225.465045,32807211.929079898,20002326.649392247,450000.0,23400000.0,4119933.615474554,3707940.2539271014,14799585.356272357,10873983.026294293,4320940.005044735,3174807.073400803,0.0,0.0,0.0,1626407204.9981058,803120040.3631067,31277061.63457896,2182710.8185297614,113500962.56354758,33577239.214116864,0.0018116263499990378,0.33927295437628857,0.001163213231191593,0.00566043753280483,sample_0189
1.0263741022755033,5.0,2.5429029208138796,0.8477551130515196,1.1558407863801372,1.4178440012909581,1.1316955407998852,0.6199856434445259,0.7628604313975502,1.2699373239516076,0.9636340257205687,1.6117909338791039,0.8104452952900767,1.448795761304367,42.0,0.8524197391647504,0.7721922516608408,0.7866113580947753,1.1864548976988538,1.457886754983897,1.2619655624743231,1.1316745392006575,0.9167934678048352,1.492549646169986,1.0056372439103485,1.4546034872658231,1.4364846559342563,1.4194504162497854,1.24042924815494,0.9356580506459276,0.7395002264039434,0.6730933474462051,0.8582904937140412,1.183472266899601,1.7884430862786567,S1_Rural_Overhead_AC_500MW,Overhead,AC,460,Advanced Aluminum Conductor,100,0.5934285791360637,LCC Converter,0,False,0,,,40.52226476450384,0.0255725921749425,42.0,20251111_112336_688023,2025-11-11T11:23:38.183132,116894479.52118476,128152870.77078384,116894479.52118476,25242986.900025472,91651492.6211593,0.0,233788.95904236956,9819136.279779522,3873194.865406016,600000000.0,25200000000.0,9940233827.819242,3745138.692952038,3987578.7006154577,2092571.103342805,1341053.566186886,23124.562897824944,2380960.563867327,38102411.39789202,42484069.73615792,30470063.209854856,4390290.18577081,33712121.21212121,62600000.0,0,56162608.79369341,551913975.4965155,28632739319.450764,13888515529.00458,0.1103827950993031,28302152.66493172,1188690411.9271324,598035097.8909067,1.7378255320492673,4581925.065967901,192440852.77065185,75909010.89544512,51439119.78324341,450000.0,18900000.0,7455175.370864437,6709657.833777992,18209423.2812229,15594060.318268524,3394306.314366246,2906792.630796171,0.0,0.0,0.0,679022991.0053993,350355386.25548035,16167214.071557129,1690495.4576939116,71000809.2231443,35588661.30696799,0.003329144637218773,0.5577799820133535,0.002322168545448499,0.00789869532767099,sample_0190
1.0881251294313934,13.0,0.5110879100536505,1.0984749052041438,1.8998450789768053,1.1949948876041185,0.8439338474694382,0.5502060430522715,1.9060597798315082,1.467878866914834,0.9622251839032249,1.8455823423518845,1.3129712377983291,1.0390677726480952,51.0,0.8546635317831894,1.2861188186448587,0.7268870081263852,1.1608205760636205,0.9297472860174336,0.9470199777465245,1.0644781859720465,1.3946399568470573,0.8481731033570562,1.45017852742123,1.1423008058443396,1.3575048275892057,1.228288795170066,1.2812371661081605,0.9121137644449244,0.5516973401680739,1.38370762970986,1.1006770229551115,1.2836258595479344,0.9938865449052036,S1_Rural_Overhead_AC_500MW,Overhead,AC,460,Advanced Aluminum Conductor,100,0.7689324336429006,LCC Converter,0,False,0,,,65.64856188991645,0.0256399059534956,51.0,20251111_112338_478227,2025-11-11T11:23:39.965313,155166610.74416557,158060924.29957423,155166610.74416554,33507730.547929507,121658880.19623606,0.0,310333.22148833115,15826994.29590489,1473762.5755141233,600000000.0,30600000000.0,2849380872.172343,3113161.6261148425,3157580.2749257926,669709.6117919391,1312079.0147628195,45118.90149735275,1755963.70985467,36860811.43226695,37676485.8986671,12614105.880792376,3148690.2201457433,33712121.21212121,162760000.0,0,99308671.2378706,907176025.2114244,59971423945.58983,22383514185.475,0.1814352050422848,21114560.602912523,1076842590.7485387,424109653.741918,1.296488749394974,4817904.92747158,245713151.30105057,22880076.907137334,14434663.720844178,450000.0,22950000.0,2137035.6541292565,1923332.0887163312,60956600.83717042,36547369.5458376,6079989.559524142,3645341.475984408,1266265.0695547883,64579518.547294214,6013452.4471489955,1921477204.757323,776168620.3937749,37676023.62269261,2596528.667580072,132422962.04658364,32055406.752515115,0.0009341481991241895,0.14851320427118486,0.0006108135896722501,0.006296711802621646,sample_0191
1.2148434446488017,18.0,2.317616874057561,1.0054420470173113,1.1628837280751452,1.0321304869561214,1.106529490789677,1.830538114480217,1.0709092524579233,1.1727187442763607,1.4357352000909351,1.8182853969678674,0.7876715717710056,0.9887418940231847,42.0,1.1427870920134087,0.8922129869984854,0.7513817961667384,1.497006946305397,1.0641107066383324,0.7146822431442076,1.2488885407631365,0.7652491194373404,0.9090507273105384,0.9342470812298174,1.2115874029359763,0.7137164034249766,0.8645029668355465,0.9276524443011236,1.1569952717981995,0.7808041456220868,1.250867017895895,0.9069323726109363,1.0572913086839155,0.9877527141974299,S1_Rural_Overhead_AC_500MW,Overhead,AC,460,Advanced Aluminum Conductor,100,0.7038094329121178,LCC Converter,0,False,0,,,39.38357858855028,0.0342836127604022,42.0,20251111_112340_263200,2025-11-11T11:23:41.778326,90682205.59411454,98609434.43758072,90682205.59411453,19582530.64861629,71099674.94549826,0.0,181364.41118822907,7617305.269905621,1324707.9338251066,600000000.0,25200000000.0,4382473689.781151,3468289.2385163773,3744884.249142712,1069287.316190607,1692071.487793676,47145.63844683298,1729072.112275868,36708308.769767225,40558196.04411776,15086930.058035327,2996187.5576460143,33712121.21212121,225360000.0,0,148950168.19232503,555276980.1558819,28807208602.739178,7278017992.94526,0.1110553960311763,29882936.26124851,1255083322.9724374,332767633.6409466,1.834889742211904,9406902.956349652,395089924.1666854,68709174.51421149,43722596.78282998,450000.0,18900000.0,3286855.2673358633,2958169.740602279,147993049.95887622,93380106.016408,9142927.593325902,5768970.557754954,0.0,0.0,0.0,836914296.5196767,229503413.8252323,19926530.869516112,2427156.887517266,101940589.27572516,43658428.25563522,0.005703702353541134,0.6738776910146083,0.00369816500566321,0.014365023212737249,sample_0192
1.2637483447836027,3.0,0.996513390850757,0.9978706907478463,1.2658280839927665,0.8509614802474597,0.5092526661189242,1.8386243462233682,0.6812404651262989,0.7021102721429519,1.37397944167748,0.6472865597780961,1.2203891099587325,0.9405438210677287,54.0,0.7677203184746293,1.304298922623897,0.9109407112448309,0.8872199693084886,0.8457816156270642,0.9597371472205409,1.0110343399177402,1.1638383600666466,0.9746441026157617,0.8464137012530368,0.8330709077490132,0.8663709605936166,1.1865976927174333,0.9067854311995382,1.1674882093983936,0.9499158693149378,1.0024300550619476,1.2520376787811873,1.2918167048224714,0.667808317018812,S1_Rural_Overhead_AC_500MW,Overhead,AC,460,Advanced Aluminum Conductor,100,0.6985094835234924,LCC Converter,0,False,0,,,61.019455497936626,0.0230316095542388,54.0,20251111_112342_098976,2025-11-11T11:23:43.581562,125876682.43994276,130495268.67700437,125876682.43994267,27182664.732035376,98694017.70790736,0.0,251753.3648798855,13594681.703513818,2649604.0479683103,600000000.0,32400000000.0,6314761391.727497,2718846.185561908,2786157.4123830926,1142748.733704803,1002827.419854746,10551.87368953202,1705466.89201763,36562254.00323554,38160238.41984428,27232846.256360892,2850132.79111433,33712121.21212121,37560000.0,0,32560534.44403155,604432910.1065459,42999989992.75867,21155469024.31037,0.1208865820213091,36355180.1504213,1963179728.12275,1019770413.5846044,2.232302292890104,4188202.1877611256,226162918.1391008,44079162.46003766,38372792.574706174,450000.0,24300000.0,4736071.043795623,4262463.939416059,15335117.86391514,12643681.897306545,1798431.0258828406,1482791.9816003272,110449.6973632449,5964283.657615224,1162439.1410623426,1649463803.4730632,876544944.3510466,30545625.99024191,2110399.759903983,113961587.0348151,27583306.882792324,0.0016492256743492802,0.31646361607842766,0.0014404347706343796,0.00657564579006274,sample_0193
0.8281432040463436,12.0,2.784290246389394,0.9515863397293063,0.40704591802896767,1.3212160755514055,0.9792874734155786,1.4854506525471876,1.2616105598723983,0.5834137570105263,1.1511903722523669,1.31583965796276,0.8747311198417347,0.7191473373600057,53.0,1.2685201534166097,1.2703063598729498,1.1025823983587129,1.3213943682121037,0.9279562948705915,0.933639541256224,1.277613510551657,1.154538826798365,1.2350535678986447,0.9620722490614269,1.0429848988594623,0.746975614969266,0.9783547380016618,1.1211710750061439,1.332919053551693,1.4474751389142066,1.3451565796190446,0.8188012450154868,0.8570695736966586,1.120768695682938,S1_Rural_Overhead_AC_500MW,Overhead,AC,460,Advanced Aluminum Conductor,100,0.6661104378105144,LCC Converter,0,False,0,,,43.736555992086736,0.0380556046024982,53.0,20251111_112343_874481,2025-11-11T11:23:45.350777,89155590.7372241,98599275.15827943,89155590.7372241,19252863.08012443,69902727.65709966,0.0,178311.1814744482,9450492.618145756,1071676.753826426,600000000.0,31800000000.0,3606089348.8499374,3432605.7631657245,3730780.897648217,948891.0971582576,1493576.0586154987,41059.76949801008,1897969.935052216,35891355.56775759,40482929.34529779,15504977.041142425,2179234.355636381,33712121.21212121,150240000.0,0,101404739.79825532,194364425.8588321,13497944857.093504,3054763862.675296,0.0388728851717664,55397768.51652451,2936081731.375799,722274037.902197,3.4015665764483853,9873088.288862765,523273679.3097264,59338730.86453843,43722679.79959072,450000.0,23850000.0,2704567.011637454,2434110.3104737075,131783298.73146488,82225061.37978925,6652930.6108752275,4151039.1157334303,0.0,0.0,0.0,1085452678.2654662,277182224.4776332,20480239.212555967,2547376.0787142813,135010932.1718569,37116722.80224954,0.007763284037013122,0.5874786078518064,0.005775454950450393,0.014720166523485097,sample_0194
1.1121254593847592,10.0,1.610713815820879,1.0024181951408595,0.7272469628872328,0.7385186055810511,0.530863716279191,1.2790497955575393,1.657221439336293,1.6742094910552818,1.3553091602023635,1.4166800308829197,1.0826851423778288,0.8429877559022074,49.0,1.3001967399995058,1.3077719881683323,0.9124498759700904,1.27753502589484,0.788565138859765,1.022218836693863,1.2299045533943715,0.8564317717831094,1.286384477992788,0.9146618538264638,1.0221539729756626,0.7676421709614676,0.8434930870411386,1.377003983313762,1.3267491020597362,1.4517087984709445,1.4435451636176384,0.8708501870133447,1.1416109958948946,1.0871281441478429,S1_Rural_Overhead_AC_500MW,Overhead,AC,460,Advanced Aluminum Conductor,100,0.7016927365986017,LCC Converter,0,False,0,,,54.13425711889144,0.0390059021999851,49.0,20251111_112345_650553,2025-11-11T11:23:47.165124,102648191.74464925,108804367.0519118,102648191.74464925,22166546.873172823,80481644.87147641,0.0,205296.3834892985,10059522.790975625,1228889.7914882344,600000000.0,29400000000.0,3591558031.17874,2944752.8867738848,3104791.3510315437,906352.8741760844,1444001.711087198,37462.77154841084,1463288.404138276,36266629.56334002,38870286.04167178,16288811.961906971,2554508.3512188103,33712121.21212121,125200000.0,0,85863768.0232122,347260424.7786536,21820051092.233418,5760252480.83874,0.0694520849557307,55559799.13507999,2722430157.6189194,773359049.1639866,3.4115156764067196,4037884.6098694224,197856345.8836017,24170494.832582597,17322123.359406892,450000.0,22050000.0,2693668.523384055,2424301.6710456507,65432099.87334603,42567026.657909766,5224821.217119396,3399021.3436896172,2579722.2989583476,126406392.64895904,15442037.235057894,1336401045.0904417,394438452.12207925,27273490.71613146,2672821.523312489,130968254.64231196,34528874.790445074,0.0024822555370098277,0.22416063870732497,0.0018245747026811344,0.006263693409364543,sample_0195
1.0930305659307167,17.0,2.9011563162966514,0.8653800293193836,0.6626826762643186,1.0426828770502468,1.191557060978214,0.9437126505338573,1.6401312111611568,1.9279963999622618,1.2594589112622079,0.8847204229081269,0.7543035415117723,0.7107109870635294,58.0,0.7776950893425316,1.15268860483235,0.8593134007219017,0.7124286636709296,1.0290634183118395,1.3877872889533718,0.7927421800260732,0.8722198927041906,0.9127951506838319,0.7961239972937915,1.1293450732620143,1.1710108375463422,1.3967753893704606,0.7975792780515647,1.13162797545497,1.2933153657614893,1.4425554276709476,0.8644532029659877,1.034641630519337,1.9594382744047087,S1_Rural_Overhead_AC_500MW,Overhead,AC,460,Advanced Aluminum Conductor,100,0.6057660205235685,LCC Converter,0,False,0,,,37.71517707558861,0.0233308526802759,58.0,20251111_112347_465579,2025-11-11T11:23:48.955054,85892753.04562116,95393098.44478768,85892753.04562116,18548263.774465043,67344489.27115612,0.0,171785.5060912423,9963559.353292054,788764.3167871246,600000000.0,34800000000.0,2754938998.2930675,3189551.0859003747,3357753.7375799227,524409.1378882558,805260.2774219902,86462.51243461676,2297828.2960437676,35865790.86988948,40661046.8272908,11539994.474174997,2153669.657768271,33712121.21212121,212840000.0,0,126793699.44142158,316430977.91621214,24710113942.89398,7988664682.383695,0.0632861955832424,49497765.67842372,2870870409.3485756,988797758.1322277,3.0392911095395,9140589.538907226,530154193.2566191,41969610.9802086,34543336.58506867,450000.0,26100000.0,2066204.248719801,1859583.82384782,115624914.16021352,63890461.57309262,8955520.342333492,4948521.107709426,0.0,0.0,0.0,897783740.7969648,316432941.2404685,15479030.013740772,2671559.6099804584,154950457.37886658,40166265.7525039,0.0035560418803167013,0.4495415825799589,0.002939659658098097,0.01292921046120277,sample_0196
0.8184926669981543,4.0,2.024289819368529,0.9986752433562449,0.6339082759856882,0.8110546329168576,0.767125583444956,1.1347828996988283,1.4667571518331781,0.9571826059922197,0.5410634457804844,0.7371637109208637,1.320165590446865,1.0803996225538823,50.0,1.1864998419707846,0.7606058776111191,0.8882341047344349,0.8901923405504946,1.217043421227503,1.350498956687148,1.2075941903858896,1.2296059340769538,1.0978617999025349,1.1375005031894099,1.070781225456713,1.0855317523896155,1.1286284607352666,1.2290436966966867,1.4503248188641913,1.9718882753196207,1.4122607379542704,0.8282270804393046,0.8346499919352907,1.104227902859889,S1_Rural_Overhead_AC_500MW,Overhead,AC,460,Advanced Aluminum Conductor,100,0.6990726703493714,LCC Converter,0,False,0,,,66.00827952234324,0.0355949952591235,50.0,20251111_112349_271457,2025-11-11T11:23:50.752314,92110615.37081532,99105920.80230622,92110615.37081532,19890991.145885464,72219624.22492985,0.0,184221.23074163063,9211061.537081532,3779227.163439875,600000000.0,30000000000.0,12308767501.635756,3347449.531144296,3489638.2363629304,1861970.5286716516,1006187.1000767712,19797.49622081741,2321464.934846707,36986059.46228449,40345889.9255499,31349795.412414487,3273938.2501632804,33712121.21212121,50080000.0,0,46171636.85174418,302691201.78316617,19512438086.15967,6838360492.407357,0.0605382403566332,75468108.07303253,3773405403.6516266,1418586180.373212,4.6339374470011085,4740566.531757118,237028326.5878559,97250885.44239023,82912920.72177978,450000.0,22500000.0,9231575.626226816,8308418.063604134,29277194.93063533,26133839.557394985,2710930.418715838,2419870.5095155067,475028.4515346432,23751422.57673216,9745024.611003287,1654028981.636566,643954697.3738741,33080579.63273132,2632933.8805916947,131646694.02958474,63681015.435271636,0.0049556870791722185,0.8496683509676076,0.00424543540247637,0.008048576017987351,sample_0197
1.3740442325265056,1.0,0.5915512696168836,1.0283981422607638,1.753731120488372,0.765706524993349,1.0914367711252642,1.3515210816826242,0.6034141515267089,1.8126117400614639,1.2106096571655574,0.9262732216735987,1.4205108015693524,1.0013670928969929,58.0,1.1299234537198164,0.9879268360100952,0.8477779222098172,0.7140270029204454,1.3193340498214765,1.2363046796018804,1.3630684755327038,0.7942573830503682,1.3632525588490751,1.445081150119688,1.4099968662928748,1.2045573304369022,0.8615463346586956,1.0026434127381296,1.4164430670635462,1.609154818267302,1.1091316086493581,1.230146438325167,0.8994850507626512,0.500126203332272,S1_Rural_Overhead_AC_500MW,Overhead,AC,460,Advanced Aluminum Conductor,100,0.7198786995825346,LCC Converter,0,False,0,,,71.02554007846761,0.0338977036115944,58.0,20251111_112351_045088,2025-11-11T11:23:52.539889,92601499.35771506,94603646.59942344,92601499.35771509,19996995.96408987,72604503.39362518,0.0,185202.99871543012,10741773.925494948,3258896.1765027144,600000000.0,34800000000.0,10557808023.972998,3645857.588473472,3677568.841694357,1604942.099250494,807066.8851191702,4530.869331850043,2834259.834022452,36746566.9481727,37689999.12565295,33105119.66798211,3034445.7360514933,33712121.21212121,12520000.0,0,11898071.460198348,837406610.0331976,65393132134.90762,24670514891.185165,0.1674813220066395,61585573.20472619,3571963245.874119,1473715799.743668,3.78151382292816,4272634.063497567,247812775.68285885,75182750.33182491,61254796.65899667,450000.0,26100000.0,7918356.017979748,7126520.416181776,3577863.747850153,3301698.5695233927,716198.0713275976,660916.7688452675,0.0,0.0,0.0,2151989255.616805,917961416.6165794,37103263.02787595,2246444.2407279317,130293765.96222004,40738764.69352766,0.002198025037610537,0.6527380986888264,0.001808686474080624,0.007125228371714034,sample_0198
0.9234365511344974,20.0,0.770217472553568,1.0313031299504754,0.8349133299241621,1.4234486704437397,1.1022203902203174,1.9771826525196874,1.08966075608548,0.9536458728277655,1.3276392700653041,0.5375296268601216,1.0878705280463474,0.9997424521189859,54.0,1.0178609104414615,1.0483117519375746,0.8523333013715494,1.4500925062025736,1.4096257119955886,1.4530789525881513,0.7934211408013414,0.9770154861749583,0.9543147760624163,1.3620881958775046,0.866727412237455,0.7498981109694481,0.8798665667927704,1.2856940061858915,0.8282423358104858,0.8882160379373337,1.4227476433576596,1.1607060180997242,1.2176733456810327,0.9395205092759958,S1_Rural_Overhead_AC_500MW,Overhead,AC,460,Advanced Aluminum Conductor,100,0.7219121909653327,LCC Converter,0,False,0,,,54.39352640231737,0.0305358273132438,54.0,20251111_112352_834838,2025-11-11T11:23:54.360850,116269020.12994368,119552781.9355789,116269020.12994368,25107920.956070986,91161099.17387268,0.0,232538.04025988735,12557054.174033916,1302068.655359772,600000000.0,32400000000.0,3359627492.9587345,4576278.446986637,4660648.481518295,890914.136116465,1639043.9539804845,106506.28395515816,2830728.2090509944,36741643.79429996,37975133.434002325,11467166.82665339,3029522.5821787454,33712121.21212121,250400000.0,0,147359233.96086535,398671115.0387874,28361880484.05232,6888608045.980927,0.0797342230077574,33993804.203937635,1835665427.0126324,478576340.3100908,2.0873076891527345,13233379.093923269,714602471.0718565,74098707.04781668,66132656.97777058,450000.0,24300000.0,2519720.6197190513,2267748.557747146,229310244.39722404,132495852.63624164,9346597.862649104,5400480.280831094,0.0,0.0,0.0,1540553450.5351975,413902035.146218,28528767.60250366,2646304.6849810155,142900452.98897484,44203828.32142074,0.006604978516696048,0.5956631768627803,0.005896534591596933,0.018100616639214414,sample_0199
0.9086820345143382,1.0,2.11522335761139,1.0034023618310401,0.9966975517400964,0.9912703663385558,0.6298230034970338,1.078756202381682,1.2102439005651462,1.7821939123860862,1.2332428668037192,0.7608964415794413,1.328808645170883,0.7139039031529444,47.0,1.019739434643386,1.323080314962946,1.0260263752091365,1.0126228011167375,1.1151550531045868,1.0103221388297876,1.138406010440121,0.9638545506250102,1.1373195153337723,1.246512629294414,1.0463254878732486,0.8939795933564059,1.2069147860713532,1.258616979532409,1.0605416220297579,1.3708084412394639,1.447550189671365,1.189347691459299,0.8002269010102651,1.7412897512333956,S1_Rural_Overhead_AC_500MW,Overhead,AC,460,Advanced Aluminum Conductor,100,0.7023816532817281,LCC Converter,0,False,0,,,66.44043225854415,0.0305921830393015,47.0,20251111_112354_657625,2025-11-11T11:23:56.320526,82122529.0023653,88650313.10226494,82122529.00236529,17734096.018007223,64388432.98435809,0.0,164245.0580047306,7719517.726222339,1872343.7542590017,600000000.0,28200000000.0,6839817685.857219,3156446.996508806,3325996.5265261387,1576958.652684172,1144570.6206561911,3702.677559699228,2008173.698292916,35875466.37319074,39305693.37563936,31095803.179297484,2163345.1610695287,33712121.21212121,12520000.0,0,11670133.584985925,475923080.9558961,28377553497.28946,12892269179.792938,0.0951846161911792,52463580.66311676,2465788291.1664877,1182484612.6271482,3.22139983691274,5619266.76976121,264105538.1787769,64057933.722270794,54309642.9574293,450000.0,21150000.0,5129863.264392914,4616876.937953623,14513762.85836706,12565799.38714016,1401850.5109251256,1213701.2615505117,554610.7027365799,26066703.028619256,6322393.4889055975,1575436181.9757252,778623256.7183897,33519918.76544096,2677927.93153099,125862612.78195655,35421484.6415237,0.003162573490693197,0.6027058817813684,0.0026935306200870216,0.008867613198356229,sample_0200
0.8802659799653881,1.0,1.7450111377295194,0.9264714255700379,0.5099027797319242,1.2374547687248953,1.1981063350425993,1.544730768197776,0.8249935502777184,1.5623585375519782,1.4630879603539453,0.7951172849327347,0.8626519968692272,0.9460849343026703,53.0,1.3230757119876984,0.7271097361485349,1.028936338672051,0.9532615046255766,1.0905243376754008,1.0893687680559165,1.3347206039065447,1.232433938740562,0.9600461236021629,0.7770654511845392,1.0639408617173554,1.1544007957358713,0.8299971688917032,1.0343676948375595,0.80160081932881,1.1499952233328825,0.7825702207523069,0.9596501340611268,1.093126856328277,1.1391694939363144,S1_Rural_Overhead_AC_500MW,Overhead,AC,460,Advanced Aluminum Conductor,100,0.6485299978990265,LCC Converter,0,False,0,,,43.13259984346136,0.0396922713596309,53.0,20251111_112356_680749,2025-11-11T11:23:58.308415,110428542.94831328,117621144.74996784,110428542.94831328,23846688.692668207,86581854.25564507,0.0,220857.08589662652,11705425.552521206,5973866.896167389,600000000.0,31800000000.0,16229138056.1731,3270386.3157529673,3400366.652085969,2165835.306834654,1077474.3673495152,3992.371479050986,2188919.5769244013,36579045.25546263,39429329.78728214,34664124.09883727,2866924.0433414252,33712121.21212121,12520000.0,0,12196984.778100248,243478577.32199383,16908754758.254087,5782396573.542851,0.0486957154643987,44012617.18739608,2332668710.931992,869854272.6454561,2.702488774832274,9418705.742346238,499191404.34435064,254762459.67167905,214249252.6242929,450000.0,23850000.0,12171853.542129824,10954668.18791684,15584012.776056496,14753964.376994789,1235255.0119782838,1169461.8520354964,0.0,0.0,0.0,1031214113.9850742,399803968.89464986,19456870.07519008,1830078.471159191,96994158.97143714,51811124.22058475,0.011351971723473919,1.8126920276028797,0.009577294542226777,0.01583042559032257,sample_0201
1.018206204060814,8.0,1.5271789032581606,0.9621129774094417,1.1767908844467203,1.354239531161814,0.6745394083751882,1.7795735171223006,1.2088398752309648,0.8051902140710747,1.0801255159941643,1.5030904055804082,1.0297978892237398,1.3759733051139758,53.0,0.8073807876128036,0.9094838167566093,1.3874720004082401,1.1975216776647994,1.350333162605117,1.0296458004619462,0.959048718079728,1.1529590373294485,1.0904426081311303,1.01624896763184,1.1528785687303533,0.9719671035614688,0.9339377511906936,1.083835122771472,0.874995284076542,0.8609489507215033,1.337601049130408,1.1300876938138305,1.2892883076377717,0.6114609930070407,S1_Rural_Overhead_AC_500MW,Overhead,AC,460,Advanced Aluminum Conductor,100,0.6734790841866092,LCC Converter,0,False,0,,,51.48989446118699,0.0242214236283841,53.0,20251111_112358_612037,2025-11-11T11:24:00.268317,126618550.15985622,133807515.93750373,126618550.15985624,27342868.68017763,99275681.4796786,0.0,253237.1003197124,13421566.31694476,5207024.5817640135,600000000.0,31800000000.0,12337113105.125916,4083377.933130104,4225199.6937103905,2137841.5529110613,1353562.3811180913,30187.96681402855,2699627.585197984,37881737.28822417,40437078.42584708,29012455.417096972,4169616.076102957,33712121.21212121,100160000.0,0,87927199.8702731,561917647.323309,39023259448.24169,16463992878.957775,0.1123835294646617,32950238.242013376,1746362626.826709,778394340.0724682,2.023230034195533,10916706.810114486,578585460.9360678,224467744.4198013,156988681.81986555,450000.0,23850000.0,9252834.828844434,8327551.345959992,99918756.3303694,85755560.82013452,4287230.506466173,3679527.948002,448143.0868751019,23751583.604380403,9214653.250097334,1297725061.2081995,592436473.5114354,24485378.513362255,2537742.77734127,134500367.1990873,67078148.42471409,0.007640782042650163,1.481411466842141,0.005404510419205314,0.017512169757974008,sample_0202
1.1931142026484285,10.0,2.172470145789728,0.8104701704666023,1.7966593022649868,1.416101832708099,0.5554686030822571,1.9200326715485982,1.3544221059682315,0.7902205554625433,0.8639698457052316,1.1358055324034608,1.3058802197784227,0.9047782108231877,45.0,0.7635675837709478,0.8965933998184294,1.222033014135397,1.4061836816326303,0.8751250053762278,0.7227204147189936,1.25846991800783,1.1591014657004823,0.8579492420594543,0.7141969319315559,1.0299640285521525,1.2747229853361732,1.0057721710023255,1.1767068581878652,1.3079726790389774,1.3683026901471467,1.162479612440951,1.015713496121722,1.2198961637161938,1.283647402016449,S1_Rural_Overhead_AC_500MW,Overhead,AC,460,Advanced Aluminum Conductor,100,0.5673291193266216,LCC Converter,0,False,0,,,65.29401098892113,0.0229070275131284,45.0,20251111_112400_576220,2025-11-11T11:24:02.108144,117803526.19259109,127431051.22171149,117803526.1925911,25439292.60506659,92364233.58752447,0.0,235607.05238518215,10602317.357333196,3728135.7816404374,600000000.0,27000000000.0,9494119324.269196,3129491.527145434,3371795.579909468,1699492.049964161,1589413.6765120337,26486.60816851972,1513591.2424648807,36453873.36613087,40029135.25248796,25243335.05000567,2741752.1540096593,33712121.21212121,125200000.0,0,104742571.18975894,857904816.831531,48455386064.73735,21960864984.59285,0.1715809633663062,52367680.557311594,2356545625.079022,1109024235.9943109,3.2155113218457947,10087301.003599972,453928545.1619988,159616732.31333086,123358018.7882022,450000.0,20250000.0,7120589.493201899,6408530.543881706,161375780.54649478,130475727.92925131,5477611.565605378,4428764.675317143,3763022.3488887977,169336005.6999959,59544305.33373667,1102355208.304723,530668006.4666245,24496782.406771623,2314462.9455622127,104150832.55029956,53109122.38325469,0.004963092150976686,1.1519276169225745,0.0038626225698688223,0.01584117948997265,sample_0203
1.1735622045233602,9.0,2.595265087011928,0.8276625199769255,0.9260408381748836,0.75877888044595,0.9209697509560932,0.7566044331671397,1.4573432562336528,0.965967333761769,1.4303453998348397,0.7080864472820119,1.1941599325007184,1.0967203000412096,44.0,1.091068636863388,1.1899841762680636,0.8984371016403472,0.8950174892118967,1.4618911025324106,0.9346726471620457,0.7444876595345159,0.8507764155027757,0.8177299759302015,1.2138544097297919,0.9867985592416333,1.188891767554338,1.2649854198539403,0.773540399016822,1.341841573500369,0.6166161284706759,1.5962134353664654,1.1146121142014984,0.9904810396604126,1.1092188781513794,S1_Rural_Overhead_AC_500MW,Overhead,AC,460,Advanced Aluminum Conductor,100,0.5793637639838478,LCC Converter,0,False,0,,,59.70799662503592,0.0327320591059016,44.0,20251111_112402_411759,2025-11-11T11:24:03.905474,88521676.49280296,97231341.04012056,88521676.49280296,19115971.337817967,69405705.154985,0.0,177043.35298560592,7789907.53136666,1267968.5843379304,600000000.0,26400000000.0,4297146081.867369,3539976.826680159,3726975.470255403,1018199.1923739546,1011640.9802304166,30828.902713030304,2497506.9437367124,37035516.060730934,41408106.8247375,19358812.66929149,3323394.8486097264,33712121.21212121,112680000.0,0,82815388.68173976,442184500.22850686,24289971582.73074,8361079681.305918,0.0884369000457013,23599132.46882971,1038361828.6285073,375983459.3894844,1.4490479019060882,3966747.4121750775,174536886.1357034,28409488.499976102,24386213.743766643,450000.0,19800000.0,3222859.561400526,2900573.6052604727,34924416.125226155,23787278.864224024,5217869.289155368,3553929.474816822,111148.22421676322,4890521.865537582,796033.5936659663,1014282876.575166,379285969.4488231,23051883.5585265,2867473.569792243,126168837.07085869,40605470.8704676,0.002313114390556453,0.290475014340048,0.001995345409282321,0.006405699389494007,sample_0204
1.1890152883881069,17.0,2.6436210967964167,1.0419051188213284,0.6038762313031766,1.3647360738636534,0.7582083126263823,1.4661809857383488,0.5313585056732967,1.551995543867458,0.9548050627553138,0.621326482555502,0.8893353069287854,1.2397905273351575,45.0,1.0015966946595969,1.3956697803952545,0.8681061086567703,1.211485111446771,1.2088921076362795,1.3784363951242269,1.1574685464989694,1.3438114061522155,1.2152052193747052,1.009515428053202,0.9015535577994704,0.9380855129452169,0.7821418688324229,0.7545745281350545,0.7292751872592519,1.1874812471643343,0.8148488784695817,0.8487742577737029,1.1905841920163218,0.538208016328471,S1_Rural_Overhead_AC_500MW,Overhead,AC,460,Advanced Aluminum Conductor,100,0.7293335831749298,LCC Converter,0,False,0,,,44.46676534643927,0.0300479008397879,45.0,20251111_112404_222869,2025-11-11T11:24:05.779895,128606747.96149474,141507609.9573357,128606747.96149471,27772213.601058394,100834534.36043637,0.0,257213.4959229895,11574607.316534529,673143.5308686387,600000000.0,27000000000.0,1570236884.623302,3566973.7442348064,3825249.4399344423,528547.6333271035,1369345.2926352895,85879.9290802275,2111748.522519289,37469062.20404593,41971872.38708378,8788174.653724233,3756940.99192472,33712121.21212121,212840000.0,0,111630720.89451382,288350900.4472669,16286368754.624569,4720358466.622524,0.0576701800894533,45447282.29147342,2045127703.116304,622404402.7459478,2.7905809308361857,5520421.325425322,248418959.6441395,14447281.973073153,12651986.194909742,450000.0,20250000.0,1177677.663467476,1059909.8971207284,75187897.47118688,36338205.55234222,8839629.493558386,4272180.5549432505,0.0,0.0,0.0,1064862316.8282754,333812891.2830685,23663607.040628344,1871233.7597487168,84205519.18869226,21817824.011116423,0.0020669390020148742,0.11328717011240765,0.0018138704664499195,0.00704873105623966,sample_0205
0.9683199612316693,10.0,1.5085578278873546,0.8400776668416847,0.9683617148518072,1.2966430588268696,0.7743150286480565,1.0315502998519395,0.7832158616367102,1.5946635307613442,1.0653240163585187,1.193697055027593,1.29380018663677,1.1848987806779006,52.0,0.864437861155761,1.2523679860596442,1.277374320876952,1.2266861124075539,1.4792107337158238,0.7934507086150928,1.0329848786427236,0.8656428973895787,0.7621205414979069,0.8688198572125388,0.8910018642742867,0.7310829114787601,0.8919849613738066,1.4200474536676337,0.8957159844470052,0.5629883568803804,0.8015207705936928,1.2415991216098397,1.268043915074514,1.491883200375183,S1_Rural_Overhead_AC_500MW,Overhead,AC,460,Advanced Aluminum Conductor,100,0.5880543667891792,LCC Converter,0,False,0,,,64.69000933183851,0.0259331358346728,52.0,20251111_112406_093840,2025-11-11T11:24:07.617659,105927644.89348096,111866502.2049228,105927644.89348094,22874734.23338263,83052910.66009833,0.0,211855.28978696192,11016475.06892202,1839931.8048434856,600000000.0,31200000000.0,5210911108.314614,4317644.4329169765,4461055.771224877,1285220.9675482905,1386527.0300849015,29078.766272699795,2902038.6365593746,37302723.57781182,39793318.25461699,19681925.05247926,3590602.3656906076,33712121.21212121,125200000.0,0,92329807.62968224,462392718.8417381,31335842292.41761,12036708355.62605,0.0924785437683476,21546690.394525923,1120427900.515348,455371079.1583637,1.323022638668894,5654365.721864982,294027017.536979,49107328.5842327,37383473.88197851,450000.0,23400000.0,3908183.3312359606,3517364.998112365,43402598.2042678,30737155.653145503,5178851.02254931,3667594.9498548065,0.0,0.0,0.0,1325451442.4129577,552668114.2625209,25489450.815633804,1854240.4222069576,96420501.9547618,29584812.04497381,0.0028594106725722433,0.4177910813660116,0.002206001432134917,0.008764874501314543,sample_0206
1.387133389297405,10.0,0.5278438109129555,0.8413985643240207,0.3840640898684092,1.0864846317185282,0.9673879308083271,1.491422046433555,1.1036241822516,1.479021751817563,0.71262049174848,1.68400929568284,0.8212699141575903,1.2783049965030244,57.0,0.7487548173957862,1.2506039241726092,1.2732549894342928,0.7394883740700452,1.0733635678522397,0.848525343198354,1.411407829103932,0.8034752804706687,1.051003058920524,1.4050510696124492,1.2285814792665433,1.2856944633393517,0.7356640773865525,0.8053811736045883,1.199076012409991,1.0321547911142077,1.0757003610937363,1.1088273545713696,1.158633225853295,0.9276727967161802,S1_Rural_Overhead_AC_500MW,Overhead,AC,460,Advanced Aluminum Conductor,100,0.5889789950268145,LCC Converter,0,False,0,,,41.06349570787952,0.0224626445218735,57.0,20251111_112407_914800,2025-11-11T11:24:09.426060,116600047.19361436,118846968.37317656,116600047.19361432,25179405.1858312,91420642.00778316,0.0,233200.09438722875,13292405.38007204,2172035.097443587,600000000.0,34200000000.0,5588424232.376829,3130934.877051107,3160175.8336249697,848213.0418506381,835845.950085233,31097.16818376029,2263991.758782114,37585772.71667583,38442495.39059041,19825583.686208207,3873651.50455462,33712121.21212121,125200000.0,0,92334102.0639343,183390602.91216537,13997616355.53126,5857488201.610224,0.036678120582433,39502628.16552296,2251649805.4348087,999500648.073157,2.4255637591183885,7660953.046829632,436674323.669289,71354426.08333968,47322122.72084804,450000.0,25650000.0,4191318.1742826207,3772186.356854358,67777771.95128095,49223416.478604384,4737529.714910829,3440617.6468067337,0.0,0.0,0.0,924249353.3161232,419487321.21944666,16214900.93537058,2203819.400094514,125617705.80538727,35625847.59627405,0.005729686357499652,0.5503287596486903,0.003875193348682168,0.011938363798259752,sample_0207
1.1993632064426079,4.0,2.9983587110861207,0.9922132441278438,0.9443175996761408,1.0052405032058458,1.0168008099646477,1.3057329442860879,0.7069456360554827,1.5473114700747312,1.023170466977473,0.9977584856512072,1.1909118891678787,0.7354353687217476,48.0,1.3559373513416475,1.3607377764834534,1.2330577368396711,1.4332735854261807,0.9678335210185764,1.4011877625335294,0.8484789894409667,0.7249895743495927,0.8148988984429808,1.4083792116339748,0.8043732699123107,1.0762177039722653,0.8359438829854471,1.1020281924326598,1.36744036720206,1.441215784784602,0.7086919438326098,1.0539054089787119,1.21397973563773,0.9563011251919947,S1_Rural_Overhead_AC_500MW,Overhead,AC,460,Advanced Aluminum Conductor,100,0.6945492708894907,LCC Converter,0,False,0,,,59.545594458393936,0.0406781205402494,48.0,20251111_112409_720055,2025-11-11T11:24:11.217122,105791846.56113496,117906872.24831772,105791846.56113492,22845409.020263094,82946437.54087186,0.0,211583.6931222699,10156017.269868957,1960620.28829895,600000000.0,28800000000.0,5559843273.458549,3450274.738088877,3801211.3379414305,1634467.3532976822,1620033.476860501,20540.563394036973,1809700.6978343383,35940713.23855075,40917104.62688252,25577708.97883687,2228592.0264295386,33712121.21212121,50080000.0,0,42474638.27563282,450911653.8453572,27605987321.50564,8474948676.125154,0.0901823307690714,55158210.51527629,2647594104.733262,874487757.4538695,3.386857094243815,5127000.998355824,246096047.92107952,47508870.02287314,38028394.38106875,450000.0,21600000.0,4169882.455093912,3752894.2095845207,23378091.733362157,17908331.26808106,3149261.4199887547,2412430.295945075,0.0,0.0,0.0,1419346896.0731137,487873585.1072195,29569727.0015232,1735883.6680865772,83322416.0681557,24043096.346166335,0.0033087199330233135,0.38855029610222563,0.00267503714309344,0.008242856310372037,sample_0208
0.912989797001928,3.0,2.0903479151588327,1.0618672728527407,1.4256502278347536,1.078897219604392,1.0674727047042736,0.6644164071966202,1.5221286426504022,1.5740638468695507,1.2354387202081374,1.7036645436168127,1.3537895173827001,0.9102814629346152,58.0,0.9240375791178556,0.9597302059724082,1.374148455192317,1.1695790679947666,0.780951787526161,1.3921165040543861,1.2395741533905569,0.9296558817854063,1.0240609940588927,1.4665831427125007,1.4641268069354187,1.3531397561964702,0.703234479661527,0.795662902016955,1.4056144799725645,0.9280658857719614,0.7023998640263776,0.8676624881235093,0.925636651482696,0.7634430634389615,S1_Rural_Overhead_AC_500MW,Overhead,AC,460,Advanced Aluminum Conductor,100,0.7433070909969185,LCC Converter,0,False,0,,,67.68947586913501,0.0277211273735356,58.0,20251111_112411_534736,2025-11-11T11:24:13.049608,95470029.72718364,102966124.46710962,95470029.72718364,20616445.87169392,74853583.85548973,0.0,190940.05945436732,11074523.448353304,4178983.1686614887,600000000.0,34800000000.0,13131816908.206911,3057880.165860532,3251238.1160209626,1866696.085759942,1321978.764733479,15305.688181848858,1720595.7129452042,36470549.88768065,39905103.98714991,31841891.70500147,2758428.6755594397,33712121.21212121,37560000.0,0,35133774.208696224,680747983.7910947,53159650665.83154,21235401135.219997,0.1361495967582189,35518937.58026451,2060098379.6553416,886545355.9888961,2.180954831564109,6400600.375122269,371234821.7570916,140085853.71451014,92353993.30736972,450000.0,26100000.0,9848862.681155186,8863976.413039671,19995015.631420083,18067458.073071763,2290656.5618214747,2069832.9100319329,0.0,0.0,0.0,2146504169.621695,949336152.0153491,37008692.5796844,1727861.2663336312,100215953.44735062,43383823.004476786,0.004115116106402208,1.1606775120877642,0.0027780337167185223,0.010475300930550557,sample_0209
1.3482641388120373,11.0,2.3919097279178576,1.0235414161761238,0.7178458417733417,0.8438733811259247,0.7892473464052432,1.028035590021773,1.910348789908495,1.016346457282992,1.4221691019370972,0.7251597678740898,0.8455233122579847,0.7552618860160676,55.0,1.282839732470371,1.276600176202865,1.0888239289423587,1.1889120827613484,0.8882958741364608,0.7855953828854294,0.999620317995425,1.4453646616259166,0.8383142854155163,0.7802615555657274,0.7358751550179419,0.9472398587387695,0.9109921949551554,0.998521492193615,1.4244957948871213,0.8523158579939893,1.3255339522131888,0.879205442907702,1.067892806246115,1.9693495845453355,S1_Rural_Overhead_AC_500MW,Overhead,AC,460,Advanced Aluminum Conductor,100,0.7164789913232866,LCC Converter,0,False,0,,,42.276165612899234,0.0384851919741111,55.0,20251111_112413_347708,2025-11-11T11:24:14.866771,109963447.1030103,119897865.37368296,109963447.10301033,23746252.74070256,86217194.36230774,0.0,219926.8942060206,12095979.181331132,1418592.7932668072,600000000.0,33000000000.0,3870175491.873897,3244711.41512776,3472016.008277621,909364.1856274868,1343830.9299090393,31669.968535387947,1869210.5166833329,36000793.59398808,39917371.05952684,16430759.610459428,2288672.381866872,33712121.21212121,137720000.0,0,95175304.489788,342771389.44677067,24971738029.51797,5685091929.311681,0.0685542778893541,32619832.51714596,1794090788.443028,447106689.9813315,2.002942266285875,5294442.361504584,291194329.8827521,34150701.78439001,29197758.788648896,450000.0,24750000.0,2902631.6189054223,2612368.4570148797,79899326.65724726,51561885.44328096,6026359.377563036,3889024.6622342775,1734598.4378818334,95402914.08350085,11188667.270888362,1206537019.915289,312253785.3126245,21937036.725732524,2522357.2287718155,138729647.58244985,36453461.795041494,0.0034819265263212927,0.29106279691607767,0.002989218936304435,0.008216873827166706,sample_0210
1.3812473403432275,17.0,1.2003921123831265,0.8044245968666633,0.6292521686448995,1.1576418030951847,1.1516803529927055,0.8042937026204695,1.1486193506617366,0.7467204894016812,1.3217364521180492,1.1811495373052046,0.8869410404161155,0.9164710064230115,49.0,1.2761199027837704,0.8372713052653948,0.9781717617195993,0.9455631170946861,0.774865469686123,1.4992047578950123,1.2977590896586304,0.9252367052399411,1.3058058884044048,1.2745376937536532,1.4329442847472558,1.315788747863805,1.2174474156021082,1.3601978598495157,1.2590652782802736,1.2282184845761583,1.0987368852950816,1.011758338620176,1.1548954923543282,0.7594046935630885,S1_Rural_Overhead_AC_500MW,Overhead,AC,460,Advanced Aluminum Conductor,100,0.5630972178066643,LCC Converter,0,False,0,,,44.347052020805776,0.0382835970835131,49.0,20251111_112415_167962,2025-11-11T11:24:16.672520,122057927.51187114,127472712.69007756,122057927.5118712,26358016.887085184,95699910.62478596,0.0,244115.8550237423,11961676.896163372,2980334.2062239386,600000000.0,29400000000.0,7325212545.331992,2588386.404605366,2675413.1341914115,1001015.3431409664,1068772.8565949027,93404.09085263596,1426209.4571578272,36489306.08006973,38420439.56074151,19107578.449510764,2777184.86794852,33712121.21212121,212840000.0,0,156455084.50310376,300467910.52793956,18879851234.056538,3976360565.139384,0.0600935821055879,47006377.841698736,2303312514.243238,521373431.0751898,2.886313438753972,5302767.473237256,259835606.1886255,64739831.36655997,49446346.993794106,450000.0,22050000.0,5493909.408998992,4944518.468099097,70072601.80698624,50516266.646081634,8190176.450572408,5904406.669459856,0.0,0.0,0.0,806994595.0155641,189663013.9948631,16469277.449297229,2233190.968451229,109426357.45411022,50565147.4851017,0.005654345469826562,0.49402447306927616,0.004378874602553223,0.008864020433719385,sample_0211
0.775157479797209,5.0,0.7905955270169921,1.0959655398632218,0.3600591126838591,1.0913045046994392,0.7706335029309925,1.918919547308314,0.991308405315238,1.025722831551815,1.3103392139007677,0.8980504298367823,1.3364815633975904,1.2146670377381121,41.0,1.0720795118112156,0.736738866657058,1.2265836206099348,0.8426256950697882,1.0212211122138912,1.3666301902819369,1.4894415997726094,1.069131716673729,1.0797622446815756,0.7207694103099898,1.0099600341898634,1.4527006279464216,0.9664129120709206,1.2664133483406403,0.8902448166791203,1.5708221591271307,1.2159796960702742,1.243537275338656,0.9225641982138207,0.9995173819034717,S1_Rural_Overhead_AC_500MW,Overhead,AC,460,Advanced Aluminum Conductor,100,0.7671758779042552,LCC Converter,0,False,0,,,66.82407816987951,0.0321623853543364,41.0,20251111_112416_981163,2025-11-11T11:24:18.473931,90722757.72116056,93353786.67658594,90722757.72116058,19591287.75002932,71131469.97113124,0.0,181445.5154423211,7439266.133135167,4449785.56430999,600000000.0,24600000000.0,14714452060.595057,2542226.6537369434,2592585.228692662,1794641.9416023353,952422.3765485788,25042.462911014765,1564761.81427735,37392930.417388216,38678559.9372016,32886557.196165916,3680809.2052670065,33712121.21212121,62600000.0,0,58781018.12091643,171928226.30654272,8660925163.069674,3806011280.8426914,0.0343856452613085,60118505.67411355,2464858732.6386557,1131154399.5076966,3.691432073948757,8721218.364426563,357569952.94148904,213879915.8888932,175464925.80939806,450000.0,18450000.0,11035839.045446292,9932255.140901666,43275015.75345688,40205638.82020327,2605767.9871576466,2420948.0855599567,0.0,0.0,0.0,1567227219.5940456,742351942.5104991,38225054.136440136,2382675.5521895997,97689697.63977358,64657849.373436406,0.010870805359845089,1.7935299696113642,0.00896076252623146,0.014277896721714407,sample_0212
1.2270868838164746,18.0,2.9726437441167888,0.8155035941955402,0.7046261404256426,1.4595020642612815,0.9106838124795011,0.7091923903411484,1.9970031101613892,1.8003552978206432,0.9505583085904106,0.7767605539916842,1.196758685341891,0.9236421183287856,50.0,1.3639869861698257,1.2667911225052104,1.20083191068887,1.1154033525504807,1.4308897420736513,1.2389865173359786,1.0391494857372505,1.479429481870896,1.4115891415223893,1.0972043535301355,1.023589632379054,1.2502873116341997,1.3016815352406548,1.3067395022228383,1.0560289349646987,1.4938003593362674,0.7622861112936413,0.9043026840755609,1.0873280349501475,1.2152209039699131,S1_Rural_Overhead_AC_500MW,Overhead,AC,460,Advanced Aluminum Conductor,100,0.5708525159368781,LCC Converter,0,False,0,,,59.83793426709455,0.0409196095850947,50.0,20251111_112418_799306,2025-11-11T11:24:20.306670,129020354.5325568,143661804.87650162,129020354.5325568,27861530.609849997,101158823.9227068,0.0,258040.7090651136,12902035.45325568,1150215.1646153652,600000000.0,30000000000.0,2674496986.4234595,4121598.996270107,4392116.230211915,732840.4815171794,1260743.7893979675,81732.56149451631,2779122.6453776234,36511036.72220844,41506343.000148475,11361748.48206794,2798915.5100872293,33712121.21212121,225360000.0,0,132513284.77690873,336458982.0532444,21689216657.672115,3653583390.017882,0.0672917964106488,57170727.352517635,2858536367.6258817,521386470.8956749,3.5104308444402292,8229673.647310599,411483682.3655299,36683728.9483013,30984834.22422862,450000.0,22500000.0,2005872.739817595,1805285.4658358365,156064168.2910477,85168342.90918568,9437689.684852554,5150396.789678179,1722830.2075287823,86141510.37643912,7679506.996925055,1131999792.1453764,214921356.5748074,22639995.84290753,1804216.2315993924,90210811.5799696,27271116.825804967,0.0051831915541605544,0.2741708335742392,0.004392846243481686,0.011761665852259478,sample_0213
1.130410202577789,16.0,1.1266083241467038,0.9878864918786916,0.4915988283719894,1.1653810380793215,0.5406643278014216,1.8798079153211549,1.4354689213172631,0.5202360792521228,1.4533217269210512,1.8739360420397924,0.8355194822034427,1.3405831879539203,49.0,1.3715862214523076,1.0131007344375893,1.303508558632453,1.0667710483298851,1.3469671823858116,1.25327631944949,1.4693862867497902,1.1259344426595668,1.1415345172333498,1.030911100933722,0.943992282302722,0.796222969572207,1.4238663278724855,1.4499498205512955,1.2325504231742408,0.846047932549778,1.05245226129005,0.8099674167139285,1.1280654517613704,0.9798917356248398,S1_Rural_Overhead_AC_500MW,Overhead,AC,460,Advanced Aluminum Conductor,100,0.691520544315084,LCC Converter,0,False,0,,,41.775974110172136,0.0411475866435692,49.0,20251111_112420_602658,2025-11-11T11:24:22.105884,126166406.00593571,131412370.81814092,126166406.00593568,27245229.60431118,98921176.40162452,0.0,252332.81201187143,12364307.7885817,2827366.299652803,600000000.0,29400000000.0,6722945645.736597,3754833.73921814,3846745.844210224,1253325.6882114543,1205774.5485668094,73489.08512689518,2475570.1055244356,37774494.50895128,39637152.67099589,19267125.988843687,4062373.2968300623,33712121.21212121,200320000.0,0,145495416.64684665,234738440.54762495,14749750909.062489,2924891886.302623,0.0469476881095249,32379946.474545103,1586617377.25271,339772931.0134341,1.9882126414919783,7952051.250306059,389650511.2649969,89102013.87986562,55707718.83430365,450000.0,22050000.0,5042209.234302445,4537988.310872204,193887174.6632957,138036508.45487696,7706973.745866017,5486921.7032030085,3894693.169730539,190839965.3167964,43639684.14486663,1010288590.227914,225254935.31520823,20618134.494447228,2174178.0728448136,106534725.56939588,46115469.34307355,0.008764814881308753,0.6418040757108987,0.005608867470079952,0.012592036926088393,sample_0214
0.75379018716892,0.0,2.1853147478031705,0.9068918718362484,2.403208417654673,1.087349930177957,0.5692247627973951,1.3574886104409554,0.8416912032936902,0.9348797476216336,1.0449948636263335,1.311338022833725,0.8541647323416097,1.4268165584707218,59.0,0.7519503474654284,1.3090829413414826,0.7656873570546566,0.72500928421272,1.3891102915337739,1.4903915021518062,1.1545461902862406,1.2145083656526428,1.226137876281098,0.9007564351996544,1.3626333857006212,0.7563456330522599,1.4555401685259821,1.4590328942457147,0.9026141483904035,1.4247041917675116,1.2254940057945274,1.260896491124669,1.164721881467486,1.3540533584678869,S1_Rural_Overhead_AC_500MW,Overhead,AC,460,Advanced Aluminum Conductor,100,0.6348243102853739,LCC Converter,0,False,0,,,42.70823661708049,0.0225585104239628,59.0,20251111_112422_405580,2025-11-11T11:24:23.901721,124554403.53144078,134796239.44207102,124554403.53144076,26897122.85441877,97657280.677022,0.0,249108.80706288156,14697419.616710013,2814980.6231925474,600000000.0,35400000000.0,6780123086.893448,3935741.172862636,3949217.985258974,1450906.0633517662,819480.1909434684,0.0,3116260.9819191676,38035807.75294158,40608994.16719981,35032846.32517532,4323686.540820369,33712121.21212121,0.0,0,0.0,1147532019.4301064,91654484313.94568,45049928731.08837,0.2295064038860212,54526278.8273262,3217050450.812246,1684761307.7430067,3.3480548506536523,4950008.382911395,292050494.5917723,55936110.1954894,41265880.56573691,450000.0,26550000.0,5085092.315170083,4576583.083653075,9774055.7324809,8625512.045355076,983391.6365114268,867833.8489356805,190162.14480961548,11219566.543767313,2148871.2471280796,1103389145.9659274,590877405.4150982,18701510.94857504,2394806.2970880223,141293571.52819332,29643969.037164807,0.0011235549645412146,0.3789238777733246,0.0008440759195310004,0.008054392342337669,sample_0215
1.3854628401628482,18.0,2.568572601325402,0.9226170610145863,0.4363952754286831,1.2730375776398306,0.8311300316052233,1.563043603745503,0.5147722878333943,0.9983318248143684,0.5267948891915295,1.0674624769219498,1.2418062809151063,0.9209886241442788,49.0,0.7397913916293972,0.8204383789071539,1.3004870523669538,1.2547303285888995,1.0371978993164515,1.2511857441353902,1.431914804117461,1.3798543008017843,0.9183670136690861,1.2093142103865273,0.8816421065558266,1.1648765855229344,0.7685377872929793,1.0727435695487806,0.9595117957302459,1.0604023396760736,0.9056695363631596,0.8027974014843554,1.020242932124677,0.8855331209205812,S1_Rural_Overhead_AC_500MW,Overhead,AC,460,Advanced Aluminum Conductor,100,0.6458319427102104,LCC Converter,0,False,0,,,62.09031404575531,0.0221937417488819,49.0,20251111_112424_200967,2025-11-11T11:24:25.734118,119994060.0975145,131673144.96535228,119994060.09751448,25912331.35670432,94081728.74081016,0.0,239988.12019502895,11759417.88955642,4056623.4113685265,600000000.0,29400000000.0,10142060552.177002,3461848.7780823745,3721062.857568645,1647207.608711956,1418225.4926171498,82537.31121585495,1961085.9742493697,36502995.83074024,40775967.8139262,22531613.862558004,2790874.6186190266,33712121.21212121,225360000.0,0,178745864.50726932,208378744.0171962,13093443757.343887,4837088085.736398,0.0416757488034392,40583718.34408269,1988602198.860052,767115916.0651953,2.491945498238773,4301804.11199506,210788401.48775795,72715262.97909655,57191100.03315707,450000.0,22050000.0,7606545.414132749,6845890.872719479,75846253.07572053,58363971.29499339,9255857.670596432,7122416.59265516,0.0,0.0,0.0,1364474311.5474873,538036401.9681334,27846414.52137729,1987030.0985630285,97364474.82958838,55103141.78351696,0.004800529067636594,0.5571214747130375,0.0038272474486960605,0.007218210748323764,sample_0216
1.3652005813440637,11.0,2.782330728603364,0.9935600024280016,0.35437959311794687,1.4789763555551683,1.0762478518024583,1.3218305976518185,0.9954690931712594,1.4001166481659695,0.7744995646690065,0.825250385214888,1.4251315747663331,0.7177085910773433,44.0,0.9357105711982213,0.879893638216211,0.8002678773687542,1.017284979598774,1.1576880813490495,1.147310565421891,0.8150748472606866,1.2409053749246084,1.3805582680994644,0.8158547741333582,1.4136602886095868,1.3209447473020444,1.4466728231841075,1.106352037010876,0.933494980713152,0.8381443622172363,1.1936475725645639,1.121964680319682,1.008648023686053,1.546919007635188,S1_Rural_Overhead_AC_500MW,Overhead,AC,460,Advanced Aluminum Conductor,100,0.695492001699601,LCC Converter,0,False,0,,,71.25657873831666,0.0280713171359466,44.0,20251111_112426_062458,2025-11-11T11:24:27.578572,101129166.46561275,111833211.14905414,101129166.46561278,21838518.249609165,79290648.21600361,0.0,202258.3329312255,8899366.648973923,2173776.9119887617,600000000.0,26400000000.0,6448516252.908848,3181836.449258728,3411211.279951255,1242755.7948645258,1149840.2951222504,46251.91326070783,1985744.24087577,35886995.7305374,40474655.396090046,21027892.146965496,2174874.518416192,33712121.21212121,137720000.0,0,106614028.5913287,169216255.71381962,9295346264.9657,3463617679.2856436,0.0338432511427639,32077461.03077807,1411408285.354235,549456943.1016312,1.9696392512105056,8911538.081842573,392107675.6010732,95776996.93196332,79968996.20939775,450000.0,19800000.0,4836387.189681639,4352748.470713474,96558382.15514956,70562515.5394485,6202048.827871514,4532306.331416331,0.0,0.0,0.0,1559933006.4740129,624324234.1547209,35453022.874409385,2354202.094719819,103584892.16767202,44573339.152374536,0.008796590269719911,0.8153446956527716,0.007372218370888707,0.013551178457671812,sample_0217
0.9685947679737097,14.0,2.810802448873639,0.8315955522576082,0.45546456224741605,1.2040049253316996,0.7123694421784242,1.0024369049176627,0.6321306827391759,0.6605133911543135,0.6633812142916204,1.0311069609868695,0.9264928414454436,1.4778062940417498,59.0,0.8195405108196822,0.8336014561676096,0.992441512462241,1.184225963067647,1.042924689812414,0.7085095133664245,0.7285499192219598,1.0021737816727974,0.946063443937536,0.8310811840283692,1.1978136384247813,1.463354961955098,1.3530493602731235,1.1102985020561282,0.7495537705595375,0.8847238711182238,1.2368410055951156,1.1501635069824845,0.986585110507457,0.5708084413905387,S1_Rural_Overhead_AC_500MW,Overhead,AC,460,Advanced Aluminum Conductor,100,0.5821168865803257,LCC Converter,0,False,0,,,46.324642072272184,0.0245862153245904,59.0,20251111_112427_878162,2025-11-11T11:24:29.387338,86052045.2453433,95258270.23150772,86052045.24534331,18582662.41268417,67469382.83265913,0.0,172104.0904906866,10154141.33895051,2406628.4388419343,600000000.0,35400000000.0,8390137963.532609,3738449.546494681,4008469.929893884,1421168.0268738146,1338534.194618886,36352.12023186349,2363563.2316439315,38190322.10315682,43074595.74141077,22412962.945493236,4478200.891035606,33712121.21212121,175280000.0,0,135950775.79149786,217484328.47314116,17370682155.317955,5658300790.82322,0.0434968656946282,33860151.99543667,1997748967.7307632,697094037.5745045,2.079101097127826,3161499.162312399,186528450.5764315,44209023.57232301,35092177.18355202,450000.0,26550000.0,6292603.472649457,5663343.125384508,46172472.01094994,34196464.308523275,7564861.101993137,5602721.522293518,0.0,0.0,0.0,1062070306.4114424,379710169.53391993,18001191.63409224,2409273.721833772,142147149.58819255,58795447.46447163,0.0032640487386981975,0.45958125747243095,0.002634133045672164,0.005539471812874654,sample_0218
1.2448126269271231,2.0,2.7926089069225153,1.0814230255129225,1.5730172953300414,1.1613264570387025,1.1358405164247465,0.9852538393393782,1.0421368906419342,1.4481353043095588,1.2965635932763968,1.890425102913609,0.7577942489043785,1.1034539269298265,44.0,1.3597409392901394,1.2061845191515916,1.0607683324497656,0.9178209839631007,1.2314659829363404,0.9671472466782405,0.9474068122202888,1.1439247171472628,1.1398917110736315,1.0434286511388442,1.2073019690524744,1.0578842711453624,1.1459295880974618,1.179620298866698,1.0665305740600841,1.842886457927783,0.7433617123440164,1.1255765502182362,0.9117746631810072,0.5492732484749578,S1_Rural_Overhead_AC_500MW,Overhead,AC,460,Advanced Aluminum Conductor,100,0.7569961178590456,LCC Converter,0,False,0,,,37.889712445218926,0.0407922281787041,44.0,20251111_112429_701650,2025-11-11T11:24:31.193604,91625235.09176756,101360998.58694246,91625235.0917675,19786174.83569083,71839060.25607674,0.0,183250.47018353513,8063020.688075546,2161689.5549703953,600000000.0,26400000000.0,7077819400.317006,3157261.8568109996,3365049.7854503463,1524104.6344924788,1037415.8394492016,7088.896243228266,2112757.1211185697,37055920.990696445,41785898.25859555,30695988.25768451,3343799.7785752313,33712121.21212121,25040000.0,0,22868248.952110663,751115758.5200949,41260108439.72624,14766995428.772034,0.1502231517040189,70530950.51781212,3103361822.7837334,1181732744.0139408,4.33078317613029,7026976.559895252,309186968.63539106,82892785.0353324,51552264.699089624,450000.0,19800000.0,5308364.5502377525,4777528.095213978,20573193.79756488,17176420.800821748,2156674.008115132,1800592.5894678067,0.0,0.0,0.0,935575540.121692,370791487.95843667,21263080.457311183,1780087.6229386209,78323855.40929931,26443537.234232105,0.003738662031733931,0.7121879446030027,0.002387701958138158,0.011540262492456793,sample_0219
1.0816146290294326,12.0,2.2386011855997463,0.8193674915038464,0.4093381735973065,0.7666881882420853,0.7399276307398472,0.8203232565233494,0.5629921452309835,0.8626600351681135,1.0849046603877,1.963673167252832,1.1294302468197046,1.4415693674527073,60.0,1.1153405209981777,1.3774371331112443,0.8949460671764532,1.220398042929343,1.4972698536591031,1.007108255880764,1.3786739039354372,1.4048714132611109,0.8536692105030866,1.4750170049230218,0.7132487542591709,1.013536561518856,1.3095777221455485,1.1314005570616852,1.0780071379372274,0.6420793020977875,1.0289407618582016,0.9402829134849713,1.0448143581552383,1.6421117752671248,S1_Rural_Overhead_AC_500MW,Overhead,AC,460,Advanced Aluminum Conductor,100,0.5735572440526924,LCC Converter,0,False,0,,,56.47151234098523,0.0334602156299453,60.0,20251111_112431_494391,2025-11-11T11:24:32.992727,134229999.5024835,145547617.65407252,134229999.5024835,28986536.6859993,105243462.81648418,0.0,268459.999004967,16107599.94029802,1166177.0948840508,600000000.0,36000000000.0,2606370630.7228446,4840433.610660762,5057629.355465148,831405.5745275517,1379419.606098924,44290.78998771621,3416723.214574122,38080513.23470517,41907696.62218752,13726676.12569972,4368392.0225839615,33712121.21212121,150240000.0,0,93783667.53658932,195458977.8927139,15963070194.969114,3899560948.2568583,0.0390917955785427,24573659.049886525,1474419542.9931917,395844287.95330054,1.5088863599298006,1860851.3267324327,111651079.60394596,8083447.076895094,4908797.452133645,450000.0,27000000.0,1954777.973042135,1759300.1757379211,18149971.98275194,10530658.382229306,6407370.5335198855,3717572.141763146,0.0,0.0,0.0,1290269418.3793087,357995419.68793106,21504490.30632181,2144200.911069207,128652054.6641524,26172512.429938324,0.0013306360357627327,0.0674665938883977,0.0008839023781087063,0.0030900873219806453,sample_0220
1.147626562303342,0.0,1.678728784275414,1.0093577023134743,0.8110167768966363,0.9119747341729887,0.641911110562477,1.5126849232513184,0.9481348480545285,0.6166693444767279,0.6285505942550117,0.8511032917450989,0.7308640210704701,1.0540379435387361,56.0,0.8912276678081195,1.237740189441931,0.8287279446042326,1.3699490354484865,0.797499228089764,1.310143679052948,0.7803640414845401,1.0918485839092131,1.0962687393994601,0.8363823596203095,0.9042848621669222,1.425018998744648,1.0406241346657445,0.813066588155352,1.2675945709128145,1.2217253233657883,1.3552061268960025,1.136109350831966,0.8262651241991281,1.8258833500707163,S1_Rural_Overhead_AC_500MW,Overhead,AC,460,Advanced Aluminum Conductor,100,0.706550391619432,LCC Converter,0,False,0,,,36.543201053523504,0.0267368300342435,56.0,20251111_112433_313949,2025-11-11T11:24:34.805885,73901219.12813018,78526230.30296932,73901219.12813015,15958730.591800274,57942488.53632991,0.0,147802.43825626036,8276936.54235058,1909094.460395934,600000000.0,33600000000.0,7749917320.3865795,3234994.440416496,3254376.0786062256,1945024.1467070696,1548457.5461281375,0.0,1686536.894288358,36906175.58648102,38793934.525876224,34282632.23457592,3194054.374359807,33712121.21212121,0.0,0,0.0,387260510.9681439,28882269167.112904,13317532038.93855,0.0774521021936287,46757871.57585544,2618440808.247905,1291281539.2385907,2.8710545099096025,4822152.958652292,270040565.68452835,62285477.89302132,51683202.840487935,450000.0,25200000.0,5812437.990289935,5231194.191260939,7904682.521121141,7041503.897551807,755427.9529239363,672936.4349068154,137084.90863943685,7676754.883808464,1770661.1797139724,1041111614.8488754,527150489.1340478,18591278.83658706,2560189.251492403,143370598.0835746,34674523.000889,0.0029553720363502834,0.61834750939131,0.002470020047920288,0.008074916728101946,sample_0221
1.1680744274559187,11.0,2.3546637067280214,0.8629081328131133,2.448985618696126,0.9813128325873712,1.112598368215182,1.3159187914412587,1.945445743254785,1.9610661066239448,1.4580573936592969,0.8672927501972256,1.2849476905863368,1.2112324525428284,47.0,0.9640006875855913,1.2827098266192423,0.9872267575143397,0.7670700460693555,1.3282013686200467,0.705575999461086,1.3103454960165026,0.7319253691754429,0.8804056884650825,1.3998255048031272,1.4270628196945792,0.9908211527102097,1.2699874393891863,0.7392500976170862,1.1089737930332138,1.6149806805882916,1.1042414764921513,1.1910375508615114,1.1150370868872612,1.5415429120348512,S1_Rural_Overhead_AC_500MW,Overhead,AC,460,Advanced Aluminum Conductor,100,0.6040356929691792,LCC Converter,0,False,0,,,64.24738452931685,0.0289200206275677,47.0,20251111_112435_102249,2025-11-11T11:24:36.590214,111669180.64009652,121593823.49707969,111669180.64009656,24114600.41210648,87554580.22799005,0.0,223338.36128019303,10496902.980169076,1297357.6170544229,600000000.0,28200000000.0,3485359907.5891857,3298954.033215078,3443135.2035435494,739473.1560633045,867021.5975268775,28444.120458274578,2403488.315229926,37382522.58346312,41357402.09337439,16350078.522204412,3670401.3713419046,33712121.21212121,137720000.0,0,93463906.70211886,1169390632.9274,69726488529.3548,24581830160.025803,0.23387812658548,61808540.607475094,2905001408.5513296,1078048089.5057898,3.7952045993824854,12227056.973192468,574671677.740046,71026156.93695633,58706062.73979779,450000.0,21150000.0,2614019.930691889,2352617.9376226994,120778921.45358804,76401916.35140225,6009598.66802761,3801531.3368780194,263421.9202517485,12380830.25183218,1530200.332709333,1234441062.28899,471350274.5015888,26264703.452957235,2240209.322227493,105289838.14469218,30333575.553613447,0.002458591914111518,0.5719237487176257,0.0020385390826753104,0.017156354736309404,sample_0222
1.301878165104808,18.0,0.9909319324422988,0.8610473777401081,1.3433043349317182,1.1681930506472296,0.50186554039028,0.825631801267821,1.0339922203616432,0.5514666039176209,1.444122252128182,1.273526719555723,1.2986535607008782,0.8327386952471509,58.0,1.0804146864040132,1.0530493445858062,1.3653579001855554,0.757225067809422,1.0566958940209297,1.284765653715554,1.021331818771225,0.9021950696850478,0.874900186961018,1.0529737594159565,1.428705781715514,1.3180180778776258,0.8923306737617351,0.8589878637144674,0.7019436354189527,1.1290243997227314,0.6873194288853234,0.92940972570839,0.9541943349535201,1.4488859008821806,S1_Rural_Overhead_AC_500MW,Overhead,AC,460,Advanced Aluminum Conductor,100,0.6027331644180757,LCC Converter,0,False,0,,,64.9326780350439,0.0324124405921203,58.0,20251111_112436_886108,2025-11-11T11:24:38.398652,85394935.22058862,88510325.62639771,85394935.2205886,18440761.61621626,66954173.60437237,0.0,170789.87044117725,9905812.48558828,1787826.2416019167,600000000.0,34800000000.0,6280792544.60588,3226167.0415816717,3283283.075224541,875369.685053406,855893.7887664073,84752.48626928678,2285520.7665459774,36235571.803779244,37812475.09440011,16663888.30057646,2523450.5916580334,33712121.21212121,225360000.0,0,156478196.33141902,641427819.9298955,50089136724.17579,11243657290.935608,0.1282855639859791,43210021.82618838,2506181265.918926,613056248.7676446,2.6532073393484192,3301243.429573422,191472118.91525844,34557375.20065649,25755427.065506823,450000.0,26100000.0,4710594.408454409,4239534.967608968,68181582.97555399,46447164.96864404,8545919.369599033,5821714.74239333,804433.5701307541,46657147.06758374,8420800.616513219,1535034142.6717355,387667249.5615031,26466105.908133373,1708633.7115287874,99100755.26866966,37223702.186841555,0.0020793991189695677,0.38148615524135315,0.001588355554057352,0.005587699681832776,sample_0223
0.7660657875006058,19.0,0.9805047895920556,0.9250549206146287,1.7259142692538507,1.1396454850579358,0.8812928302596922,1.6264929656897582,0.9437465850524547,1.3422296445155433,0.8322720458431907,1.7622295537718922,0.9915751261926287,0.7774058451904825,46.0,0.9668208292393667,1.1419845750881867,1.112259038580929,1.232658495648806,0.916032344742014,1.126115060368796,0.7112259326211353,0.9396091002906113,0.8978550632817033,1.0141713908186945,0.7800875822826235,0.9221706995824679,0.9610930180168644,0.8341515276814426,1.0583903446325824,1.17331226876653,0.6424642133408109,1.2721353986970865,0.9970977310450836,1.4783639707552374,S1_Rural_Overhead_AC_500MW,Overhead,AC,460,Advanced Aluminum Conductor,100,0.64753844443024,LCC Converter,0,False,0,,,49.57875630963143,0.029004624877181,46.0,20251111_112438_698890,2025-11-11T11:24:40.227762,84711194.53324355,87768541.3375412,84711194.53324357,18293110.013810713,66418084.519432835,0.0,169422.3890664871,7793429.897058407,984097.7675592554,600000000.0,27600000000.0,3485127696.4571495,3049587.4385359325,3141552.9824570185,736099.1828437692,1393277.63296062,78413.7803823952,1577896.025192917,36067896.50057722,37621764.13160373,12061103.874814209,2355775.288456008,33712121.21212121,237880000.0,0,144039192.52536437,824124063.5687135,47837011007.2225,14102271710.451412,0.1648248127137427,44905007.150232635,2065630328.9107013,639719002.7749478,2.7572838316013457,7536326.838476601,346671034.56992364,43775102.32388025,28346746.51697417,450000.0,20700000.0,2613845.7723428616,2352461.195108575,125830613.38776284,74416905.29481328,8991227.155316424,5317460.367449869,0.0,0.0,0.0,1026585188.3955444,327151541.2702949,22317069.312946618,1651443.311709534,75966392.33863856,27040130.01608104,0.0024539773726475855,0.4757431076946713,0.001623989423674665,0.011146941225550497,sample_0224
0.7726221367413745,6.0,2.5077511297835433,0.8914001321551724,0.5012999786809206,0.891262229161956,1.0004832317495536,0.5585682018882135,1.8739250182879,1.4914840729254717,0.7181766688619924,1.4008011937587486,1.2051166944142522,1.26671080743527,58.0,1.1951518462914534,1.1942073009800165,0.9957681337077293,1.343089097075325,1.1593568199313888,1.3170323373627213,0.7878962119179025,1.2383273130179075,0.8106667801061663,1.1273430962040456,0.9227623976954884,0.8972872186015606,1.4861752800035553,1.0077632888010126,1.1408154211741655,1.7948328584364404,1.096522227488465,1.0595644831409061,0.9698608305076891,1.8722902688390333,S1_Rural_Overhead_AC_500MW,Overhead,AC,460,Advanced Aluminum Conductor,100,0.6239800925086206,LCC Converter,0,False,0,,,60.255834720712606,0.0358545553887436,58.0,20251111_112440_554214,2025-11-11T11:24:42.057421,101471112.14938216,111102728.9109472,101471112.14938216,21912360.320263542,79558751.82911862,0.0,202942.2242987643,11770649.009328332,1945729.878499621,600000000.0,34800000000.0,5752562982.56154,4119099.852069661,4389417.542412212,1520002.3130415368,1518097.6763912009,28960.343796481367,2572041.831881979,37550638.8104099,41815674.769420065,24230192.551624637,3838517.598288697,33712121.21212121,75120000.0,0,60844474.1228036,239370739.82013956,18692475352.766125,5277067589.572719,0.0478741479640279,68691843.15807945,3984126903.168608,1235696184.427354,4.217857217325635,4032840.122302707,233904727.093557,38665278.00357917,27832804.486693654,450000.0,26100000.0,4314422.236921156,3882980.01322904,28572694.52111859,21495891.680890135,3828488.0084025944,2880259.104348103,380060.98372818495,22043537.05623473,3643874.576851135,1494235172.4810762,480060836.6805723,25762675.38760476,2230367.2797477925,129361302.225372,34010932.225187056,0.0033067844978578727,0.3378341352502715,0.0024401581196445425,0.006627897000816237,sample_0225
0.8560446953754344,9.0,2.401856455672437,0.8200294833362479,0.7538643940229296,1.101937692932706,0.8242647109272125,0.7283529389194412,1.036457599406437,0.9847009939536373,0.5454676244744285,0.7935098272622655,0.8860817449711493,1.236783651320719,47.0,1.312417180447253,1.213541525840743,1.3857593426769625,0.859600828734725,1.2243108008554149,1.4662509811950324,1.4717757885540124,1.3131358861667521,1.1054442005233427,0.9871864938227696,1.0990427396965785,1.306336987202551,1.1108128919534406,1.2955661646957246,0.7907872711212061,1.4290620444058977,1.3712706335700902,0.9936185351802063,0.9641516258862419,0.5581891316208533,S1_Rural_Overhead_AC_500MW,Overhead,AC,460,Advanced Aluminum Conductor,100,0.5740206383353735,LCC Converter,0,False,0,,,44.304087248557465,0.0393725154134175,47.0,20251111_112442_352650,2025-11-11T11:24:43.838423,110644621.09610128,120683978.05210996,110644621.09610124,23893350.073738866,86751271.02236241,0.0,221289.24219220257,10400594.38303352,2208631.5537756914,600000000.0,28200000000.0,5988447152.412499,3237580.0440850453,3402665.788584641,1132925.6483636864,971609.421569856,48362.28918156196,2217608.3333336273,37459950.45854764,41526169.31512173,22197085.70642172,3747829.246426422,33712121.21212121,112680000.0,0,87698590.8656237,359970248.1459489,21463709962.704796,5839490796.027172,0.0719940496291897,54693062.56350252,2570573940.4846187,748731541.1704655,3.35829580435386,3533297.2600388653,166064971.22182667,35264939.85917769,29668324.59196364,450000.0,21150000.0,4491335.364309373,4042201.827878436,34145110.76150779,25082359.173254155,5130835.405052597,3769015.639962603,0.0,0.0,0.0,793816278.1122603,240318528.95580533,16889708.04494171,2580671.497501865,121291560.38258766,44203582.32803009,0.0030316076794025958,0.29674479784866137,0.0025705901822191263,0.006092259839276891,sample_0226
1.0033688967632588,5.0,1.104908920603928,0.9861266262474394,2.4591573544930796,1.2120523143958406,1.0556020222847164,0.5247452148730629,0.5003511675018626,1.7478591640429662,0.9678279360418114,1.0580286206541643,0.9004968851290305,0.8077975485964726,50.0,0.9632145332331181,1.131235039445572,1.2613057874629687,0.7826539958801,1.0981523921202765,0.7765438567258452,0.9091805350767614,1.019813323838771,1.2115449483749794,1.0796723755466082,1.1045182329943706,0.7100940748197716,1.3393897426645127,1.227427148360732,0.7356723974681851,1.1041615439276526,1.5687909788027339,0.9471868552240109,1.0224772149044206,1.9020135956461226,S1_Rural_Overhead_AC_500MW,Overhead,AC,460,Advanced Aluminum Conductor,100,0.6902886383732075,LCC Converter,0,False,0,,,45.02484425645152,0.0288964359969935,50.0,20251111_112444_140344,2025-11-11T11:24:45.643415,100341701.97696176,104431907.17874156,100341701.97696176,21668467.82590502,78673234.15105674,0.0,200683.40395392352,10034170.197696175,2813455.0492284717,600000000.0,30000000000.0,8411622467.419683,2956532.9155731397,3022617.2369575645,1272923.033196854,884636.1832220524,14229.577883700566,2057667.1544673864,36159992.57150446,37920016.93168307,26860181.72719737,2447871.3593832506,33712121.21212121,62600000.0,0,54094393.42883208,1174247636.7704456,75695739338.72061,31551953187.929367,0.2348495273540891,42258470.60919912,2112923530.459956,933197989.1029708,2.5947796282299835,3535072.745369132,176753637.2684566,49559495.54818327,39072422.60515119,450000.0,22500000.0,6308716.850564766,5677845.165508284,6994013.390655161,5885728.799501688,2747209.014271768,2311881.0774875185,0.0,0.0,0.0,1108292106.606088,503635016.2163379,22165842.132121757,2832509.937673486,141625496.88367426,51124687.38967599,0.0013415310357349176,0.4348573375398082,0.0010745622688499163,0.006099174837055814,sample_0227
0.7600812170479179,11.0,1.8715510062640304,0.9617130360633878,1.436945072425645,1.3489192276926283,0.9022341263193436,0.5305663267391691,1.829707298568643,1.530811602439962,0.7910737854523164,1.3282000360260993,0.949983063086603,1.1210538509336492,42.0,1.1196688717588976,0.9280613100832946,0.8757207499143378,1.4981062601656374,0.9342379501210597,1.423162316904625,1.4373059006155295,0.751070782191693,1.3024339056270733,1.3345524533357502,1.455634692316015,0.9289332698743737,1.2772668025447111,1.0492957099752414,1.0392535219718715,1.6705023491491073,1.300537057460119,1.133402745311416,1.0801615070755688,0.5227799099085482,S1_Rural_Overhead_AC_500MW,Overhead,AC,460,Advanced Aluminum Conductor,100,0.6731991252443714,LCC Converter,0,False,0,,,47.499153154330145,0.0335900661527669,42.0,20251111_112445_939065,2025-11-11T11:24:47.440827,112053906.59177248,119899748.90583858,112053906.59177248,24197680.74402665,87856225.84774584,0.0,224107.81318354496,9412528.153708888,2378130.2579382653,600000000.0,25200000000.0,6366927303.843447,3253449.097225815,3473504.234641537,1449669.7483373077,1693314.0455811596,57372.41686881511,1502762.6347758402,37109254.09373833,40212736.52039165,21373249.3079196,3397132.881617119,33712121.21212121,137720000.0,0,105797102.42437224,686141272.0832455,35596315824.7656,11801877103.73346,0.1372282544166491,63933465.90663462,2685205568.0786543,933433058.8148484,3.9256805205004017,5418740.02575796,227587081.08183432,57501206.37071283,42226585.496087834,450000.0,18900000.0,4775195.477882587,4297675.930094329,60679309.732436314,44741118.53574458,5792197.952818814,4270803.612174818,922574.2901304924,38748120.18548069,9789939.062759705,948127510.4321836,340659663.8947281,22574464.534099612,2490486.187961652,104600419.89438938,45457548.37257133,0.0031468289755298222,0.46172796215645,0.002350872715430274,0.008827398780666077,sample_0228
0.939403854180298,13.0,1.5756088433720232,0.807027164051682,0.3372046311757351,1.486128029786823,0.7217951070157416,1.705264292665919,1.9166693431804351,0.6807135986682527,0.5881294119294534,0.6302793652729414,0.9850828362757544,1.2550294301427072,41.0,1.319875416878158,0.734684240167231,1.0792153514509197,1.25138067691202,1.1721278069884427,0.9545084764435909,1.1082727180365235,1.0219251774158635,1.174597393173476,1.433931586656843,1.292793659573408,1.447878688944869,0.8151590860540554,1.3564264416729384,0.8770989245119515,1.0951703610407302,1.2742676268412756,1.025538541039729,0.8060642970124023,1.279988707107,S1_Rural_Overhead_AC_500MW,Overhead,AC,460,Advanced Aluminum Conductor,100,0.5649190148361773,LCC Converter,0,False,0,,,49.25414181378772,0.0395962625063447,41.0,20251111_112447_761561,2025-11-11T11:24:49.278411,84728428.58806038,89695959.2706017,84728428.58806041,18296831.652520742,66431596.93553963,0.0,169456.85717612077,6947731.144220952,3033299.678319974,600000000.0,24600000000.0,10740077665.316511,3289639.6637070924,3442797.72109221,1848201.8891522964,1414439.3711763131,45475.67626770129,1829724.616263078,37515240.69740214,40133192.90210512,26306513.57950052,3803119.485280931,33712121.21212121,162760000.0,0,137001605.88592592,161015211.3864135,8111179449.075153,2143755737.0572245,0.0322030422772827,41914360.05775082,1718488762.3677835,478724316.8747168,2.573650348445716,12055740.461935377,494285358.9393504,215799314.7901412,188596543.759688,450000.0,18450000.0,8055058.248987386,7249552.424088647,254873290.46688977,210417836.64899093,6559023.9795174105,5414987.3208397245,5904654.502712279,242090834.61120343,105694079.90998456,753260324.2012072,218146673.0174406,18372203.029297736,2456992.6639226265,100736699.2208277,61961663.087576814,0.01574541922755719,1.98306288250319,0.01377537926388885,0.01930672687293208,sample_0229
0.9561044670942469,3.0,1.7107510728796904,1.01966897785517,0.7499563351847164,1.288812566721405,0.8703848686550388,1.1002629595304874,1.497934097135322,1.2887750620285057,1.0950429725105366,1.1130649206010632,1.4047212559004025,1.270767690382691,54.0,0.7872873232304805,1.0281487209963118,1.2540158611587242,0.7951484563563009,1.1693304211351672,1.476357076872324,1.0535214824386088,1.0293544307065225,1.2944439975588642,1.0257677052975855,1.0355457678123265,1.144238343576575,1.3537592918744963,1.1414459121594307,1.0895169271054228,1.3139534284828964,1.364282557233484,0.8117033357940638,1.1574173106046328,1.73153908050678,S1_Rural_Overhead_AC_500MW,Overhead,AC,460,Advanced Aluminum Conductor,100,0.713768284498619,LCC Converter,0,False,0,,,70.23606279502013,0.0236186196969144,54.0,20251111_112449_573636,2025-11-11T11:24:51.079021,116255202.1187546,123674005.71332677,116255202.11875468,25104937.00099579,91150265.11775884,0.0,232510.40423750924,12555561.8288255,4147817.3729003966,600000000.0,32400000000.0,10703565855.048971,3303495.5944504943,3409661.0368261607,1598813.4109062972,898758.7097603036,16231.874988812622,2388505.009701378,37562932.39509906,40417727.67165604,31645539.47695566,3850811.182977852,33712121.21212121,37560000.0,0,34546388.44525024,358104150.05070204,25475904126.11911,12127825034.097715,0.0716208300101404,50287625.6148974,2715531783.2044597,1366690485.6191244,3.0877905569348068,9050743.296669032,488740138.0201278,161458711.5217334,125515905.9376757,450000.0,24300000.0,8027674.391286731,7224906.952158056,36022314.84974669,31834375.854914416,2119837.9827958606,1873386.5210309096,343833.7275365251,18567021.286972355,6133744.909790268,1957508629.6340592,1008456438.8865416,36250159.80803814,2571761.700172692,138875131.80932537,53638538.82315436,0.006649598976812144,1.133691574570365,0.005207929644723416,0.014131289011127906,sample_0230
1.0397491377942643,5.0,2.6590927161956355,0.9882969444329496,0.4943123855693809,0.9597635929280205,0.5593200126389477,1.0584768630594543,0.606451862544181,0.9255902373912193,1.2145122792462368,1.443834803897007,1.0798823756940754,1.0926508335547962,46.0,0.760301275884452,1.1453691734544114,1.2427031317627897,0.851665036881433,0.9213855228999863,1.2802018550205798,0.7252437052824855,0.9820610992498859,1.1654689970039016,0.9027074828403701,1.3200301675963546,0.7453098028645213,1.3500199265859982,1.0120574537853906,0.9480291532975713,1.6439475345511414,0.6112824530405204,1.2215384861158243,1.285704263929259,0.8993703964925678,S1_Rural_Overhead_AC_500MW,Overhead,AC,460,Advanced Aluminum Conductor,100,0.6918078611030647,LCC Converter,0,False,0,,,53.99411878470377,0.0228090382765335,46.0,20251111_112451_377893,2025-11-11T11:24:52.923242,114519748.3178636,126078024.1682656,114519748.31786364,24730171.33420866,89789576.98365495,0.0,229039.49663572724,10535816.845243452,2814243.709466566,600000000.0,27600000000.0,7372292772.566932,2629922.1833222946,2812650.4520299453,1222310.1302375093,962639.5719902258,23458.72914336196,1643823.8821887071,37023184.34410544,41509051.64843424,27129816.542574804,3311063.1319842306,33712121.21212121,62600000.0,0,53848038.8769819,236034164.10937935,13700812056.969517,6820804996.900183,0.0472068328218758,62917160.04234128,2894189361.9476986,1498414708.8186395,3.8632767061951823,2884127.8019082225,132669878.88777824,35437724.24861224,25204480.32040198,450000.0,20700000.0,5529219.579425197,4976297.6214826815,16987200.109752506,13662399.026142046,3446591.722288036,2772011.3430030914,0.0,0.0,0.0,1226538654.4282153,649502581.1885911,26663883.791917723,1611686.5673266635,74137582.09702653,27824200.41247764,0.002470148840632664,0.2867390368518017,0.0018197846037886812,0.0049563253361768565,sample_0231
0.7214231231115004,2.0,1.5568917765995876,1.0975372878314054,1.965385637661183,1.0270956266478053,0.6258481052388921,1.0186772673599127,1.9400488816645536,0.689776983663393,0.8604701055679378,0.6446127371112295,1.333256008183687,1.4694610138868605,48.0,0.7368688836546681,1.0612474086307808,1.136919667126675,1.3140647480717325,1.2661355152786857,1.0972636610235402,1.2833067741687336,1.1830936128590552,1.3703977116761152,1.453060813544714,0.8778775557189205,0.9979728717638481,1.380142520298618,1.052725985923058,1.144995023685862,1.9203114652892812,1.4880587661606066,0.9511110627217383,1.206004767589334,1.9463729774482368,S1_Rural_Overhead_AC_500MW,Overhead,AC,460,Advanced Aluminum Conductor,100,0.7682761014819837,LCC Converter,0,False,0,,,66.66280040918436,0.02210606650964,48.0,20251111_112453_222055,2025-11-11T11:24:54.726636,145914376.8677882,154364657.85860968,145914376.86778817,31509740.39908728,114404636.4687009,0.0,291828.7537355764,14007780.179307668,4729818.449903313,600000000.0,28800000000.0,9724508067.198124,3793897.052915861,3952712.984932792,2133740.3803938213,1485291.3667598674,8042.610131162845,2300563.076024831,38165033.37541473,40788354.23006647,32952488.05610681,4452912.163293517,33712121.21212121,25040000.0,0,23308980.147957407,938471641.9832149,57455681238.76063,31238318023.766117,0.1876943283966429,73494160.39955138,3527719699.178466,1998991529.5009892,4.51273194342981,4388923.198971929,210668313.5506526,71133531.75785922,61962815.63649477,450000.0,21600000.0,7293381.050398594,6564042.945358734,25991618.228685793,23203530.20157487,1600601.2994698144,1428906.8216590877,3339678.086202963,160304548.13774222,54127877.48520916,1834140545.6803572,1062295791.8989756,38211261.368340775,2729576.3665547734,131019665.59462912,50009913.08181828,0.0017678880316059388,0.43329641177945544,0.001544722452949283,0.007049855069086257,sample_0232
1.196122030479399,7.0,1.4524125041945966,0.9328046250026941,1.780903755622134,1.211050205942839,0.5246881255668205,1.121507428160661,0.8319560745530612,0.732799400815304,1.264500859865664,1.8754858584621397,0.8685325770222788,1.3191353093067872,51.0,0.9276880588516387,0.8410410886694738,0.8842302214219565,0.9832805541856604,1.4564707642015597,1.109913077125224,0.723308554641717,1.0379109886255464,1.3577652937809126,1.3597204678451302,0.9331104924749332,0.8219847686570616,1.0567828685958047,1.4924630448264764,1.0170860710995298,1.8474358857939952,1.3515981304193692,1.1557097719886473,0.8768572498068214,1.4168804302995262,S1_Rural_Overhead_AC_500MW,Overhead,AC,460,Advanced Aluminum Conductor,100,0.6529632375018859,LCC Converter,0,False,0,,,43.42662885111394,0.0278306417655491,51.0,20251111_112455_058119,2025-11-11T11:24:56.600947,87612445.78096935,92336801.62789848,87612445.78096932,18919625.889838476,68692819.89113088,0.0,175224.8915619387,8936469.469658874,2848540.71754073,600000000.0,30600000000.0,9753890644.699268,3940904.593997577,4051365.1314225816,1759620.171142072,1111404.9900340948,28473.642813111277,2801025.961150371,37709500.93729329,40126102.413404986,27566819.565629803,3997379.7251720834,33712121.21212121,87640000.0,0,75228221.42285046,850381543.309569,56216864899.44164,22325751077.621372,0.1700763086619138,70705066.22110778,3605958377.276497,1517695267.6475513,4.341474331615889,4427403.180994763,225797562.23073292,71974010.77902766,44976762.900454074,450000.0,22950000.0,7315417.983524452,6583876.185172008,34383325.92237825,28695239.67790325,3803585.626887568,3174352.6337552527,290503.00688116445,14815653.350939387,4722557.601791996,1008599242.487685,436318943.3978494,19776455.735052645,2555589.055984695,130335041.85521944,55530714.647105455,0.002310244562906744,0.6780415976388182,0.0015023148478504758,0.007567700147345699,sample_0233
1.3533948545454213,5.0,1.2815438311709395,0.8287588166897747,0.3766795193670666,1.4829559615597865,0.5827096780526153,0.6288374368355183,0.9688882740944312,1.5130930502131597,1.1077599229559576,1.586559371934519,1.3560636886932258,1.0274602255095417,45.0,0.8050824191714755,1.1767233129337802,1.3939513501087486,1.1092276105295964,0.7157986389863032,1.1189510031764909,1.4343319860922263,1.4904755535788585,1.2025613324178084,1.0189548954471437,0.8753208941563709,0.889985808039108,0.7013078199526355,1.1692428279138953,1.1256024146672743,0.5453569818088858,1.1754203514615305,0.8343112783201241,1.1922933981282418,0.6409916259809205,S1_Rural_Overhead_AC_500MW,Overhead,AC,460,Advanced Aluminum Conductor,100,0.5801311716828422,LCC Converter,0,False,0,,,67.80318443466129,0.0241524725751442,45.0,20251111_112456_896174,2025-11-11T11:24:58.419711,140743230.56278068,147418903.71378976,140743230.56278065,30393047.98580901,110350182.57697168,0.0,281486.4611255614,12666890.750650262,3850007.243611665,600000000.0,27000000000.0,8206449208.711983,2488910.115475745,2598208.9888621485,1365176.791251479,1253763.3294773924,20503.929443055273,1214642.8565552975,36825637.04699861,38907307.628852986,27414430.367947593,3113515.8348773993,33712121.21212121,62600000.0,0,54172214.436191544,179864470.4977743,10158938598.208944,5091020523.754312,0.0359728940995548,20871902.407789677,939235608.3505356,489717795.8565515,1.2815889072508817,4455739.829353497,200508292.32090735,60943004.32804077,41605065.393940955,450000.0,20250000.0,6154836.906533983,5539353.21588059,20431922.767110582,17139060.920103725,2826694.7240269226,2371137.2458601175,395997.0223252301,17819866.004635356,5416215.750855308,1180109662.8005638,630170866.1827854,26224659.17334586,2330962.3878134512,104893307.4516053,41298128.81522216,0.004561026268679213,0.3958041414137741,0.0032046773449725275,0.007348847487132793,sample_0234
1.144106924058689,4.0,2.965716911774661,0.9690754074466814,1.5279466183162607,1.3332822704357716,0.8882089347784965,1.303935934748993,1.7627602628100931,1.7189864831954011,1.46992674440353,1.6550954846593648,1.0779756092914394,1.402418377842939,46.0,1.133135216219509,1.1004052230299746,1.2965515576269087,1.0289669339750935,1.4921041699453637,0.7841903075999833,1.4174044620691886,1.271552540700414,1.2370476368132772,1.3153677230618694,0.8544988781176016,1.0203948406125551,1.1891360504961486,0.7122282297002003,0.929834753807764,1.1334470980871134,1.0807212758134517,1.144453393607657,1.0101318646893265,1.848660165627716,S1_Rural_Overhead_AC_500MW,Overhead,AC,460,Advanced Aluminum Conductor,100,0.678352785212677,LCC Converter,0,False,0,,,53.89878046457197,0.0339940564865852,46.0,20251111_112458_724257,2025-11-11T11:25:00.231785,122404903.7796698,136261486.8838123,122404903.77966978,26432945.29618148,95971958.48348832,0.0,244809.8075593396,11261251.14772962,3460026.9394034934,600000000.0,27600000000.0,8480118441.083654,3853345.5391952824,4102256.850152765,1833885.4530779133,1163044.443553666,11495.754642562664,2678805.3409990533,37961873.87225133,43108930.895103425,29938027.643794212,4249752.660130119,33712121.21212121,50080000.0,0,44675556.314126655,729594510.2460144,42349959381.495094,15909766138.358,0.1459189020492028,43379287.33799,1995447217.54754,793768735.372453,2.6636006805047168,13052063.620319065,600394926.534677,184471742.33477464,123408072.77766836,450000.0,20700000.0,6360088.83081274,5724079.947731465,76849302.72216839,63858260.83245497,3134572.6102985977,2604686.682329199,1283942.0110858048,59061332.50994702,18146633.875817947,1191011776.041017,489877894.410573,25891560.34871776,2210221.066362151,101670169.05265896,41154329.646128155,0.0073392320461698225,1.2377466018019896,0.0049663142028480095,0.020523805138704294,sample_0235
0.8630123737256593,0.0,1.6486429395577935,0.9240506369497111,1.5907529514074799,1.3580510382365745,0.6185127558200006,0.920380624804398,1.0819607104357507,1.240531319966638,1.3262992493171806,1.045373039022104,1.4879465351680157,0.7888842082231163,53.0,1.094195339248653,1.0220980643035356,1.0616792705654134,1.485694541736639,1.2734830188539947,1.1075527298907692,1.3662541748009105,1.433138368426642,0.7096232815797756,1.1265271939995156,1.2856142474943657,0.9849642921902675,1.4313852592118055,1.0897776996017696,0.8234991588592099,1.9139975292378193,0.8241105060236401,0.9312508330049446,1.0304008523383859,0.732163012125518,S1_Rural_Overhead_AC_500MW,Overhead,AC,460,Advanced Aluminum Conductor,100,0.6468354458647978,LCC Converter,0,False,0,,,74.39732675840078,0.0328258601774595,53.0,20251111_112500_529398,2025-11-11T11:25:02.023669,125345235.2604254,133044982.64903665,125345235.26042542,27067900.422843333,98277334.83758204,0.0,250690.4705208508,13286594.937605092,4614729.239993435,600000000.0,31800000000.0,11044845614.76687,4230942.863389375,4251573.995629634,2569184.1754708267,1679285.042629595,0.0,2551657.82075978,36102679.418857925,37906230.608131416,34369521.44830774,2390558.2067367164,33712121.21212121,0.0,0,0.0,759584534.2970718,52750548938.87635,21899686217.84917,0.1519169068594143,73252513.43898982,3882383212.266461,1733846614.610671,4.497894193708875,5973948.598416523,316619275.7160757,109968899.9667724,86977195.33553584,450000.0,23850000.0,8283634.211075151,7455270.789967637,8026462.069818802,7430378.663200168,741889.3228010072,686793.0785252028,420327.0031120884,22277331.164940685,7737411.428484417,1772220011.229561,817442124.2907317,33438113.419425685,1883042.334880141,99801243.74864748,35741840.41256748,0.0033110681802309277,0.7286767472711637,0.002644106834096609,0.009788482734507237,sample_0236
1.371144337461987,2.0,2.1597707540849416,0.8020603470792018,0.5473118636679802,0.9160945558221507,0.969153740022233,1.379026957995981,1.896343938257009,0.5732534759028115,0.7083749421314479,1.3742151728442558,1.1827339215251795,1.0713969669784629,43.0,0.7154665660562746,1.3570142065040662,1.2232557546436644,0.7748648072886144,0.9124761596453744,1.0720733330979189,0.765084779805774,0.8536177493535991,1.0826555164710248,1.1770514463226132,0.7528862016327462,0.7389303966474129,1.1695601626352785,1.1044017118780143,1.4700005525103865,0.8162856888957536,1.5001695661130778,0.9025681273048941,1.1033189917407213,1.466559253342622,S1_Rural_Overhead_AC_500MW,Overhead,AC,460,Advanced Aluminum Conductor,100,0.5614422429554412,LCC Converter,0,False,0,,,59.13669607625898,0.0214639969816882,43.0,20251111_112502_344590,2025-11-11T11:25:03.840500,98581519.98392068,106589162.86047374,98581519.98392063,21288362.185553167,77293157.79836752,0.0,197163.03996784135,8478010.718617178,2172487.025810145,600000000.0,25800000000.0,6611240198.460603,2394546.277105721,2527226.0965553625,1174474.7159368338,875832.0397534944,7857.972660900746,1510856.2646913258,36958778.68781352,40553055.13931623,30120828.358748306,3246657.475692312,33712121.21212121,25040000.0,0,22657753.51826297,261341414.90146053,13955051210.007307,8024239060.462674,0.0522682829802921,31240885.885418285,1343358093.072986,797805431.6300135,1.9182713689050208,8178329.593737882,351668172.53072894,90114835.6106331,65347400.73173351,450000.0,19350000.0,4958430.148845453,4462587.133960906,35875838.80934663,30232929.95836726,1871896.839338224,1577466.281241557,844171.8456266875,36299389.361947566,9301704.73369306,940582603.7283132,570591369.8202857,21874014.040193327,2745017.636494174,118035758.3692495,37380915.46758628,0.005855319328263988,0.732026419498863,0.00429941864298611,0.01282169386033057,sample_0237
1.273031524796229,15.0,1.01435236236809,0.9479975918561832,1.086357917737322,1.066120553753032,0.6134160690063118,1.428904129301734,1.4326799656793296,1.911238257383508,0.6396018897106923,0.6815412398317667,0.8982204159365228,1.4323446989875066,55.0,1.192579020967879,0.7319289565447952,0.795594120782081,1.3818445205153465,1.192787408153224,1.0265406615625396,1.2842166815435143,1.0523457666398999,1.200517788918227,0.8268570732438516,1.0519025541357878,1.2985488973129355,1.409164352053198,0.8388303835567223,0.985688176440394,1.5389290618678124,1.40100210440046,1.1657199660292779,0.8086644038124731,0.9026217394662424,S1_Rural_Overhead_AC_500MW,Overhead,AC,460,Advanced Aluminum Conductor,100,0.6635983142993281,LCC Converter,0,False,0,,,44.911020796826136,0.0357773706290363,55.0,20251111_112504_136799,2025-11-11T11:25:05.638110,81710902.06785217,84763646.1796064,81710902.06785217,17645206.5053615,64065695.562490664,0.0,163421.80413570435,8988199.227463739,2457043.1595651004,600000000.0,33000000000.0,9020986541.764482,4068031.163232668,4174810.946906707,1653207.7963566496,1561903.048946134,56431.73982244251,2449696.374464092,38052559.69390154,39735524.91896173,22328139.850767728,4340438.481780324,33712121.21212121,187800000.0,0,145355508.99085575,518735905.7195712,37791185445.90626,8595272264.423,0.1037471811439142,58897893.05580491,3239384118.06927,801952354.2502612,3.616483295389359,6688696.454895628,367878305.0192595,100564401.1692688,86856643.83810024,450000.0,24750000.0,6765739.906323358,6089165.915691022,125826024.76322226,95894147.79842344,7206458.563065641,5492164.310604687,2050964.1978466525,112803030.88156588,30836200.7106924,1150561349.1283424,295027376.34429216,20919297.256878953,2618579.1228105864,144021851.75458226,64925445.893248186,0.005600644431247405,1.015496797211078,0.004850048892032352,0.010989434226296306,sample_0238
1.1335525320684465,16.0,1.724330997275034,1.0994154120088317,0.9617870060563335,1.2635068361676705,0.974067899289301,1.8294523763535895,1.197998657239257,1.52633239206112,1.1161209897949371,1.7821673816498214,1.3302084293816647,1.485720550380695,42.0,1.006808464234891,1.225870345373472,0.7720046301410222,1.3932715728679128,0.8518646704778,1.2815895462714715,1.3429796203086712,0.8338464228289018,0.902134367756707,1.279932110261468,0.8365436877318709,1.4288675488499847,0.9530252768168641,0.7696118901338335,0.7555715136192587,0.9141410215329333,0.853663304569431,0.8891923051015092,1.089378513623406,1.4222317162885096,S1_Rural_Overhead_AC_500MW,Overhead,AC,460,Advanced Aluminum Conductor,100,0.7695907884061822,LCC Converter,0,False,0,,,66.51042146908324,0.0302042539270467,42.0,20251111_112505_942422,2025-11-11T11:25:07.454740,107751976.966983,114684451.36471516,107751976.966983,23268692.87729243,84483284.08969057,0.0,215503.953933966,9051166.065226572,856497.8462174612,600000000.0,25200000000.0,2384637025.6758456,3015631.7993702115,3203222.0841868315,683028.2423271448,1574819.080847671,75149.30410961054,1365663.41441293,38214304.69812332,41134609.423021816,11431072.57031079,4502183.486002106,33712121.21212121,200320000.0,0,115794241.402025,459253295.3918992,23825596872.63797,7575731816.565697,0.0918506590783798,34986005.17610842,1469412217.3965535,487668243.9713357,2.1482314006023935,12283844.815512596,515921482.25152904,48820851.94121268,31419465.966415744,450000.0,18900000.0,1788477.7692568833,1609629.992331195,176696272.68589643,97124221.03888108,7975948.948773765,4384120.937698569,0.0,0.0,0.0,1605137048.9273047,548802760.8278952,38217548.78398345,1920722.1530260243,80670330.42709303,24885299.07254024,0.004455144554336658,0.4222156146922321,0.00290755475002534,0.01535314088473228,sample_0239
1.0547100728900585,5.0,2.302025426260066,0.8016656741377559,0.3162746791406502,0.7095415110523922,0.5103862432853077,0.9789701918113592,1.832973652704517,1.6568216198726384,0.7680785066009326,0.7163841970297258,1.0071029212455003,1.1442422924486149,52.0,0.7711743850196046,0.8293451754504436,0.7464139137601116,1.0458329723888138,1.1128749552123278,1.0349710593004156,1.174737722473136,1.1091127174488506,0.8828549826135452,0.9811575016127367,0.9168824625188607,0.7868401240978922,1.498806107188659,1.0234629303216487,1.2518376997781182,1.5972995971585584,1.1548422406259409,1.0054054128981194,0.8866955920794389,0.586021226066066,S1_Rural_Overhead_AC_500MW,Overhead,AC,460,Advanced Aluminum Conductor,100,0.5611659718964291,LCC Converter,0,False,0,,,50.35514606227501,0.0231352315505881,52.0,20251111_112507_752188,2025-11-11T11:25:09.301869,92275446.0042286,100285396.20583902,92275446.00422862,19926585.79104764,72348860.21318094,0.0,184550.8920084572,9596646.384439774,2923531.5446058135,600000000.0,31200000000.0,9504797878.100224,3416780.047454005,3608608.6243881425,1664244.3549239603,1182108.1778819016,18965.0605926958,2215706.808979408,37179522.098329134,41042961.82634696,28800431.38136276,3467400.886207924,33712121.21212121,62600000.0,0,55271343.41658212,151021159.28966048,10234536655.709358,4760091044.240821,0.0302042318579321,61131850.18245234,3178856209.4875216,1555269437.5383503,3.753654053322612,2601711.9485504893,135289021.32462543,41214577.01335115,35309482.68142528,450000.0,23400000.0,7128598.408575167,6415738.567717652,33469508.97617726,28185356.382619187,3285911.44181703,2767133.0671525453,2490657.2431816454,129514176.64544556,39455322.80011311,967894512.3533012,484502275.8779652,18613356.006794255,2304725.296498074,119845715.41789986,47601350.6749993,0.0029116072092589466,0.393866119215105,0.002513021826485726,0.004698875138297326,sample_0240
1.223824493237149,2.0,0.8450978252363902,0.8821657011132874,0.4720773979468719,1.1244658389880158,0.746892406585154,1.3864371206782533,1.8455992252625708,1.9465949151668651,1.3843808265302393,0.5074991885687447,0.7596347300743319,1.2645483180820718,52.0,1.015401998555594,1.3161326632827532,1.1623340812174536,0.7017762305232511,1.1530839195965121,1.0672529642996496,0.9030857723311736,1.0795844946463113,0.9240888153490587,1.2004195172841676,0.861196074345889,1.2125598980756314,1.0860426881527152,1.422762426734241,1.0984202728733552,1.8199605121834017,1.2065828224145734,1.233529639972664,0.9055911974537316,1.5911846374046807,S1_Rural_Overhead_AC_500MW,Overhead,AC,460,Advanced Aluminum Conductor,100,0.6175159907793012,LCC Converter,0,False,0,,,37.9817365037166,0.0304620599566678,52.0,20251111_112509_646340,2025-11-11T11:25:11.174899,89981147.21375567,92773328.48307274,89981147.21375565,19431139.346101053,70550007.8676546,0.0,179962.29442751134,9358039.31023059,2265785.993358059,600000000.0,31200000000.0,7554202397.449593,3035208.8430008977,3080125.4305510833,1229344.2581509503,793219.7999550686,7822.640818327251,2234166.402227502,37544085.81236991,38924821.16131915,30645315.86684588,3831964.6002487023,33712121.21212121,25040000.0,0,22697788.44868932,225416957.51963136,15276257482.09374,6550291684.780408,0.0450833915039262,69653528.72228317,3621983493.558725,1658451106.830562,4.276907203630995,9806863.5152113,509956902.7909877,123471719.79678354,110939360.27517252,450000.0,23400000.0,5665651.798087194,5099086.618278476,29470231.51163664,25574795.65109473,1280294.0213563757,1111062.1223514513,3050030.3416352896,158601577.76503506,38400910.865125485,832367989.7583306,392738595.204595,16007076.726121742,2370694.538278581,123276115.9904862,33702766.96950303,0.007873609351648698,1.0597555784590216,0.007074957383191435,0.015762781186912777,sample_0241
1.0948372959977672,2.0,1.801678239615481,0.8840624675551876,0.8774331083490886,0.7859623029345546,0.576281818648897,1.3483925349847308,0.9279362257448182,0.6656814024004596,1.3999264797756332,1.5678303689659487,1.0741865396011485,0.7850388921112466,45.0,0.8751355606049062,0.9657878187508203,0.8349764543450613,0.78806907406681,1.2941390516245712,1.3957894941981248,1.1614608199029441,1.1749530061071747,1.4795847320727116,0.7865295175272331,1.3028820461431927,1.4315852797997028,1.0315776089084931,1.1377501718287948,1.3782580115272203,0.7324816155648116,1.1287009283403386,0.9541614435120147,0.8491292022515213,0.6931958405944088,S1_Rural_Overhead_AC_500MW,Overhead,AC,460,Advanced Aluminum Conductor,100,0.6188437272886312,LCC Converter,0,False,0,,,53.709326980057426,0.0262540668181471,45.0,20251111_112511_470276,2025-11-11T11:25:13.009883,85056961.10743,90782854.78735606,85056961.10743003,18367777.19346202,66689183.913967974,0.0,170113.92221486,7655126.499668701,2595023.5416663,600000000.0,27000000000.0,9152773063.648573,3121699.701134512,3232864.7544449195,1573605.2554111432,890756.8625058185,10230.714025958863,2220712.1246027346,36091026.945791654,39005058.947292045,31015317.394796256,2378905.733670444,33712121.21212121,25040000.0,0,23248921.27085452,418974309.2366898,23664119267.041164,11970587971.17479,0.0837948618473379,28033536.390896477,1261509137.5903416,666139612.9846299,1.7213317965773074,3817004.206822303,171765189.30700365,58226955.48006079,39968957.66124727,450000.0,20250000.0,6864579.79773643,6178121.817962788,13459038.74112178,11859968.045787716,1710755.2078269664,1507500.088918063,189275.3722254176,8517391.75014379,2887324.2141947667,1021618063.3667344,553628340.8752623,22702623.630371876,2271395.123333932,102212780.55002694,39824098.52160643,0.00288747762670568,0.5532835760908767,0.002047096584300095,0.006570939995097292,sample_0242
1.0606210570457124,19.0,2.854862388594367,0.8299744402333646,1.4774445498952236,1.3393820216957555,0.8644816419723921,1.682753534707641,1.6185984472848243,1.210946475580792,1.1632692773181446,1.6541287457863438,0.9111281204816112,0.7278649287262389,52.0,1.202044255965555,1.01046875185996,1.1665186759349588,1.193868707351204,0.8101099569380804,1.1421145983981957,1.1721821272897597,1.2882554616525161,0.8042997052601205,0.9250530301208935,0.8159286721425574,1.0409079361762774,0.8548951263352338,1.314515568247034,1.2439837535853417,0.5949085772946485,1.1174078913166063,0.8363967727443694,0.8790021026072865,1.33159459019033,S1_Rural_Overhead_AC_500MW,Overhead,AC,460,Advanced Aluminum Conductor,100,0.5809821081633552,LCC Converter,0,False,0,,,45.55640602408056,0.0360613276789666,52.0,20251111_112513_314534,2025-11-11T11:25:14.911123,90558429.92715251,100406610.3529111,90558429.92715251,19555801.69141949,71002628.23573303,0.0,181116.85985430505,9418076.712423865,1482247.0224994828,600000000.0,31200000000.0,4910355746.091801,3058291.05691211,3335208.539048431,911312.1701663844,1349433.4177030274,79527.86215379629,1629329.7770552866,35917772.51129163,40636784.817001544,15050239.683996554,2205651.299170421,33712121.21212121,237880000.0,0,158601038.59258366,705479772.5749693,47809582619.02544,9162511621.48587,0.1410959545149938,22768341.070220787,1183953735.651481,244968604.44318128,1.3980351566424238,14224773.873445086,739688241.4191445,116414500.21054596,77901585.96562314,450000.0,23400000.0,3682766.8095688513,3314490.1286119637,287021660.829941,181342596.26425537,9834688.074867465,6213635.109589387,708977.9597414639,36866853.90655612,5802223.330781563,918085082.5107404,196808608.22211888,17655482.355975777,2256996.501128673,117363818.058691,45605906.37510567,0.007995710403505442,1.127462331590268,0.005407119084981361,0.021397292332568364,sample_0243
0.8370148136164535,17.0,1.864664510450091,0.812053684572632,0.3501499114585486,0.83523188588934,1.100766099521116,1.1174968357142303,1.7201998837102497,0.6130298560990808,0.5547925748179281,1.2103564670255627,1.3608991705301958,1.2905320383912577,52.0,1.3798925024924236,1.3338134058587636,0.8494088491625809,1.042892242183604,0.8676368329665554,0.8444426667708576,1.2498110221562055,0.9568137076812192,0.919336501861642,0.8486274260861615,1.3276211906655393,1.0758986136767856,0.8488082929496266,1.198847254806525,1.4180287058744463,1.4138466372950538,1.2996287230349357,1.193418467591886,1.051479687223233,1.8337146497597638,S1_Rural_Overhead_AC_500MW,Overhead,AC,460,Advanced Aluminum Conductor,100,0.5684375792008424,LCC Converter,0,False,0,,,68.04495852650979,0.0413967750747727,52.0,20251111_112515_214861,2025-11-11T11:25:16.760769,95503718.63999824,102165298.0684395,95503718.63999829,20623720.88406694,74879997.7559313,0.0,191007.4372799965,9932386.738559818,606156.8208080659,600000000.0,31200000000.0,1904083409.860648,2944925.5681300163,3097514.4216539273,458969.17249225586,1178784.2616196494,52610.82527356205,1713530.4812368052,37622824.358761385,40750195.29500601,9479851.949651342,3910703.146640175,33712121.21212121,212840000.0,0,114811405.85511704,167196582.72145697,11330727181.67942,1973229225.348563,0.0334393165442913,54110738.502556294,2813758402.1329274,534343066.2527884,3.3225395976433765,6054047.82141422,314810486.7135394,19212353.36542969,14561594.136904055,450000.0,23400000.0,1428062.557395486,1285256.3016559377,109039504.31128672,55570090.99120671,8489099.02970254,4326321.9921397315,71254.66330592464,3705242.491908082,226124.70379336225,1331035800.9960003,263232397.16378915,25596842.32684616,2489328.0615695426,129445059.20161624,30832175.97134606,0.004139090753108244,0.19575036763516876,0.003177821239716331,0.00832566696176777,sample_0244
0.9539071873496678,18.0,0.705715543549183,0.9760258211284013,0.37094960278056127,0.8053218536547526,0.7339261498375158,1.5172445994896038,1.5512820424629385,0.5966918206590475,1.0913047899233366,1.8817517554639411,0.7912022283677913,1.4341061562805304,49.0,1.1149936055106717,0.719418761290342,1.015613615537907,1.1258667561800084,1.3003344604590845,1.4511874357245262,0.8780164476816626,1.2336877418253853,1.3233412804316895,0.8002253267668484,1.149685539119902,1.3909385018065112,1.2561193713645653,1.07414850951121,0.9698825629209498,1.8968604820962642,1.513521018338917,1.18366248745124,0.9709996556205419,1.1152459407837116,S1_Rural_Overhead_AC_500MW,Overhead,AC,460,Advanced Aluminum Conductor,100,0.6832180747898808,LCC Converter,0,False,0,,,39.56011141838957,0.0334498081653201,49.0,20251111_112517_086116,2025-11-11T11:25:18.597659,95897150.74037892,98375833.38461757,95897150.74037896,20708681.280799445,75188469.45957948,0.0,191794.30148075783,9397920.772557136,3316558.5895767417,600000000.0,29400000000.0,10375361198.860691,3738099.3098938977,3797985.987028422,1691408.1178641263,1272570.6062277064,95730.87735083138,2369797.8263153597,38057897.443274334,39220369.39997184,23198423.836724628,4345776.231153123,33712121.21212121,225360000.0,0,177730201.19473466,177128435.32771802,11129835803.206535,2756205762.0139565,0.0354256870655436,72596644.37078822,3557235574.1686225,938904984.5148072,4.45762213292622,6075139.36576656,297681828.9225614,105052942.08874258,65516230.45031395,450000.0,22050000.0,7781520.899145519,7003368.809230969,127641728.45266876,99754956.5782944,8417571.994597131,6578526.779563892,1173436.225919775,57498375.07006897,20291374.479575932,940575665.294508,256561889.42353836,19195421.74070424,2762040.7380821193,135339996.16602385,75610851.84715322,0.007607961512004818,0.9341607884422223,0.0048896968658578574,0.010132411868816481,sample_0245
1.1234426587223667,13.0,1.4478332226695592,0.9233782704129628,0.5207131415669597,0.7411091518802847,0.7488229379479491,0.8923280725997086,1.384990625760634,1.6007578932266566,1.188793581707415,0.8492992078286102,1.2614988910479865,1.2133701938840298,40.0,0.7501093543058446,0.7862317783085102,1.1506331379151518,1.3174493095152346,1.1424613659399119,1.2232724580359222,1.3862395882165786,1.1969348326059488,0.8508615626620385,1.3522386744996773,0.9279030969696337,0.8171984148989357,1.4005361126287523,1.1266989488705004,1.4075674866956585,0.5329053291729133,1.3592587896568653,1.0854246510634997,0.9095661828171564,1.5391881494807684,S1_Rural_Overhead_AC_500MW,Overhead,AC,460,Advanced Aluminum Conductor,100,0.6463647892890739,LCC Converter,0,False,0,,,63.07494455239932,0.0225032806291753,40.0,20251111_112518_897684,2025-11-11T11:25:20.471164,108099158.48448372,113909362.7164409,108099158.48448372,23343665.609401766,84755492.87508196,0.0,216198.31696896744,8647932.678758698,3621601.478525243,600000000.0,24000000000.0,10050776146.54626,3283571.3572174255,3431081.8818584834,1815876.301046054,1489116.9468157047,58280.40678706779,1736174.003614653,37389000.58752736,39780491.865210176,25567552.189140093,3676879.375406152,33712121.21212121,162760000.0,0,135362556.63286534,248640525.0982232,12155133542.085323,5604143465.072624,0.0497281050196446,20395352.75810574,815814110.3242296,387316961.6756788,1.2523275235563465,4179348.245931022,167173929.83724087,70009489.43052243,58117688.64775681,450000.0,18000000.0,7538082.109909695,6784273.898918722,47638577.72114434,38878739.78687274,6501524.950201301,5306016.863818857,283836.7625579166,11353470.502316665,4754632.937716703,1132820363.4743872,549921957.9775786,28320509.08685968,2565356.3965125033,102614255.86050013,61837660.30431081,0.004567693575861482,0.5723803572995738,0.0038228441135733904,0.007058800442403853,sample_0246
1.3366394652327864,14.0,2.2029765812142603,0.8789301939006289,1.105107293889317,0.9409764083537238,0.7996673957622983,1.2415700046981408,1.0091098054581837,1.3663670604689142,0.7335463451088982,1.2219947484273228,1.339476986614286,1.0981878830525758,46.0,0.9542183285917666,0.7039612097108441,1.3138869680954497,1.448236961812864,1.4416942257652505,0.9759769084172725,0.7039547253627744,0.8279860898104936,1.2663010558045626,1.0303791630799188,1.218723337560848,0.8059724883849118,0.7256203120911218,0.9359011270515551,1.3212947623610614,0.8935770820836418,1.1800346268856936,1.0649043347902991,1.2028010108530711,0.7533928926251767,S1_Rural_Overhead_AC_500MW,Overhead,AC,460,Advanced Aluminum Conductor,100,0.6152511357304402,LCC Converter,0,False,0,,,66.9738493307143,0.0286265498577529,46.0,20251111_112520_774267,2025-11-11T11:25:22.276041,96904951.85209836,104940233.38012524,96904951.85209838,20926312.68961507,75978639.16248329,0.0,193809.9037041967,8915255.57039305,4885921.305870981,600000000.0,27600000000.0,15125918374.103754,4235007.188876209,4488332.935839463,2748443.4097207976,1636946.6265339344,50075.30491684209,2547985.257425432,37039963.281977504,40716722.2053447,29053125.68361258,3327842.0698562902,33712121.21212121,175280000.0,0,155637977.59808096,527688732.8321489,30630159749.939262,10195405835.907145,0.1055377465664297,34198982.08550515,1573153175.9332368,549760728.7644502,2.0999061428965584,5076781.621197918,233531954.57510424,127984974.008983,96705580.78566612,450000.0,20700000.0,11344438.780577818,10209994.902520034,68767886.70134155,60023365.30016345,7291339.461546416,6364173.061310021,0.0,0.0,0.0,1291802113.0863304,464361732.0628346,28082654.63231153,2336845.588979259,107494897.09304592,75281957.26289219,0.005205395227931952,1.0825357702632092,0.003994403021847659,0.00869657619484732,sample_0247
0.8134480995178235,2.0,1.4646021350109752,1.086539730655864,1.206808543773004,1.432473807844457,0.924786197312159,1.0951016368252866,1.9394016321615624,1.463280900577996,0.7326400931006452,1.8990660520222145,1.3653573870977644,1.1811631277116403,60.0,0.7833640386294395,0.7553498829934081,0.7000183676352049,1.2468701936693591,1.4864642697573618,0.943582531594677,1.0347816597133737,1.0821631624074688,1.0370747714518918,0.7322953269331135,0.9611546978285631,0.8190677389011795,0.8653720156645984,0.7261805724026916,1.3503271108279822,1.6463551399699972,1.0540752161332752,0.8055462107538756,0.9837063402854002,1.346531392139534,S1_Rural_Overhead_AC_500MW,Overhead,AC,460,Advanced Aluminum Conductor,100,0.7605778114591047,LCC Converter,0,False,0,,,68.26786935488822,0.0235009211588831,60.0,20251111_112522_579431,2025-11-11T11:25:24.090017,88028807.15527679,92816517.34859574,88028807.15527682,19009537.78953101,69019269.36574578,0.0,176057.6143105536,10563456.858633216,3725085.926497465,600000000.0,36000000000.0,12695000807.837831,4766138.828304667,4907446.181942465,2491662.2307964247,1409341.1582990028,6916.174022488499,3349881.4959831755,37291403.417308,39706259.40473546,33229876.00328786,3579282.205186789,33712121.21212121,25040000.0,0,23660801.14303647,576251079.6516094,47062235429.546265,21628363625.410923,0.1152502159303218,63009303.91693173,3780558235.015904,1859953524.2076435,3.8689345789294936,10661743.085983044,639704585.1589826,225584728.48252356,139904668.53936166,450000.0,27000000.0,9521250.605878372,8569125.545290532,37945890.06221516,34770655.88954181,1559070.960754939,1428611.103729707,1858598.9712735296,111515938.27641176,39324859.06960669,2314231995.804799,1165309512.6550572,38570533.26341332,2176247.340269926,130574840.41619556,50552806.63680874,0.006248524288597986,1.8998409931598796,0.00394605918639528,0.016629926686029337,sample_0248
0.7346832017413252,10.0,2.535192694312004,0.9821344833936756,2.2197316301309074,1.1343268513041638,1.0021774556316405,1.5287172582748216,1.2248403526083957,0.9758739321817534,1.0616466962206306,0.7433668343378579,1.1693028557193825,0.9772391268141121,42.0,0.7221906862684153,1.114983981884975,0.8158301535364189,1.1368925196065667,1.2996989825248524,1.331263179144869,1.0372013105401003,0.7287733157125007,1.2457502104499074,1.168058850976116,0.8108799206955115,0.9103236592023431,0.7158963583052376,1.209238776728136,1.0963995226185923,1.5914059896073134,0.9028958156709024,1.0353550331393926,0.853807209484477,1.729980282545572,S1_Rural_Overhead_AC_500MW,Overhead,AC,460,Advanced Aluminum Conductor,100,0.6874941383755728,LCC Converter,0,False,0,,,58.46514278596913,0.0216657205880524,42.0,20251111_112524_412139,2025-11-11T11:25:25.914912,73507840.5814625,80565094.22274737,73507840.58146253,15873781.759819856,57634058.821642645,0.0,147015.681162925,6174658.60884285,1060293.717229066,600000000.0,25200000000.0,4327267848.607384,3456069.234346453,3687614.347209253,1112939.7913124696,1285033.0600401494,48788.7784502365,2122247.3958560675,36673451.8994367,40903818.88634213,18612167.947399333,2961330.687315491,33712121.21212121,125200000.0,0,90776781.70124176,1059921853.3875084,54987674663.84848,26575596184.84812,0.2119843706775016,60906290.034251094,2558064181.438546,1275390375.8736894,3.739804075577186,8946476.534272071,375752014.43942696,64523000.44179326,54930148.72571402,450000.0,18900000.0,3245450.8864555378,2920905.797809985,95846968.69368072,64788505.7845628,5640836.712440401,3812967.5560393007,0.0,0.0,0.0,1201982090.435558,612263708.2092254,28618621.20084662,1983493.6046804003,83306731.3965768,28999888.64897389,0.002049044931743136,0.7268723401894674,0.0017491828091696466,0.012976985397512065,sample_0249
1.1176042549630423,13.0,1.1995323257412451,0.9314686568947298,0.7768237541134964,0.7938596110986789,0.9001830885057931,1.3363602281666376,1.4512464872453208,1.8324661803016489,1.1002487904124885,0.9550487961307235,0.8803754275039612,1.2863310289593355,55.0,0.9794788409069666,0.9484276534435225,0.9837837622637443,1.178718801561902,1.385964833130464,1.4966026107345551,1.061233400734294,0.8937729033351235,1.287240104362345,0.9782945689802461,1.3479773207186383,1.1835731964237195,1.488879567978489,0.8900680698927919,0.8878204302217454,0.8729925866113841,1.211019778569309,1.2919056778568854,0.9820354271435633,1.5872731036171404,S1_Rural_Overhead_AC_500MW,Overhead,AC,460,Advanced Aluminum Conductor,100,0.6520280598263108,LCC Converter,0,False,0,,,44.018771375198064,0.0293843652272089,55.0,20251111_112526_217917,2025-11-11T11:25:27.721967,93939690.80495682,98104032.80752476,93939690.80495684,20285974.1032699,73653716.70168692,0.0,187879.3816099137,10333365.988545252,2125822.5911207893,600000000.0,33000000000.0,6788895852.982576,4259458.263788708,4367862.992679577,1387071.4901509103,1332309.4332805737,71302.68353482067,2855846.1469733133,37610094.0271495,39589488.88076007,20281808.1116329,3897972.81502829,33712121.21212121,162760000.0,0,121205859.0355207,370933342.58919454,27023405519.640797,8225595703.773673,0.0741866685178389,33411172.27479089,1837614475.113499,600412930.1307404,2.0515325785367526,6993943.831200458,384666910.7160252,79135260.45271641,64019653.407344826,450000.0,24750000.0,5091671.88973693,4582504.700763239,78701855.59993005,57215234.079508126,6389789.54658356,4645294.59743637,139257.77646972894,7659177.705835092,1575677.5686181944,1100334501.19412,370081973.5731033,20006081.839893088,2376351.6573758693,130699341.15567282,48090396.141250744,0.0051560817272043105,0.7285526673854833,0.0041995870445552305,0.011216133272255199,sample_0250
0.9269803799193943,4.0,1.0184247823203072,0.8561709481083772,0.3831159872479468,1.1366985830410827,0.8213700262795186,1.2291695914050895,1.243037324965513,0.8990348339427519,1.4646815356302447,1.474491922785512,1.4032802155919286,1.3222252782774764,46.0,1.2870165869356753,1.190471507743097,1.1130361397089876,0.8131598192446554,1.2277891542094304,1.1183922587354036,1.0814173314079216,0.708855373566004,1.2579934156844432,1.3275312966461719,1.4515210197288129,0.834804367571134,1.1965384521663482,0.7083563654321544,1.4860337719606764,1.3870201910458309,0.6494763269908718,1.0600695385447971,1.0462463261850126,1.3713668243569805,S1_Rural_Overhead_AC_500MW,Overhead,AC,460,Advanced Aluminum Conductor,100,0.599319663675864,LCC Converter,0,False,0,,,70.16401077959642,0.0386104976080702,46.0,20251111_112528_035059,2025-11-11T11:25:29.555404,98784918.11226755,102490644.31419808,98784918.11226758,21332285.357206617,77452632.75506094,0.0,197569.8362245351,9088212.466328615,2433231.560092426,600000000.0,27600000000.0,7389482949.189966,3052126.439061907,3115223.199082359,1299984.7897759504,919117.0078128984,16394.952699570877,2116614.4785494376,37718864.47962871,39396232.35788334,28202799.62396746,4006743.267507504,33712121.21212121,50080000.0,0,43398202.561425224,182937883.9108946,10618791457.669653,3824277122.894111,0.0365875767821789,53084036.751706034,2441865690.5784774,937813899.388228,3.259497448957703,7474898.674082794,343845339.0078085,92059393.83176243,64911227.30746963,450000.0,20700000.0,5542112.211892474,4987900.990703224,31376985.40677856,26429273.963245586,2258291.1520441384,1902190.2446132991,134749.73909440235,6198487.998342508,1659551.4990764705,1305288348.5217454,520659817.1327488,28375833.663516205,1660383.7566133616,76377652.80421464,25829209.58794153,0.007564733855669386,0.7608017301881737,0.00541762441741893,0.01199023603272373,sample_0251
1.1754607364634706,1.0,0.8778394641081446,1.0456715718965452,1.1959833726196991,0.72697234427134,1.0790048368294074,1.6633460089026764,1.8012782987049367,1.667202546225654,0.9113579055850266,0.9676128745737077,1.0663993036054165,0.710304922245238,51.0,0.9095854325553614,0.9466797537610666,0.7627017660828483,1.3687666783860746,1.2179148553178996,1.4798671027675263,1.374603618350634,1.3378972680431944,1.193574750944188,1.2309855219312462,1.4444719549790044,0.7213540894858641,1.4291029281185654,1.2414330996572935,0.7881364153799961,1.953433806347483,1.030455220813147,0.9170125455574021,0.8303736687043316,1.7955185961435405,S1_Rural_Overhead_AC_500MW,Overhead,AC,460,Advanced Aluminum Conductor,100,0.7319701003275816,LCC Converter,0,False,0,,,53.31996518027082,0.0272875629766608,51.0,20251111_112529_853831,2025-11-11T11:25:31.351420,102068232.5869588,105360152.19657576,102068232.5869588,22041306.558317095,80026926.0286417,0.0,204136.4651739176,10410959.723869797,3490316.9782083957,600000000.0,30600000000.0,10258775594.75155,3869132.0845861,3960235.8975019846,2235083.5677004633,1547121.1243575932,5423.488709354686,2316587.471519152,35864560.37044011,37245740.56433342,32342725.01758521,2152439.1583189033,33712121.21212121,12520000.0,0,11904863.336020475,571082060.4259063,37752986632.93165,18189570190.988705,0.1142164120851812,74761818.63653088,3812852750.463074,1944828562.237098,4.590569444916586,9015752.241662662,459803364.3247958,154150965.10849267,124319273.4151046,450000.0,22950000.0,7694081.696063671,6924673.526457302,14724558.080984913,13410283.577116422,845027.758848665,769602.8508543028,141264.1457070976,7204471.4310619775,2415328.6173223355,1454568518.598618,762179923.1983202,28520951.34507094,2146131.8462367626,109452724.15807489,38353741.00257087,0.005160489422888579,1.184410798996717,0.004184761989212838,0.014414484287152293,sample_0252
1.2824368899768526,15.0,1.6029995640899697,1.0202621954621858,0.9791640599238656,0.7963310791449085,1.1726502075430987,0.5952155361108924,1.284106856905269,1.4102483007640996,1.139786028393221,1.5422218905940404,0.8090928081146449,0.8451519973994716,42.0,0.9891429113264945,0.9038210607882768,0.9316272046675467,0.8008688388970133,1.0848148354151765,1.1715225398689393,1.1423002761351593,1.2516070312892673,1.1437357907494552,0.948589891178329,1.47974161679607,1.0151750627919514,1.3837560604238124,1.1885404766737373,1.2200626066636446,1.483045200960159,1.5461668594102436,0.8381076719804917,0.8673375373389057,1.5022644846707234,S1_Rural_Overhead_AC_500MW,Overhead,AC,460,Advanced Aluminum Conductor,100,0.71418353682353,LCC Converter,0,False,0,,,40.45464040573224,0.0296742873397948,42.0,20251111_112531_673300,2025-11-11T11:25:33.168148,93806047.6167031,99404195.59260564,93806047.6167031,20257114.28658579,73548933.3301173,0.0,187612.0952334062,7879707.999803061,1867625.0628560607,600000000.0,25200000000.0,5972829397.377292,2703916.89158836,2803735.435383315,936634.2675192844,905224.4754805636,64401.78907806795,1734290.6270297286,36273187.870907485,38864282.10953206,18419418.784120176,2561066.6587862778,33712121.21212121,187800000.0,0,136184802.53594813,467550838.6136458,24256065030.010525,8120311236.860479,0.0935101677227291,56759105.931147195,2383882449.1081824,832390900.8740674,3.4851562222563737,3848252.801163494,161626617.64886674,38308262.43221471,26492294.249498148,450000.0,18900000.0,4479622.048032967,4031659.843229671,36379619.00267971,25576633.61515109,7471349.803840486,5252720.665639276,0.0,0.0,0.0,877657784.1969643,315549549.7421513,20896613.90945153,2803664.1854480607,117753895.78881855,53954158.48661837,0.0027468490167155764,0.3781114368462561,0.001959542854346686,0.006459156016748874,sample_0253
1.1709034507834017,18.0,1.7670270969295483,0.9917467843568968,1.948789712182336,1.4620962083938467,0.8164293497640536,0.9307338641235053,1.7970201969502944,1.7896622328413365,0.5050900697160932,0.5245483415848595,1.4909167623626443,1.3362572796205245,55.0,0.848051274077086,0.954625572174542,0.8819620245737805,1.3566026698077476,0.7532729110907843,1.4031885604573964,1.4869875649648545,1.1194922288755276,1.0435413421910236,1.1146912412157015,0.823408255517392,1.036167084476428,1.242308476802085,1.2226008655695122,1.4773341283741432,1.3042351918041457,1.3431740681650837,1.2456691489421974,0.8887051301624826,0.579819697222518,S1_Rural_Overhead_AC_500MW,Overhead,AC,460,Advanced Aluminum Conductor,100,0.6942227490498277,LCC Converter,0,False,0,,,74.54583811813221,0.0254415382223125,55.0,20251111_112533_464201,2025-11-11T11:25:34.965359,99299041.62565024,105850974.50834018,99299041.62565026,21443308.67641274,77855732.94923748,0.0,198598.08325130047,10922894.578821529,1552451.2131521318,600000000.0,33000000000.0,4690230200.825362,3193764.5546944113,3381219.575836645,937850.0114851848,1533372.1086008784,92564.52245548228,1567827.923638051,37761385.69581977,40727182.53083457,15262898.066725403,4049264.48369856,33712121.21212121,225360000.0,0,147939067.1624271,930547087.5670656,67792642006.55882,20754969027.87302,0.1861094175134131,49915689.26072827,2745362909.340055,894176882.9843566,3.0649527007397426,8024263.02383854,441334466.3111197,62726067.95628963,56145496.972167455,450000.0,24750000.0,3517672.650619022,3165905.385557121,174019646.93323472,110115296.9136184,8895162.193618298,5628637.014881829,1970520.2465212925,108378613.55867109,15403655.952620007,2034678801.069702,679564122.0206813,36994160.01944913,2544848.376610482,139966660.7135765,48493324.24723187,0.0024120583989301965,0.5735399239838989,0.002159639007377516,0.011392996384701131,sample_0254
0.7681716250344137,6.0,2.4104001092652636,0.8037552716272843,0.4597015166024229,1.3236806644607808,0.7724425877827863,0.5784860516426129,1.3234028168023162,0.829124800559516,0.9393709606730962,1.580492648001039,0.9939096170271584,1.077748059457356,51.0,1.2664425136701511,0.8857174189419498,0.7307684409399859,0.8401523030127903,1.3660409991389115,1.3443505720863427,0.9786647438070009,1.0450116149769058,0.9682517160011159,0.9895165217836801,1.3072961503658629,1.341239073870887,1.1394147833766146,0.9696865967517118,1.0126736878126232,0.627948605057929,1.2675092405098904,1.0799883400969845,1.2344258512955961,1.972798494259266,S1_Rural_Overhead_AC_500MW,Overhead,AC,460,Advanced Aluminum Conductor,100,0.562628690139099,LCC Converter,0,False,0,,,49.69548085135792,0.0379932754101045,51.0,20251111_112535_264255,2025-11-11T11:25:36.775420,117610750.84865583,128321818.46586286,117610750.84865588,25397663.389542155,92213087.4591137,0.0,235221.5016973117,11996296.586562896,3153650.9315862264,600000000.0,30600000000.0,8044292487.285664,3654284.283715952,3816257.588681928,1466223.3553296195,949626.6940114264,29561.04694329495,2675096.5427612304,36978024.42259805,41015663.672779925,26565854.48542846,3265903.210476837,33712121.21212121,75120000.0,0,63979847.43727546,219507474.17765692,14511159275.914352,4309286019.253317,0.0439014948355313,24032849.01277706,1225675299.6516302,393250352.31545854,1.4756792218861332,4167402.903170353,212537548.061688,55873013.10910957,38211635.820986904,450000.0,22950000.0,6033219.365464247,5429897.428917826,30682258.831826016,24745709.417915195,3784680.049169369,3052402.1471124673,359905.6087441955,18355186.04595397,4825309.974254845,940167340.1044116,313107439.508161,18434653.72753748,2448375.72135011,124867161.78885564,46424304.725798,0.004636559587946528,0.4250551368141168,0.003268597705499861,0.007157431998163506,sample_0255
0.9952371368157267,11.0,1.1336432714369855,1.0556200028695573,0.44938570693004354,1.007705292729119,0.8283437415668864,1.459293248330924,1.415192295647539,1.2359523502159548,0.7234716681565863,1.6789108356065805,0.9639525087600809,1.3255006357980317,52.0,0.7323439075426326,0.8537265671133859,0.741839110170093,1.393959952002848,1.0179041959097772,0.8688123305182307,0.7691912217463404,1.4127378977711595,1.3601369898441023,0.7289122815415023,1.0192129973053743,1.2426636084268452,1.3657875960739476,0.7347473353953557,1.3360673553554474,1.5431392474487393,1.3910894485701064,1.0989157582385736,1.004995934532658,1.8569076315084962,S1_Rural_Overhead_AC_500MW,Overhead,AC,460,Advanced Aluminum Conductor,100,0.7389340020086901,LCC Converter,0,False,0,,,48.197625438004046,0.0219703172262789,52.0,20251111_112537_073281,2025-11-11T11:25:38.581472,103449088.79961205,107777887.44826926,103449088.79961206,22339498.016370576,81109590.78324145,0.0,206898.1775992241,10758705.23515965,2528168.20949307,600000000.0,31200000000.0,7331630192.674694,3593638.68509832,3714520.5305954698,1458579.1143451503,1575597.157869886,35024.72108429161,1983016.8061441428,37728789.80544858,39601481.3742085,22223346.859448124,4016668.593327369,33712121.21212121,137720000.0,0,106758989.57407692,214581675.05909577,14541962393.651068,6308478107.949075,0.0429163350118191,59059025.27835815,3071069314.4746237,1398023973.7109134,3.626377231504537,8051999.611780073,418703979.8125638,98390472.44188616,65352706.38125949,450000.0,23400000.0,5498722.644506019,4948850.380055417,90904481.00147995,68861349.83181578,5460139.472146643,4136128.056392232,263954.12229478604,13725614.359328872,3225356.687495669,1358808188.8041265,632151885.6697466,26130926.707771663,2605940.486626886,135508905.30459806,52003844.650320366,0.006478930777306358,0.8171821429378291,0.004384276145509318,0.01247404773530294,sample_0256
1.2990978723922055,3.0,0.9524470925772096,0.8424426137789893,0.6395763618355297,1.0008869057284344,0.8114872082297553,1.843403169882464,1.9504353609579597,0.6573282667985547,1.4871134533527655,1.1630490948575825,0.8391268342298988,1.4198492349275411,46.0,1.3321509228228958,0.9915928162449985,1.0991893214275792,1.2660883500149342,1.0503330398280841,1.247913352508235,1.2691478559034217,0.8902968256496361,0.716462453880693,1.1010749638512118,0.7966704512983709,0.9312507251951206,0.7453953020324894,0.7932482741108345,1.3043024624125938,0.7705897522424815,0.8727315901243793,1.2947644365117772,1.2393909487218335,1.932859026497416,S1_Rural_Overhead_AC_500MW,Overhead,AC,460,Advanced Aluminum Conductor,100,0.5897098296452925,LCC Converter,0,False,0,,,41.956341711494936,0.0399645276846868,46.0,20251111_112538_906180,2025-11-11T11:25:40.428008,114865845.38387936,118890831.23160511,114865845.38387936,24804909.882507596,90060935.50137177,0.0,229731.69076775873,10567657.775316902,3900289.6944183833,600000000.0,27600000000.0,10186552011.305956,3252936.644820696,3344604.334569232,1919520.6843157003,1431063.4986532438,13720.240077485996,1808152.9060899664,38014694.65129558,39591296.566294715,31745467.772739287,4302573.439174368,33712121.21212121,37560000.0,0,34425339.25079618,305397712.7764655,17727080658.712334,6454881410.609225,0.061079542555293,29492010.997824255,1356632505.8999157,527858776.9826565,1.8108859177698315,10433818.55884601,479955653.70691645,177141059.04369035,135936309.36711484,450000.0,20700000.0,7639914.008479468,6875922.60763152,51204185.87979801,45549805.29728183,1778601.1916597444,1582193.654475781,3397761.2797648883,156297018.86918485,57685786.66387752,763399886.539331,308905858.93299603,16595649.70737676,1945034.217108584,89471573.98699486,37591187.340427846,0.0103766026598263,1.2440580065015776,0.008019796419983634,0.017070272175000508,sample_0257
1.0524887471917892,18.0,1.971132586352579,1.0890270248991185,2.9852473858381896,1.047003576714715,0.5904258670455307,1.5675551796285,0.9348514139332178,1.0499555990336678,1.0676484892635352,0.534408531887672,1.4798725113677045,0.7994773133807732,48.0,1.3686196034019935,1.1744036454803664,0.8309239610283387,1.4618687197317288,0.8627354225875085,0.8710812226675742,1.4395983064744484,1.2269548653140103,0.9407703723301346,1.3004901512824791,1.0778578670003025,1.2706857864935812,1.0255770150139876,1.4480386628257522,1.3380724535579323,0.957379955526906,1.2407968981593431,0.9452883629935367,0.8232946290747383,1.7046043398514967,S1_Rural_Overhead_AC_500MW,Overhead,AC,460,Advanced Aluminum Conductor,100,0.762318917429383,LCC Converter,0,False,0,,,73.99362556838523,0.0410585881020598,48.0,20251111_112540_725861,2025-11-11T11:25:42.251186,96063541.05424067,103160565.71443772,96063541.05424072,20744612.733938273,75318928.32030241,0.0,192127.08210848135,9222099.941207107,792230.8404034947,600000000.0,28800000000.0,2474083814.866376,3290507.538122371,3517454.504674741,683318.1226583794,1652354.6438179845,57462.85258331805,1580690.0417210686,36134779.73751749,39339281.04027345,10432652.916693002,2422658.525396283,33712121.21212121,225360000.0,0,128388519.8162474,1425455626.7377355,87270110726.80437,15746511608.66306,0.2850911253475471,36640845.65792575,1758760591.5804358,341631973.3822543,2.2498428954882295,6054425.973540093,290612446.72992444,24965262.182403576,22296932.36018574,450000.0,21600000.0,1855562.8611497812,1670006.575034803,110310991.3655382,59610443.844898134,8987009.66385866,4856448.376261856,234132.0252666372,11238337.212798586,965437.0904234538,2013247480.602705,407121576.1397885,41942655.84588969,2414317.4848531624,115887239.2729518,34279791.54993275,0.0013892898035243446,0.25024208936622766,0.0012414615818239258,0.0083364965422479,sample_0258
0.7505482426962876,19.0,1.3383477201404717,1.0301124877847982,1.4867791942230388,0.9285630588791691,1.0835651612395207,1.8871966461554068,0.8781975785248497,1.794777964981861,1.1929635562251726,0.9393034483617924,0.9310271032255717,0.9917137787846817,42.0,1.245847102187882,1.0657154462795928,1.3827130761479007,0.9266872801902071,1.373618701587331,1.0410954788833402,0.7171170271614028,1.4095476264729965,0.7539021448030353,1.201770084508834,0.7935247152103937,1.0236358839909718,0.8040135393849239,0.9665779158136543,0.9217737608636172,1.0357149466523885,1.5602776653641268,1.000869717570607,1.1436870734606324,1.6790245980043943,S1_Rural_Overhead_AC_500MW,Overhead,AC,460,Advanced Aluminum Conductor,100,0.7210787414493587,LCC Converter,0,False,0,,,46.551355161278586,0.0373754130656364,42.0,20251111_112542_554680,2025-11-11T11:25:44.065645,119858229.6546655,125801431.21173368,119858229.6546655,25882999.209424943,93975230.44524056,0.0,239716.459309331,10068091.290991902,2115939.200167952,600000000.0,25200000000.0,5296104922.284548,3302602.937717711,3398150.628971981,983022.1953262704,1047437.4409422642,72493.68657899612,2182671.810196451,36717314.4811657,38888854.538535275,16097756.67621421,3005193.2690444905,33712121.21212121,237880000.0,0,161634309.39252964,709937065.241501,36830817527.29442,8296700120.913876,0.1419874130483002,39638882.43828022,1664833062.4077692,395158915.78532064,2.433930124633113,7918509.70917124,332577407.7851921,69895430.4131663,56764826.65080253,450000.0,18900000.0,3972078.691713409,3574870.8225420676,112677956.54594934,74734393.14047551,9152256.474063212,6070294.087878461,0.0,0.0,0.0,1023777239.2533334,252082393.43038452,24375648.553650796,2821655.4630392613,118509529.447649,55220672.93777637,0.005032957152970095,0.5394190442874698,0.004111240729335215,0.012342309018897024,sample_0259
0.9365926961412507,2.0,2.753365219577817,1.0493244394928418,1.128836453999205,0.9207566978685257,0.5482493948793282,1.4316802137744629,1.411615628831636,0.9712934153198794,0.7295782113047576,1.2309074130487276,0.7434982725292241,1.4572519864621583,58.0,0.9509110070695515,1.0631585591890973,0.9213926939275137,1.1554470765746534,0.7426011696135729,1.4277517942363933,1.304623199686068,1.0071467459583048,1.4585956333068342,0.896201338958157,1.2049008988161105,1.4452226385058,1.0596492961953183,1.0194063376964688,1.0434066070373584,1.7420002374369383,0.7151279187793689,0.9660206915623986,1.1424056013785304,1.9401494210710872,S1_Rural_Overhead_AC_500MW,Overhead,AC,460,Advanced Aluminum Conductor,100,0.7345271076449892,LCC Converter,0,False,0,,,37.174913626461205,0.0285273302120865,58.0,20251111_112544_363547,2025-11-11T11:25:45.860061,113443792.68554623,125319953.21451552,113443792.68554623,24497822.17586647,88945970.50967978,0.0,226887.58537109251,13159479.951523364,3170163.8992101974,600000000.0,34800000000.0,8383439474.729682,2970624.0276891915,3228175.216598748,1601508.6693802946,1306005.3320071085,10464.987999693902,1654153.707682389,38128036.3226126,42899311.5775287,32175687.01680917,4415915.110491389,33712121.21212121,25040000.0,0,23087724.14790182,539019406.7846203,42092057632.252075,16583771185.711716,0.107803881356924,66669833.0871865,3866850319.056817,1644548076.8323092,4.093700557976805,4850738.630372918,281342840.56162924,67776456.19244085,51091147.7209513,450000.0,26100000.0,6287579.606047259,5658821.645442539,31842785.590573017,27125476.31639919,2139014.3488100176,1822132.768317273,2243184.496275292,130104700.78396694,31342669.091959823,1159063688.1884933,507005124.9762041,19983856.692905057,1744089.5361436957,101157193.09633434,29884998.068441305,0.002704802613054443,0.503080685829082,0.002072496641293142,0.008090805856700429,sample_0260
1.3572668819358695,8.0,0.8126635832029657,0.9282833569682543,0.867002375017547,1.0953891447428985,0.5858631209801429,1.247754534318194,1.3109441265448543,1.0080923491472968,1.3300524829423668,1.8081760662910389,1.4826728884604214,0.8507345984138599,43.0,1.164693526807254,0.9119710244457212,0.9016754490183674,1.0610170624603854,0.857730076511815,0.7410421329068637,1.182773279072566,1.0843408861006374,1.032403360137726,0.9297069161458911,1.0067773924957508,1.2299808075175345,0.8850394431822283,1.0565818562337543,1.1276011539224475,0.6995317859772648,0.7675527065937697,0.8309669669523412,1.2773544880355394,1.2598706879873824,S1_Rural_Overhead_AC_500MW,Overhead,AC,460,Advanced Aluminum Conductor,100,0.649798349877778,LCC Converter,0,False,0,,,74.13364442302107,0.0349408058042176,43.0,20251111_112546_183753,2025-11-11T11:25:47.682998,124004216.51258077,127702297.3579143,124004216.5125808,26778311.7371912,97225904.77538957,0.0,248008.43302516153,10664362.620081946,3341362.627348284,600000000.0,25800000000.0,8083666962.266454,2598841.705624478,2664071.8255898515,1283437.3650384925,1199270.8009021932,21726.45710394087,1377844.4476183436,36290104.84367836,37579426.80486741,24422590.78276317,2577983.6315571517,33712121.21212121,100160000.0,0,82682372.66115806,413993634.0708786,22106340727.720043,7967906228.153311,0.0827987268141757,26772480.51292188,1151216662.055641,436838794.6998764,1.6438996970465725,5859743.273934069,251968960.77916497,78947021.85143985,50396998.768094,450000.0,19350000.0,6062750.2216998385,5456475.1995298555,56844894.39418627,46011418.56613057,3965698.6124413344,3209917.4553629397,1540575.8721699112,66244762.50330618,20755837.13454123,1441895193.918363,566256680.1219418,33532446.370194495,1810931.140607056,77870039.04610342,34334329.78552965,0.004887103711461026,0.5678286897866226,0.003210945203926895,0.009456069413420025,sample_0261
0.9177106366045091,7.0,1.0447895749359346,0.8006843320276239,0.5089032067203595,0.9948388561546769,0.6937973820503318,1.793861029866731,1.6066208049398238,0.8547507822798273,0.8776063340491103,1.4138078140659927,1.154795954506055,1.0056859917317473,56.0,1.0001936421108057,1.3291830417639825,0.7384484201755972,1.2600737292454933,1.2587466199399717,0.8122281969183129,0.9841025129104999,1.430379884531,0.8620529256125975,0.7255799528638464,1.1337990166054128,1.3110244552332468,1.1221902783941426,0.8291245107948835,0.7120233878633688,1.4030136469085548,0.9212926918672266,0.9281256547242593,1.1063957780196385,0.5934844182330165,S1_Rural_Overhead_AC_500MW,Overhead,AC,460,Advanced Aluminum Conductor,100,0.5604790324193367,LCC Converter,0,False,0,,,57.73979772530276,0.0300058092633241,56.0,20251111_112547_979080,2025-11-11T11:25:49.487924,113880694.72972871,118265405.69070084,113880694.7297287,24592169.767156217,89288524.9625725,0.0,227761.38945945745,12754637.809729615,1564779.7233809077,600000000.0,33600000000.0,4122155367.319921,4077819.10871005,4178216.660369102,1152326.4068892638,1424265.154571421,20836.85293779107,2632717.101200838,36759654.520399235,38444596.10679453,19511273.458659723,3047533.3082780223,33712121.21212121,87640000.0,0,64661652.01879156,243001281.2089716,18123274160.551193,6382935832.595437,0.0486002562417943,53696138.29448421,3006983744.491116,1141318261.7906933,3.297082070235104,8414983.147397436,471239056.2542564,57813113.24491836,41465786.9926888,450000.0,25200000.0,3091616.52548994,2782454.872940944,83037088.0646157,59015067.26274608,3620155.308721171,2572870.918589045,2478465.949085776,138794093.14880344,17027702.857905984,1193221340.297618,466483591.4424322,21307523.933886033,2006949.621830714,112389178.82252,24079191.326451115,0.004905200604650198,0.45267419145208393,0.0035637052093029946,0.012449597009419954,sample_0262
0.8792672358949241,5.0,1.058126930654948,0.9558398225083333,2.8671201593226683,0.9746732182714077,1.019195622218401,0.9625231496348912,0.7161330061888128,1.664819052111897,0.5752432617269967,1.349500860590925,1.1095975296462495,1.4147098084236562,46.0,1.215701559623401,1.1485925532067687,0.8082477431657846,1.1913220777788607,0.9089090888720773,1.2880958239202616,0.7632198764426528,1.095946191841775,1.133977350736263,0.7093688630761542,1.4916103055842105,1.3224922797360799,1.070012576824501,0.8725503783894891,0.8560025916219136,1.6691873687348922,0.8567920670545469,1.2192550928076786,1.0060795346172888,1.814854016974537,S1_Rural_Overhead_AC_500MW,Overhead,AC,460,Advanced Aluminum Conductor,100,0.6690878757558333,LCC Converter,0,False,0,,,55.47987648231248,0.036471046788702,46.0,20251111_112549_786396,2025-11-11T11:25:51.307580,87294117.90106902,90698906.64438684,87294117.90106902,18850884.00797073,68443233.89309828,0.0,174588.23580213802,8031058.846898349,1812130.7786032995,600000000.0,27600000000.0,6227673142.846801,2938371.0749129457,3034546.8606225653,1345990.5827349925,1346554.954580349,23603.380143169157,1568212.7401894275,37999120.631586835,39754461.08718598,25879720.0139733,4286999.419465626,33712121.21212121,62600000.0,0,51883577.81207423,1369049876.076574,79467712309.86046,28965957409.26809,0.2738099752153148,63883138.9762218,2938624392.906203,1138538438.136554,3.9225903165269966,3468891.053042116,159568988.43993735,36005199.41081991,26287389.89269005,450000.0,20700000.0,4670754.857135105,4203679.371421594,14652265.388332676,11760278.70345748,2726157.1187947267,2188082.638195299,0.0,0.0,0.0,1202530496.2568507,482899651.40211743,26141967.30993154,1924711.325194547,88536720.95894916,27607010.52396829,0.001098612573657661,0.3551869995050201,0.000823530085051003,0.0058777361374592815,sample_0263
0.9990324064860714,14.0,2.4631966237096554,0.8937544672006615,0.683340975521958,0.8361454011313555,1.1431114440201453,0.8843256196581039,1.7744540262636364,0.5199681901383306,0.8375201485307608,1.9650930230704915,0.9453524859926571,1.4872421406550855,50.0,0.7537186779362026,0.8672351019663287,0.8462215542445173,1.26883376812562,1.3238692021678014,0.8497979473869132,0.990673873929366,1.0125998139250936,1.4312488626901136,1.3416258302118225,0.7878242096292916,1.4738862201753749,1.3410742451015871,1.2469084301623412,1.0703574322662217,1.3784743846845293,0.9154644794875887,1.0821945338190924,1.1103537580614948,0.8151948979570779,S1_Rural_Overhead_AC_500MW,Overhead,AC,460,Advanced Aluminum Conductor,100,0.625628127040463,LCC Converter,0,False,0,,,47.26762429963286,0.022611560338086,50.0,20251111_112551_607047,2025-11-11T11:25:53.116844,118273987.6758458,129292058.81180474,118273987.6758458,25540887.24929112,92733100.42655468,0.0,236547.9753516916,11827398.76758458,2527061.247060097,600000000.0,30000000000.0,6409848767.387538,4024303.411834103,4274745.526264677,1386396.4190845366,1434166.6530632006,43601.33007871593,2546535.4286921867,38218915.57774268,42465899.70717216,20268140.40079659,4506794.365621472,33712121.21212121,175280000.0,0,129751384.42443468,326295315.811735,21034034389.084377,8277592567.154197,0.0652590631623469,52756971.6506463,2637848582.532315,1086764425.0857973,3.239414804008644,5129471.867654533,256473593.38272667,54798564.88039075,33261709.376244467,450000.0,22500000.0,4807386.575540653,4326647.917986589,77763433.93319525,54929681.49066794,7408438.480669346,5233091.5123420395,53526.74448550982,2676337.224275491,571830.5619378547,1014172123.064614,427275427.7489126,20283442.46129228,1999518.6510466756,99975932.55233376,40900748.21247674,0.003596065646767748,0.4259742727277284,0.0022677299343867013,0.008266014176426813,sample_0264
1.3946440499639103,20.0,2.3830919922493226,1.0627470121218912,2.8349228407892184,1.2290831834492655,1.147568027181602,1.9931776247011148,1.3918796101673532,1.350856921614415,1.1658610628900508,0.983285620603698,1.3701202036008346,1.385925491736644,52.0,1.2291782271559069,1.1700750437570964,0.7165666407701077,1.040288132119756,0.7841869784260758,0.7987071388162648,1.3396985262772465,1.3834517280281022,1.2203995089945576,1.4195978839556427,1.4340947913706474,1.2267473647413054,0.820392290974201,0.8229134604884376,0.8683400402582544,1.7296780743121047,1.45414381574395,0.8817974540416903,1.2522977525988819,1.2919956196976075,S1_Rural_Overhead_AC_500MW,Overhead,AC,460,Advanced Aluminum Conductor,100,0.7439229084853237,LCC Converter,0,False,0,,,68.50601018004173,0.0368753468146772,52.0,20251111_112553_438306,2025-11-11T11:25:54.937741,153798052.72084963,167639156.36455157,153798052.72084957,33212194.844310347,120585857.87653928,0.0,307596.10544169927,15994997.482968362,984201.0201487368,600000000.0,31200000000.0,1919792226.3718884,2798011.5634785555,2996106.5088036032,432868.6895680532,1175840.828123239,58542.812950569125,1563627.922404747,37911895.42950498,41985182.77891083,8998648.265351612,4199774.21738377,33712121.21212121,250400000.0,0,132029469.0495888,1353675656.4768517,91737099564.84412,16679161347.842916,0.2707351312953703,66198239.26007288,3442308441.52379,676752677.1976548,4.064743474633446,14727645.350863129,765837558.2448827,47123365.09558188,37856219.6369931,450000.0,23400000.0,1439844.169778916,1295859.7528010255,274758750.6941422,136070633.2731131,10072391.396512195,4988218.473244392,0.0,0.0,0.0,1949968755.6855304,397497500.3733169,37499399.14779866,2686334.8047735365,139689409.8482239,36958246.26547174,0.0024103881783596745,0.2975147784915701,0.0019432757996632804,0.017396503069349315,sample_0265
0.8352283207627377,8.0,2.041279970326424,1.0366864903936155,1.3002744967824664,1.4121340129527213,0.6470188987388895,1.1076179885719355,1.7341128522680949,0.7275602775658545,1.15965895691639,1.73063731945515,0.8185052340446226,1.0482546509355553,55.0,0.8460544384207611,1.2673122195804232,1.0296920528242197,1.2544467852866372,1.2809069141340634,0.96295384402478,0.9717296664461709,1.353509223488018,1.4555938878809842,0.8410804719965228,0.7752318467669854,1.4083509175238083,0.7526803449478581,1.2051467068214943,0.8119643409783452,1.6326730116994788,0.990520650023016,0.8551199040066908,1.2827624088259726,1.926787817059175,S1_Rural_Overhead_AC_500MW,Overhead,AC,460,Advanced Aluminum Conductor,100,0.7256805432755308,LCC Converter,0,False,0,,,40.92526170223113,0.0253816331526228,55.0,20251111_112555_234375,2025-11-11T11:25:56.737182,130646233.02172792,140654498.47859967,130646233.02172792,28212633.840484098,102433599.18124382,0.0,261292.46604345585,14371085.63239007,2045900.6541154792,600000000.0,33000000000.0,4697955555.538803,4125039.027432611,4327211.424840902,1251757.3054317753,1417905.0027633808,28232.63949002591,2678901.3851792044,36888650.457380466,40270613.54953687,20280761.94325882,3176529.2452592584,33712121.21212121,100160000.0,0,75231740.56356955,620881072.2136277,45232711831.13912,17716515781.20296,0.1241762144427255,62485661.50376244,3436711382.706934,1431835253.008847,3.836781577493775,7046218.341364151,387542008.7750283,55171367.67058519,36075042.099365965,450000.0,24750000.0,3523466.6666541025,3171119.999988691,98047121.50391978,69291206.58733061,4518575.986646892,3193337.8294923618,3569248.4149554744,196308662.8225511,27946950.700230237,1189324746.306944,508084538.29481727,21624086.29648989,2095215.2684793456,115236839.76636398,29833942.000185803,0.0023749520945963846,0.3856966459610589,0.0015880060985808994,0.01054569619291717,sample_0266
0.8044707453104727,8.0,2.222883102282057,1.0484286434913725,1.6464511419855548,1.2601567131819713,0.651930525888383,1.988315408752756,1.8511166855553753,1.399522479346339,1.2075321303043154,1.7585877043519365,0.838304955283531,1.1115248234189237,59.0,1.060429674262629,0.7221187638370115,1.1315279547084192,0.7878629860024196,0.9703968866561383,1.3410030276203855,1.3852075345159596,0.7576574951149657,1.2636990632545055,0.9542488515846584,1.1217912646419292,1.3495447139104084,1.271871312583608,0.9571238389983765,0.7471678792445324,0.7097308729877919,1.4799859135793163,1.2369397909731359,1.2079996136291293,1.4018487266792043,S1_Rural_Overhead_AC_500MW,Overhead,AC,460,Advanced Aluminum Conductor,100,0.7339000504439608,LCC Converter,0,False,0,,,41.91524776417655,0.0318128902278788,59.0,20251111_112557_035381,2025-11-11T11:25:58.541910,113470044.45122044,122967373.59154236,113470044.45122044,24503491.16023366,88966553.29098678,0.0,226940.08890244088,13389465.245244011,5900943.550779519,600000000.0,35400000000.0,15601325211.385468,3108117.307105775,3247272.9047206854,1743924.1058513136,890523.9205421288,39316.5833116144,2178276.8032520316,37080378.25278462,40795537.1605906,30165426.142240193,3368257.040663406,33712121.21212121,100160000.0,0,90524495.39790484,786180420.2981024,62792985102.00087,18750086935.74236,0.1572360840596204,27162819.970988777,1602606378.2883377,522217544.1411925,1.6678675515213108,11899206.358757967,702053175.16672,309405646.93394804,200582253.6629286,450000.0,26550000.0,11700993.908539098,10530894.517685186,170694499.47435603,150507867.18745422,4600297.396026926,4056258.1198349074,6330846.840831722,373519963.6090716,164616000.71214658,1327777928.2986715,446427547.3088175,22504710.649130024,2719283.4795136284,160437725.29130408,87238667.27373493,0.008927494812528448,2.2087493314071893,0.005869425591118463,0.019232576366049154,sample_0267
1.1863202225498308,0.0,2.493054222427495,0.8173015984043067,1.0320770396173813,0.7725954824710488,0.8254836694246626,0.5182649035545858,0.8663655767174416,1.6515696718517687,1.4422980392071034,1.7200848056425107,1.474270110702102,0.8050512541001229,60.0,1.2896815895125289,1.2612903939945714,1.2748618733566106,1.0266326303180522,0.9992985788440762,1.1926331527667522,1.4954609146792466,1.2604890745416235,1.4472932000651122,1.2259444091077651,1.0656306478473008,0.7824421905533854,1.015474155809669,1.0840835247970229,1.4398035982670012,1.8639134184400779,0.9633374873140859,0.9013755378452976,1.054440737171042,1.6891396890579142,S1_Rural_Overhead_AC_500MW,Overhead,AC,460,Advanced Aluminum Conductor,100,0.5721111188830147,LCC Converter,0,False,0,,,73.7135055351051,0.0386904476853758,60.0,20251111_112558_839341,2025-11-11T11:26:00.350180,126004930.76886515,137891990.9775132,126004930.76886512,27210359.54619768,98794571.22266749,0.0,252009.86153773032,15120591.69226382,3712321.004721937,600000000.0,36000000000.0,8838513656.735142,3450097.1723298514,3471991.261051664,1751475.397213147,1160405.973056465,0.0,2289691.1992733865,36151670.46697007,38926081.58270168,33979747.395622805,2439549.2548488574,33712121.21212121,0.0,0,0.0,492816786.4172996,40248184246.397354,12715523356.85508,0.0985633572834599,71335694.35053866,4280141661.032319,1505304771.6324236,4.380196533334183,2926030.025467571,175561801.52805424,43102927.23352034,28274789.19090171,450000.0,27000000.0,6628885.2425513575,5965996.718296221,3113431.946680709,2790272.037482041,1121874.400092373,1005428.9998154604,0.0,0.0,0.0,1678426632.377571,613133146.0693742,27973777.206292853,2060556.7360254591,123633404.16152754,33129067.471657127,0.00208302109872535,0.3074872957028708,0.001434178163526906,0.005151409696657513,sample_0268
1.321916136639583,3.0,0.6125729925290786,0.9480720165999447,1.5212251846628944,1.010627663130097,0.9132644084195236,0.9009112100299259,0.9138013898438728,0.5149353702238557,0.6879016680259932,1.0157757508808123,1.0505257330330389,0.7687701948799657,43.0,1.3611044083405737,0.8223482574127133,1.2113188822606176,1.0179086870588292,0.7275521277562059,0.7595606435492713,0.8582341263085379,1.0932662273468892,0.9760962089476164,0.7381077321080034,1.2370386813827459,0.8080267185005319,1.1636622363895706,1.4127948565635915,1.3222773371451253,0.8582887578701324,1.085478922779283,1.196255462693108,1.145063474572725,0.6306989931856564,S1_Rural_Overhead_AC_500MW,Overhead,AC,460,Advanced Aluminum Conductor,100,0.6636504116199612,LCC Converter,0,False,0,,,52.526286651651944,0.0408331322502172,43.0,20251111_112600_677498,2025-11-11T11:26:02.175309,102187266.52432448,104476056.24972978,102187266.52432448,22067011.554257784,80120254.9700667,0.0,204374.53304864897,8788104.921091905,4680968.784275711,600000000.0,25800000000.0,13742325076.759329,2322287.349415498,2369134.934638804,1670061.3536930252,1150545.2735543735,8351.02402098626,1163391.0518401384,36041727.86327262,37003389.49424413,32184952.979967836,2329606.6511514112,33712121.21212121,37560000.0,0,35522363.144727916,726385025.6765321,38787347330.00725,14792381473.134523,0.1452770051353064,32848427.34120571,1412482375.6718454,571619427.7360705,2.016978580994811,3356152.167082659,144314543.18455434,76868890.14520033,61252579.223877214,450000.0,19350000.0,10306743.807569496,9276069.426812544,10820419.998777848,10110501.066610144,1625657.846638085,1518999.7610290507,0.0,0.0,0.0,1052172662.7583084,443192156.28339654,24469131.692053687,2216287.066243586,95300343.8484742,54616840.057377785,0.002926141394839851,0.6407980916151541,0.0023673679098302892,0.0060421110649860775,sample_0269
1.3100242189313716,9.0,2.043859789469196,0.8874722718238741,2.613375114487272,1.2571863396962075,0.9409199999538752,0.6521569449101331,1.6939836038865554,1.051978479182249,0.9473952565715094,1.7743094511940758,1.016158378068828,0.9594968877774683,44.0,0.8598418637899151,1.2081856416305525,0.7196331350703001,1.0107879544834,1.4526081988613213,1.3118517971621255,0.7979215390800788,0.7486549522140769,1.1092860079654348,1.1341932091939244,1.2238318071382879,0.7054711465070777,1.0767852899708328,1.163203191036112,1.154104338199219,0.9535869684449891,1.5715243705415292,0.9991223403936874,1.1129210152018136,1.308260594000601,S1_Rural_Overhead_AC_500MW,Overhead,AC,460,Advanced Aluminum Conductor,100,0.6212305902767118,LCC Converter,0,False,0,,,50.8079189034414,0.0257952559136974,44.0,20251111_112602_471173,2025-11-11T11:26:03.971128,93836805.92179663,101034678.7985422,93836805.92179663,20263756.443646792,73573049.47814986,0.0,187673.6118435933,8257638.921118105,1197655.3818050104,600000000.0,26400000000.0,3828951881.002217,3638046.62591923,3801170.4731321847,1002639.8339702948,1142496.6879463885,43269.64264057839,2452280.2953322628,36619687.5387196,39985505.53059263,17968861.686276957,2907566.326598389,33712121.21212121,112680000.0,0,80376914.72183052,1247886617.1676724,68548604606.92071,29506549581.48605,0.2495773234335344,36495680.456326626,1605809940.0783715,719705084.7064247,2.2409293758457243,5891097.855088574,259208305.62389725,37594550.35568252,24253677.153786693,450000.0,19800000.0,2871713.9107516618,2584542.519676495,55218469.42347785,36944889.99293521,4969736.9052611375,3325090.0500446875,410372.93185768,18056409.00173792,2618830.348914763,949996760.9318426,436760384.68792933,21590835.475723695,2835995.0121404496,124783780.53417978,36891160.370104566,0.001163956543977806,0.3587170589118539,0.0007719645483448541,0.008913519259960322,sample_0270
0.8051349099388325,6.0,1.5433247746364085,0.929332629419988,0.3352322749546784,0.7182999603480928,0.5671893349103518,0.504105111882048,1.1070660287051313,0.8401330840164076,0.8204092024574168,1.7698737405853522,1.1606033956681003,1.083580646776168,49.0,1.0424502427859383,1.0961969359015762,0.724217957648308,1.0745168357771337,1.2460643960432498,0.9835456936945672,1.2010746474365475,1.4732816824905843,0.7291135605581164,0.8856936847307313,1.3400666231256673,1.3652073413365085,1.492654063725292,1.3124760113273826,0.9780817624920444,1.1551690940093882,0.6688074636990597,1.275001567608775,1.1739359834149472,1.2312570429376763,S1_Rural_Overhead_AC_500MW,Overhead,AC,460,Advanced Aluminum Conductor,100,0.6505328405939915,LCC Converter,0,False,0,,,58.030169783405015,0.0312735072835781,49.0,20251111_112604_275947,2025-11-11T11:26:05.797366,135146730.31096283,142903305.14707208,135146730.3109629,29184501.75572784,105962228.55523498,0.0,270293.46062192565,13244379.570474356,2650309.349316143,600000000.0,29400000000.0,5883181953.165956,3545317.7752483473,3673989.8356794016,1316705.3708963855,1214529.635590518,21627.27567189472,2309160.8639859348,36995698.92962475,39528202.74099826,23806252.83155307,3283577.71750354,33712121.21212121,75120000.0,0,60691419.79003376,160073411.29085892,10058186201.61217,3816858182.094098,0.0320146822581717,44210631.565927304,2166320946.7304378,872815236.6126976,2.714647370922062,1411853.464936477,69180819.78188737,13843651.375715176,8943348.36697586,450000.0,22050000.0,4412386.464874467,3971147.818387021,10885935.967206135,8386351.549278383,3394496.148586384,2615065.72521417,341282.4709519574,16722841.076645913,3346378.1233940683,1288201308.3519723,535250543.6689267,26289822.619428005,1685030.955916301,82566516.83989877,24881072.917126045,0.0016054985677591384,0.11390823810743143,0.0011357450784217525,0.002732419171326157,sample_0271
1.2617449431093544,13.0,2.67907494790448,0.9340435973545227,2.077011994588312,0.7309422064028664,0.9901239705797441,0.6805759372362499,1.7770480807481543,1.6795894104560523,0.7727973658644682,1.109615628776631,1.4463786850276026,0.8760614603349517,59.0,1.284054672641205,1.2888481007320736,0.9388606619820096,0.8754487893344105,0.8024550757483077,1.2183318977344402,1.1678122524889463,1.2435035667539314,1.3407385050744673,1.4624713515682226,1.079756799968481,1.2535033084469298,1.152665902418312,1.2178469626959303,0.7848642864888742,1.7353350912005103,0.6003847832389294,0.9910656874213966,1.041158078448569,1.4093125665829056,S1_Rural_Overhead_AC_500MW,Overhead,AC,460,Advanced Aluminum Conductor,100,0.6538305181481658,LCC Converter,0,False,0,,,72.31893425138013,0.0385216401792361,59.0,20251111_112606_097961,2025-11-11T11:26:07.609574,123952362.14588138,136561293.69203246,123952362.14588135,26767113.95347495,97185248.19240645,0.0,247904.72429176277,14626378.733214004,1191823.1020979297,600000000.0,35400000000.0,2884551164.9755936,2862282.6338213794,3051658.860208286,592705.0239099236,989522.4194598034,58045.02352291035,1814715.190838666,36366852.910105914,40821870.61279506,13512896.009787658,2654731.697984702,33712121.21212121,162760000.0,0,102945568.09120068,991773227.415919,79213880027.78966,15506670077.196451,0.1983546454831838,66414744.610425934,3918469932.01513,850703840.5532827,4.078037464321199,3985842.879854653,235164729.9114245,19162279.537490703,14909726.565933432,450000.0,26550000.0,2163413.3737316956,1947072.036358526,49897839.883439004,29132299.147402816,7055583.726557016,4119324.128294105,233680.74497837987,13787163.953724412,1123440.108599584,1946707210.910188,438912614.70734555,32995037.473054036,1597792.0383296348,94269730.26144847,21575637.04527243,0.0010674062893132198,0.15446912601110158,0.0008437265284029338,0.005888456759796898,sample_0272
1.2018619017628207,14.0,1.9664018034821384,0.8544890005854384,0.30211242824059525,1.290469998173459,0.7181457559905847,0.8395857697724864,1.7659206970344161,1.8986884141141687,1.404861718786111,0.7718048056168474,1.393433854577133,0.978683168818987,56.0,0.738838666203522,1.0736659798628168,0.9701164054704466,1.1434467206335055,0.7930970346833199,1.2760371990488437,1.185456169600367,0.9788207636306203,1.407936172752026,1.3224059337004852,1.299266566507494,0.8395347428394528,1.1168038348090548,1.3332664626871327,1.4596060248200393,1.985404070280542,0.7196165163921813,1.0972847130521493,0.8864948523389837,0.8242694964543353,S1_Rural_Overhead_AC_500MW,Overhead,AC,460,Advanced Aluminum Conductor,100,0.5981423004098069,LCC Converter,0,False,0,,,69.67169272885666,0.0221651599861056,56.0,20251111_112607_931568,2025-11-11T11:26:09.414897,94185038.25214984,101125981.28874296,94185038.25214984,20338956.09541202,73846082.15673782,0.0,188370.07650429968,10548724.284240782,1452332.7607963772,600000000.0,33600000000.0,4625998314.854091,3043504.4520129897,3220562.817648126,890859.3160236584,1292441.2933221138,65470.76193762243,1685592.3967532536,36677827.784299955,39914290.03229987,16321077.746893125,2965706.5721787484,33712121.21212121,175280000.0,0,119923704.92997724,144258684.48488426,10758954339.469898,4082269108.6569266,0.0288517368969768,75985384.57777691,4255181536.355507,1707973431.182078,4.665699565159274,7418532.217742261,415437804.19356656,57196862.56327745,48367899.8847687,450000.0,25200000.0,3469498.736140568,3122548.862526512,109974939.8191824,71729262.53238358,7184880.811566963,4686214.903541862,2198449.0745448302,123113148.1745105,16950036.190228194,1573637772.80309,645637672.9442685,28100674.514340892,1749812.4981000312,97989499.89360176,30142782.946863458,0.00531314696626358,0.5445961268502485,0.00450952250462179,0.010779540297738636,sample_0273
1.3999520772672658,14.0,2.26133681196315,1.0944784557802674,1.5543165007934623,1.3248666163710108,1.1273395945973468,1.4997133129828915,1.8568732092978266,1.3017338784751238,0.8148109875495276,1.5287711876683798,0.9538379594213806,1.4971315039586766,60.0,0.7907190397496148,1.2748062886616558,0.955691973161745,0.7274183918521662,1.401194154126728,0.9225197786973857,1.112946992269653,1.0261803156490388,0.8250134516498355,0.9398037778054615,1.3780983392048438,1.0998305815078178,1.2514012511521826,0.7004673728076648,1.2231741645125114,1.7057293712110961,1.3189130003680376,1.0891199199520831,0.8470444210789898,0.6543150724249446,S1_Rural_Overhead_AC_500MW,Overhead,AC,460,Advanced Aluminum Conductor,100,0.7661349190461871,LCC Converter,0,False,0,,,47.69189797106903,0.0237215711924884,60.0,20251111_112609_711947,2025-11-11T11:26:11.211028,81564773.07631865,88514656.93725005,81564773.07631867,17613650.41961559,63951122.656703055,0.0,163129.5461526373,9787772.76915824,787566.2159580963,600000000.0,36000000000.0,2896714548.1586204,4068185.236540938,4199064.078003858,614053.4247371235,822203.2126086606,47332.532984826226,3198649.4909474505,38248883.34532932,42131406.00335791,13544160.898531854,4536762.133208111,33712121.21212121,175280000.0,0,108663952.820915,742186129.1288782,60614096137.96172,20503238925.098953,0.1484372258257756,65281674.494991064,3916900469.699464,1419218683.425486,4.008464022346076,14813301.163485795,888798069.8091478,71516508.3108739,49650032.84121185,450000.0,27000000.0,2172535.911118967,1955282.3200070688,215983910.49823537,125479267.552715,7317601.5653834175,4251276.322151848,217690.8471553758,13061450.829322549,1050980.4065932531,1633674047.694534,605974080.3966274,27227900.7949089,2513915.515169248,150834930.91015488,34706054.72823903,0.002856628615806735,0.7698155503064701,0.0020005310365155435,0.019024624843709953,sample_0274
0.9806430879484966,2.0,0.9590562449281096,0.9303626898174885,0.30818410596437906,1.4453740553208876,0.9662434885550285,1.4082704131377266,0.9863643816734142,0.5672952818957281,1.2815689793196658,1.0090237705272722,1.0554923671681236,1.0749545762638364,42.0,1.3487978355796084,1.3358174695906468,1.3964345811558045,1.001383008239427,1.221689583634212,1.4921519448411669,1.015480199036972,1.356978411646014,0.7873748845281533,0.9611953182069659,0.744165909764573,1.1693062107680114,1.2358106599712788,0.7810791286514817,1.3087347417784718,1.2841602583403788,0.9742249986244207,1.1867504569556755,1.1854280398654564,0.8560764239021248,S1_Rural_Overhead_AC_500MW,Overhead,AC,460,Advanced Aluminum Conductor,100,0.651253882872242,LCC Converter,0,False,0,,,52.77461835840618,0.0404639350673882,42.0,20251111_112611_516985,2025-11-11T11:26:13.034698,126809913.19037682,131284800.07351924,126809913.19037683,27384192.911162425,99425720.2792144,0.0,253619.82638075363,10652032.707991652,3327809.8878327366,600000000.0,25200000000.0,7872751752.862027,3067071.003692434,3140093.204899396,1599166.5081370743,1131866.2487069883,10937.02158842974,1924267.7333970156,36969559.32201162,38520470.25871782,30680822.0342932,3257438.1098904135,33712121.21212121,25040000.0,0,22878388.864233233,147157910.59799102,7634403693.359491,3062520345.224008,0.0294315821195982,49147381.40720299,2064190019.1025257,875944712.4632272,3.0177766070998904,8348753.215019075,350647635.0308012,109546102.51292318,87439178.23209184,450000.0,18900000.0,5904563.814646522,5314107.433181867,21387469.93624047,18663261.847348846,1331575.3102176492,1161967.2059455016,0.0,0.0,0.0,1005724403.5748348,444051192.828719,23945819.13273416,2074438.312946136,87126409.14373772,30643863.622372217,0.009242683492312153,0.7256944977027525,0.007425589557393636,0.013498947269781836,sample_0275
1.0343650039793737,16.0,1.480325917148701,0.8600507330372302,0.34270245806353905,0.9245626007095091,1.113739712556029,0.9288428153974366,1.1533915666633672,1.9767759917358276,1.2865854750873869,1.1171439046133314,0.9751768309879614,0.9250388176698023,47.0,1.1696437571388825,1.0706592595424134,0.9662455285716833,1.2037308932505586,1.2630306903099666,1.1866725081927034,0.8908569413240325,1.2773315686384654,0.9154661165250855,0.8534461717878431,1.1910674138242703,1.4551974526874165,1.107565203908023,0.7195375440583225,1.2763817672934255,1.620901162056906,0.7352478918556761,0.8332531785994232,0.9234480509617105,0.9480205744207597,S1_Rural_Overhead_AC_500MW,Overhead,AC,460,Advanced Aluminum Conductor,100,0.6020355131260611,LCC Converter,0,False,0,,,48.75884154939807,0.0350893127141664,47.0,20251111_112613_332932,2025-11-11T11:26:14.852320,91035985.68471044,96041841.96121378,91035985.68471044,19658928.321363386,71377057.36334704,0.0,182071.97136942085,8557382.65436278,1256638.1509549262,600000000.0,28200000000.0,4141125538.9943433,3675231.392931229,3813189.79922718,952002.7041359026,1360580.67631048,69583.5990985821,2245067.1175221666,36515269.14445394,38914295.37947038,14651204.233085563,2803147.9323327346,33712121.21212121,200320000.0,0,130923040.55967672,163640423.7253399,9757280250.53545,2442812022.444273,0.0327280847450679,62035129.27424191,2915651075.88937,776199931.7858382,3.8091177308337296,6457053.94651868,303481535.48637795,44565785.007654525,34608505.99253264,450000.0,21150000.0,3105844.154245759,2795259.7388211824,62331466.6903186,39357489.5062894,7866146.662716915,4966861.8624194935,0.0,0.0,0.0,932579587.166601,256981453.02512303,19842118.875885125,1769742.5018159868,83177897.5853514,29549755.5654844,0.006011697328472003,0.4470366662556287,0.00471685408019752,0.01011964623049019,sample_0276
0.8974910545130684,20.0,2.2811335648709,0.9331652520768328,0.43006531331827896,1.0206914367980902,1.0414131578556365,1.070021156015629,0.5653809781996791,1.1906461879729684,1.0390703992518076,1.6451667581868512,1.4175256090831616,0.8479083399812661,50.0,1.2644117097416974,1.1022885204850748,1.2863653927867815,1.2055893424448492,1.1175839211716518,0.8851378362914285,1.043925909077581,0.9641123576096353,1.4672269181144089,1.235624291035283,0.7746520309436411,0.9350482892229715,1.4496981136645342,1.1957458490546196,1.1075940231922965,0.9227604888437111,0.729380986089779,1.0071069647719388,1.2982366004238237,1.0622514533380707,S1_Rural_Overhead_AC_500MW,Overhead,AC,460,Advanced Aluminum Conductor,100,0.6532156764537829,LCC Converter,0,False,0,,,70.87628045415808,0.0379323512922509,50.0,20251111_112615_176260,2025-11-11T11:26:16.672262,135557793.61297247,147213603.15987962,135557793.61297247,29273269.55374717,106284524.05922528,0.0,271115.58722594497,13555779.361297248,1899917.2197843855,600000000.0,30000000000.0,4204665410.552765,3569833.29709574,3788796.988072353,885061.4233533202,1362681.2870664508,64877.92116429416,2142274.088864995,36281540.424185656,40030764.0978518,13591940.59124671,2569419.212064443,33712121.21212121,250400000.0,0,159047759.1152357,205356187.10947815,13237913302.329617,2387387425.4194126,0.0410712374218956,35315889.429026514,1765794471.4513257,343027518.23512316,2.1684871487827215,3674779.385392363,183738969.26961815,25752029.621952675,17278753.003976747,450000.0,22500000.0,3153499.0579145732,2838149.152123115,49529941.08401716,30081599.685720935,10026510.104191905,6089517.907713903,0.0,0.0,0.0,1614720856.4547763,325578195.6960435,32294417.129095525,1762262.1969644683,88113109.84822342,33323591.617506057,0.0037828838142878467,0.19265883329903485,0.0026327110084281616,0.005886208956107214,sample_0277
0.9977734863480675,18.0,1.90479369068587,1.0698468408174655,2.5885326650162277,0.9024938461362388,0.7820643336576355,1.5201105258879055,1.6836010659416139,0.7834648723033022,1.2795763122318928,0.9862241789775162,1.3455356191728338,1.0872273319011556,54.0,1.2067691231969087,1.07939012945649,1.2369945061714782,1.1378706164009649,0.9853287342819832,1.0133658823068865,1.0806276891304554,0.7051033788896861,1.3350768105526725,0.8999788008418637,1.068719563994519,1.380031487677341,1.25871461395545,1.016343358586823,1.0477177787880674,0.9609765108617616,1.2858658266874157,1.1045821642847442,0.9339880366431886,1.3653006008957285,S1_Rural_Overhead_AC_500MW,Overhead,AC,460,Advanced Aluminum Conductor,100,0.7488927885722259,LCC Converter,0,False,0,,,67.2767809586417,0.0362030736959072,54.0,20251111_112616_974842,2025-11-11T11:26:18.500089,79623689.70693484,85301294.30092213,79623689.70693485,17194479.708852183,62429209.99808265,0.0,159247.37941386967,8599358.488348963,1281480.415577293,600000000.0,32400000000.0,4828263122.296691,3372656.0878003975,3542963.2456372124,906726.1342506552,1286138.6058107875,66848.98353065173,2019668.4984589585,37006749.49060957,40160586.52658507,15274272.381936628,3294628.2784883506,33712121.21212121,225360000.0,0,149278990.7157721,1236024347.5452487,87932066051.60356,17411827845.94211,0.2472048695090497,36778493.02370133,1986038623.279872,427170313.3808227,2.25829480052514,7563197.93350454,408412688.40924513,60861849.44828415,48857163.947646745,450000.0,24300000.0,3621197.341722518,3259077.6075502657,165507923.09212404,105438573.82662262,8957157.160808641,5706251.754793035,1532942.8862050571,82778915.85507308,12335752.676751548,2007623255.2071712,447445832.14412534,37178208.42976243,2471780.3687264547,133476139.91122857,47807504.48580001,0.0027401861018137605,0.6730677588536206,0.0022146627353602567,0.011326004663677133,sample_0278
1.2756369733898962,19.0,0.7250555558211642,0.8868237778347936,2.3452979691420444,1.4930939860296517,0.8616100436936829,1.044097833843626,1.8068889540965478,1.1217024379965435,0.7882985825011746,1.533081259768853,1.0371301397748751,1.1276176379919114,55.0,0.9011502480675103,1.3727821315471318,1.0129134573058,0.7457652659904122,1.1503113439780854,1.156115521489804,1.3589553538604855,0.8084775275213121,1.169279508217048,1.4877227308086445,0.7414975531283563,1.018001155566437,0.8986010672946436,1.1504626921726642,1.4220141668793207,1.1955873812193674,1.0365410343476165,0.8421055505510029,1.137846760820081,1.0977368009847874,S1_Rural_Overhead_AC_500MW,Overhead,AC,460,Advanced Aluminum Conductor,100,0.6207766444843554,LCC Converter,0,False,0,,,51.85650698874375,0.0270345074420253,55.0,20251111_112618_806031,2025-11-11T11:26:20.322639,118150435.42983958,121289098.26597948,118150435.42983958,25514206.539131157,92636228.89070845,0.0,236300.87085967915,12996547.897282353,750139.828541214,600000000.0,33000000000.0,1904706891.207347,3273702.9654224487,3314485.7071312354,378321.9661308591,842940.7400437082,80502.77612759275,2350259.449251148,37129144.35755125,38299349.39783437,8366703.686982266,3417023.145430035,33712121.21212121,237880000.0,0,122794081.12346512,1119879780.2653265,81585993925.79305,23362290650.97777,0.2239759560530652,45757520.25402763,2516663613.9715195,769469831.7184681,2.809630345865513,9615653.498636993,528860942.4250346,30525002.47052652,21165540.622134097,450000.0,24750000.0,1428530.1684055098,1285677.1515649597,200023277.76388517,101034580.5603136,8876275.000119524,4483531.77490523,1780758.133004512,97941697.31524816,5653037.145845372,1210779075.988197,380203727.232447,22014165.01796722,2153891.258493211,118464019.2171266,27468827.184056763,0.001192040205298372,0.2518098942722918,0.0008375522840172943,0.011949756478961415,sample_0279
1.0627609873255395,10.0,0.5362336629750195,0.8973065577819022,0.331261570461749,1.4670028611310628,0.5799297862971853,0.6713918122007944,1.1422769832804738,1.90611162610066,0.7529745170232005,1.6994089436607773,1.0689133618658764,0.970151109685613,44.0,0.797577580618529,1.0347941994613274,1.1861247269733501,0.7314034678031226,1.4746215256917494,1.1302974799349585,1.4674281346360596,1.4883318309059996,0.7474230965063048,0.9189254855881903,1.3313685363148533,0.8756777743307045,0.8252395858359276,0.9052134574069031,1.4808224367067553,0.6669589574434652,0.6266078337516295,1.0411887601254048,0.8382363885144613,1.6629817061485042,S1_Rural_Overhead_AC_500MW,Overhead,AC,460,Advanced Aluminum Conductor,100,0.6281145904473314,LCC Converter,0,False,0,,,53.44566809329382,0.0239273274185558,44.0,20251111_112620_621226,2025-11-11T11:26:22.133351,96638402.425221,98530543.8036768,96638402.425221,20868752.198149305,75769650.2270717,0.0,193276.804850442,8504179.413419448,2382201.4742186004,600000000.0,26400000000.0,7395201331.257371,3276061.7625296675,3305451.1919699847,1214847.2845179224,826707.5560320143,41423.69006767694,2407930.516429976,36651973.05965337,37504202.8334416,22405430.07926279,2939851.8475321606,33712121.21212121,125200000.0,0,98786312.44230647,158177399.89548513,8688962517.922003,4006828457.446099,0.031635479979097,25525853.2192763,1123137541.6481574,537753241.3063542,1.5673535499921434,4603501.370373714,202554060.2964434,56739699.104388066,37454908.68066437,450000.0,19800000.0,5546400.998443029,4991760.898598725,42674291.70846129,33256320.055668052,4741305.148338759,3694926.270175834,794784.18419888,34970504.10475072,9795981.761749769,1014680830.7254412,497449137.78505874,23060927.971032757,1631226.4277333275,71773962.82026643,30753910.36986251,0.004890492711915585,0.5179343413058779,0.0033327681116615574,0.007603674653494823,sample_0280
1.091886654278397,20.0,2.8275964644540084,0.9582686624503562,0.6021528922978581,0.881683999568102,1.1937226609428944,1.579716748903501,1.3677961664564928,0.8011612175331376,1.0289636869109327,0.8130922061304637,0.8556543897938759,1.297185384319691,55.0,1.3225928776419105,1.3812710986674919,1.1783209130419057,0.9736011883333349,1.0789753243587323,0.9698139677887522,1.2415678778713342,0.879909913815123,1.4614700100429996,0.9736377040637152,0.7078762184645565,0.9615746099831862,1.3893435304205741,1.2027864868505294,1.2132928867012955,1.796029227409429,1.0692517630467249,1.1721501655350086,0.94548205043191,1.2457522360887092,S1_Rural_Overhead_AC_500MW,Overhead,AC,460,Advanced Aluminum Conductor,100,0.6707880637152493,LCC Converter,0,False,0,,,42.7827194896938,0.0396777863292573,55.0,20251111_112622_458284,2025-11-11T11:26:23.953828,92917655.17866594,102920875.73199576,92917655.17866597,20065268.796813197,72852386.38185273,0.0,185835.31035733188,10220942.069653254,542886.505610696,600000000.0,33000000000.0,1752798769.7283509,3459235.5077638505,3682689.526146909,439616.1714994669,1100464.3734797996,71084.42500871011,2287686.7092753407,37642986.01308997,42499523.40009605,8572803.186109312,3930864.800968761,33712121.21212121,250400000.0,0,130012272.40902798,287528006.07222724,20947121798.507957,3175105779.8706336,0.0575056012144454,68737630.59141366,3780569682.527751,628829672.6366005,4.220668684412158,7816160.973831145,429888853.560713,22833595.56488331,19120431.846534956,450000.0,24750000.0,1314599.0772962628,1183139.169566637,156558355.88757008,75330294.27939652,10272418.409004305,4942721.181021435,0.0,0.0,0.0,1112700249.7872536,192421116.31196463,20230913.63249552,2195597.4375845743,120757859.0671516,29607048.76748006,0.003964230950572491,0.23690941806959778,0.0033330874552662533,0.010556194721859383,sample_0281
0.7933130716035842,11.0,1.1794079428996271,0.8761494596125385,0.7088769666732696,1.1224136836941883,1.0291716873906795,1.0140770765208769,1.1118027802300685,0.8789496542647031,1.0514897085869304,1.6608259403542804,1.2189604809374344,1.232324074160688,53.0,0.9560738026503426,1.155704219927555,1.053825753761358,0.8782445362205602,1.3130512860433057,0.8037465243249314,1.074242310845019,1.2236996760565506,0.757283943985061,0.8106657961382422,1.483591635059499,1.279998388733973,1.3585068325957323,1.4255310441103928,0.9931785931893264,0.9378823490255305,0.6333314298119894,1.2903564159353613,1.0363897163524407,1.9803754199108918,S1_Rural_Overhead_AC_500MW,Overhead,AC,460,Advanced Aluminum Conductor,100,0.613304621728777,LCC Converter,0,False,0,,,60.94802404687171,0.0286822140795102,53.0,20251111_112624_263230,2025-11-11T11:26:25.763814,104265034.60748596,108807889.81671932,104265034.607486,22515698.88936013,81749335.71812584,0.0,208530.0692149719,11052093.668393511,1773852.6828240615,600000000.0,31800000000.0,5103875971.945545,3633433.996250689,3712794.166082395,966788.200279803,992682.4606371789,32401.70155061907,2608349.834062891,37446436.58836572,39384556.576266065,18807943.523528785,3734315.3762445096,33712121.21212121,137720000.0,0,99262350.49558206,338488751.5864862,23506886527.574913,7978869022.84132,0.0676977503172972,35894633.261905104,1902415562.8809705,688704273.0564364,2.2040235202099963,5734323.886527407,303919165.98595256,48778796.4996677,32576178.38648555,450000.0,23850000.0,3827906.978959159,3445116.2810632423,55485608.32216519,38793379.8602521,5480733.574304832,3831915.804659375,0.0,0.0,0.0,1348554598.3265498,502200513.7633087,25444426.38351981,1639799.0127102868,86909347.6736452,26470138.854175765,0.0036111579630384054,0.4241115977123093,0.00247266178027141,0.008916015811831601,sample_0282
1.2085640519216585,9.0,1.6361946848932034,0.8777502642811141,0.6809468094570821,0.8457128588443279,0.6660670599392575,0.6956902172583228,1.1741235731023782,0.9132327598015784,0.9725416953869924,1.8043867857618106,0.9649428016332562,0.7017443439380385,47.0,0.9219793385284953,1.1159205914945582,0.7681945573197084,1.0012288109568446,1.2122263188020503,1.1651340309920688,1.0906565258541745,1.3773051057439258,1.1616062341055091,1.1838829587453708,1.0871329241004253,1.0022519707713644,0.9058754836973043,1.3914855153371792,1.329544096260438,0.7988725790683022,1.3093263329842237,1.0738124307300914,0.827497675332361,1.4870041941483256,S1_Rural_Overhead_AC_500MW,Overhead,AC,460,Advanced Aluminum Conductor,100,0.6144251849967799,LCC Converter,0,False,0,,,48.247140081662806,0.0276593801558548,47.0,20251111_112626_062215,2025-11-11T11:26:27.560737,93493585.46592064,99192079.79636627,93493585.4659206,20189639.09005586,73303946.37586477,0.0,186987.17093184125,8788397.033796538,1495432.1396759024,600000000.0,28200000000.0,4798507188.135388,3331811.21200221,3459333.8219763963,1043132.6459145872,1131691.9590512211,38430.35719314022,2161688.8957578484,35838619.224054664,38459009.26363338,19096500.247930773,2126498.01193345,33712121.21212121,112680000.0,0,83429198.19614747,325152101.5157567,19387631162.97474,7675449945.34896,0.0650304203031513,30574451.346102063,1436999213.266797,597572988.2108052,1.8773505608105103,2773909.450144093,130373744.15677238,22184374.05958852,14178535.778884802,450000.0,21150000.0,3598880.391101544,3238992.3519913875,26450958.6589153,18662408.80439322,4786287.6082019415,3376953.4462434133,265303.6458183464,12469271.35346228,2121769.085829767,949066807.65917,405583616.29208016,20192910.801258937,2501692.514254885,117579548.16997956,36618211.129905134,0.0018769953449895244,0.22689891937285064,0.00126797876836699,0.004719244853506741,sample_0283
1.036680067571887,9.0,1.2101025546027817,0.9726811326440642,0.9280925501375348,1.147712863058865,1.0328539907204237,1.685549337462366,1.2587365293604915,1.7033658266253804,1.0256485274050242,0.6671786814411248,0.9895656751584929,0.7823787752400135,46.0,1.1521890878652963,0.8434204799743601,1.246945455242813,1.4545579950836065,1.2624114337929218,0.9507421607721878,0.7408946337596016,1.3105771595278761,1.1592154687449254,1.0373105525085933,1.4171328011411242,1.0101846610718725,0.9573350618510175,1.3261202138637043,0.9563261272744298,1.9935431007084987,0.7390514778818222,1.0195453773636796,1.2003875737048517,0.8364694066480973,S1_Rural_Overhead_AC_500MW,Overhead,AC,460,Advanced Aluminum Conductor,100,0.6808767928508449,LCC Converter,0,False,0,,,49.47828375792464,0.0345656726359588,46.0,20251111_112627_858144,2025-11-11T11:26:29.381819,121291553.27406286,126716826.8593764,121291553.27406286,26192520.83522069,95099032.43884216,0.0,242583.1065481257,11158822.901213782,4705116.037731033,600000000.0,27600000000.0,11637535947.205606,3860622.901625829,3995624.3561831582,2211103.271981228,1644091.3095945006,31358.933706487736,2185172.65832484,36082965.985575795,38012000.80703801,27105642.276095107,2370844.7734545865,33712121.21212121,112680000.0,0,97946895.26349692,443164192.69067293,25723857973.45792,8529804602.601969,0.0886328385381345,76296881.55031568,3509656551.3145213,1233379910.4573948,4.684826286664972,11052590.214765403,508419149.87920856,214374859.89010876,185769592.6189871,450000.0,20700000.0,8728151.960404202,7855336.7643637825,89503941.17648557,76504980.09443837,4594546.149571252,3927264.62204409,0.0,0.0,0.0,1099049595.0602243,399583554.47102344,23892382.501309223,1774592.0739993234,81631235.40396887,44779771.80881641,0.01005930211912603,1.4813460718654445,0.00873018990781989,0.017969583321958055,sample_0284
1.022225993400569,3.0,2.1267802950371433,0.8214269544234719,1.7759292327717766,1.0999054556469126,0.9297557890503474,0.8687946431424332,1.9818412848189253,1.4372556603197009,0.6333185015378441,1.7100282818503012,0.7698284550511996,0.9013694099449688,46.0,1.2402212801146213,1.300262632033683,0.7066865667264225,0.7921430640127092,1.237771900861139,1.4161075860173493,0.7387987395923723,0.7396184161339221,0.8920626971447759,1.0999586876192315,0.7213064721471536,1.2403374898172435,1.461012329735075,0.7848542580618268,0.7225781493229222,1.8763861401601827,1.1930197979698662,1.0100259626533068,0.8727721655871012,0.8517879229310638,S1_Rural_Overhead_AC_500MW,Overhead,AC,460,Advanced Aluminum Conductor,100,0.5749988680964303,LCC Converter,0,False,0,,,38.49142275255998,0.0372066384034386,46.0,20251111_112629_710074,2025-11-11T11:26:31.213364,73878010.57261771,79783786.42124334,73878010.57261774,15953718.778880024,57924291.79373768,0.0,147756.02114523543,6796776.972680829,1284014.1366872815,600000000.0,27600000000.0,5214058121.226088,3095055.321226417,3228467.3308338476,1154316.8238665578,895361.7056870926,15569.459222994385,2184124.15631633,36443543.666499905,39938897.390859224,26589392.70672749,2731422.454378694,33712121.21212121,37560000.0,0,32201260.947181728,848006208.6485233,49223271265.310074,18235903524.657833,0.1696012417297046,71813050.35621051,3303400316.3856835,1302306163.7953448,4.409507429376429,6516900.699444063,299777432.1744269,56632498.361933865,37263863.5877843,450000.0,20700000.0,3910543.590919568,3519489.23182761,34953330.94959259,27678711.72215467,2307051.1327667143,1826898.9391657556,1328553.2771316045,61113450.74805381,11545256.673515957,676564880.7677941,276647422.5411521,14707932.19060422,2353401.6821115795,108256477.37713264,28214955.380292986,0.002399332256366772,0.595768718452739,0.001616252021480558,0.01063076539215624,sample_0285
1.166408320330898,11.0,0.551329530441146,0.9678947148576694,0.306691479702797,1.4965838735616341,1.1393054830974574,1.590069743528314,1.8220080796252367,0.9869620527501823,0.8534701261011612,1.1208398537284028,1.2764953521840843,1.1257613270135955,49.0,1.2103192780937704,0.9371910432225219,0.885804479556827,1.4596266568293852,1.3817174723661276,0.8188086745726807,1.2111750737633422,1.216892408084913,0.9896709056048574,1.0587175792714227,0.9300780576355543,0.9941033659694009,0.7741261465837778,1.2572355856128847,0.7418565346085144,1.0192143184757052,0.878680705069281,1.0017010898014123,0.9046982143818246,0.7284056302828852,S1_Rural_Overhead_AC_500MW,Overhead,AC,460,Advanced Aluminum Conductor,100,0.6775263004003685,LCC Converter,0,False,0,,,63.824767609204216,0.0363095783428131,49.0,20251111_112631_514675,2025-11-11T11:26:33.056188,94373123.79445244,96273450.51851176,94373123.79445244,20379572.563357092,73993551.23109534,0.0,188746.24758890487,9248566.13185634,2204496.2602330763,600000000.0,29400000000.0,7007809548.726617,4193122.5758463657,4253456.079467741,1598806.1545245354,1649820.4333253354,33008.90703427333,2510293.235486757,37123519.17276847,38009551.38101834,21308316.198385056,3411397.9606472594,33712121.21212121,137720000.0,0,105571592.05956452,146445181.55808553,9201858650.739204,2641013040.9441695,0.0292890363116171,39007370.39670219,1911361149.4384072,587601792.1893451,2.3951536484179075,17025148.91194034,834232296.6850767,198848335.18931353,154272907.40376824,450000.0,22050000.0,5255857.161544963,4730271.445390469,180302607.5378915,136443960.78402558,5198098.288698516,3933659.799709987,169289.6641677198,8295193.54421827,1977249.5417587825,1499758173.4190552,477805458.83390814,30607309.66161337,1952619.338663333,95678347.59450331,37081844.527428284,0.018356801799407973,1.740311766522067,0.014300489401963759,0.025868364651614892,sample_0286
0.7076413999285877,14.0,2.9496339321368885,1.0768383099818388,0.7597494998820976,1.4997248933526959,0.5335181168298441,0.9960383717557955,1.1286728046863754,1.0813746099843065,0.7427670160698994,1.0735762486258311,0.704501807917642,0.9720095066918287,59.0,1.3413651825825217,1.1621733866458768,1.196622161714419,0.7509885868809882,1.0395987823262756,1.322461702671812,1.4019964301025425,0.8100640027809385,1.2703719301615513,1.3933347570389156,1.0548216273961368,1.1749424214323683,1.0076738956428202,1.2452725564497804,0.9545699237763154,1.3499253152788588,0.9516684349935152,0.9056270507205668,1.0122354896520418,1.3383393026747434,S1_Rural_Overhead_AC_500MW,Overhead,AC,460,Advanced Aluminum Conductor,100,0.7537868169872871,LCC Converter,0,False,0,,,35.225090395882106,0.0402409554774756,59.0,20251111_112633_354473,2025-11-11T11:26:34.855516,105258850.07307602,117106326.30208734,105258850.07307604,22730310.14287434,82528539.93020168,0.0,210517.70014615208,12420544.308622971,1555633.7047611696,600000000.0,35400000000.0,4433737506.198774,3278014.964333948,3458594.0643261764,761185.5014516688,848844.6754745715,67852.70474229712,2361317.5841170796,36657604.565732814,41627940.39078878,16312064.00857438,2945483.3536116024,33712121.21212121,175280000.0,0,119988931.97277844,362780386.1937016,28975617806.560898,5068406075.100051,0.0725560772387403,51664341.66635249,3048196158.314797,593670796.7564073,3.1723244909053183,5448676.098735698,321471889.82540613,40263332.63015547,31618181.10970421,450000.0,26550000.0,3325303.1296490813,2992772.816684175,102877062.35891671,65658712.408826075,7627335.269461599,4867955.999327472,1330408.35978069,78494093.2270607,9831135.738866735,1159230731.6355195,234858676.43701917,19647978.50229694,2045678.694316732,120695042.9646872,35560110.25367085,0.004077336675202952,0.3563139675387825,0.003237552847156503,0.008668506052996544,sample_0287
1.3592336745159816,12.0,2.1797641207477065,0.8810378648010165,1.1344093072545542,1.1826632700099977,0.9876123478765413,1.1915484989826581,0.6179367745122725,1.6408026452539386,1.1994232819683792,1.1349308654297385,1.3016317803996968,0.8153704957218467,57.0,1.365271474281514,0.8085371592388133,1.0574367596725418,0.7424791187790196,1.285140607073107,0.892201870898628,0.7096096396066913,1.1401063983208983,1.3874115064087225,0.7663849765079109,1.3759339671037822,1.3242473416747167,1.2485032554166806,1.3218662391482696,1.2062154739576525,1.7162721480199954,1.474809910195375,0.8463749717076761,0.863803187917604,1.9214312194327179,S1_Rural_Overhead_AC_500MW,Overhead,AC,460,Advanced Aluminum Conductor,100,0.6167265053607115,LCC Converter,0,False,0,,,65.08158901998485,0.0409581442284454,57.0,20251111_112635_156430,2025-11-11T11:26:36.659318,79107939.85599646,85595630.71812151,79107939.8559965,17083105.18728149,62024834.66871498,0.0,158215.87971199292,9018305.143583596,2727154.255558116,600000000.0,34200000000.0,10342151219.672016,3666983.85965936,3795385.247876653,1460763.7240094154,839226.3978926494,39237.41609690184,2788520.0456698085,36182940.89612681,39748624.324371494,24009176.317353755,2470819.684005596,33712121.21212121,150240000.0,0,123188445.23895273,541680444.2140497,41344730455.10145,8131339910.638793,0.1083360888428099,65685167.649021275,3744054555.9942126,815574864.5434107,4.03323954784699,5672599.43922712,323338168.03594583,97778135.3485226,75583850.59428163,450000.0,25650000.0,7756613.414754014,6980952.073278612,44451700.73675438,35296042.51248136,6380893.854336468,5066629.555617208,0.0,0.0,0.0,1560639500.2302206,353881228.6789806,27379640.35491615,2712684.075199103,154622992.28634888,70771256.43369856,0.005280810360472586,1.0091498208498402,0.004131426572258508,0.00956133366472326,sample_0288
0.8574639844653319,16.0,0.865564217564625,0.8370427449515403,2.7014807647268024,0.8285086893771376,0.8367070687655493,0.7458526316740386,1.3041875459012555,0.6775152488772648,0.9977762507649923,1.574483050500524,1.1129334481351243,1.394309379748664,48.0,1.2934590289158028,0.8585821887686025,1.353402323193456,1.1636279815975834,1.1660465007105267,0.9080667539149208,1.420610578675591,1.3028357955189906,0.7965156808191786,0.9515953747333248,1.4192411920030321,1.091128316155468,1.385473943805215,1.2523716650235848,1.3150413588041538,0.7781336629118965,0.999007685365747,0.847789783095625,1.078565554222852,1.1899474657170508,S1_Rural_Overhead_AC_500MW,Overhead,AC,460,Advanced Aluminum Conductor,100,0.5859299214660781,LCC Converter,0,False,0,,,55.64667240675622,0.038803770867474,48.0,20251111_112636_988387,2025-11-11T11:26:38.489278,122646934.35080151,126546377.77657236,122646934.35080151,26485211.019605793,96161723.33119574,0.0,245293.86870160303,11774105.697676947,4297702.112395321,600000000.0,28800000000.0,10512375548.098404,3457644.540268218,3533979.1353276186,1648093.3147205994,1315252.233745147,53246.83307562207,2089145.4734474488,37937301.15075353,39364666.47547784,24062817.999802195,4225179.938632316,33712121.21212121,200320000.0,0,160947309.81217203,1289957065.157048,78974535437.98836,17454846972.178135,0.2579914130314096,29780731.5469641,1429475114.2542768,338890707.4916321,1.8286141078429567,3295888.8278944553,158202663.73893386,57746035.20601396,39562004.47291887,450000.0,21600000.0,7884281.661073802,7095853.494966422,48932062.08620452,38857343.42204393,7589503.897904081,6026885.988255618,122769.9796915002,5892959.02519201,2151006.8875824404,1047250376.3308012,257909360.0903978,21817716.17355836,2106036.2385413274,101089739.44998372,56300378.205128506,0.002264601119725519,0.4423784706010162,0.0016099486097568162,0.005866542093256668,sample_0289
1.1586492105507444,19.0,0.5704780303734766,1.037549554209856,2.1187514952441497,1.201136232987035,0.5508095315512691,1.6145477079503157,1.739366502851423,1.1041824172793686,0.6589932352263858,1.4499449166000222,1.2814662829717514,1.118336482419528,51.0,0.9732811023606656,0.9820846747362215,1.0092049234125737,0.8977472437398896,1.0051814330025757,1.3634390837455392,0.900705307916233,1.3728497571656866,1.2723675042492082,1.4572098795691164,0.982645694160277,1.1964656189783276,1.395142513702509,1.4809659469370509,1.4612838633968988,1.7653958335213746,0.679971730451592,0.9532397607655394,1.2759715917790249,1.5116201704662247,S1_Rural_Overhead_AC_500MW,Overhead,AC,460,Advanced Aluminum Conductor,100,0.7262846879468992,LCC Converter,0,False,0,,,64.07331414858757,0.0291984330708199,51.0,20251111_112638_790841,2025-11-11T11:26:40.296539,154025439.8741051,157235779.18333778,154025439.8741051,33261298.368740015,120764141.50536507,0.0,308050.8797482102,15710594.86715872,2535796.1894554365,600000000.0,30600000000.0,4939046805.8940935,3010286.525514041,3048708.929269896,784412.4202949894,1014726.4300453904,94939.15554471286,1900620.939923938,37101019.64369554,38017773.95506173,14807904.458471743,3388898.431574328,33712121.21212121,237880000.0,0,155241252.3213962,1011703838.9790816,66881529216.62017,18519219180.66307,0.2023407677958163,67565229.34053005,3445826696.3670325,1013902856.3648696,4.148680208775231,7174694.921369459,365909440.9898424,59060256.72442397,41933432.92228981,450000.0,22950000.0,3704285.1044205665,3333856.5939785102,237650201.62188655,153270356.29695085,8806715.113668064,5679811.563657999,5500083.002499882,280504233.127494,45275278.97608235,1728650076.7436728,523490881.5787687,33895099.543993585,1699265.3960257797,86662535.19731477,32747858.377857637,0.002455574079733623,0.3700352075772978,0.001771018787949821,0.010414057218246474,sample_0290
1.3172224322628767,12.0,1.982965962037188,0.8326598591303563,2.7708738992192865,1.2030929940640362,0.7415287328717121,1.2060471147740268,0.6534105869179859,0.761277583966839,1.4395117817624032,1.5221963757218302,1.048333098598225,1.199895437860545,59.0,1.0827752533575579,0.9125521670607958,1.0854050752899884,1.1722859124709653,0.9902754990128493,0.9306567419386143,0.8698189089099826,1.438966970823189,0.8914948328466681,0.9714134790529547,0.94616876144972,0.8517629342424329,0.8953803541948889,1.475284993897829,1.1355708390259542,1.9956348110681967,1.4579679620892168,1.1796455271111899,1.228251390790768,1.0197769301415247,S1_Rural_Overhead_AC_500MW,Overhead,AC,460,Advanced Aluminum Conductor,100,0.5828619013912494,LCC Converter,0,False,0,,,52.41665492991125,0.0324832576007267,59.0,20251111_112640_597072,2025-11-11T11:26:42.127900,128804628.03569464,138379713.00576904,128804628.03569467,27814945.166665807,100989682.86902882,0.0,257609.25607138927,15198946.108211968,3580127.9546083594,600000000.0,35400000000.0,8338507728.812883,3580154.8025783664,3763314.0648885937,1394078.7992400415,1325038.319247485,40928.59140729309,2214187.891923588,37348167.9935168,40663036.29409897,22585070.06285398,3636046.781395592,33712121.21212121,150240000.0,0,118071316.08408502,1323092286.8772092,105676651457.37209,27368564327.351013,0.2646184573754418,76376935.48920204,4506239193.86292,1275678709.9691372,4.689741806010263,4492455.249215803,265054859.70373237,62433954.69488661,43426606.78317918,450000.0,26550000.0,6253880.796609662,5628492.716948695,47725604.720438145,36145848.29595057,6292334.682916734,4765613.263746791,0.0,0.0,0.0,1203844595.787717,351868599.5250803,20404145.69131724,2691210.5913637513,158781424.89046133,61589725.28491276,0.001821400206985735,0.4495754515706727,0.0013007975538012167,0.007575324408728365,sample_0291
0.7394594389419673,11.0,1.272098184549661,1.0797568930226042,0.8312345116383556,0.732137115914925,0.7330560946562519,1.6534759279461368,1.627642613689904,1.7299977523696288,0.8402634893750809,1.0295045070461994,1.0715134117315035,0.8263230253942333,58.0,1.0998134286286882,1.1718714293598294,1.0933504199128268,1.3040301213478624,0.9941289010608949,1.2104841954105199,0.7573025638659554,1.1074518442505212,1.1553117113045164,1.3923773406905082,0.9586419083055373,1.3388870308011194,1.3799926173979629,1.2904932921708765,1.0314559232827403,0.5021892568419244,0.9376882667559837,1.1166666447190732,1.0849009300445263,0.9415076877956222,S1_Rural_Overhead_AC_500MW,Overhead,AC,460,Advanced Aluminum Conductor,100,0.755829825115823,LCC Converter,0,False,0,,,53.57567058657517,0.0329944028588606,58.0,20251111_112642_426838,2025-11-11T11:26:43.947352,114961797.3125668,120373494.95159072,114961797.31256673,24825630.39290989,90136166.9196569,0.0,229923.5946251336,13335568.488257747,1968061.9836542103,600000000.0,34800000000.0,5135780832.401115,3683191.2630576175,3810696.330135393,1137175.9282367844,1473949.1977659173,48798.652864316085,2160443.412427384,36216130.37998252,38253297.02096731,18181592.497020584,2504009.167861313,33712121.21212121,137720000.0,0,99243768.8855925,396914479.3073148,30995075367.953365,8448800597.516764,0.0793828958614629,19219787.23785413,1114747659.7955396,331594594.25871617,1.180144753578522,6475988.165557744,375607313.6023491,55432093.152546555,44018575.205436274,450000.0,26100000.0,3851835.6243008375,3466652.061870757,87050380.63659742,60694289.09261718,5522444.183047348,3850423.4133446426,1478679.9046920356,85763434.47213806,12656959.852956789,1739972864.095598,534652148.36763954,29999532.139579277,2027853.9798138791,117615530.829205,33127155.935846917,0.004006577920747376,0.441492992311309,0.0032091878365045983,0.009853960080504844,sample_0292
0.7167932329881008,6.0,1.161141564645387,0.9042926173361885,1.8252511117268313,1.2207349933376865,0.6102779802187273,1.7496299014629242,0.7546836422425269,1.248194400283853,1.3682413442848373,0.7661869047303914,1.325774112483224,0.9072663544623103,46.0,0.9490848806799406,1.3654180367874327,1.3809200217173196,0.7790414039390067,1.200263798374863,1.085867972140513,1.0039910482296346,1.1473719753124767,1.3284329238429897,1.2058303336145955,0.8205718520093941,1.4785403526332361,1.4376294701342527,1.2625666254517882,1.4441849398236561,0.9410489528148446,0.6800594613358732,1.29681639911384,1.1311403120464734,1.866542082938347,S1_Rural_Overhead_AC_500MW,Overhead,AC,460,Advanced Aluminum Conductor,100,0.6330048321353319,LCC Converter,0,False,0,,,66.28870562416121,0.0284725464203982,46.0,20251111_112644_270827,2025-11-11T11:26:45.787234,123345766.87870292,128634980.83007471,123345766.87870292,26636121.65644155,96709645.22226135,0.0,246691.53375740585,11347810.552840669,2427719.2796361893,600000000.0,27600000000.0,5904667848.123853,2979873.5895383707,3049135.402733294,1061424.323268587,880552.8596037864,23877.24955466793,2075443.4803799165,36461413.195340335,38326443.3465907,23429084.876104064,2749291.9832191225,33712121.21212121,75120000.0,0,60589005.18255627,871557405.8495619,50590321360.72986,21824417651.82821,0.1743114811699123,36015825.52212974,1656727974.017968,750181093.4210676,2.211465039114885,7172492.476372551,329934653.9131374,70585309.52691202,59769001.56173975,450000.0,20700000.0,4428500.886092888,3985650.7974835983,41554425.55890417,32372052.01294575,3222513.7040904243,2510427.7062709243,34906.8472792275,1605714.974844465,343522.2313483736,1329940724.0014932,619355355.4278753,28911754.869597677,1699377.2529032384,78171353.63354896,24666727.87858872,0.0025541513604396323,0.507411390512762,0.0021707873678342734,0.011039935447770356,sample_0293
1.2709513737958837,10.0,1.229910392750272,0.9366241124580958,0.801815336619277,1.129768692566347,0.9807450350421499,0.7196675595721278,0.7387833056098057,0.5384957112606648,0.5785854931301508,1.7776343497702574,1.1525560735251554,1.1298921322049467,54.0,0.7613747929356354,0.9290125405969517,1.3775913707752943,1.389722242864286,1.1848322900208088,1.2649750768149235,0.7540155340289358,0.9867489813397773,0.7505431478635536,1.1453764279814864,0.7835431915120293,1.185748846529528,0.9468314968764879,1.3374521636778454,1.0274679332775356,1.8690743193853059,1.2603655508840987,1.0285138048933238,1.2808349675241684,1.5543710682232301,S1_Rural_Overhead_AC_500MW,Overhead,AC,460,Advanced Aluminum Conductor,100,0.655636878720667,LCC Converter,0,False,0,,,57.62780367625777,0.022841243788069,54.0,20251111_112646_094103,2025-11-11T11:26:47.592708,114948286.41586554,120175876.88997789,114948286.41586556,24822712.7582206,90125573.65764494,0.0,229896.5728317311,12414414.932913478,4295102.193120553,600000000.0,32400000000.0,11209655212.03558,4016447.681451268,4147632.9392821984,2012270.503533709,1570807.262389026,46359.41993636268,2399280.9991258793,37136036.764257416,39145475.70285233,26333030.0416292,3423915.552136202,33712121.21212121,125200000.0,0,105886225.53722817,382866823.2357047,27237546620.008747,11441240575.875256,0.0765733646471409,71533212.35151441,3862793466.981778,1712411406.9735672,4.3923246505554685,2543547.348671435,137351556.82825747,47520481.32349004,30625673.339839667,450000.0,24300000.0,8407241.40902669,7566517.268124016,24283837.992446944,20162271.424007703,5053459.676737622,4195762.863528945,0.0,0.0,0.0,1425262020.4508655,646263410.3497483,26393741.11946047,2439267.517077226,131720445.9221702,62701976.23253001,0.002206212619720548,0.3903016451652326,0.0015065890184202458,0.004585572561257931,sample_0294
0.934954494930859,4.0,1.4179500674333223,1.0076523452522552,1.5028552141504,1.372891395515806,1.0372745069033107,1.8628799266206815,0.7320845119419106,0.7750631425123796,0.6991833380021345,1.2971351115310037,1.4637041055638331,0.8932023808106013,50.0,1.3029216490921816,1.2331482566144203,0.7767129649377905,0.9807914421352175,1.3156477137026807,0.9132624802843621,1.4533639168984975,1.2211401459409394,0.7906691891696696,1.423433795214786,0.8684037591460597,1.1070762985625846,0.92797622751312,0.8760686160249017,1.4535536305276193,1.5009635478759882,1.1649133696075182,0.9162933969141166,0.9923659689379819,1.8839096898581484,S1_Rural_Overhead_AC_500MW,Overhead,AC,460,Advanced Aluminum Conductor,100,0.7053566416765786,LCC Converter,0,False,0,,,73.18520527819166,0.0390876494727654,50.0,20251111_112647_894274,2025-11-11T11:26:49.397130,117074997.2082468,123234405.15142058,117074997.20824675,25281969.113970857,91793028.09427594,0.0,234149.9944164936,11707499.72082468,2256645.9610363557,600000000.0,30000000000.0,5782565060.468941,3602279.7272269903,3709717.47473739,1325469.446875583,1108591.5391407155,13387.874468556454,2480300.3136177184,36418795.09336546,38708203.20793768,25475937.65382293,2706673.8812442464,33712121.21212121,50080000.0,0,42062223.87877304,717613364.7568159,46259641070.27049,15196512751.182844,0.1435226729513631,57444876.904309824,2872243845.2154913,1018421155.9949,3.527264337508573,7592361.488265748,379618074.4132874,73172207.11415917,54189359.30696022,450000.0,22500000.0,4336923.795351705,3903231.415816535,36519074.614323825,29155577.093559302,2438077.530344995,1946477.5092676408,0.0,0.0,0.0,1857195811.9682696,684251855.0789812,37143916.23936539,2317565.985949586,115878299.2974793,30572010.698396716,0.003380011109610022,0.5387202389564574,0.0025332963965013274,0.01153978732471479,sample_0295
0.8749929370236232,1.0,1.6567238013970411,1.0646290788228008,1.8800061287087255,1.2456323918037369,0.6800278955358543,1.092221934899342,1.594961926478887,0.9090563164354839,1.1335624065159733,1.4769791327690114,0.7641878750438073,0.8405063466125241,53.0,0.9898652746269063,0.7607233675936154,1.203957588205939,1.1294607007596713,1.101622426086389,1.3564320202513471,1.397214098884744,1.3224942678852443,1.283041658964836,1.3031240730923248,1.1606292971444323,1.0426873563035237,0.7118395346699533,1.2633532770841933,0.8320756391012225,1.3165985855058024,1.4650490196788402,0.8605677989384024,0.8388764275396531,0.9814527921973537,S1_Rural_Overhead_AC_500MW,Overhead,AC,460,Advanced Aluminum Conductor,100,0.7452403551759605,LCC Converter,0,False,0,,,38.209393752190365,0.0296959582388071,53.0,20251111_112649_699178,2025-11-11T11:26:51.217965,99141835.84863669,105262706.36624524,99141835.84863669,21409360.594467245,77732475.25416945,0.0,198283.67169727336,10509034.59995549,5699401.307636665,600000000.0,31800000000.0,17246204668.8488,3489233.827287851,3634998.052743671,2441860.6101413304,1276632.8526768407,4971.117834218119,2207629.856776792,36259110.141250074,38939661.09210625,34550785.22664301,2546988.929128861,33712121.21212121,12520000.0,0,12228034.352401411,897702926.4584165,62342399057.05749,27017611611.247135,0.1795405852916833,50388861.06447808,2670609636.417338,1237017261.9056733,3.094006675938636,6643638.47154756,352112838.99202067,190962581.37691176,134553031.81023115,450000.0,23850000.0,12934653.501636608,11641188.151472945,20753914.11389401,19787547.39352204,1195525.7106286683,1139858.3192267185,2131862.1190036936,112988692.30719575,61277550.71683899,1111317226.5139346,530044585.8000107,20968249.55686669,2700238.9397905213,143112663.80889764,80709016.39263245,0.0043992810281894895,1.497763331921395,0.0031542823947150575,0.011269258700235799,sample_0296
1.3070789671476593,19.0,0.7400560153010842,1.035320359158381,0.7886134765836239,0.8087494532734368,0.9624849657664487,1.80282464927835,1.157509779161744,1.8450630154075824,1.1792160917138368,0.9199022362523204,0.9290363397079524,1.2273479950409043,56.0,1.162523081925369,1.2633471924406336,0.8557382250697042,0.9919420216145951,1.2972934465175094,1.1888485308193553,1.2743618731855755,0.7132752092283159,1.0604879689769793,1.2499641959062342,1.3178447366784845,0.9489723289316472,1.4423960187640934,1.4676181859220616,0.8728179751970283,1.7565839693188594,0.7635548278457667,0.9823728594655021,1.1607203114240674,1.911766591526481,S1_Rural_Overhead_AC_500MW,Overhead,AC,460,Advanced Aluminum Conductor,100,0.7247242514108667,LCC Converter,0,False,0,,,46.45181698539762,0.034875692457761,56.0,20251111_112651_540021,2025-11-11T11:26:53.082518,113448196.7540864,116525133.36594146,113448196.75408638,24498773.220303483,88949423.53378293,0.0,226896.39350817283,12706198.036457678,801561.4473798372,600000000.0,33600000000.0,2119632053.1669388,3902821.721143763,3958217.7215664014,500159.2383346886,1121195.072915891,82782.04500086558,2698844.6032270067,37431357.56073001,38634396.5051367,9013912.699034736,3719236.348608801,33712121.21212121,237880000.0,0,126065415.8521909,376562935.06868047,28084433452.359795,5724470453.530461,0.0753125870137361,67227981.67377138,3764766973.731198,836111735.1099108,4.127972327899319,7945418.475652501,444943434.63654006,28068939.461363085,22904803.425415296,450000.0,25200000.0,1589724.039875205,1430751.6358876843,119934198.66338764,62209380.58413789,8883025.206885489,4607589.011242747,0.0,0.0,0.0,1371903666.1895244,315310201.3058676,24498279.753384363,1805833.8452033529,101126695.33138776,24103695.615760185,0.003176712934483301,0.24120133612416964,0.002606559548033716,0.010685141482188139,sample_0297
1.1213053172995844,1.0,2.5633624679439606,0.8520997477898822,0.40219632567689195,0.8308602038171278,0.7796433929680244,0.7324702112148058,0.8470763592259353,1.9239503724500353,0.7959967658691034,0.756089835336786,1.1195417282211941,1.3169408332351595,42.0,0.8668175380100898,1.3322795034418582,1.390363459210599,1.0959513310326379,1.1391742072649815,0.889424880648276,0.7520760407379545,1.2677771622497152,0.9852857537406525,1.4980659790030728,0.8995426486985325,0.7528325003493198,0.8588698474062915,0.8966291717622574,0.9036891277873434,1.3325715374638811,0.7329618313284092,0.8970254319201509,1.0742902352426429,1.0469458284020534,S1_Rural_Overhead_AC_500MW,Overhead,AC,460,Advanced Aluminum Conductor,100,0.5964698234529174,LCC Converter,0,False,0,,,55.97708641105971,0.0260045261403026,42.0,20251111_112653_379999,2025-11-11T11:26:54.890208,116726960.67917606,128063927.5097135,116726960.67917608,25206811.744862847,91520148.93431322,0.0,233453.92135835212,9805064.69705079,2957079.394667611,600000000.0,25200000000.0,7599990723.98143,3103323.631293927,3329234.873894915,1756347.1490668445,1238757.1105308302,3259.6074262303787,1861306.9133368663,37702851.00980351,42083146.87351192,33219511.26259675,3990729.797682302,33712121.21212121,12520000.0,0,11786036.885708382,192048745.51071596,9963294844.797035,5292582473.775819,0.0384097491021431,51000177.881817654,2142007471.0363417,1180886530.878061,3.131543113040121,2951062.517482327,123944625.73425771,37380079.59792496,31727539.952310745,450000.0,18900000.0,5699993.042986073,5129993.738687465,6613067.998990713,5733517.976548352,1603513.1105747824,1390242.9623458637,0.0,0.0,0.0,944602715.8774928,534300590.7695623,22490540.854226016,1766827.7746437215,74206766.53503631,26128216.947300833,0.002909349596940617,0.28397674413100177,0.002489119544480489,0.005169201862672194,sample_0298
1.0779908012240904,10.0,1.0393095845247422,0.8695056292567901,1.0538905719991938,1.0760099713476206,0.5437947012656729,1.2804357019925536,1.9654101668408503,0.5578949967353282,1.3056533229482554,1.7380948222655062,1.2360284291002885,1.2530165433937663,48.0,0.895916191610208,0.7120216995957402,1.36480445393645,1.1292080736879084,1.4352670451036853,1.1787312303865134,1.1882792294399882,1.457893123202446,1.1234729809479844,0.8056744545908605,0.7672526926276829,0.7039277534734157,0.9902013548212691,0.7416105194595244,1.2903308378546408,1.0401338716259558,0.9577939598171452,0.9849730080629477,1.1754916528722792,1.718745675962714,S1_Rural_Overhead_AC_500MW,Overhead,AC,460,Advanced Aluminum Conductor,100,0.6086539404797531,LCC Converter,0,False,0,,,61.80142145501443,0.0268774857483062,48.0,20251111_112655_191380,2025-11-11T11:26:56.707304,128842619.76829728,133776893.1877737,128842619.76829728,27823149.359133456,101019470.40916382,0.0,257685.23953659457,12368891.497756535,7463561.367676513,600000000.0,28800000000.0,17378321042.59878,3900183.231256685,3989665.068163397,2681833.28654119,1276347.3075320902,43198.71363725604,2580637.210087339,37509141.04058717,39213727.77659035,31707402.10245182,3797019.828465959,33712121.21212121,125200000.0,0,115225035.55175725,503232748.129615,30809221154.87621,12206294594.76738,0.100646549625923,39808003.53486858,1910784169.673692,795750413.0065899,2.4443145983209966,5046010.519897205,242208504.95506585,146151984.665174,95346783.10310072,450000.0,21600000.0,13033740.781949088,11730366.703754175,107614720.66319998,98276334.91587102,4967689.3130361345,4536612.609104507,5172853.805006211,248296982.64029813,149825856.88304436,1225499633.372725,524079359.6966028,25531242.36193177,2053488.73846686,98567459.44640929,69331088.5624025,0.005051536854778431,0.9752123768594779,0.003397943923895559,0.008599850084471361,sample_0299
1.178654962533501,8.0,2.073336541352047,1.0005320528134898,2.3601372612370497,1.3820378093640058,0.9723290557981952,1.6061632686457457,0.5458252281292006,1.683011650647648,1.3031106541213435,0.9025801250076722,0.802843249394591,1.4221413894713253,40.0,1.1083936540762849,1.1852125898945893,1.2511432584469993,0.9889447558454891,1.235302836644891,1.3836395836845792,1.1663236181555108,1.4971482493112067,1.014684029133194,1.4823030137107769,1.0539914063345779,1.2961332427842565,0.7374664315138724,1.1174967331509684,1.3802654812479938,1.7756559540101078,1.3621861456130304,1.1805066516598717,1.075565835827029,1.0011439406469007,S1_Rural_Overhead_AC_500MW,Overhead,AC,460,Advanced Aluminum Conductor,100,0.7003724369694428,LCC Converter,0,False,0,,,40.14216246972955,0.0332518096222885,40.0,20251111_112657_003347,2025-11-11T11:26:58.505488,132884275.54336768,143229920.67109746,132884275.54336771,28695931.92510591,104188343.61826175,0.0,265768.5510867354,10630742.043469416,2611626.876587307,600000000.0,24000000000.0,5896017867.971861,3063967.498668725,3226035.2982165636,1237132.731331023,1117807.2543344467,40566.63545474254,1905593.608879536,38021640.57415553,41547594.64184214,23364207.62078166,4309519.362034319,33712121.21212121,100160000.0,0,79242058.41632682,1126965542.2406912,55093258260.50587,20835050503.73695,0.2253931084481382,67957904.67187484,2718316186.8749933,1072753446.639012,4.172791491923753,7615448.565625354,304617942.6250141,74834701.35924633,61325838.53769824,450000.0,18000000.0,4422013.400978898,3979812.060881007,43937876.479858026,33020874.19300991,4533001.443608421,3406711.529510168,0.0,0.0,0.0,806815582.2780675,328988259.09310544,20170389.556951687,2569088.775356614,102763551.01426455,41110231.04296985,0.0027858554020606103,0.5032631984169659,0.0022954786866391397,0.012115275034994426,sample_0300
