project_name,construction_type,ac_dc,capacity_mw,conductor_type,line_length_miles,line_utilization,converter_type,number_of_converters,reconductoring,old_capacity_mw,old_conductor_type,old_ac_dc,baseline_electricity_price_per_mwh,social_discount_rate,construction_years,delay_years,project_lifetime_years,scenario_id,timestamp,row_type,component,annual_cost,nominal_total,pv_total
,Overhead,AC,394,Advanced Aluminum Conductor,100,0.6582118423796585,LCC Converter,0,False,0,,,61.58081798398924,0.03141409328947506,0.8345116840007385,16.0,60.0,20251110_162243,2025-11-10T16:22:44.577363,detail,conductor,132301.4397,7938086.381999999,2593267.6370015116
,Overhead,AC,394,Advanced Aluminum Conductor,100,0.6582118423796585,LCC Converter,0,False,0,,,61.58081798398924,0.03141409328947506,0.8345116840007385,16.0,60.0,20251110_162243,2025-11-10T16:22:44.577363,detail,converter,0,0.0,0.0
,Overhead,AC,394,Advanced Aluminum Conductor,100,0.6582118423796585,LCC Converter,0,False,0,,,61.58081798398924,0.03141409328947506,0.8345116840007385,16.0,60.0,20251110_162243,2025-11-10T16:22:44.577363,detail,structure,1604735.9792374736,96284158.75424841,31454758.84710629
,Overhead,AC,394,Advanced Aluminum Conductor,100,0.6582118423796585,LCC Converter,0,False,0,,,61.58081798398924,0.03141409328947506,0.8345116840007385,16.0,60.0,20251110_162243,2025-11-10T16:22:44.577363,detail,vegetation,874735.9792374736,52484158.75424841,17145879.22112663
,Overhead,AC,394,Advanced Aluminum Conductor,100,0.6582118423796585,LCC Converter,0,False,0,,,61.58081798398924,0.03141409328947506,0.8345116840007385,16.0,60.0,20251110_162243,2025-11-10T16:22:44.577363,summary,all,2611773.398174947,156706403.89049682,51193905.70523443
,Overhead,AC,394,Advanced Aluminum Conductor,100,0.7376411634556644,LCC Converter,0,False,0,,,46.69488958614263,0.02413600642582674,1.1210357922814507,10.0,57.0,20251110_162244,2025-11-10T16:22:46.293709,detail,conductor,132301.4397,7541182.062899999,1732077.274969078
,Overhead,AC,394,Advanced Aluminum Conductor,100,0.7376411634556644,LCC Converter,0,False,0,,,46.69488958614263,0.02413600642582674,1.1210357922814507,10.0,57.0,20251110_162244,2025-11-10T16:22:46.293709,detail,converter,0,0.0,0.0
,Overhead,AC,394,Advanced Aluminum Conductor,100,0.7376411634556644,LCC Converter,0,False,0,,,46.69488958614263,0.02413600642582674,1.1210357922814507,10.0,57.0,20251110_162244,2025-11-10T16:22:46.293709,detail,structure,1255740.3580570766,71577200.40925336,16440027.730493367
,Overhead,AC,394,Advanced Aluminum Conductor,100,0.7376411634556644,LCC Converter,0,False,0,,,46.69488958614263,0.02413600642582674,1.1210357922814507,10.0,57.0,20251110_162244,2025-11-10T16:22:46.293709,detail,vegetation,525740.3580570765,29967200.40925336,6882940.418408529
,Overhead,AC,394,Advanced Aluminum Conductor,100,0.7376411634556644,LCC Converter,0,False,0,,,46.69488958614263,0.02413600642582674,1.1210357922814507,10.0,57.0,20251110_162244,2025-11-10T16:22:46.293709,summary,all,1913782.1558141531,109085582.88140672,25055045.423870973
,Overhead,AC,394,Advanced Aluminum Conductor,100,0.5850362423598943,LCC Converter,0,False,0,,,37.2914639487112,0.0350636966497457,2.917888307722765,13.0,46.0,20251110_162246,2025-11-10T16:22:48.080862,detail,conductor,132301.4397,6085866.226199999,2656322.347472658
,Overhead,AC,394,Advanced Aluminum Conductor,100,0.5850362423598943,LCC Converter,0,False,0,,,37.2914639487112,0.0350636966497457,2.917888307722765,13.0,46.0,20251110_162246,2025-11-10T16:22:48.080862,detail,converter,0,0.0,0.0
,Overhead,AC,394,Advanced Aluminum Conductor,100,0.5850362423598943,LCC Converter,0,False,0,,,37.2914639487112,0.0350636966497457,2.917888307722765,13.0,46.0,20251110_162246,2025-11-10T16:22:48.080862,detail,structure,1334373.958114537,61381202.0732687,26791298.51392831
,Overhead,AC,394,Advanced Aluminum Conductor,100,0.5850362423598943,LCC Converter,0,False,0,,,37.2914639487112,0.0350636966497457,2.917888307722765,13.0,46.0,20251110_162246,2025-11-10T16:22:48.080862,detail,vegetation,604373.958114537,27801202.0732687,12134501.746999107
,Overhead,AC,394,Advanced Aluminum Conductor,100,0.5850362423598943,LCC Converter,0,False,0,,,37.2914639487112,0.0350636966497457,2.917888307722765,13.0,46.0,20251110_162246,2025-11-10T16:22:48.080862,summary,all,2071049.3559290739,95268270.3727374,41582122.60840008
,Overhead,AC,394,Advanced Aluminum Conductor,100,0.7510325263264925,LCC Converter,0,False,0,,,58.23740493920654,0.026139113142176106,0.6393979869846237,7.0,53.0,20251110_162248,2025-11-10T16:22:49.948666,detail,conductor,132301.4397,7011976.304099999,1892018.0457311168
,Overhead,AC,394,Advanced Aluminum Conductor,100,0.7510325263264925,LCC Converter,0,False,0,,,58.23740493920654,0.026139113142176106,0.6393979869846237,7.0,53.0,20251110_162248,2025-11-10T16:22:49.948666,detail,converter,0,0.0,0.0
,Overhead,AC,394,Advanced Aluminum Conductor,100,0.7510325263264925,LCC Converter,0,False,0,,,58.23740493920654,0.026139113142176106,0.6393979869846237,7.0,53.0,20251110_162248,2025-11-10T16:22:49.948666,detail,structure,1466088.4070117516,77702685.57162283,20966255.008209262
,Overhead,AC,394,Advanced Aluminum Conductor,100,0.7510325263264925,LCC Converter,0,False,0,,,58.23740493920654,0.026139113142176106,0.6393979869846237,7.0,53.0,20251110_162248,2025-11-10T16:22:49.948666,detail,vegetation,736088.4070117516,39012685.57162283,10526662.086804977
,Overhead,AC,394,Advanced Aluminum Conductor,100,0.7510325263264925,LCC Converter,0,False,0,,,58.23740493920654,0.026139113142176106,0.6393979869846237,7.0,53.0,20251110_162248,2025-11-10T16:22:49.948666,summary,all,2334478.253723503,123727347.44734566,33384935.140745357
,Overhead,AC,394,Advanced Aluminum Conductor,100,0.5987997903633367,LCC Converter,0,False,0,,,40.31463345480019,0.035932943193487214,2.517184779541875,8.0,51.0,20251110_162250,2025-11-10T16:22:51.881687,detail,conductor,132301.4397,6747373.424699999,2778265.7098890063
,Overhead,AC,394,Advanced Aluminum Conductor,100,0.5987997903633367,LCC Converter,0,False,0,,,40.31463345480019,0.035932943193487214,2.517184779541875,8.0,51.0,20251110_162250,2025-11-10T16:22:51.881687,detail,converter,0,0.0,0.0
,Overhead,AC,394,Advanced Aluminum Conductor,100,0.5987997903633367,LCC Converter,0,False,0,,,40.31463345480019,0.035932943193487214,2.517184779541875,8.0,51.0,20251110_162250,2025-11-10T16:22:51.881687,detail,structure,1362501.211457639,69487561.78433959,28611860.94466204
,Overhead,AC,394,Advanced Aluminum Conductor,100,0.5987997903633367,LCC Converter,0,False,0,,,40.31463345480019,0.035932943193487214,2.517184779541875,8.0,51.0,20251110_162250,2025-11-10T16:22:51.881687,detail,vegetation,632501.211457639,32257561.784339588,13282216.967862781
,Overhead,AC,394,Advanced Aluminum Conductor,100,0.5987997903633367,LCC Converter,0,False,0,,,40.31463345480019,0.035932943193487214,2.517184779541875,8.0,51.0,20251110_162250,2025-11-10T16:22:51.881687,summary,all,2127303.862615278,108492496.99337919,44672343.62241383
,Overhead,AC,394,Advanced Aluminum Conductor,100,0.5957758259136215,LCC Converter,0,False,0,,,62.98740444425845,0.026324423079462634,1.3250635369662014,7.0,54.0,20251110_162252,2025-11-10T16:22:53.756418,detail,conductor,132301.4397,7144277.743799999,3016697.714834834
,Overhead,AC,394,Advanced Aluminum Conductor,100,0.5957758259136215,LCC Converter,0,False,0,,,62.98740444425845,0.026324423079462634,1.3250635369662014,7.0,54.0,20251110_162252,2025-11-10T16:22:53.756418,detail,converter,0,0.0,0.0
,Overhead,AC,394,Advanced Aluminum Conductor,100,0.5957758259136215,LCC Converter,0,False,0,,,62.98740444425845,0.026324423079462634,1.3250635369662014,7.0,54.0,20251110_162252,2025-11-10T16:22:53.756418,detail,structure,1743052.1126020555,94124814.080511,39744551.05589191
,Overhead,AC,394,Advanced Aluminum Conductor,100,0.5957758259136215,LCC Converter,0,False,0,,,62.98740444425845,0.026324423079462634,1.3250635369662014,7.0,54.0,20251110_162252,2025-11-10T16:22:53.756418,detail,vegetation,1013052.1126020554,54704814.080511,23099310.181544628
,Overhead,AC,394,Advanced Aluminum Conductor,100,0.5957758259136215,LCC Converter,0,False,0,,,62.98740444425845,0.026324423079462634,1.3250635369662014,7.0,54.0,20251110_162252,2025-11-10T16:22:53.756418,summary,all,2888405.664904111,155973905.904822,65860558.95227137
,Overhead,AC,394,Advanced Aluminum Conductor,100,0.6350371128316724,LCC Converter,0,False,0,,,70.51161810496485,0.027305263409948155,1.5233352029028329,19.0,41.0,20251110_162254,2025-11-10T16:22:55.583222,detail,conductor,132301.4397,5424359.0276999995,1587094.2778801715
,Overhead,AC,394,Advanced Aluminum Conductor,100,0.6350371128316724,LCC Converter,0,False,0,,,70.51161810496485,0.027305263409948155,1.5233352029028329,19.0,41.0,20251110_162254,2025-11-10T16:22:55.583222,detail,converter,0,0.0,0.0
,Overhead,AC,394,Advanced Aluminum Conductor,100,0.6350371128316724,LCC Converter,0,False,0,,,70.51161810496485,0.027305263409948155,1.5233352029028329,19.0,41.0,20251110_162254,2025-11-10T16:22:55.583222,detail,structure,1233900.1235449063,50589905.06534116,14801923.773424804
,Overhead,AC,394,Advanced Aluminum Conductor,100,0.6350371128316724,LCC Converter,0,False,0,,,70.51161810496485,0.027305263409948155,1.5233352029028329,19.0,41.0,20251110_162254,2025-11-10T16:22:55.583222,detail,vegetation,503900.12354490627,20659905.065341156,6044809.523726082
,Overhead,AC,394,Advanced Aluminum Conductor,100,0.6350371128316724,LCC Converter,0,False,0,,,70.51161810496485,0.027305263409948155,1.5233352029028329,19.0,41.0,20251110_162254,2025-11-10T16:22:55.583222,summary,all,1870101.6867898125,76674169.15838231,22433827.575031057
,Overhead,AC,394,Advanced Aluminum Conductor,100,0.6073380711696149,LCC Converter,0,False,0,,,40.05262958935278,0.03890976787290651,2.2548952369227195,18.0,51.0,20251110_162255,2025-11-10T16:22:57.467423,detail,conductor,132301.4397,6747373.424699999,3958100.1910955226
,Overhead,AC,394,Advanced Aluminum Conductor,100,0.6073380711696149,LCC Converter,0,False,0,,,40.05262958935278,0.03890976787290651,2.2548952369227195,18.0,51.0,20251110_162255,2025-11-10T16:22:57.467423,detail,converter,0,0.0,0.0
,Overhead,AC,394,Advanced Aluminum Conductor,100,0.6073380711696149,LCC Converter,0,False,0,,,40.05262958935278,0.03890976787290651,2.2548952369227195,18.0,51.0,20251110_162255,2025-11-10T16:22:57.467423,detail,structure,1260521.618993169,64286602.56865162,37711387.51271578
,Overhead,AC,394,Advanced Aluminum Conductor,100,0.6073380711696149,LCC Converter,0,False,0,,,40.05262958935278,0.03890976787290651,2.2548952369227195,18.0,51.0,20251110_162255,2025-11-10T16:22:57.467423,detail,vegetation,530521.6189931689,27056602.568651617,15871767.731921129
,Overhead,AC,394,Advanced Aluminum Conductor,100,0.6073380711696149,LCC Converter,0,False,0,,,40.05262958935278,0.03890976787290651,2.2548952369227195,18.0,51.0,20251110_162255,2025-11-10T16:22:57.467423,summary,all,1923344.6776863378,98090578.56200323,57541255.43573243
,Overhead,AC,394,Advanced Aluminum Conductor,100,0.7236254286969174,LCC Converter,0,False,0,,,65.81002108413092,0.023386814279925065,2.764693792740797,2.0,59.0,20251110_162257,2025-11-10T16:22:59.305746,detail,conductor,132301.4397,7805784.942299999,2908908.5261426815
,Overhead,AC,394,Advanced Aluminum Conductor,100,0.7236254286969174,LCC Converter,0,False,0,,,65.81002108413092,0.023386814279925065,2.764693792740797,2.0,59.0,20251110_162257,2025-11-10T16:22:59.305746,detail,converter,0,0.0,0.0
,Overhead,AC,394,Advanced Aluminum Conductor,100,0.7236254286969174,LCC Converter,0,False,0,,,65.81002108413092,0.023386814279925065,2.764693792740797,2.0,59.0,20251110_162257,2025-11-10T16:22:59.305746,detail,structure,1305110.6360136643,77001527.5248062,28695435.705524277
,Overhead,AC,394,Advanced Aluminum Conductor,100,0.7236254286969174,LCC Converter,0,False,0,,,65.81002108413092,0.023386814279925065,2.764693792740797,2.0,59.0,20251110_162257,2025-11-10T16:22:59.305746,detail,vegetation,575110.6360136642,33931527.52480619,12644943.519654592
,Overhead,AC,394,Advanced Aluminum Conductor,100,0.7236254286969174,LCC Converter,0,False,0,,,65.81002108413092,0.023386814279925065,2.764693792740797,2.0,59.0,20251110_162257,2025-11-10T16:22:59.305746,summary,all,2012522.7117273286,118738839.99191238,44249287.751321554
,Overhead,AC,394,Advanced Aluminum Conductor,100,0.6927921864678,LCC Converter,0,False,0,,,67.06230369652457,0.024938557478638275,1.4276188054545338,7.0,49.0,20251110_162259,2025-11-10T16:23:01.105566,detail,conductor,132301.4397,6482770.545299999,1681765.1436568173
,Overhead,AC,394,Advanced Aluminum Conductor,100,0.6927921864678,LCC Converter,0,False,0,,,67.06230369652457,0.024938557478638275,1.4276188054545338,7.0,49.0,20251110_162259,2025-11-10T16:23:01.105566,detail,converter,0,0.0,0.0
,Overhead,AC,394,Advanced Aluminum Conductor,100,0.6927921864678,LCC Converter,0,False,0,,,67.06230369652457,0.024938557478638275,1.4276188054545338,7.0,49.0,20251110_162259,2025-11-10T16:23:01.105566,detail,structure,1711448.4755993232,83860975.30436684,21755276.41992498
,Overhead,AC,394,Advanced Aluminum Conductor,100,0.6927921864678,LCC Converter,0,False,0,,,67.06230369652457,0.024938557478638275,1.4276188054545338,7.0,49.0,20251110_162259,2025-11-10T16:23:01.105566,detail,vegetation,981448.4755993232,48090975.304366834,12475796.486423722
,Overhead,AC,394,Advanced Aluminum Conductor,100,0.6927921864678,LCC Converter,0,False,0,,,67.06230369652457,0.024938557478638275,1.4276188054545338,7.0,49.0,20251110_162259,2025-11-10T16:23:01.105566,summary,all,2825198.3908986463,138434721.15403366,35912838.05000552
,Overhead,AC,394,Advanced Aluminum Conductor,100,0.7156992986401762,LCC Converter,0,False,0,,,74.71771952454665,0.03014069741894467,1.9369587449043963,6.0,55.0,20251110_162301,2025-11-10T16:23:02.974972,detail,conductor,132301.4397,7276579.183499999,3368216.976974336
,Overhead,AC,394,Advanced Aluminum Conductor,100,0.7156992986401762,LCC Converter,0,False,0,,,74.71771952454665,0.03014069741894467,1.9369587449043963,6.0,55.0,20251110_162301,2025-11-10T16:23:02.974972,detail,converter,0,0.0,0.0
,Overhead,AC,394,Advanced Aluminum Conductor,100,0.7156992986401762,LCC Converter,0,False,0,,,74.71771952454665,0.03014069741894467,1.9369587449043963,6.0,55.0,20251110_162301,2025-11-10T16:23:02.974972,detail,structure,1692269.568028078,93074826.24154429,43082910.52292455
,Overhead,AC,394,Advanced Aluminum Conductor,100,0.7156992986401762,LCC Converter,0,False,0,,,74.71771952454665,0.03014069741894467,1.9369587449043963,6.0,55.0,20251110_162301,2025-11-10T16:23:02.974972,detail,vegetation,962269.5680280778,52924826.241544284,24498090.896118443
,Overhead,AC,394,Advanced Aluminum Conductor,100,0.7156992986401762,LCC Converter,0,False,0,,,74.71771952454665,0.03014069741894467,1.9369587449043963,6.0,55.0,20251110_162301,2025-11-10T16:23:02.974972,summary,all,2786840.575756156,153276231.66658857,70949218.39601733
,Overhead,AC,394,Advanced Aluminum Conductor,100,0.759417064995948,LCC Converter,0,False,0,,,39.49395212995412,0.040018865082599026,2.483740044499968,14.0,43.0,20251110_162303,2025-11-10T16:23:04.838294,detail,conductor,132301.4397,5688961.9070999995,1812326.8870553856
,Overhead,AC,394,Advanced Aluminum Conductor,100,0.759417064995948,LCC Converter,0,False,0,,,39.49395212995412,0.040018865082599026,2.483740044499968,14.0,43.0,20251110_162303,2025-11-10T16:23:04.838294,detail,converter,0,0.0,0.0
,Overhead,AC,394,Advanced Aluminum Conductor,100,0.759417064995948,LCC Converter,0,False,0,,,39.49395212995412,0.040018865082599026,2.483740044499968,14.0,43.0,20251110_162303,2025-11-10T16:23:04.838294,detail,structure,1156361.553332978,49723546.79331805,15840380.41471507
,Overhead,AC,394,Advanced Aluminum Conductor,100,0.759417064995948,LCC Converter,0,False,0,,,39.49395212995412,0.040018865082599026,2.483740044499968,14.0,43.0,20251110_162303,2025-11-10T16:23:04.838294,detail,vegetation,426361.5533329778,18333546.793318044,5840499.608048138
,Overhead,AC,394,Advanced Aluminum Conductor,100,0.759417064995948,LCC Converter,0,False,0,,,39.49395212995412,0.040018865082599026,2.483740044499968,14.0,43.0,20251110_162303,2025-11-10T16:23:04.838294,summary,all,1715024.5463659558,73746055.49373609,23493206.909818593
,Overhead,AC,394,Advanced Aluminum Conductor,100,0.6264638394580899,LCC Converter,0,False,0,,,54.24025056213618,0.021405875252249663,2.808288084715594,1.0,42.0,20251110_162305,2025-11-10T16:23:06.807291,detail,conductor,132301.4397,5556660.4673999995,1805861.893479637
,Overhead,AC,394,Advanced Aluminum Conductor,100,0.6264638394580899,LCC Converter,0,False,0,,,54.24025056213618,0.021405875252249663,2.808288084715594,1.0,42.0,20251110_162305,2025-11-10T16:23:06.807291,detail,converter,0,0.0,0.0
,Overhead,AC,394,Advanced Aluminum Conductor,100,0.6264638394580899,LCC Converter,0,False,0,,,54.24025056213618,0.021405875252249663,2.808288084715594,1.0,42.0,20251110_162305,2025-11-10T16:23:06.807291,detail,structure,1246513.8224824173,52353580.54426153,17014416.599100992
,Overhead,AC,394,Advanced Aluminum Conductor,100,0.6264638394580899,LCC Converter,0,False,0,,,54.24025056213618,0.021405875252249663,2.808288084715594,1.0,42.0,20251110_162305,2025-11-10T16:23:06.807291,detail,vegetation,516513.82248241745,21693580.544261534,7050207.704402658
,Overhead,AC,394,Advanced Aluminum Conductor,100,0.6264638394580899,LCC Converter,0,False,0,,,54.24025056213618,0.021405875252249663,2.808288084715594,1.0,42.0,20251110_162305,2025-11-10T16:23:06.807291,summary,all,1895329.0846648347,79603821.55592306,25870486.19698329
,Overhead,AC,394,Advanced Aluminum Conductor,100,0.638551143336161,LCC Converter,0,False,0,,,57.14125407870727,0.02237171759264814,0.9711786613128459,5.0,54.0,20251110_162307,2025-11-10T16:23:08.616332,detail,conductor,132301.4397,7144277.743799999,3929562.2111354973
,Overhead,AC,394,Advanced Aluminum Conductor,100,0.638551143336161,LCC Converter,0,False,0,,,57.14125407870727,0.02237171759264814,0.9711786613128459,5.0,54.0,20251110_162307,2025-11-10T16:23:08.616332,detail,converter,0,0.0,0.0
,Overhead,AC,394,Advanced Aluminum Conductor,100,0.638551143336161,LCC Converter,0,False,0,,,57.14125407870727,0.02237171759264814,0.9711786613128459,5.0,54.0,20251110_162307,2025-11-10T16:23:08.616332,detail,structure,1181255.1836264743,63787779.915829614,35085149.04911136
,Overhead,AC,394,Advanced Aluminum Conductor,100,0.638551143336161,LCC Converter,0,False,0,,,57.14125407870727,0.02237171759264814,0.9711786613128459,5.0,54.0,20251110_162307,2025-11-10T16:23:08.616332,detail,vegetation,451255.1836264743,24367779.91582961,13402993.355011873
,Overhead,AC,394,Advanced Aluminum Conductor,100,0.638551143336161,LCC Converter,0,False,0,,,57.14125407870727,0.02237171759264814,0.9711786613128459,5.0,54.0,20251110_162307,2025-11-10T16:23:08.616332,summary,all,1764811.8069529487,95299837.57545923,52417704.61525873
,Overhead,AC,394,Advanced Aluminum Conductor,100,0.7676786500937232,LCC Converter,0,False,0,,,72.07719237369398,0.02955400907124653,0.802896391195658,2.0,44.0,20251110_162308,2025-11-10T16:23:10.401797,detail,conductor,132301.4397,5821263.3467999995,2232221.0971059427
,Overhead,AC,394,Advanced Aluminum Conductor,100,0.7676786500937232,LCC Converter,0,False,0,,,72.07719237369398,0.02955400907124653,0.802896391195658,2.0,44.0,20251110_162308,2025-11-10T16:23:10.401797,detail,converter,0,0.0,0.0
,Overhead,AC,394,Advanced Aluminum Conductor,100,0.7676786500937232,LCC Converter,0,False,0,,,72.07719237369398,0.02955400907124653,0.802896391195658,2.0,44.0,20251110_162308,2025-11-10T16:23:10.401797,detail,structure,1687072.508643858,74231190.38032974,28464685.302606467
,Overhead,AC,394,Advanced Aluminum Conductor,100,0.7676786500937232,LCC Converter,0,False,0,,,72.07719237369398,0.02955400907124653,0.802896391195658,2.0,44.0,20251110_162308,2025-11-10T16:23:10.401797,detail,vegetation,957072.5086438579,42111190.38032975,16147953.114488507
,Overhead,AC,394,Advanced Aluminum Conductor,100,0.7676786500937232,LCC Converter,0,False,0,,,72.07719237369398,0.02955400907124653,0.802896391195658,2.0,44.0,20251110_162308,2025-11-10T16:23:10.401797,summary,all,2776446.456987716,122163644.10745949,46844859.51420092
,Overhead,AC,394,Advanced Aluminum Conductor,100,0.6700595265760518,LCC Converter,0,False,0,,,58.97816649276556,0.034300760689812144,0.5167044627284697,11.0,57.0,20251110_162310,2025-11-10T16:23:12.235582,detail,conductor,132301.4397,7541182.062899999,2757004.0267757764
,Overhead,AC,394,Advanced Aluminum Conductor,100,0.6700595265760518,LCC Converter,0,False,0,,,58.97816649276556,0.034300760689812144,0.5167044627284697,11.0,57.0,20251110_162310,2025-11-10T16:23:12.235582,detail,converter,0,0.0,0.0
,Overhead,AC,394,Advanced Aluminum Conductor,100,0.6700595265760518,LCC Converter,0,False,0,,,58.97816649276556,0.034300760689812144,0.5167044627284697,11.0,57.0,20251110_162310,2025-11-10T16:23:12.235582,detail,structure,1124043.6067619957,64070485.58543375,23423726.583335053
,Overhead,AC,394,Advanced Aluminum Conductor,100,0.6700595265760518,LCC Converter,0,False,0,,,58.97816649276556,0.034300760689812144,0.5167044627284697,11.0,57.0,20251110_162310,2025-11-10T16:23:12.235582,detail,vegetation,394043.6067619956,22460485.585433748,8211398.251080956
,Overhead,AC,394,Advanced Aluminum Conductor,100,0.6700595265760518,LCC Converter,0,False,0,,,58.97816649276556,0.034300760689812144,0.5167044627284697,11.0,57.0,20251110_162310,2025-11-10T16:23:12.235582,summary,all,1650388.6532239914,94072153.23376751,34392128.86119179
,Overhead,AC,394,Advanced Aluminum Conductor,100,0.5763536879096651,LCC Converter,0,False,0,,,42.40232366552169,0.026774664596196752,0.5013034301269789,17.0,58.0,20251110_162312,2025-11-10T16:23:14.030819,detail,conductor,132301.4397,7673483.502599999,1934761.400547657
,Overhead,AC,394,Advanced Aluminum Conductor,100,0.5763536879096651,LCC Converter,0,False,0,,,42.40232366552169,0.026774664596196752,0.5013034301269789,17.0,58.0,20251110_162312,2025-11-10T16:23:14.030819,detail,converter,0,0.0,0.0
,Overhead,AC,394,Advanced Aluminum Conductor,100,0.5763536879096651,LCC Converter,0,False,0,,,42.40232366552169,0.026774664596196752,0.5013034301269789,17.0,58.0,20251110_162312,2025-11-10T16:23:14.030819,detail,structure,1558910.491033052,90416808.47991702,22797332.000307336
,Overhead,AC,394,Advanced Aluminum Conductor,100,0.5763536879096651,LCC Converter,0,False,0,,,42.40232366552169,0.026774664596196752,0.5013034301269789,17.0,58.0,20251110_162312,2025-11-10T16:23:14.030819,detail,vegetation,828910.4910330521,48076808.47991702,12121893.958193667
,Overhead,AC,394,Advanced Aluminum Conductor,100,0.5763536879096651,LCC Converter,0,False,0,,,42.40232366552169,0.026774664596196752,0.5013034301269789,17.0,58.0,20251110_162312,2025-11-10T16:23:14.030819,summary,all,2520122.421766104,146167100.46243405,36853987.359048665
,Overhead,AC,394,Advanced Aluminum Conductor,100,0.6090127358367202,LCC Converter,0,False,0,,,63.784786123842174,0.02530128273383121,1.828051918557756,14.0,43.0,20251110_162314,2025-11-10T16:23:15.845927,detail,conductor,132301.4397,5688961.9070999995,1828842.9801178183
,Overhead,AC,394,Advanced Aluminum Conductor,100,0.6090127358367202,LCC Converter,0,False,0,,,63.784786123842174,0.02530128273383121,1.828051918557756,14.0,43.0,20251110_162314,2025-11-10T16:23:15.845927,detail,converter,0,0.0,0.0
,Overhead,AC,394,Advanced Aluminum Conductor,100,0.6090127358367202,LCC Converter,0,False,0,,,63.784786123842174,0.02530128273383121,1.828051918557756,14.0,43.0,20251110_162314,2025-11-10T16:23:15.845927,detail,structure,1248840.144745472,53700126.22405529,17263096.585993376
,Overhead,AC,394,Advanced Aluminum Conductor,100,0.6090127358367202,LCC Converter,0,False,0,,,63.784786123842174,0.02530128273383121,1.828051918557756,14.0,43.0,20251110_162314,2025-11-10T16:23:15.845927,detail,vegetation,518840.144745472,22310126.224055298,7172084.889421424
,Overhead,AC,394,Advanced Aluminum Conductor,100,0.6090127358367202,LCC Converter,0,False,0,,,63.784786123842174,0.02530128273383121,1.828051918557756,14.0,43.0,20251110_162314,2025-11-10T16:23:15.845927,summary,all,1899981.7291909438,81699214.35521059,26264024.455532618
,Overhead,AC,394,Advanced Aluminum Conductor,100,0.5919391083610853,LCC Converter,0,False,0,,,58.860138172023554,0.02268993122867626,1.5746919106066568,15.0,45.0,20251110_162316,2025-11-10T16:23:17.642114,detail,conductor,132301.4397,5953564.786499999,2385033.920030909
,Overhead,AC,394,Advanced Aluminum Conductor,100,0.5919391083610853,LCC Converter,0,False,0,,,58.860138172023554,0.02268993122867626,1.5746919106066568,15.0,45.0,20251110_162316,2025-11-10T16:23:17.642114,detail,converter,0,0.0,0.0
,Overhead,AC,394,Advanced Aluminum Conductor,100,0.5919391083610853,LCC Converter,0,False,0,,,58.860138172023554,0.02268993122867626,1.5746919106066568,15.0,45.0,20251110_162316,2025-11-10T16:23:17.642114,detail,structure,1453442.0105340334,65404890.4740315,26201593.14805697
,Overhead,AC,394,Advanced Aluminum Conductor,100,0.5919391083610853,LCC Converter,0,False,0,,,58.860138172023554,0.02268993122867626,1.5746919106066568,15.0,45.0,20251110_162316,2025-11-10T16:23:17.642114,detail,vegetation,723442.0105340334,32554890.474031504,13041685.247050472
,Overhead,AC,394,Advanced Aluminum Conductor,100,0.5919391083610853,LCC Converter,0,False,0,,,58.860138172023554,0.02268993122867626,1.5746919106066568,15.0,45.0,20251110_162316,2025-11-10T16:23:17.642114,summary,all,2309185.460768067,103913345.73456301,41628312.315138355
,Overhead,AC,394,Advanced Aluminum Conductor,100,0.6276925465600922,LCC Converter,0,False,0,,,70.00041112051596,0.039895298333180645,1.2583438052494436,4.0,58.0,20251110_162317,2025-11-10T16:23:19.418415,detail,conductor,132301.4397,7673483.502599999,2853594.4094832563
,Overhead,AC,394,Advanced Aluminum Conductor,100,0.6276925465600922,LCC Converter,0,False,0,,,70.00041112051596,0.039895298333180645,1.2583438052494436,4.0,58.0,20251110_162317,2025-11-10T16:23:19.418415,detail,converter,0,0.0,0.0
,Overhead,AC,394,Advanced Aluminum Conductor,100,0.6276925465600922,LCC Converter,0,False,0,,,70.00041112051596,0.039895298333180645,1.2583438052494436,4.0,58.0,20251110_162317,2025-11-10T16:23:19.418415,detail,structure,1671349.7217079084,96938283.8590587,36049148.31593543
,Overhead,AC,394,Advanced Aluminum Conductor,100,0.6276925465600922,LCC Converter,0,False,0,,,70.00041112051596,0.039895298333180645,1.2583438052494436,4.0,58.0,20251110_162317,2025-11-10T16:23:19.418415,detail,vegetation,941349.7217079083,54598283.859058686,20303862.976287086
,Overhead,AC,394,Advanced Aluminum Conductor,100,0.6276925465600922,LCC Converter,0,False,0,,,70.00041112051596,0.039895298333180645,1.2583438052494436,4.0,58.0,20251110_162317,2025-11-10T16:23:19.418415,summary,all,2745000.883115817,159210051.22071737,59206605.70170577
,Overhead,AC,394,Advanced Aluminum Conductor,100,0.7469879799442964,LCC Converter,0,False,0,,,43.15804820758428,0.026097037445853247,0.6320379869659715,20.0,49.0,20251110_162319,2025-11-10T16:23:21.305750,detail,conductor,132301.4397,6482770.545299999,2253484.473390915
,Overhead,AC,394,Advanced Aluminum Conductor,100,0.7469879799442964,LCC Converter,0,False,0,,,43.15804820758428,0.026097037445853247,0.6320379869659715,20.0,49.0,20251110_162319,2025-11-10T16:23:21.305750,detail,converter,0,0.0,0.0
,Overhead,AC,394,Advanced Aluminum Conductor,100,0.7469879799442964,LCC Converter,0,False,0,,,43.15804820758428,0.026097037445853247,0.6320379869659715,20.0,49.0,20251110_162319,2025-11-10T16:23:21.305750,detail,structure,1566157.950970507,76741739.59755485,26676297.955582794
,Overhead,AC,394,Advanced Aluminum Conductor,100,0.7469879799442964,LCC Converter,0,False,0,,,43.15804820758428,0.026097037445853247,0.6320379869659715,20.0,49.0,20251110_162319,2025-11-10T16:23:21.305750,detail,vegetation,836157.950970507,40971739.59755484,14242240.780501494
,Overhead,AC,394,Advanced Aluminum Conductor,100,0.7469879799442964,LCC Converter,0,False,0,,,43.15804820758428,0.026097037445853247,0.6320379869659715,20.0,49.0,20251110_162319,2025-11-10T16:23:21.305750,summary,all,2534617.341641014,124196249.74040967,43172023.209475204
,Overhead,AC,394,Advanced Aluminum Conductor,100,0.6199241119559754,LCC Converter,0,False,0,,,74.8091563973138,0.034141775601960925,0.6808160702601364,12.0,52.0,20251110_162321,2025-11-10T16:23:23.145271,detail,conductor,132301.4397,6879674.864399999,2300790.4513311177
,Overhead,AC,394,Advanced Aluminum Conductor,100,0.6199241119559754,LCC Converter,0,False,0,,,74.8091563973138,0.034141775601960925,0.6808160702601364,12.0,52.0,20251110_162321,2025-11-10T16:23:23.145271,detail,converter,0,0.0,0.0
,Overhead,AC,394,Advanced Aluminum Conductor,100,0.6199241119559754,LCC Converter,0,False,0,,,74.8091563973138,0.034141775601960925,0.6808160702601364,12.0,52.0,20251110_162321,2025-11-10T16:23:23.145271,detail,structure,1710931.579787069,88968442.14892758,29753984.919447206
,Overhead,AC,394,Advanced Aluminum Conductor,100,0.6199241119559754,LCC Converter,0,False,0,,,74.8091563973138,0.034141775601960925,0.6808160702601364,12.0,52.0,20251110_162321,2025-11-10T16:23:23.145271,detail,vegetation,980931.579787069,51008442.148927584,17058907.42610896
,Overhead,AC,394,Advanced Aluminum Conductor,100,0.6199241119559754,LCC Converter,0,False,0,,,74.8091563973138,0.034141775601960925,0.6808160702601364,12.0,52.0,20251110_162321,2025-11-10T16:23:23.145271,summary,all,2824164.599274138,146856559.16225517,49113682.79688728
,Overhead,AC,394,Advanced Aluminum Conductor,100,0.7421053952668372,LCC Converter,0,False,0,,,69.87273900929351,0.026504692474495252,1.003415038476949,12.0,59.0,20251110_162323,2025-11-10T16:23:25.101207,detail,conductor,132301.4397,7805784.942299999,2685105.3250607853
,Overhead,AC,394,Advanced Aluminum Conductor,100,0.7421053952668372,LCC Converter,0,False,0,,,69.87273900929351,0.026504692474495252,1.003415038476949,12.0,59.0,20251110_162323,2025-11-10T16:23:25.101207,detail,converter,0,0.0,0.0
,Overhead,AC,394,Advanced Aluminum Conductor,100,0.7421053952668372,LCC Converter,0,False,0,,,69.87273900929351,0.026504692474495252,1.003415038476949,12.0,59.0,20251110_162323,2025-11-10T16:23:25.101207,detail,structure,1499456.7399015892,88467947.65419376,30432014.0894736
,Overhead,AC,394,Advanced Aluminum Conductor,100,0.7421053952668372,LCC Converter,0,False,0,,,69.87273900929351,0.026504692474495252,1.003415038476949,12.0,59.0,20251110_162323,2025-11-10T16:23:25.101207,detail,vegetation,769456.7399015893,45397947.654193774,15616401.411795596
,Overhead,AC,394,Advanced Aluminum Conductor,100,0.7421053952668372,LCC Converter,0,False,0,,,69.87273900929351,0.026504692474495252,1.003415038476949,12.0,59.0,20251110_162323,2025-11-10T16:23:25.101207,summary,all,2401214.9195031784,141671680.25068754,48733520.826329984
,Overhead,AC,394,Advanced Aluminum Conductor,100,0.6744448951088926,LCC Converter,0,False,0,,,72.92850661158515,0.03842646362125396,2.715225467196316,10.0,56.0,20251110_162325,2025-11-10T16:23:26.876798,detail,conductor,132301.4397,7408880.623199999,3104339.4881999935
,Overhead,AC,394,Advanced Aluminum Conductor,100,0.6744448951088926,LCC Converter,0,False,0,,,72.92850661158515,0.03842646362125396,2.715225467196316,10.0,56.0,20251110_162325,2025-11-10T16:23:26.876798,detail,converter,0,0.0,0.0
,Overhead,AC,394,Advanced Aluminum Conductor,100,0.6744448951088926,LCC Converter,0,False,0,,,72.92850661158515,0.03842646362125396,2.715225467196316,10.0,56.0,20251110_162325,2025-11-10T16:23:26.876798,detail,structure,1609448.6992273391,90129127.156731,37764329.41752444
,Overhead,AC,394,Advanced Aluminum Conductor,100,0.6744448951088926,LCC Converter,0,False,0,,,72.92850661158515,0.03842646362125396,2.715225467196316,10.0,56.0,20251110_162325,2025-11-10T16:23:26.876798,detail,vegetation,879448.6992273391,49249127.156730995,20635507.300965138
,Overhead,AC,394,Advanced Aluminum Conductor,100,0.6744448951088926,LCC Converter,0,False,0,,,72.92850661158515,0.03842646362125396,2.715225467196316,10.0,56.0,20251110_162325,2025-11-10T16:23:26.876798,summary,all,2621198.8381546782,146787134.936662,61504176.206689574
,Overhead,AC,394,Advanced Aluminum Conductor,100,0.7172144269987476,LCC Converter,0,False,0,,,64.3521356185923,0.02747711393782776,0.7623314161079501,19.0,43.0,20251110_162327,2025-11-10T16:23:28.659861,detail,conductor,132301.4397,5688961.9070999995,1927263.0504565851
,Overhead,AC,394,Advanced Aluminum Conductor,100,0.7172144269987476,LCC Converter,0,False,0,,,64.3521356185923,0.02747711393782776,0.7623314161079501,19.0,43.0,20251110_162327,2025-11-10T16:23:28.659861,detail,converter,0,0.0,0.0
,Overhead,AC,394,Advanced Aluminum Conductor,100,0.7172144269987476,LCC Converter,0,False,0,,,64.3521356185923,0.02747711393782776,0.7623314161079501,19.0,43.0,20251110_162327,2025-11-10T16:23:28.659861,detail,structure,1517150.6344648919,65237477.28199035,22100654.13053061
,Overhead,AC,394,Advanced Aluminum Conductor,100,0.7172144269987476,LCC Converter,0,False,0,,,64.3521356185923,0.02747711393782776,0.7623314161079501,19.0,43.0,20251110_162327,2025-11-10T16:23:28.659861,detail,vegetation,787150.6344648919,33847477.28199035,11466589.754333897
,Overhead,AC,394,Advanced Aluminum Conductor,100,0.7172144269987476,LCC Converter,0,False,0,,,64.3521356185923,0.02747711393782776,0.7623314161079501,19.0,43.0,20251110_162327,2025-11-10T16:23:28.659861,summary,all,2436602.7086297837,104773916.47108069,35494506.93532109
,Overhead,AC,394,Advanced Aluminum Conductor,100,0.6869738812097712,LCC Converter,0,False,0,,,42.18251884092983,0.021886236557205375,2.9140072292616694,11.0,52.0,20251110_162328,2025-11-10T16:23:30.443367,detail,conductor,132301.4397,6879674.864399999,3582985.5502019273
,Overhead,AC,394,Advanced Aluminum Conductor,100,0.6869738812097712,LCC Converter,0,False,0,,,42.18251884092983,0.021886236557205375,2.9140072292616694,11.0,52.0,20251110_162328,2025-11-10T16:23:30.443367,detail,converter,0,0.0,0.0
,Overhead,AC,394,Advanced Aluminum Conductor,100,0.6869738812097712,LCC Converter,0,False,0,,,42.18251884092983,0.021886236557205375,2.9140072292616694,11.0,52.0,20251110_162328,2025-11-10T16:23:30.443367,detail,structure,1740142.919345859,90487431.80598466,47126523.71312338
,Overhead,AC,394,Advanced Aluminum Conductor,100,0.6869738812097712,LCC Converter,0,False,0,,,42.18251884092983,0.021886236557205375,2.9140072292616694,11.0,52.0,20251110_162328,2025-11-10T16:23:30.443367,detail,vegetation,1010142.9193458589,52527431.80598466,27356674.967876446
,Overhead,AC,394,Advanced Aluminum Conductor,100,0.6869738812097712,LCC Converter,0,False,0,,,42.18251884092983,0.021886236557205375,2.9140072292616694,11.0,52.0,20251110_162328,2025-11-10T16:23:30.443367,summary,all,2882587.278391718,149894538.47636932,78066184.23120175
,Overhead,AC,394,Advanced Aluminum Conductor,100,0.5922108019742245,LCC Converter,0,False,0,,,64.78443250945635,0.03288227211679198,0.934152984553613,8.0,58.0,20251110_162330,2025-11-10T16:23:32.281630,detail,conductor,132301.4397,7673483.502599999,4126822.219544491
,Overhead,AC,394,Advanced Aluminum Conductor,100,0.5922108019742245,LCC Converter,0,False,0,,,64.78443250945635,0.03288227211679198,0.934152984553613,8.0,58.0,20251110_162330,2025-11-10T16:23:32.281630,detail,converter,0,0.0,0.0
,Overhead,AC,394,Advanced Aluminum Conductor,100,0.5922108019742245,LCC Converter,0,False,0,,,64.78443250945635,0.03288227211679198,0.934152984553613,8.0,58.0,20251110_162330,2025-11-10T16:23:32.281630,detail,structure,1312727.5124563882,76138195.72247052,40947347.805863574
,Overhead,AC,394,Advanced Aluminum Conductor,100,0.5922108019742245,LCC Converter,0,False,0,,,64.78443250945635,0.03288227211679198,0.934152984553613,8.0,58.0,20251110_162330,2025-11-10T16:23:32.281630,detail,vegetation,582727.5124563883,33798195.72247052,18176770.04723412
,Overhead,AC,394,Advanced Aluminum Conductor,100,0.5922108019742245,LCC Converter,0,False,0,,,64.78443250945635,0.03288227211679198,0.934152984553613,8.0,58.0,20251110_162330,2025-11-10T16:23:32.281630,summary,all,2027756.4646127764,117609874.94754104,63250940.07264219
,Overhead,AC,394,Advanced Aluminum Conductor,100,0.5810877974021011,LCC Converter,0,False,0,,,51.06431179716163,0.030832440239049602,1.792905544588315,8.0,53.0,20251110_162332,2025-11-10T16:23:34.098107,detail,conductor,132301.4397,7011976.304099999,1997020.0306530378
,Overhead,AC,394,Advanced Aluminum Conductor,100,0.5810877974021011,LCC Converter,0,False,0,,,51.06431179716163,0.030832440239049602,1.792905544588315,8.0,53.0,20251110_162332,2025-11-10T16:23:34.098107,detail,converter,0,0.0,0.0
,Overhead,AC,394,Advanced Aluminum Conductor,100,0.5810877974021011,LCC Converter,0,False,0,,,51.06431179716163,0.030832440239049602,1.792905544588315,8.0,53.0,20251110_162332,2025-11-10T16:23:34.098107,detail,structure,1341274.636518423,71087555.73547642,20245828.93283635
,Overhead,AC,394,Advanced Aluminum Conductor,100,0.5810877974021011,LCC Converter,0,False,0,,,51.06431179716163,0.030832440239049602,1.792905544588315,8.0,53.0,20251110_162332,2025-11-10T16:23:34.098107,detail,vegetation,611274.636518423,32397555.73547642,9226866.284490217
,Overhead,AC,394,Advanced Aluminum Conductor,100,0.5810877974021011,LCC Converter,0,False,0,,,51.06431179716163,0.030832440239049602,1.792905544588315,8.0,53.0,20251110_162332,2025-11-10T16:23:34.098107,summary,all,2084850.712736846,110497087.77505283,31469715.247979604
,Overhead,AC,394,Advanced Aluminum Conductor,100,0.6296718684920902,LCC Converter,0,False,0,,,72.36084861548503,0.041199340727795575,2.577153211393904,1.0,48.0,20251110_162334,2025-11-10T16:23:35.924631,detail,conductor,132301.4397,6350469.105599999,1807235.0733447783
,Overhead,AC,394,Advanced Aluminum Conductor,100,0.6296718684920902,LCC Converter,0,False,0,,,72.36084861548503,0.041199340727795575,2.577153211393904,1.0,48.0,20251110_162334,2025-11-10T16:23:35.924631,detail,converter,0,0.0,0.0
,Overhead,AC,394,Advanced Aluminum Conductor,100,0.6296718684920902,LCC Converter,0,False,0,,,72.36084861548503,0.041199340727795575,2.577153211393904,1.0,48.0,20251110_162334,2025-11-10T16:23:35.924631,detail,structure,1383653.9832390058,66415391.19547228,18900686.293005913
,Overhead,AC,394,Advanced Aluminum Conductor,100,0.6296718684920902,LCC Converter,0,False,0,,,72.36084861548503,0.041199340727795575,2.577153211393904,1.0,48.0,20251110_162334,2025-11-10T16:23:35.924631,detail,vegetation,653653.9832390059,31375391.195472285,8928900.600172767
,Overhead,AC,394,Advanced Aluminum Conductor,100,0.6296718684920902,LCC Converter,0,False,0,,,72.36084861548503,0.041199340727795575,2.577153211393904,1.0,48.0,20251110_162334,2025-11-10T16:23:35.924631,summary,all,2169609.4061780116,104141251.49654455,29636821.96652346
,Overhead,AC,394,Advanced Aluminum Conductor,100,0.7083718223820421,LCC Converter,0,False,0,,,35.884488601525796,0.03748067267489558,0.8679499369891008,18.0,56.0,20251110_162336,2025-11-10T16:23:37.712922,detail,conductor,132301.4397,7408880.623199999,3118998.014801957
,Overhead,AC,394,Advanced Aluminum Conductor,100,0.7083718223820421,LCC Converter,0,False,0,,,35.884488601525796,0.03748067267489558,0.8679499369891008,18.0,56.0,20251110_162336,2025-11-10T16:23:37.712922,detail,converter,0,0.0,0.0
,Overhead,AC,394,Advanced Aluminum Conductor,100,0.7083718223820421,LCC Converter,0,False,0,,,35.884488601525796,0.03748067267489558,0.8679499369891008,18.0,56.0,20251110_162336,2025-11-10T16:23:37.712922,detail,structure,1329044.6723258472,74426501.65024744,31332143.504765175
,Overhead,AC,394,Advanced Aluminum Conductor,100,0.7083718223820421,LCC Converter,0,False,0,,,35.884488601525796,0.03748067267489558,0.8679499369891008,18.0,56.0,20251110_162336,2025-11-10T16:23:37.712922,detail,vegetation,599044.6723258472,33546501.650247443,14122439.997620124
,Overhead,AC,394,Advanced Aluminum Conductor,100,0.7083718223820421,LCC Converter,0,False,0,,,35.884488601525796,0.03748067267489558,0.8679499369891008,18.0,56.0,20251110_162336,2025-11-10T16:23:37.712922,summary,all,2060390.7843516944,115381883.92369488,48573581.51718725
,Overhead,AC,394,Advanced Aluminum Conductor,100,0.7230029418526367,LCC Converter,0,False,0,,,40.83265240919635,0.038291671012651574,1.5060403956199857,19.0,43.0,20251110_162338,2025-11-10T16:23:39.472497,detail,conductor,132301.4397,5688961.9070999995,1810174.620279405
,Overhead,AC,394,Advanced Aluminum Conductor,100,0.7230029418526367,LCC Converter,0,False,0,,,40.83265240919635,0.038291671012651574,1.5060403956199857,19.0,43.0,20251110_162338,2025-11-10T16:23:39.472497,detail,converter,0,0.0,0.0
,Overhead,AC,394,Advanced Aluminum Conductor,100,0.7230029418526367,LCC Converter,0,False,0,,,40.83265240919635,0.038291671012651574,1.5060403956199857,19.0,43.0,20251110_162338,2025-11-10T16:23:39.472497,detail,structure,1323252.9667514549,56899877.57031256,18105010.361598596
,Overhead,AC,394,Advanced Aluminum Conductor,100,0.7230029418526367,LCC Converter,0,False,0,,,40.83265240919635,0.038291671012651574,1.5060403956199857,19.0,43.0,20251110_162338,2025-11-10T16:23:39.472497,detail,vegetation,593252.9667514549,25509877.57031256,8117005.122952912
,Overhead,AC,394,Advanced Aluminum Conductor,100,0.7230029418526367,LCC Converter,0,False,0,,,40.83265240919635,0.038291671012651574,1.5060403956199857,19.0,43.0,20251110_162338,2025-11-10T16:23:39.472497,summary,all,2048807.3732029097,88098717.04772511,28032190.104830913
,Overhead,AC,394,Advanced Aluminum Conductor,100,0.6716635746583404,LCC Converter,0,False,0,,,45.82452586443295,0.035349474507703996,2.4353117492336445,19.0,49.0,20251110_162339,2025-11-10T16:23:41.272440,detail,conductor,132301.4397,6482770.545299999,2228947.6587382914
,Overhead,AC,394,Advanced Aluminum Conductor,100,0.6716635746583404,LCC Converter,0,False,0,,,45.82452586443295,0.035349474507703996,2.4353117492336445,19.0,49.0,20251110_162339,2025-11-10T16:23:41.272440,detail,converter,0,0.0,0.0
,Overhead,AC,394,Advanced Aluminum Conductor,100,0.6716635746583404,LCC Converter,0,False,0,,,45.82452586443295,0.035349474507703996,2.4353117492336445,19.0,49.0,20251110_162339,2025-11-10T16:23:41.272440,detail,structure,1416638.9386296577,69415307.99285322,23866815.45337766
,Overhead,AC,394,Advanced Aluminum Conductor,100,0.6716635746583404,LCC Converter,0,False,0,,,45.82452586443295,0.035349474507703996,2.4353117492336445,19.0,49.0,20251110_162339,2025-11-10T16:23:41.272440,detail,vegetation,686638.9386296577,33645307.99285323,11568145.124705857
,Overhead,AC,394,Advanced Aluminum Conductor,100,0.6716635746583404,LCC Converter,0,False,0,,,45.82452586443295,0.035349474507703996,2.4353117492336445,19.0,49.0,20251110_162339,2025-11-10T16:23:41.272440,summary,all,2235579.3169593154,109543386.53100646,37663908.23682181
,Overhead,AC,394,Advanced Aluminum Conductor,100,0.7523765505339944,LCC Converter,0,False,0,,,74.98730678840522,0.029867717152865965,2.0930622559589667,0.0,57.0,20251110_162341,2025-11-10T16:23:43.086610,detail,conductor,132301.4397,7541182.062899999,1911174.950559049
,Overhead,AC,394,Advanced Aluminum Conductor,100,0.7523765505339944,LCC Converter,0,False,0,,,74.98730678840522,0.029867717152865965,2.0930622559589667,0.0,57.0,20251110_162341,2025-11-10T16:23:43.086610,detail,converter,0,0.0,0.0
,Overhead,AC,394,Advanced Aluminum Conductor,100,0.7523765505339944,LCC Converter,0,False,0,,,74.98730678840522,0.029867717152865965,2.0930622559589667,0.0,57.0,20251110_162341,2025-11-10T16:23:43.086610,detail,structure,1579324.653270061,90021505.23639347,22814307.41021706
,Overhead,AC,394,Advanced Aluminum Conductor,100,0.7523765505339944,LCC Converter,0,False,0,,,74.98730678840522,0.029867717152865965,2.0930622559589667,0.0,57.0,20251110_162341,2025-11-10T16:23:43.086610,detail,vegetation,849324.6532700609,48411505.236393474,12269012.384919574
,Overhead,AC,394,Advanced Aluminum Conductor,100,0.7523765505339944,LCC Converter,0,False,0,,,74.98730678840522,0.029867717152865965,2.0930622559589667,0.0,57.0,20251110_162341,2025-11-10T16:23:43.086610,summary,all,2560950.746240122,145974192.53568694,36994494.74569569
,Overhead,AC,394,Advanced Aluminum Conductor,100,0.600294578338214,LCC Converter,0,False,0,,,55.32814109783144,0.03917238629374429,2.691662343798619,2.0,55.0,20251110_162343,2025-11-10T16:23:44.893099,detail,conductor,132301.4397,7276579.183499999,2465961.3791972664
,Overhead,AC,394,Advanced Aluminum Conductor,100,0.600294578338214,LCC Converter,0,False,0,,,55.32814109783144,0.03917238629374429,2.691662343798619,2.0,55.0,20251110_162343,2025-11-10T16:23:44.893099,detail,converter,0,0.0,0.0
,Overhead,AC,394,Advanced Aluminum Conductor,100,0.600294578338214,LCC Converter,0,False,0,,,55.32814109783144,0.03917238629374429,2.691662343798619,2.0,55.0,20251110_162343,2025-11-10T16:23:44.893099,detail,structure,1209149.8525365884,66503241.88951237,22537296.98466235
,Overhead,AC,394,Advanced Aluminum Conductor,100,0.600294578338214,LCC Converter,0,False,0,,,55.32814109783144,0.03917238629374429,2.691662343798619,2.0,55.0,20251110_162343,2025-11-10T16:23:44.893099,detail,vegetation,479149.8525365884,26353241.88951236,8930855.430466587
,Overhead,AC,394,Advanced Aluminum Conductor,100,0.600294578338214,LCC Converter,0,False,0,,,55.32814109783144,0.03917238629374429,2.691662343798619,2.0,55.0,20251110_162343,2025-11-10T16:23:44.893099,summary,all,1820601.1447731769,100133062.96252473,33934113.7943262
,Overhead,AC,394,Advanced Aluminum Conductor,100,0.7574170830479201,LCC Converter,0,False,0,,,59.28952707668817,0.025056537860399776,2.526040965007883,8.0,45.0,20251110_162345,2025-11-10T16:23:46.669239,detail,conductor,132301.4397,5953564.786499999,2000859.1683253213
,Overhead,AC,394,Advanced Aluminum Conductor,100,0.7574170830479201,LCC Converter,0,False,0,,,59.28952707668817,0.025056537860399776,2.526040965007883,8.0,45.0,20251110_162345,2025-11-10T16:23:46.669239,detail,converter,0,0.0,0.0
,Overhead,AC,394,Advanced Aluminum Conductor,100,0.7574170830479201,LCC Converter,0,False,0,,,59.28952707668817,0.025056537860399776,2.526040965007883,8.0,45.0,20251110_162345,2025-11-10T16:23:46.669239,detail,structure,1367413.808770473,61533621.39467129,20680065.63176537
,Overhead,AC,394,Advanced Aluminum Conductor,100,0.7574170830479201,LCC Converter,0,False,0,,,59.28952707668817,0.025056537860399776,2.526040965007883,8.0,45.0,20251110_162345,2025-11-10T16:23:46.669239,detail,vegetation,637413.808770473,28683621.394671284,9639919.763439763
,Overhead,AC,394,Advanced Aluminum Conductor,100,0.7574170830479201,LCC Converter,0,False,0,,,59.28952707668817,0.025056537860399776,2.526040965007883,8.0,45.0,20251110_162345,2025-11-10T16:23:46.669239,summary,all,2137129.057240946,96170807.57584259,32320844.563530453
,Overhead,AC,394,Advanced Aluminum Conductor,100,0.7007451206393102,LCC Converter,0,False,0,,,63.47696879543039,0.031089780267964672,2.8960325686943444,9.0,51.0,20251110_162346,2025-11-10T16:23:48.451630,detail,conductor,132301.4397,6747373.424699999,4336407.970123713
,Overhead,AC,394,Advanced Aluminum Conductor,100,0.7007451206393102,LCC Converter,0,False,0,,,63.47696879543039,0.031089780267964672,2.8960325686943444,9.0,51.0,20251110_162346,2025-11-10T16:23:48.451630,detail,converter,0,0.0,0.0
,Overhead,AC,394,Advanced Aluminum Conductor,100,0.7007451206393102,LCC Converter,0,False,0,,,63.47696879543039,0.031089780267964672,2.8960325686943444,9.0,51.0,20251110_162346,2025-11-10T16:23:48.451630,detail,structure,1669190.887434799,85128735.25917475,54710611.497073054
,Overhead,AC,394,Advanced Aluminum Conductor,100,0.7007451206393102,LCC Converter,0,False,0,,,63.47696879543039,0.031089780267964672,2.8960325686943444,9.0,51.0,20251110_162346,2025-11-10T16:23:48.451630,detail,vegetation,939190.887434799,47898735.25917475,30783601.894090552
,Overhead,AC,394,Advanced Aluminum Conductor,100,0.7007451206393102,LCC Converter,0,False,0,,,63.47696879543039,0.031089780267964672,2.8960325686943444,9.0,51.0,20251110_162346,2025-11-10T16:23:48.451630,summary,all,2740683.214569598,139774843.9430495,89830621.36128733
,Overhead,AC,394,Advanced Aluminum Conductor,100,0.7084359481509012,LCC Converter,0,False,0,,,68.680329996726,0.03175752400615117,1.3223005277588529,9.0,47.0,20251110_162348,2025-11-10T16:23:50.233221,detail,conductor,132301.4397,6218167.665899999,1843581.6721709555
,Overhead,AC,394,Advanced Aluminum Conductor,100,0.7084359481509012,LCC Converter,0,False,0,,,68.680329996726,0.03175752400615117,1.3223005277588529,9.0,47.0,20251110_162348,2025-11-10T16:23:50.233221,detail,converter,0,0.0,0.0
,Overhead,AC,394,Advanced Aluminum Conductor,100,0.7084359481509012,LCC Converter,0,False,0,,,68.680329996726,0.03175752400615117,1.3223005277588529,9.0,47.0,20251110_162348,2025-11-10T16:23:50.233221,detail,structure,1630994.659392391,76656748.99144238,22727431.147255473
,Overhead,AC,394,Advanced Aluminum Conductor,100,0.7084359481509012,LCC Converter,0,False,0,,,68.680329996726,0.03175752400615117,1.3223005277588529,9.0,47.0,20251110_162348,2025-11-10T16:23:50.233221,detail,vegetation,900994.6593923911,42346748.99144238,12555095.730978083
,Overhead,AC,394,Advanced Aluminum Conductor,100,0.7084359481509012,LCC Converter,0,False,0,,,68.680329996726,0.03175752400615117,1.3223005277588529,9.0,47.0,20251110_162348,2025-11-10T16:23:50.233221,summary,all,2664290.758484782,125221665.64878476,37126108.55040451
,Overhead,AC,394,Advanced Aluminum Conductor,100,0.7148938203384982,LCC Converter,0,False,0,,,63.31080697880112,0.04029252606860145,0.8319494780632168,7.0,50.0,20251110_162350,2025-11-10T16:23:51.992339,detail,conductor,132301.4397,6615071.984999999,1774453.883802847
,Overhead,AC,394,Advanced Aluminum Conductor,100,0.7148938203384982,LCC Converter,0,False,0,,,63.31080697880112,0.04029252606860145,0.8319494780632168,7.0,50.0,20251110_162350,2025-11-10T16:23:51.992339,detail,converter,0,0.0,0.0
,Overhead,AC,394,Advanced Aluminum Conductor,100,0.7148938203384982,LCC Converter,0,False,0,,,63.31080697880112,0.04029252606860145,0.8319494780632168,7.0,50.0,20251110_162350,2025-11-10T16:23:51.992339,detail,structure,1684937.4707465428,84246873.53732714,22598724.894534547
,Overhead,AC,394,Advanced Aluminum Conductor,100,0.7148938203384982,LCC Converter,0,False,0,,,63.31080697880112,0.04029252606860145,0.8319494780632168,7.0,50.0,20251110_162350,2025-11-10T16:23:51.992339,detail,vegetation,954937.4707465428,47746873.53732714,12807816.057009023
,Overhead,AC,394,Advanced Aluminum Conductor,100,0.7148938203384982,LCC Converter,0,False,0,,,63.31080697880112,0.04029252606860145,0.8319494780632168,7.0,50.0,20251110_162350,2025-11-10T16:23:51.992339,summary,all,2772176.3811930856,138608819.0596543,37180994.835346416
,Overhead,AC,394,Advanced Aluminum Conductor,100,0.7609242088325627,LCC Converter,0,False,0,,,71.46909819315171,0.02830749519986541,1.6288626006353981,12.0,57.0,20251110_162352,2025-11-10T16:23:53.769017,detail,conductor,132301.4397,7541182.062899999,3088694.5955543593
,Overhead,AC,394,Advanced Aluminum Conductor,100,0.7609242088325627,LCC Converter,0,False,0,,,71.46909819315171,0.02830749519986541,1.6288626006353981,12.0,57.0,20251110_162352,2025-11-10T16:23:53.769017,detail,converter,0,0.0,0.0
,Overhead,AC,394,Advanced Aluminum Conductor,100,0.7609242088325627,LCC Converter,0,False,0,,,71.46909819315171,0.02830749519986541,1.6288626006353981,12.0,57.0,20251110_162352,2025-11-10T16:23:53.769017,detail,structure,1132396.3007832002,64546589.14464241,26436797.22749699
,Overhead,AC,394,Advanced Aluminum Conductor,100,0.7609242088325627,LCC Converter,0,False,0,,,71.46909819315171,0.02830749519986541,1.6288626006353981,12.0,57.0,20251110_162352,2025-11-10T16:23:53.769017,detail,vegetation,402396.3007832003,22936589.144642416,9394298.976023441
,Overhead,AC,394,Advanced Aluminum Conductor,100,0.7609242088325627,LCC Converter,0,False,0,,,71.46909819315171,0.02830749519986541,1.6288626006353981,12.0,57.0,20251110_162352,2025-11-10T16:23:53.769017,summary,all,1667094.0412664004,95024360.35218483,38919790.79907479
,Overhead,AC,394,Advanced Aluminum Conductor,100,0.7334680679878914,LCC Converter,0,False,0,,,59.41714545510117,0.03783982465496533,1.4738364695485073,17.0,40.0,20251110_162354,2025-11-10T16:23:55.551442,detail,conductor,132301.4397,5292057.5879999995,1810766.9547971706
,Overhead,AC,394,Advanced Aluminum Conductor,100,0.7334680679878914,LCC Converter,0,False,0,,,59.41714545510117,0.03783982465496533,1.4738364695485073,17.0,40.0,20251110_162354,2025-11-10T16:23:55.551442,detail,converter,0,0.0,0.0
,Overhead,AC,394,Advanced Aluminum Conductor,100,0.7334680679878914,LCC Converter,0,False,0,,,59.41714545510117,0.03783982465496533,1.4738364695485073,17.0,40.0,20251110_162354,2025-11-10T16:23:55.551442,detail,structure,1744325.5506069846,69773022.02427939,23874018.851266563
,Overhead,AC,394,Advanced Aluminum Conductor,100,0.7334680679878914,LCC Converter,0,False,0,,,59.41714545510117,0.03783982465496533,1.4738364695485073,17.0,40.0,20251110_162354,2025-11-10T16:23:55.551442,detail,vegetation,1014325.5506069848,40573022.02427939,13882745.286902368
,Overhead,AC,394,Advanced Aluminum Conductor,100,0.7334680679878914,LCC Converter,0,False,0,,,59.41714545510117,0.03783982465496533,1.4738364695485073,17.0,40.0,20251110_162354,2025-11-10T16:23:55.551442,summary,all,2890952.5409139693,115638101.63655877,39567531.0929661
,Overhead,AC,394,Advanced Aluminum Conductor,100,0.6752825420704432,LCC Converter,0,False,0,,,57.42104604593108,0.03942429480043831,1.28359373065532,4.0,49.0,20251110_162355,2025-11-10T16:23:57.349558,detail,conductor,132301.4397,6482770.545299999,2222446.601511172
,Overhead,AC,394,Advanced Aluminum Conductor,100,0.6752825420704432,LCC Converter,0,False,0,,,57.42104604593108,0.03942429480043831,1.28359373065532,4.0,49.0,20251110_162355,2025-11-10T16:23:57.349558,detail,converter,0,0.0,0.0
,Overhead,AC,394,Advanced Aluminum Conductor,100,0.6752825420704432,LCC Converter,0,False,0,,,57.42104604593108,0.03942429480043831,1.28359373065532,4.0,49.0,20251110_162355,2025-11-10T16:23:57.349558,detail,structure,1270560.5951816663,62257469.16390165,21343328.411077805
,Overhead,AC,394,Advanced Aluminum Conductor,100,0.6752825420704432,LCC Converter,0,False,0,,,57.42104604593108,0.03942429480043831,1.28359373065532,4.0,49.0,20251110_162355,2025-11-10T16:23:57.349558,detail,vegetation,540560.5951816662,26487469.163901642,9080528.982878113
,Overhead,AC,394,Advanced Aluminum Conductor,100,0.6752825420704432,LCC Converter,0,False,0,,,57.42104604593108,0.03942429480043831,1.28359373065532,4.0,49.0,20251110_162355,2025-11-10T16:23:57.349558,summary,all,1943422.6300633326,95227708.87310329,32646303.99546709
,Overhead,AC,394,Advanced Aluminum Conductor,100,0.6118446761478519,LCC Converter,0,False,0,,,55.728370815507425,0.02465395914655283,1.920702036030933,17.0,57.0,20251110_162357,2025-11-10T16:23:59.171642,detail,conductor,132301.4397,7541182.062899999,2623101.4042725028
,Overhead,AC,394,Advanced Aluminum Conductor,100,0.6118446761478519,LCC Converter,0,False,0,,,55.728370815507425,0.02465395914655283,1.920702036030933,17.0,57.0,20251110_162357,2025-11-10T16:23:59.171642,detail,converter,0,0.0,0.0
,Overhead,AC,394,Advanced Aluminum Conductor,100,0.6118446761478519,LCC Converter,0,False,0,,,55.728370815507425,0.02465395914655283,1.920702036030933,17.0,57.0,20251110_162357,2025-11-10T16:23:59.171642,detail,structure,1275205.8458734741,72686733.21478802,25283128.079574578
,Overhead,AC,394,Advanced Aluminum Conductor,100,0.6118446761478519,LCC Converter,0,False,0,,,55.728370815507425,0.02465395914655283,1.920702036030933,17.0,57.0,20251110_162357,2025-11-10T16:23:59.171642,detail,vegetation,545205.845873474,31076733.21478802,10809634.597863618
,Overhead,AC,394,Advanced Aluminum Conductor,100,0.6118446761478519,LCC Converter,0,False,0,,,55.728370815507425,0.02465395914655283,1.920702036030933,17.0,57.0,20251110_162357,2025-11-10T16:23:59.171642,summary,all,1952713.1314469483,111304648.49247605,38715864.081710696
,Overhead,AC,394,Advanced Aluminum Conductor,100,0.6492516466083442,LCC Converter,0,False,0,,,60.38760578251339,0.028276441657663604,1.1491057303097292,18.0,40.0,20251110_162359,2025-11-10T16:24:00.940555,detail,conductor,132301.4397,5292057.5879999995,2672487.4952682597
,Overhead,AC,394,Advanced Aluminum Conductor,100,0.6492516466083442,LCC Converter,0,False,0,,,60.38760578251339,0.028276441657663604,1.1491057303097292,18.0,40.0,20251110_162359,2025-11-10T16:24:00.940555,detail,converter,0,0.0,0.0
,Overhead,AC,394,Advanced Aluminum Conductor,100,0.6492516466083442,LCC Converter,0,False,0,,,60.38760578251339,0.028276441657663604,1.1491057303097292,18.0,40.0,20251110_162359,2025-11-10T16:24:00.940555,detail,structure,1542884.0811466526,61715363.245866105,31166239.935580153
,Overhead,AC,394,Advanced Aluminum Conductor,100,0.6492516466083442,LCC Converter,0,False,0,,,60.38760578251339,0.028276441657663604,1.1491057303097292,18.0,40.0,20251110_162359,2025-11-10T16:24:00.940555,detail,vegetation,812884.0811466526,32515363.245866105,16420248.690362955
,Overhead,AC,394,Advanced Aluminum Conductor,100,0.6492516466083442,LCC Converter,0,False,0,,,60.38760578251339,0.028276441657663604,1.1491057303097292,18.0,40.0,20251110_162359,2025-11-10T16:24:00.940555,summary,all,2488069.601993305,99522784.07973221,50258976.121211365
,Overhead,AC,394,Advanced Aluminum Conductor,100,0.6011491534007312,LCC Converter,0,False,0,,,43.80586044539698,0.0336496069382509,1.4128357544628867,3.0,41.0,20251110_162401,2025-11-10T16:24:02.756615,detail,conductor,132301.4397,5424359.0276999995,1757067.665182355
,Overhead,AC,394,Advanced Aluminum Conductor,100,0.6011491534007312,LCC Converter,0,False,0,,,43.80586044539698,0.0336496069382509,1.4128357544628867,3.0,41.0,20251110_162401,2025-11-10T16:24:02.756615,detail,converter,0,0.0,0.0
,Overhead,AC,394,Advanced Aluminum Conductor,100,0.6011491534007312,LCC Converter,0,False,0,,,43.80586044539698,0.0336496069382509,1.4128357544628867,3.0,41.0,20251110_162401,2025-11-10T16:24:02.756615,detail,structure,1272331.2827834287,52165582.59412058,16897564.84470629
,Overhead,AC,394,Advanced Aluminum Conductor,100,0.6011491534007312,LCC Converter,0,False,0,,,43.80586044539698,0.0336496069382509,1.4128357544628867,3.0,41.0,20251110_162401,2025-11-10T16:24:02.756615,detail,vegetation,542331.2827834287,22235582.594120577,7202587.991154193
,Overhead,AC,394,Advanced Aluminum Conductor,100,0.6011491534007312,LCC Converter,0,False,0,,,43.80586044539698,0.0336496069382509,1.4128357544628867,3.0,41.0,20251110_162401,2025-11-10T16:24:02.756615,summary,all,1946964.0052668573,79825524.21594116,25857220.50104284
,Overhead,AC,394,Advanced Aluminum Conductor,100,0.6725765510965075,LCC Converter,0,False,0,,,52.292938049488356,0.03221657911571261,2.2136599119881875,19.0,48.0,20251110_162403,2025-11-10T16:24:04.551850,detail,conductor,132301.4397,6350469.105599999,1803095.9369102393
,Overhead,AC,394,Advanced Aluminum Conductor,100,0.6725765510965075,LCC Converter,0,False,0,,,52.292938049488356,0.03221657911571261,2.2136599119881875,19.0,48.0,20251110_162403,2025-11-10T16:24:04.551850,detail,converter,0,0.0,0.0
,Overhead,AC,394,Advanced Aluminum Conductor,100,0.6725765510965075,LCC Converter,0,False,0,,,52.292938049488356,0.03221657911571261,2.2136599119881875,19.0,48.0,20251110_162403,2025-11-10T16:24:04.551850,detail,structure,1210921.2429839117,58124219.66322776,16503275.989237687
,Overhead,AC,394,Advanced Aluminum Conductor,100,0.6725765510965075,LCC Converter,0,False,0,,,52.292938049488356,0.03221657911571261,2.2136599119881875,19.0,48.0,20251110_162403,2025-11-10T16:24:04.551850,detail,vegetation,480921.24298391177,23084219.663227767,6554328.820339463
,Overhead,AC,394,Advanced Aluminum Conductor,100,0.6725765510965075,LCC Converter,0,False,0,,,52.292938049488356,0.03221657911571261,2.2136599119881875,19.0,48.0,20251110_162403,2025-11-10T16:24:04.551850,summary,all,1824143.9256678233,87558908.43205553,24860700.74648739
,Overhead,AC,394,Advanced Aluminum Conductor,100,0.6993036230504655,LCC Converter,0,False,0,,,50.12573309574913,0.04037633701291268,2.442934692773136,9.0,49.0,20251110_162404,2025-11-10T16:24:06.318951,detail,conductor,132301.4397,6482770.545299999,1912399.2224356807
,Overhead,AC,394,Advanced Aluminum Conductor,100,0.6993036230504655,LCC Converter,0,False,0,,,50.12573309574913,0.04037633701291268,2.442934692773136,9.0,49.0,20251110_162404,2025-11-10T16:24:06.318951,detail,converter,0,0.0,0.0
,Overhead,AC,394,Advanced Aluminum Conductor,100,0.6993036230504655,LCC Converter,0,False,0,,,50.12573309574913,0.04037633701291268,2.442934692773136,9.0,49.0,20251110_162404,2025-11-10T16:24:06.318951,detail,structure,1321009.0263762362,64729442.29243557,19095004.866167232
,Overhead,AC,394,Advanced Aluminum Conductor,100,0.6993036230504655,LCC Converter,0,False,0,,,50.12573309574913,0.04037633701291268,2.442934692773136,9.0,49.0,20251110_162404,2025-11-10T16:24:06.318951,detail,vegetation,591009.0263762363,28959442.292435583,8542954.672732739
,Overhead,AC,394,Advanced Aluminum Conductor,100,0.6993036230504655,LCC Converter,0,False,0,,,50.12573309574913,0.04037633701291268,2.442934692773136,9.0,49.0,20251110_162404,2025-11-10T16:24:06.318951,summary,all,2044319.4924524724,100171655.13017115,29550358.76133565
,Overhead,AC,394,Advanced Aluminum Conductor,100,0.5681351773900433,LCC Converter,0,False,0,,,47.825341235140684,0.028017704693955908,2.1352345888064237,4.0,54.0,20251110_162406,2025-11-10T16:24:08.083660,detail,conductor,132301.4397,7144277.743799999,2428869.7401761133
,Overhead,AC,394,Advanced Aluminum Conductor,100,0.5681351773900433,LCC Converter,0,False,0,,,47.825341235140684,0.028017704693955908,2.1352345888064237,4.0,54.0,20251110_162406,2025-11-10T16:24:08.083660,detail,converter,0,0.0,0.0
,Overhead,AC,394,Advanced Aluminum Conductor,100,0.5681351773900433,LCC Converter,0,False,0,,,47.825341235140684,0.028017704693955908,2.1352345888064237,4.0,54.0,20251110_162406,2025-11-10T16:24:08.083660,detail,structure,1420991.3856054498,76733534.82269429,26087418.136750646
,Overhead,AC,394,Advanced Aluminum Conductor,100,0.5681351773900433,LCC Converter,0,False,0,,,47.825341235140684,0.028017704693955908,2.1352345888064237,4.0,54.0,20251110_162406,2025-11-10T16:24:08.083660,detail,vegetation,690991.3856054497,37313534.82269428,12685637.216232352
,Overhead,AC,394,Advanced Aluminum Conductor,100,0.5681351773900433,LCC Converter,0,False,0,,,47.825341235140684,0.028017704693955908,2.1352345888064237,4.0,54.0,20251110_162406,2025-11-10T16:24:08.083660,summary,all,2244284.2109108996,121191347.38918856,41201925.09315911
,Overhead,AC,394,Advanced Aluminum Conductor,100,0.7490646765760267,LCC Converter,0,False,0,,,62.22044385993224,0.028198664090082523,0.8933661629364511,7.0,43.0,20251110_162408,2025-11-10T16:24:09.878264,detail,conductor,132301.4397,5688961.9070999995,1600221.93366352
,Overhead,AC,394,Advanced Aluminum Conductor,100,0.7490646765760267,LCC Converter,0,False,0,,,62.22044385993224,0.028198664090082523,0.8933661629364511,7.0,43.0,20251110_162408,2025-11-10T16:24:09.878264,detail,converter,0,0.0,0.0
,Overhead,AC,394,Advanced Aluminum Conductor,100,0.7490646765760267,LCC Converter,0,False,0,,,62.22044385993224,0.028198664090082523,0.8933661629364511,7.0,43.0,20251110_162408,2025-11-10T16:24:09.878264,detail,structure,1624446.1334064077,69851183.73647553,19648118.256507758
,Overhead,AC,394,Advanced Aluminum Conductor,100,0.7490646765760267,LCC Converter,0,False,0,,,62.22044385993224,0.028198664090082523,0.8933661629364511,7.0,43.0,20251110_162408,2025-11-10T16:24:09.878264,detail,vegetation,894446.1334064075,38461183.73647553,10818569.506144688
,Overhead,AC,394,Advanced Aluminum Conductor,100,0.7490646765760267,LCC Converter,0,False,0,,,62.22044385993224,0.028198664090082523,0.8933661629364511,7.0,43.0,20251110_162408,2025-11-10T16:24:09.878264,summary,all,2651193.7065128153,114001329.38005105,32066909.696315967
,Overhead,AC,394,Advanced Aluminum Conductor,100,0.7095985015867663,LCC Converter,0,False,0,,,47.2337699928694,0.03538338366505045,2.327088726152508,16.0,42.0,20251110_162410,2025-11-10T16:24:11.671003,detail,conductor,132301.4397,5556660.4673999995,3698322.45627382
,Overhead,AC,394,Advanced Aluminum Conductor,100,0.7095985015867663,LCC Converter,0,False,0,,,47.2337699928694,0.03538338366505045,2.327088726152508,16.0,42.0,20251110_162410,2025-11-10T16:24:11.671003,detail,converter,0,0.0,0.0
,Overhead,AC,394,Advanced Aluminum Conductor,100,0.7095985015867663,LCC Converter,0,False,0,,,47.2337699928694,0.03538338366505045,2.327088726152508,16.0,42.0,20251110_162410,2025-11-10T16:24:11.671003,detail,structure,1535583.3959194021,64494502.62861489,42925326.96157758
,Overhead,AC,394,Advanced Aluminum Conductor,100,0.7095985015867663,LCC Converter,0,False,0,,,47.2337699928694,0.03538338366505045,2.327088726152508,16.0,42.0,20251110_162410,2025-11-10T16:24:11.671003,detail,vegetation,805583.3959194021,33834502.62861489,22519083.46791822
,Overhead,AC,394,Advanced Aluminum Conductor,100,0.7095985015867663,LCC Converter,0,False,0,,,47.2337699928694,0.03538338366505045,2.327088726152508,16.0,42.0,20251110_162410,2025-11-10T16:24:11.671003,summary,all,2473468.2315388042,103885665.72462977,69142732.88576962
,Overhead,AC,394,Advanced Aluminum Conductor,100,0.7464390634621247,LCC Converter,0,False,0,,,58.61798663574525,0.025693839619863042,1.3782803096648704,8.0,45.0,20251110_162411,2025-11-10T16:24:13.445522,detail,conductor,132301.4397,5953564.786499999,3097155.884881727
,Overhead,AC,394,Advanced Aluminum Conductor,100,0.7464390634621247,LCC Converter,0,False,0,,,58.61798663574525,0.025693839619863042,1.3782803096648704,8.0,45.0,20251110_162411,2025-11-10T16:24:13.445522,detail,converter,0,0.0,0.0
,Overhead,AC,394,Advanced Aluminum Conductor,100,0.7464390634621247,LCC Converter,0,False,0,,,58.61798663574525,0.025693839619863042,1.3782803096648704,8.0,45.0,20251110_162411,2025-11-10T16:24:13.445522,detail,structure,1752412.8112582506,78858576.50662127,41023708.157959096
,Overhead,AC,394,Advanced Aluminum Conductor,100,0.7464390634621247,LCC Converter,0,False,0,,,58.61798663574525,0.025693839619863042,1.3782803096648704,8.0,45.0,20251110_162411,2025-11-10T16:24:13.445522,detail,vegetation,1022412.8112582506,46008576.50662128,23934523.028224938
,Overhead,AC,394,Advanced Aluminum Conductor,100,0.7464390634621247,LCC Converter,0,False,0,,,58.61798663574525,0.025693839619863042,1.3782803096648704,8.0,45.0,20251110_162411,2025-11-10T16:24:13.445522,summary,all,2907127.062216501,130820717.79974255,68055387.07106575
,Overhead,AC,394,Advanced Aluminum Conductor,100,0.6042317733401465,LCC Converter,0,False,0,,,73.50509704487116,0.02589500868260706,1.667599510874876,9.0,40.0,20251110_162413,2025-11-10T16:24:15.243455,detail,conductor,132301.4397,5292057.5879999995,2273793.964857479
,Overhead,AC,394,Advanced Aluminum Conductor,100,0.6042317733401465,LCC Converter,0,False,0,,,73.50509704487116,0.02589500868260706,1.667599510874876,9.0,40.0,20251110_162413,2025-11-10T16:24:15.243455,detail,converter,0,0.0,0.0
,Overhead,AC,394,Advanced Aluminum Conductor,100,0.6042317733401465,LCC Converter,0,False,0,,,73.50509704487116,0.02589500868260706,1.667599510874876,9.0,40.0,20251110_162413,2025-11-10T16:24:15.243455,detail,structure,1152833.9803097541,46113359.21239017,19813139.99949575
,Overhead,AC,394,Advanced Aluminum Conductor,100,0.6042317733401465,LCC Converter,0,False,0,,,73.50509704487116,0.02589500868260706,1.667599510874876,9.0,40.0,20251110_162413,2025-11-10T16:24:15.243455,detail,vegetation,422833.98030975426,16913359.21239017,7267021.090209539
,Overhead,AC,394,Advanced Aluminum Conductor,100,0.6042317733401465,LCC Converter,0,False,0,,,73.50509704487116,0.02589500868260706,1.667599510874876,9.0,40.0,20251110_162413,2025-11-10T16:24:15.243455,summary,all,1707969.4003195083,68318776.01278034,29353955.054562766
,Overhead,AC,394,Advanced Aluminum Conductor,100,0.6336005132585409,LCC Converter,0,False,0,,,69.49468878482007,0.030897276522784685,2.8859495844207843,15.0,57.0,20251110_162415,2025-11-10T16:24:17.034100,detail,conductor,132301.4397,7541182.062899999,4592250.083685238
,Overhead,AC,394,Advanced Aluminum Conductor,100,0.6336005132585409,LCC Converter,0,False,0,,,69.49468878482007,0.030897276522784685,2.8859495844207843,15.0,57.0,20251110_162415,2025-11-10T16:24:17.034100,detail,converter,0,0.0,0.0
,Overhead,AC,394,Advanced Aluminum Conductor,100,0.6336005132585409,LCC Converter,0,False,0,,,69.49468878482007,0.030897276522784685,2.8859495844207843,15.0,57.0,20251110_162415,2025-11-10T16:24:17.034100,detail,structure,1748111.1004049396,99642332.72308156,60677823.04810157
,Overhead,AC,394,Advanced Aluminum Conductor,100,0.6336005132585409,LCC Converter,0,False,0,,,69.49468878482007,0.030897276522784685,2.8859495844207843,15.0,57.0,20251110_162415,2025-11-10T16:24:17.034100,detail,vegetation,1018111.1004049396,58032332.72308156,35339152.74570861
,Overhead,AC,394,Advanced Aluminum Conductor,100,0.6336005132585409,LCC Converter,0,False,0,,,69.49468878482007,0.030897276522784685,2.8859495844207843,15.0,57.0,20251110_162415,2025-11-10T16:24:17.034100,summary,all,2898523.640509879,165215847.50906312,100609225.87749541
,Overhead,AC,394,Advanced Aluminum Conductor,100,0.6883786021255307,LCC Converter,0,False,0,,,50.93992313818655,0.0416433368723164,1.8122611871824308,1.0,57.0,20251110_162417,2025-11-10T16:24:18.851954,detail,conductor,132301.4397,7541182.062899999,3095235.630575294
,Overhead,AC,394,Advanced Aluminum Conductor,100,0.6883786021255307,LCC Converter,0,False,0,,,50.93992313818655,0.0416433368723164,1.8122611871824308,1.0,57.0,20251110_162417,2025-11-10T16:24:18.851954,detail,converter,0,0.0,0.0
,Overhead,AC,394,Advanced Aluminum Conductor,100,0.6883786021255307,LCC Converter,0,False,0,,,50.93992313818655,0.0416433368723164,1.8122611871824308,1.0,57.0,20251110_162417,2025-11-10T16:24:18.851954,detail,structure,1645400.9773804494,93787855.71068561,38494696.22794577
,Overhead,AC,394,Advanced Aluminum Conductor,100,0.6883786021255307,LCC Converter,0,False,0,,,50.93992313818655,0.0416433368723164,1.8122611871824308,1.0,57.0,20251110_162417,2025-11-10T16:24:18.851954,detail,vegetation,915400.9773804495,52177855.710685626,21416106.49042255
,Overhead,AC,394,Advanced Aluminum Conductor,100,0.6883786021255307,LCC Converter,0,False,0,,,50.93992313818655,0.0416433368723164,1.8122611871824308,1.0,57.0,20251110_162417,2025-11-10T16:24:18.851954,summary,all,2693103.394460899,153506893.48427123,63006038.348943606
,Overhead,AC,394,Advanced Aluminum Conductor,100,0.6235246968392877,LCC Converter,0,False,0,,,39.90615191635606,0.03371877585463557,0.7559425632203045,10.0,47.0,20251110_162419,2025-11-10T16:24:20.661141,detail,conductor,132301.4397,6218167.665899999,1721573.583355683
,Overhead,AC,394,Advanced Aluminum Conductor,100,0.6235246968392877,LCC Converter,0,False,0,,,39.90615191635606,0.03371877585463557,0.7559425632203045,10.0,47.0,20251110_162419,2025-11-10T16:24:20.661141,detail,converter,0,0.0,0.0
,Overhead,AC,394,Advanced Aluminum Conductor,100,0.6235246968392877,LCC Converter,0,False,0,,,39.90615191635606,0.03371877585463557,0.7559425632203045,10.0,47.0,20251110_162419,2025-11-10T16:24:20.661141,detail,structure,1241728.5846146308,58361243.47688764,16158003.52450882
,Overhead,AC,394,Advanced Aluminum Conductor,100,0.6235246968392877,LCC Converter,0,False,0,,,39.90615191635606,0.03371877585463557,0.7559425632203045,10.0,47.0,20251110_162419,2025-11-10T16:24:20.661141,detail,vegetation,511728.5846146307,24051243.476887643,6658872.459122161
,Overhead,AC,394,Advanced Aluminum Conductor,100,0.6235246968392877,LCC Converter,0,False,0,,,39.90615191635606,0.03371877585463557,0.7559425632203045,10.0,47.0,20251110_162419,2025-11-10T16:24:20.661141,summary,all,1885758.6089292616,88630654.61967528,24538449.566986665
,Overhead,AC,394,Advanced Aluminum Conductor,100,0.6684851907920037,LCC Converter,0,False,0,,,53.15349438491519,0.03643887183803925,1.7537168239515262,12.0,51.0,20251110_162420,2025-11-10T16:24:22.450202,detail,conductor,132301.4397,6747373.424699999,2279331.659895816
,Overhead,AC,394,Advanced Aluminum Conductor,100,0.6684851907920037,LCC Converter,0,False,0,,,53.15349438491519,0.03643887183803925,1.7537168239515262,12.0,51.0,20251110_162420,2025-11-10T16:24:22.450202,detail,converter,0,0.0,0.0
,Overhead,AC,394,Advanced Aluminum Conductor,100,0.6684851907920037,LCC Converter,0,False,0,,,53.15349438491519,0.03643887183803925,1.7537168239515262,12.0,51.0,20251110_162420,2025-11-10T16:24:22.450202,detail,structure,1463226.086587429,74624530.41595888,25208928.582386278
,Overhead,AC,394,Advanced Aluminum Conductor,100,0.6684851907920037,LCC Converter,0,False,0,,,53.15349438491519,0.03643887183803925,1.7537168239515262,12.0,51.0,20251110_162420,2025-11-10T16:24:22.450202,detail,vegetation,733226.0865874292,37394530.41595889,12632254.318697626
,Overhead,AC,394,Advanced Aluminum Conductor,100,0.6684851907920037,LCC Converter,0,False,0,,,53.15349438491519,0.03643887183803925,1.7537168239515262,12.0,51.0,20251110_162420,2025-11-10T16:24:22.450202,summary,all,2328753.612874858,118766434.25661775,40120514.56097972
,Overhead,AC,394,Advanced Aluminum Conductor,100,0.6817870935379874,LCC Converter,0,False,0,,,72.78621253900165,0.03155434867753867,1.7774049221024188,7.0,54.0,20251110_162422,2025-11-10T16:24:24.247650,detail,conductor,132301.4397,7144277.743799999,2733207.404253819
,Overhead,AC,394,Advanced Aluminum Conductor,100,0.6817870935379874,LCC Converter,0,False,0,,,72.78621253900165,0.03155434867753867,1.7774049221024188,7.0,54.0,20251110_162422,2025-11-10T16:24:24.247650,detail,converter,0,0.0,0.0
,Overhead,AC,394,Advanced Aluminum Conductor,100,0.6817870935379874,LCC Converter,0,False,0,,,72.78621253900165,0.03155434867753867,1.7774049221024188,7.0,54.0,20251110_162422,2025-11-10T16:24:24.247650,detail,structure,1703759.3098545119,92003002.73214364,35197860.06350412
,Overhead,AC,394,Advanced Aluminum Conductor,100,0.6817870935379874,LCC Converter,0,False,0,,,72.78621253900165,0.03155434867753867,1.7774049221024188,7.0,54.0,20251110_162422,2025-11-10T16:24:24.247650,detail,vegetation,973759.3098545119,52583002.73214364,20116834.417603407
,Overhead,AC,394,Advanced Aluminum Conductor,100,0.6817870935379874,LCC Converter,0,False,0,,,72.78621253900165,0.03155434867753867,1.7774049221024188,7.0,54.0,20251110_162422,2025-11-10T16:24:24.247650,summary,all,2809820.0594090237,151730283.20808727,58047901.88536134
,Overhead,AC,394,Advanced Aluminum Conductor,100,0.6606924941546398,LCC Converter,0,False,0,,,36.90225007005872,0.03260462942854585,2.4702346501956574,5.0,43.0,20251110_162424,2025-11-10T16:24:26.067269,detail,conductor,132301.4397,5688961.9070999995,2945819.0782312504
,Overhead,AC,394,Advanced Aluminum Conductor,100,0.6606924941546398,LCC Converter,0,False,0,,,36.90225007005872,0.03260462942854585,2.4702346501956574,5.0,43.0,20251110_162424,2025-11-10T16:24:26.067269,detail,converter,0,0.0,0.0
,Overhead,AC,394,Advanced Aluminum Conductor,100,0.6606924941546398,LCC Converter,0,False,0,,,36.90225007005872,0.03260462942854585,2.4702346501956574,5.0,43.0,20251110_162424,2025-11-10T16:24:26.067269,detail,structure,1174428.383589451,50500420.494346395,26149779.97396724
,Overhead,AC,394,Advanced Aluminum Conductor,100,0.6606924941546398,LCC Converter,0,False,0,,,36.90225007005872,0.03260462942854585,2.4702346501956574,5.0,43.0,20251110_162424,2025-11-10T16:24:26.067269,detail,vegetation,444428.38358945097,19110420.49434639,9895626.338261843
,Overhead,AC,394,Advanced Aluminum Conductor,100,0.6606924941546398,LCC Converter,0,False,0,,,36.90225007005872,0.03260462942854585,2.4702346501956574,5.0,43.0,20251110_162424,2025-11-10T16:24:26.067269,summary,all,1751158.206878902,75299802.89579278,38991225.39046033
,Overhead,AC,394,Advanced Aluminum Conductor,100,0.6546080104195472,LCC Converter,0,False,0,,,42.98111480427028,0.04185668392452893,1.7055412760207904,0.0,49.0,20251110_162426,2025-11-10T16:24:27.847579,detail,conductor,132301.4397,6482770.545299999,1665772.757619781
,Overhead,AC,394,Advanced Aluminum Conductor,100,0.6546080104195472,LCC Converter,0,False,0,,,42.98111480427028,0.04185668392452893,1.7055412760207904,0.0,49.0,20251110_162426,2025-11-10T16:24:27.847579,detail,converter,0,0.0,0.0
,Overhead,AC,394,Advanced Aluminum Conductor,100,0.6546080104195472,LCC Converter,0,False,0,,,42.98111480427028,0.04185668392452893,1.7055412760207904,0.0,49.0,20251110_162426,2025-11-10T16:24:27.847579,detail,structure,1204004.6878820832,58996229.70622208,15159307.515233954
,Overhead,AC,394,Advanced Aluminum Conductor,100,0.6546080104195472,LCC Converter,0,False,0,,,42.98111480427028,0.04185668392452893,1.7055412760207904,0.0,49.0,20251110_162426,2025-11-10T16:24:27.847579,detail,vegetation,474004.68788208324,23226229.70622208,5968068.812013399
,Overhead,AC,394,Advanced Aluminum Conductor,100,0.6546080104195472,LCC Converter,0,False,0,,,42.98111480427028,0.04185668392452893,1.7055412760207904,0.0,49.0,20251110_162426,2025-11-10T16:24:27.847579,summary,all,1810310.8154641665,88705229.95774415,22793149.084867135
,Overhead,AC,394,Advanced Aluminum Conductor,100,0.6563051039106217,LCC Converter,0,False,0,,,60.51568599323116,0.036047035772020085,1.4887930728383432,9.0,56.0,20251110_162428,2025-11-10T16:24:29.624511,detail,conductor,132301.4397,7408880.623199999,2004715.3059234119
,Overhead,AC,394,Advanced Aluminum Conductor,100,0.6563051039106217,LCC Converter,0,False,0,,,60.51568599323116,0.036047035772020085,1.4887930728383432,9.0,56.0,20251110_162428,2025-11-10T16:24:29.624511,detail,converter,0,0.0,0.0
,Overhead,AC,394,Advanced Aluminum Conductor,100,0.6563051039106217,LCC Converter,0,False,0,,,60.51568599323116,0.036047035772020085,1.4887930728383432,9.0,56.0,20251110_162428,2025-11-10T16:24:29.624511,detail,structure,1491032.9399183465,83497844.6354274,22593076.561133534
,Overhead,AC,394,Advanced Aluminum Conductor,100,0.6563051039106217,LCC Converter,0,False,0,,,60.51568599323116,0.036047035772020085,1.4887930728383432,9.0,56.0,20251110_162428,2025-11-10T16:24:29.624511,detail,vegetation,761032.9399183465,42617844.6354274,11531653.672293343
,Overhead,AC,394,Advanced Aluminum Conductor,100,0.6563051039106217,LCC Converter,0,False,0,,,60.51568599323116,0.036047035772020085,1.4887930728383432,9.0,56.0,20251110_162428,2025-11-10T16:24:29.624511,summary,all,2384367.319536693,133524569.8940548,36129445.539350286
,Overhead,AC,394,Advanced Aluminum Conductor,100,0.6445188150539338,LCC Converter,0,False,0,,,38.17513556069921,0.03336257136030629,1.1502405404016474,13.0,50.0,20251110_162429,2025-11-10T16:24:31.400746,detail,conductor,132301.4397,6615071.984999999,1907905.6572718672
,Overhead,AC,394,Advanced Aluminum Conductor,100,0.6445188150539338,LCC Converter,0,False,0,,,38.17513556069921,0.03336257136030629,1.1502405404016474,13.0,50.0,20251110_162429,2025-11-10T16:24:31.400746,detail,converter,0,0.0,0.0
,Overhead,AC,394,Advanced Aluminum Conductor,100,0.6445188150539338,LCC Converter,0,False,0,,,38.17513556069921,0.03336257136030629,1.1502405404016474,13.0,50.0,20251110_162429,2025-11-10T16:24:31.400746,detail,structure,1583250.1773279207,79162508.86639604,22831890.39401381
,Overhead,AC,394,Advanced Aluminum Conductor,100,0.6445188150539338,LCC Converter,0,False,0,,,38.17513556069921,0.03336257136030629,1.1502405404016474,13.0,50.0,20251110_162429,2025-11-10T16:24:31.400746,detail,vegetation,853250.1773279206,42662508.866396025,12304634.356841115
,Overhead,AC,394,Advanced Aluminum Conductor,100,0.6445188150539338,LCC Converter,0,False,0,,,38.17513556069921,0.03336257136030629,1.1502405404016474,13.0,50.0,20251110_162429,2025-11-10T16:24:31.400746,summary,all,2568801.7943558414,128440089.71779206,37044430.408126794
,Overhead,AC,394,Advanced Aluminum Conductor,100,0.6587441648983083,LCC Converter,0,False,0,,,51.37627833489384,0.027165063211828204,2.86827546479705,0.0,43.0,20251110_162431,2025-11-10T16:24:33.207277,detail,conductor,132301.4397,5688961.9070999995,2261605.5704215746
,Overhead,AC,394,Advanced Aluminum Conductor,100,0.6587441648983083,LCC Converter,0,False,0,,,51.37627833489384,0.027165063211828204,2.86827546479705,0.0,43.0,20251110_162431,2025-11-10T16:24:33.207277,detail,converter,0,0.0,0.0
,Overhead,AC,394,Advanced Aluminum Conductor,100,0.6587441648983083,LCC Converter,0,False,0,,,51.37627833489384,0.027165063211828204,2.86827546479705,0.0,43.0,20251110_162431,2025-11-10T16:24:33.207277,detail,structure,1617985.8145548445,69573390.02585831,27658396.910554007
,Overhead,AC,394,Advanced Aluminum Conductor,100,0.6587441648983083,LCC Converter,0,False,0,,,51.37627833489384,0.027165063211828204,2.86827546479705,0.0,43.0,20251110_162431,2025-11-10T16:24:33.207277,detail,vegetation,887985.8145548446,38183390.02585832,15179529.937137762
,Overhead,AC,394,Advanced Aluminum Conductor,100,0.6587441648983083,LCC Converter,0,False,0,,,51.37627833489384,0.027165063211828204,2.86827546479705,0.0,43.0,20251110_162431,2025-11-10T16:24:33.207277,summary,all,2638273.068809689,113445741.95881662,45099532.41811334
,Overhead,AC,394,Advanced Aluminum Conductor,100,0.7057646703184471,LCC Converter,0,False,0,,,56.86743077611156,0.025224063924632646,0.6435505046780196,12.0,42.0,20251110_162433,2025-11-10T16:24:35.012447,detail,conductor,132301.4397,5556660.4673999995,2039549.0426629754
,Overhead,AC,394,Advanced Aluminum Conductor,100,0.7057646703184471,LCC Converter,0,False,0,,,56.86743077611156,0.025224063924632646,0.6435505046780196,12.0,42.0,20251110_162433,2025-11-10T16:24:35.012447,detail,converter,0,0.0,0.0
,Overhead,AC,394,Advanced Aluminum Conductor,100,0.7057646703184471,LCC Converter,0,False,0,,,56.86743077611156,0.025224063924632646,0.6435505046780196,12.0,42.0,20251110_162433,2025-11-10T16:24:35.012447,detail,structure,1442760.0146587389,60595920.61566703,22241479.861157183
,Overhead,AC,394,Advanced Aluminum Conductor,100,0.7057646703184471,LCC Converter,0,False,0,,,56.86743077611156,0.025224063924632646,0.6435505046780196,12.0,42.0,20251110_162433,2025-11-10T16:24:35.012447,detail,vegetation,712760.0146587387,29935920.615667026,10987854.771966469
,Overhead,AC,394,Advanced Aluminum Conductor,100,0.7057646703184471,LCC Converter,0,False,0,,,56.86743077611156,0.025224063924632646,0.6435505046780196,12.0,42.0,20251110_162433,2025-11-10T16:24:35.012447,summary,all,2287821.4690174777,96088501.69873406,35268883.67578663
,Overhead,AC,394,Advanced Aluminum Conductor,100,0.6417937387868448,LCC Converter,0,False,0,,,43.55491512602263,0.02154810150351629,1.887477672293366,11.0,44.0,20251110_162435,2025-11-10T16:24:36.836838,detail,conductor,132301.4397,5821263.3467999995,3229338.560135765
,Overhead,AC,394,Advanced Aluminum Conductor,100,0.6417937387868448,LCC Converter,0,False,0,,,43.55491512602263,0.02154810150351629,1.887477672293366,11.0,44.0,20251110_162435,2025-11-10T16:24:36.836838,detail,converter,0,0.0,0.0
,Overhead,AC,394,Advanced Aluminum Conductor,100,0.6417937387868448,LCC Converter,0,False,0,,,43.55491512602263,0.02154810150351629,1.887477672293366,11.0,44.0,20251110_162435,2025-11-10T16:24:36.836838,detail,structure,1737067.6236145697,76430975.43904106,42399988.02146013
,Overhead,AC,394,Advanced Aluminum Conductor,100,0.6417937387868448,LCC Converter,0,False,0,,,43.55491512602263,0.02154810150351629,1.887477672293366,11.0,44.0,20251110_162435,2025-11-10T16:24:36.836838,detail,vegetation,1007067.6236145695,44310975.43904106,24581458.1986202
,Overhead,AC,394,Advanced Aluminum Conductor,100,0.6417937387868448,LCC Converter,0,False,0,,,43.55491512602263,0.02154810150351629,1.887477672293366,11.0,44.0,20251110_162435,2025-11-10T16:24:36.836838,summary,all,2876436.6869291393,126563214.22488213,70210784.7802161
,Overhead,AC,394,Advanced Aluminum Conductor,100,0.5843905960746273,LCC Converter,0,False,0,,,35.54271570830343,0.027625138457910425,1.0713111998736644,3.0,55.0,20251110_162437,2025-11-10T16:24:38.707353,detail,conductor,132301.4397,7276579.183499999,2730026.416168704
,Overhead,AC,394,Advanced Aluminum Conductor,100,0.5843905960746273,LCC Converter,0,False,0,,,35.54271570830343,0.027625138457910425,1.0713111998736644,3.0,55.0,20251110_162437,2025-11-10T16:24:38.707353,detail,converter,0,0.0,0.0
,Overhead,AC,394,Advanced Aluminum Conductor,100,0.5843905960746273,LCC Converter,0,False,0,,,35.54271570830343,0.027625138457910425,1.0713111998736644,3.0,55.0,20251110_162437,2025-11-10T16:24:38.707353,detail,structure,1228908.8628180383,67589987.4549921,25358406.274070866
,Overhead,AC,394,Advanced Aluminum Conductor,100,0.5843905960746273,LCC Converter,0,False,0,,,35.54271570830343,0.027625138457910425,1.0713111998736644,3.0,55.0,20251110_162437,2025-11-10T16:24:38.707353,detail,vegetation,498908.8628180384,27439987.45499211,10294932.374450445
,Overhead,AC,394,Advanced Aluminum Conductor,100,0.5843905960746273,LCC Converter,0,False,0,,,35.54271570830343,0.027625138457910425,1.0713111998736644,3.0,55.0,20251110_162437,2025-11-10T16:24:38.707353,summary,all,1860119.1653360766,102306554.09348422,38383365.064690016
,Overhead,AC,394,Advanced Aluminum Conductor,100,0.711021815479761,LCC Converter,0,False,0,,,48.682817605820276,0.03762346139201173,2.388592680160521,15.0,42.0,20251110_162439,2025-11-10T16:24:40.574802,detail,conductor,132301.4397,5556660.4673999995,2520022.0646886593
,Overhead,AC,394,Advanced Aluminum Conductor,100,0.711021815479761,LCC Converter,0,False,0,,,48.682817605820276,0.03762346139201173,2.388592680160521,15.0,42.0,20251110_162439,2025-11-10T16:24:40.574802,detail,converter,0,0.0,0.0
,Overhead,AC,394,Advanced Aluminum Conductor,100,0.711021815479761,LCC Converter,0,False,0,,,48.682817605820276,0.03762346139201173,2.388592680160521,15.0,42.0,20251110_162439,2025-11-10T16:24:40.574802,detail,structure,1569226.7960975931,65907525.43609891,29889970.65816983
,Overhead,AC,394,Advanced Aluminum Conductor,100,0.711021815479761,LCC Converter,0,False,0,,,48.682817605820276,0.03762346139201173,2.388592680160521,15.0,42.0,20251110_162439,2025-11-10T16:24:40.574802,detail,vegetation,839226.7960975931,35247525.43609891,15985238.318188196
,Overhead,AC,394,Advanced Aluminum Conductor,100,0.711021815479761,LCC Converter,0,False,0,,,48.682817605820276,0.03762346139201173,2.388592680160521,15.0,42.0,20251110_162439,2025-11-10T16:24:40.574802,summary,all,2540755.0318951863,106711711.33959782,48395231.04104669
,Overhead,AC,394,Advanced Aluminum Conductor,100,0.7322977578764528,LCC Converter,0,False,0,,,49.96477195338932,0.030731955087600838,1.998197755751687,2.0,59.0,20251110_162440,2025-11-10T16:24:42.361332,detail,conductor,132301.4397,7805784.942299999,3693055.665553807
,Overhead,AC,394,Advanced Aluminum Conductor,100,0.7322977578764528,LCC Converter,0,False,0,,,49.96477195338932,0.030731955087600838,1.998197755751687,2.0,59.0,20251110_162440,2025-11-10T16:24:42.361332,detail,converter,0,0.0,0.0
,Overhead,AC,394,Advanced Aluminum Conductor,100,0.7322977578764528,LCC Converter,0,False,0,,,49.96477195338932,0.030731955087600838,1.998197755751687,2.0,59.0,20251110_162440,2025-11-10T16:24:42.361332,detail,structure,1697420.3430097369,100147800.23757447,47381705.20889953
,Overhead,AC,394,Advanced Aluminum Conductor,100,0.7322977578764528,LCC Converter,0,False,0,,,49.96477195338932,0.030731955087600838,1.998197755751687,2.0,59.0,20251110_162440,2025-11-10T16:24:42.361332,detail,vegetation,967420.3430097367,57077800.237574466,27004522.300176572
,Overhead,AC,394,Advanced Aluminum Conductor,100,0.7322977578764528,LCC Converter,0,False,0,,,49.96477195338932,0.030731955087600838,1.998197755751687,2.0,59.0,20251110_162440,2025-11-10T16:24:42.361332,summary,all,2797142.1257194737,165031385.41744894,78079283.17462991
,Overhead,AC,394,Advanced Aluminum Conductor,100,0.6802735056629633,LCC Converter,0,False,0,,,48.94623018894262,0.030660977917984635,0.8217943043944889,6.0,48.0,20251110_162442,2025-11-10T16:24:44.153622,detail,conductor,132301.4397,6350469.105599999,2199304.900270415
,Overhead,AC,394,Advanced Aluminum Conductor,100,0.6802735056629633,LCC Converter,0,False,0,,,48.94623018894262,0.030660977917984635,0.8217943043944889,6.0,48.0,20251110_162442,2025-11-10T16:24:44.153622,detail,converter,0,0.0,0.0
,Overhead,AC,394,Advanced Aluminum Conductor,100,0.6802735056629633,LCC Converter,0,False,0,,,48.94623018894262,0.030660977917984635,0.8217943043944889,6.0,48.0,20251110_162442,2025-11-10T16:24:44.153622,detail,structure,1318652.5052534055,63295320.25216347,21920539.361732084
,Overhead,AC,394,Advanced Aluminum Conductor,100,0.6802735056629633,LCC Converter,0,False,0,,,48.94623018894262,0.030660977917984635,0.8217943043944889,6.0,48.0,20251110_162442,2025-11-10T16:24:44.153622,detail,vegetation,588652.5052534055,28255320.252163466,9785428.95901889
,Overhead,AC,394,Advanced Aluminum Conductor,100,0.6802735056629633,LCC Converter,0,False,0,,,48.94623018894262,0.030660977917984635,0.8217943043944889,6.0,48.0,20251110_162442,2025-11-10T16:24:44.153622,summary,all,2039606.450206811,97901109.60992694,33905273.221021384
,Overhead,AC,394,Advanced Aluminum Conductor,100,0.6439377498798649,LCC Converter,0,False,0,,,71.59991188791183,0.03676185072428778,2.2263705816824078,14.0,44.0,20251110_162444,2025-11-10T16:24:46.017907,detail,conductor,132301.4397,5821263.3467999995,2711900.1238920568
,Overhead,AC,394,Advanced Aluminum Conductor,100,0.6439377498798649,LCC Converter,0,False,0,,,71.59991188791183,0.03676185072428778,2.2263705816824078,14.0,44.0,20251110_162444,2025-11-10T16:24:46.017907,detail,converter,0,0.0,0.0
,Overhead,AC,394,Advanced Aluminum Conductor,100,0.6439377498798649,LCC Converter,0,False,0,,,71.59991188791183,0.03676185072428778,2.2263705816824078,14.0,44.0,20251110_162444,2025-11-10T16:24:46.017907,detail,structure,1713739.5108223923,75404538.47618526,35128040.951454274
,Overhead,AC,394,Advanced Aluminum Conductor,100,0.6439377498798649,LCC Converter,0,False,0,,,71.59991188791183,0.03676185072428778,2.2263705816824078,14.0,44.0,20251110_162444,2025-11-10T16:24:46.017907,detail,vegetation,983739.5108223923,43284538.47618526,20164582.542156238
,Overhead,AC,394,Advanced Aluminum Conductor,100,0.6439377498798649,LCC Converter,0,False,0,,,71.59991188791183,0.03676185072428778,2.2263705816824078,14.0,44.0,20251110_162444,2025-11-10T16:24:46.017907,summary,all,2829780.4613447846,124510340.29917052,58004523.61750257
,Overhead,AC,394,Advanced Aluminum Conductor,100,0.6768939679200064,LCC Converter,0,False,0,,,48.41877274703097,0.023170612876030193,2.640411661713856,17.0,50.0,20251110_162446,2025-11-10T16:24:47.861068,detail,conductor,132301.4397,6615071.984999999,2187500.092897265
,Overhead,AC,394,Advanced Aluminum Conductor,100,0.6768939679200064,LCC Converter,0,False,0,,,48.41877274703097,0.023170612876030193,2.640411661713856,17.0,50.0,20251110_162446,2025-11-10T16:24:47.861068,detail,converter,0,0.0,0.0
,Overhead,AC,394,Advanced Aluminum Conductor,100,0.6768939679200064,LCC Converter,0,False,0,,,48.41877274703097,0.023170612876030193,2.640411661713856,17.0,50.0,20251110_162446,2025-11-10T16:24:47.861068,detail,structure,1510854.2071183976,75542710.35591988,24980784.229710232
,Overhead,AC,394,Advanced Aluminum Conductor,100,0.6768939679200064,LCC Converter,0,False,0,,,48.41877274703097,0.023170612876030193,2.640411661713856,17.0,50.0,20251110_162446,2025-11-10T16:24:47.861068,detail,vegetation,780854.2071183976,39042710.35591988,12910809.243527187
,Overhead,AC,394,Advanced Aluminum Conductor,100,0.6768939679200064,LCC Converter,0,False,0,,,48.41877274703097,0.023170612876030193,2.640411661713856,17.0,50.0,20251110_162446,2025-11-10T16:24:47.861068,summary,all,2424009.853936795,121200492.69683976,40079093.566134684
,Overhead,AC,394,Advanced Aluminum Conductor,100,0.6845528379864069,LCC Converter,0,False,0,,,37.574420391828575,0.038092026150325746,2.3122696969949628,20.0,43.0,20251110_162448,2025-11-10T16:24:49.681124,detail,conductor,132301.4397,5688961.9070999995,2709515.2451704936
,Overhead,AC,394,Advanced Aluminum Conductor,100,0.6845528379864069,LCC Converter,0,False,0,,,37.574420391828575,0.038092026150325746,2.3122696969949628,20.0,43.0,20251110_162448,2025-11-10T16:24:49.681124,detail,converter,0,0.0,0.0
,Overhead,AC,394,Advanced Aluminum Conductor,100,0.6845528379864069,LCC Converter,0,False,0,,,37.574420391828575,0.038092026150325746,2.3122696969949628,20.0,43.0,20251110_162448,2025-11-10T16:24:49.681124,detail,structure,1555495.3086981883,66886298.274022095,31856329.47204372
,Overhead,AC,394,Advanced Aluminum Conductor,100,0.6845528379864069,LCC Converter,0,False,0,,,37.574420391828575,0.038092026150325746,2.3122696969949628,20.0,43.0,20251110_162448,2025-11-10T16:24:49.681124,detail,vegetation,825495.3086981883,35496298.274022095,16906030.114307694
,Overhead,AC,394,Advanced Aluminum Conductor,100,0.6845528379864069,LCC Converter,0,False,0,,,37.574420391828575,0.038092026150325746,2.3122696969949628,20.0,43.0,20251110_162448,2025-11-10T16:24:49.681124,summary,all,2513292.0570963765,108071558.4551442,51471874.831521906
,Overhead,AC,394,Advanced Aluminum Conductor,100,0.7309468297912275,LCC Converter,0,False,0,,,35.12127892287042,0.024378618840814787,1.3113204399721594,18.0,48.0,20251110_162449,2025-11-10T16:24:51.465727,detail,conductor,132301.4397,6350469.105599999,4223890.693258435
,Overhead,AC,394,Advanced Aluminum Conductor,100,0.7309468297912275,LCC Converter,0,False,0,,,35.12127892287042,0.024378618840814787,1.3113204399721594,18.0,48.0,20251110_162449,2025-11-10T16:24:51.465727,detail,converter,0,0.0,0.0
,Overhead,AC,394,Advanced Aluminum Conductor,100,0.7309468297912275,LCC Converter,0,False,0,,,35.12127892287042,0.024378618840814787,1.3113204399721594,18.0,48.0,20251110_162449,2025-11-10T16:24:51.465727,detail,structure,1264965.6743183804,60718352.36728226,40385628.08659132
,Overhead,AC,394,Advanced Aluminum Conductor,100,0.7309468297912275,LCC Converter,0,False,0,,,35.12127892287042,0.024378618840814787,1.3113204399721594,18.0,48.0,20251110_162449,2025-11-10T16:24:51.465727,detail,vegetation,534965.6743183804,25678352.36728226,17079455.356570322
,Overhead,AC,394,Advanced Aluminum Conductor,100,0.7309468297912275,LCC Converter,0,False,0,,,35.12127892287042,0.024378618840814787,1.3113204399721594,18.0,48.0,20251110_162449,2025-11-10T16:24:51.465727,summary,all,1932232.7883367608,92747173.84016451,61688974.13642007
,Overhead,AC,394,Advanced Aluminum Conductor,100,0.7195224254612109,LCC Converter,0,False,0,,,41.23843451962985,0.04136762855434002,1.8766441251989427,7.0,56.0,20251110_162451,2025-11-10T16:24:53.262774,detail,conductor,132301.4397,7408880.623199999,1565106.990923883
,Overhead,AC,394,Advanced Aluminum Conductor,100,0.7195224254612109,LCC Converter,0,False,0,,,41.23843451962985,0.04136762855434002,1.8766441251989427,7.0,56.0,20251110_162451,2025-11-10T16:24:53.262774,detail,converter,0,0.0,0.0
,Overhead,AC,394,Advanced Aluminum Conductor,100,0.7195224254612109,LCC Converter,0,False,0,,,41.23843451962985,0.04136762855434002,1.8766441251989427,7.0,56.0,20251110_162451,2025-11-10T16:24:53.262774,detail,structure,1359022.2244250972,76105244.56780544,16077037.325457362
,Overhead,AC,394,Advanced Aluminum Conductor,100,0.7195224254612109,LCC Converter,0,False,0,,,41.23843451962985,0.04136762855434002,1.8766441251989427,7.0,56.0,20251110_162451,2025-11-10T16:24:53.262774,detail,vegetation,629022.2244250972,35225244.56780545,7441242.386527196
,Overhead,AC,394,Advanced Aluminum Conductor,100,0.7195224254612109,LCC Converter,0,False,0,,,41.23843451962985,0.04136762855434002,1.8766441251989427,7.0,56.0,20251110_162451,2025-11-10T16:24:53.262774,summary,all,2120345.8885501944,118739369.75881088,25083386.70290844
,Overhead,AC,394,Advanced Aluminum Conductor,100,0.7366616884999116,LCC Converter,0,False,0,,,45.30793392650429,0.03208900773669741,0.5802658894083615,9.0,51.0,20251110_162453,2025-11-10T16:24:55.079498,detail,conductor,132301.4397,6747373.424699999,3468489.0008743317
,Overhead,AC,394,Advanced Aluminum Conductor,100,0.7366616884999116,LCC Converter,0,False,0,,,45.30793392650429,0.03208900773669741,0.5802658894083615,9.0,51.0,20251110_162453,2025-11-10T16:24:55.079498,detail,converter,0,0.0,0.0
,Overhead,AC,394,Advanced Aluminum Conductor,100,0.7366616884999116,LCC Converter,0,False,0,,,45.30793392650429,0.03208900773669741,0.5802658894083615,9.0,51.0,20251110_162453,2025-11-10T16:24:55.079498,detail,structure,1614268.2021184552,82327678.30804121,42320563.67795556
,Overhead,AC,394,Advanced Aluminum Conductor,100,0.7366616884999116,LCC Converter,0,False,0,,,45.30793392650429,0.03208900773669741,0.5802658894083615,9.0,51.0,20251110_162453,2025-11-10T16:24:55.079498,detail,vegetation,884268.2021184552,45097678.308041215,23182472.842514224
,Overhead,AC,394,Advanced Aluminum Conductor,100,0.7366616884999116,LCC Converter,0,False,0,,,45.30793392650429,0.03208900773669741,0.5802658894083615,9.0,51.0,20251110_162453,2025-11-10T16:24:55.079498,summary,all,2630837.8439369104,134172730.04078242,68971525.52134413
,Overhead,AC,394,Advanced Aluminum Conductor,100,0.6975753961904024,LCC Converter,0,False,0,,,36.72000641923006,0.03485889377325856,1.2561467627272198,19.0,43.0,20251110_162455,2025-11-10T16:24:56.866506,detail,conductor,132301.4397,5688961.9070999995,1947358.5303523852
,Overhead,AC,394,Advanced Aluminum Conductor,100,0.6975753961904024,LCC Converter,0,False,0,,,36.72000641923006,0.03485889377325856,1.2561467627272198,19.0,43.0,20251110_162455,2025-11-10T16:24:56.866506,detail,converter,0,0.0,0.0
,Overhead,AC,394,Advanced Aluminum Conductor,100,0.6975753961904024,LCC Converter,0,False,0,,,36.72000641923006,0.03485889377325856,1.2561467627272198,19.0,43.0,20251110_162455,2025-11-10T16:24:56.866506,detail,structure,1584753.366983003,68144394.78026913,23326148.18626962
,Overhead,AC,394,Advanced Aluminum Conductor,100,0.6975753961904024,LCC Converter,0,False,0,,,36.72000641923006,0.03485889377325856,1.2561467627272198,19.0,43.0,20251110_162455,2025-11-10T16:24:56.866506,detail,vegetation,854753.3669830029,36754394.78026912,12581202.928071944
,Overhead,AC,394,Advanced Aluminum Conductor,100,0.6975753961904024,LCC Converter,0,False,0,,,36.72000641923006,0.03485889377325856,1.2561467627272198,19.0,43.0,20251110_162455,2025-11-10T16:24:56.866506,summary,all,2571808.173666006,110587751.46763825,37854709.64469395
,Overhead,AC,394,Advanced Aluminum Conductor,100,0.6971129127278914,LCC Converter,0,False,0,,,62.005767253552804,0.041919908999575504,1.402895272901941,1.0,46.0,20251110_162457,2025-11-10T16:24:58.669165,detail,conductor,132301.4397,6085866.226199999,1628936.366328731
,Overhead,AC,394,Advanced Aluminum Conductor,100,0.6971129127278914,LCC Converter,0,False,0,,,62.005767253552804,0.041919908999575504,1.402895272901941,1.0,46.0,20251110_162457,2025-11-10T16:24:58.669165,detail,converter,0,0.0,0.0
,Overhead,AC,394,Advanced Aluminum Conductor,100,0.6971129127278914,LCC Converter,0,False,0,,,62.005767253552804,0.041919908999575504,1.402895272901941,1.0,46.0,20251110_162457,2025-11-10T16:24:58.669165,detail,structure,1483152.8613076063,68225031.6201499,18261038.111805767
,Overhead,AC,394,Advanced Aluminum Conductor,100,0.6971129127278914,LCC Converter,0,False,0,,,62.005767253552804,0.041919908999575504,1.402895272901941,1.0,46.0,20251110_162457,2025-11-10T16:24:58.669165,detail,vegetation,753152.8613076063,34645031.62014989,9273051.661194427
,Overhead,AC,394,Advanced Aluminum Conductor,100,0.6971129127278914,LCC Converter,0,False,0,,,62.005767253552804,0.041919908999575504,1.402895272901941,1.0,46.0,20251110_162457,2025-11-10T16:24:58.669165,summary,all,2368607.1623152127,108955929.46649978,29163026.139328927
,Overhead,AC,394,Advanced Aluminum Conductor,100,0.5835980128951274,LCC Converter,0,False,0,,,67.23876302032374,0.029279836407029084,2.063811647027914,17.0,50.0,20251110_162458,2025-11-10T16:25:00.483618,detail,conductor,132301.4397,6615071.984999999,1676028.339767316
,Overhead,AC,394,Advanced Aluminum Conductor,100,0.5835980128951274,LCC Converter,0,False,0,,,67.23876302032374,0.029279836407029084,2.063811647027914,17.0,50.0,20251110_162458,2025-11-10T16:25:00.483618,detail,converter,0,0.0,0.0
,Overhead,AC,394,Advanced Aluminum Conductor,100,0.5835980128951274,LCC Converter,0,False,0,,,67.23876302032374,0.029279836407029084,2.063811647027914,17.0,50.0,20251110_162458,2025-11-10T16:25:00.483618,detail,structure,1192091.891350245,59604594.56751226,15101723.745715449
,Overhead,AC,394,Advanced Aluminum Conductor,100,0.5835980128951274,LCC Converter,0,False,0,,,67.23876302032374,0.029279836407029084,2.063811647027914,17.0,50.0,20251110_162458,2025-11-10T16:25:00.483618,detail,vegetation,462091.89135024516,23104594.56751226,5853897.790045667
,Overhead,AC,394,Advanced Aluminum Conductor,100,0.5835980128951274,LCC Converter,0,False,0,,,67.23876302032374,0.029279836407029084,2.063811647027914,17.0,50.0,20251110_162458,2025-11-10T16:25:00.483618,summary,all,1786485.2224004902,89324261.12002452,22631649.875528432
,Overhead,AC,394,Advanced Aluminum Conductor,100,0.5871278132872666,LCC Converter,0,False,0,,,45.21351402388621,0.039514931175227766,2.1967159659215394,11.0,52.0,20251110_162500,2025-11-10T16:25:02.326280,detail,conductor,132301.4397,6879674.864399999,2652402.3101855144
,Overhead,AC,394,Advanced Aluminum Conductor,100,0.5871278132872666,LCC Converter,0,False,0,,,45.21351402388621,0.039514931175227766,2.1967159659215394,11.0,52.0,20251110_162500,2025-11-10T16:25:02.326280,detail,converter,0,0.0,0.0
,Overhead,AC,394,Advanced Aluminum Conductor,100,0.5871278132872666,LCC Converter,0,False,0,,,45.21351402388621,0.039514931175227766,2.1967159659215394,11.0,52.0,20251110_162500,2025-11-10T16:25:02.326280,detail,structure,1680653.210584626,87393966.95040056,33694028.33773823
,Overhead,AC,394,Advanced Aluminum Conductor,100,0.5871278132872666,LCC Converter,0,False,0,,,45.21351402388621,0.039514931175227766,2.1967159659215394,11.0,52.0,20251110_162500,2025-11-10T16:25:02.326280,detail,vegetation,950653.2105846261,49433966.95040055,19058861.170805074
,Overhead,AC,394,Advanced Aluminum Conductor,100,0.5871278132872666,LCC Converter,0,False,0,,,45.21351402388621,0.039514931175227766,2.1967159659215394,11.0,52.0,20251110_162500,2025-11-10T16:25:02.326280,summary,all,2763607.860869252,143707608.76520112,55405291.81872882
,Overhead,AC,394,Advanced Aluminum Conductor,100,0.7529246886814105,LCC Converter,0,False,0,,,43.36934026429085,0.03318196039601087,2.6163987550408287,5.0,41.0,20251110_162502,2025-11-10T16:25:04.177997,detail,conductor,132301.4397,5424359.0276999995,1814444.3855805015
,Overhead,AC,394,Advanced Aluminum Conductor,100,0.7529246886814105,LCC Converter,0,False,0,,,43.36934026429085,0.03318196039601087,2.6163987550408287,5.0,41.0,20251110_162502,2025-11-10T16:25:04.177997,detail,converter,0,0.0,0.0
,Overhead,AC,394,Advanced Aluminum Conductor,100,0.7529246886814105,LCC Converter,0,False,0,,,43.36934026429085,0.03318196039601087,2.6163987550408287,5.0,41.0,20251110_162502,2025-11-10T16:25:04.177997,detail,structure,1393925.9543270653,57150964.127409674,19116958.420700286
,Overhead,AC,394,Advanced Aluminum Conductor,100,0.7529246886814105,LCC Converter,0,False,0,,,43.36934026429085,0.03318196039601087,2.6163987550408287,5.0,41.0,20251110_162502,2025-11-10T16:25:04.177997,detail,vegetation,663925.9543270653,27220964.127409674,9105393.886880884
,Overhead,AC,394,Advanced Aluminum Conductor,100,0.7529246886814105,LCC Converter,0,False,0,,,43.36934026429085,0.03318196039601087,2.6163987550408287,5.0,41.0,20251110_162502,2025-11-10T16:25:04.177997,summary,all,2190153.3483541305,89796287.28251934,30036796.693161674
,Overhead,AC,394,Advanced Aluminum Conductor,100,0.6220661342982381,LCC Converter,0,False,0,,,52.17666962166834,0.02948520670563607,2.245374647624562,10.0,44.0,20251110_162504,2025-11-10T16:25:05.964258,detail,conductor,132301.4397,5821263.3467999995,1936915.3817849255
,Overhead,AC,394,Advanced Aluminum Conductor,100,0.6220661342982381,LCC Converter,0,False,0,,,52.17666962166834,0.02948520670563607,2.245374647624562,10.0,44.0,20251110_162504,2025-11-10T16:25:05.964258,detail,converter,0,0.0,0.0
,Overhead,AC,394,Advanced Aluminum Conductor,100,0.6220661342982381,LCC Converter,0,False,0,,,52.17666962166834,0.02948520670563607,2.245374647624562,10.0,44.0,20251110_162504,2025-11-10T16:25:05.964258,detail,structure,1282705.899382258,56439059.57281935,18779030.61715331
,Overhead,AC,394,Advanced Aluminum Conductor,100,0.6220661342982381,LCC Converter,0,False,0,,,52.17666962166834,0.02948520670563607,2.245374647624562,10.0,44.0,20251110_162504,2025-11-10T16:25:05.964258,detail,vegetation,552705.8993822581,24319059.572819356,8091707.547130849
,Overhead,AC,394,Advanced Aluminum Conductor,100,0.6220661342982381,LCC Converter,0,False,0,,,52.17666962166834,0.02948520670563607,2.245374647624562,10.0,44.0,20251110_162504,2025-11-10T16:25:05.964258,summary,all,1967713.2384645161,86579382.4924387,28807653.546069086
,Overhead,AC,394,Advanced Aluminum Conductor,100,0.679111215954847,LCC Converter,0,False,0,,,72.66479357386149,0.027151813693683753,1.6943721294110319,4.0,52.0,20251110_162506,2025-11-10T16:25:07.807847,detail,conductor,132301.4397,6879674.864399999,1765479.161332364
,Overhead,AC,394,Advanced Aluminum Conductor,100,0.679111215954847,LCC Converter,0,False,0,,,72.66479357386149,0.027151813693683753,1.6943721294110319,4.0,52.0,20251110_162506,2025-11-10T16:25:07.807847,detail,converter,0,0.0,0.0
,Overhead,AC,394,Advanced Aluminum Conductor,100,0.679111215954847,LCC Converter,0,False,0,,,72.66479357386149,0.027151813693683753,1.6943721294110319,4.0,52.0,20251110_162506,2025-11-10T16:25:07.807847,detail,structure,1138262.8990627686,59189670.75126396,15189399.548258146
,Overhead,AC,394,Advanced Aluminum Conductor,100,0.679111215954847,LCC Converter,0,False,0,,,72.66479357386149,0.027151813693683753,1.6943721294110319,4.0,52.0,20251110_162506,2025-11-10T16:25:07.807847,detail,vegetation,408262.8990627687,21229670.751263972,5448010.560390419
,Overhead,AC,394,Advanced Aluminum Conductor,100,0.679111215954847,LCC Converter,0,False,0,,,72.66479357386149,0.027151813693683753,1.6943721294110319,4.0,52.0,20251110_162506,2025-11-10T16:25:07.807847,summary,all,1678827.237825537,87299016.36692794,22402889.26998093
,Overhead,AC,394,Advanced Aluminum Conductor,100,0.6183828994344883,LCC Converter,0,False,0,,,56.107532610085855,0.02621089279924674,1.791155799451888,13.0,59.0,20251110_162508,2025-11-10T16:25:09.692047,detail,conductor,132301.4397,7805784.942299999,3085162.816085918
,Overhead,AC,394,Advanced Aluminum Conductor,100,0.6183828994344883,LCC Converter,0,False,0,,,56.107532610085855,0.02621089279924674,1.791155799451888,13.0,59.0,20251110_162508,2025-11-10T16:25:09.692047,detail,converter,0,0.0,0.0
,Overhead,AC,394,Advanced Aluminum Conductor,100,0.6183828994344883,LCC Converter,0,False,0,,,56.107532610085855,0.02621089279924674,1.791155799451888,13.0,59.0,20251110_162508,2025-11-10T16:25:09.692047,detail,structure,1428770.740705798,84297473.70164208,33317780.758337904
,Overhead,AC,394,Advanced Aluminum Conductor,100,0.6183828994344883,LCC Converter,0,False,0,,,56.107532610085855,0.02621089279924674,1.791155799451888,13.0,59.0,20251110_162508,2025-11-10T16:25:09.692047,detail,vegetation,698770.7407057979,41227473.70164207,16294769.815678293
,Overhead,AC,394,Advanced Aluminum Conductor,100,0.6183828994344883,LCC Converter,0,False,0,,,56.107532610085855,0.02621089279924674,1.791155799451888,13.0,59.0,20251110_162508,2025-11-10T16:25:09.692047,summary,all,2259842.921111596,133330732.34558415,52697713.39010211
,Overhead,AC,394,Advanced Aluminum Conductor,100,0.6850398021181193,LCC Converter,0,False,0,,,60.7247721531246,0.03574338350912704,1.3060794160051459,5.0,41.0,20251110_162509,2025-11-10T16:25:11.498432,detail,conductor,132301.4397,5424359.0276999995,2874605.300795212
,Overhead,AC,394,Advanced Aluminum Conductor,100,0.6850398021181193,LCC Converter,0,False,0,,,60.7247721531246,0.03574338350912704,1.3060794160051459,5.0,41.0,20251110_162509,2025-11-10T16:25:11.498432,detail,converter,0,0.0,0.0
,Overhead,AC,394,Advanced Aluminum Conductor,100,0.6850398021181193,LCC Converter,0,False,0,,,60.7247721531246,0.03574338350912704,1.3060794160051459,5.0,41.0,20251110_162509,2025-11-10T16:25:11.498432,detail,structure,1266724.3915230818,51935700.05244635,27523000.94976851
,Overhead,AC,394,Advanced Aluminum Conductor,100,0.6850398021181193,LCC Converter,0,False,0,,,60.7247721531246,0.03574338350912704,1.3060794160051459,5.0,41.0,20251110_162509,2025-11-10T16:25:11.498432,detail,vegetation,536724.3915230817,22005700.05244635,11661783.760153104
,Overhead,AC,394,Advanced Aluminum Conductor,100,0.6850398021181193,LCC Converter,0,False,0,,,60.7247721531246,0.03574338350912704,1.3060794160051459,5.0,41.0,20251110_162509,2025-11-10T16:25:11.498432,summary,all,1935750.2227461636,79365759.13259271,42059390.010716826
,Overhead,AC,394,Advanced Aluminum Conductor,100,0.7516253162768428,LCC Converter,0,False,0,,,44.12671021343163,0.02700447236884777,2.2748311572649653,8.0,51.0,20251110_162511,2025-11-10T16:25:13.297587,detail,conductor,132301.4397,6747373.424699999,2525533.696278954
,Overhead,AC,394,Advanced Aluminum Conductor,100,0.7516253162768428,LCC Converter,0,False,0,,,44.12671021343163,0.02700447236884777,2.2748311572649653,8.0,51.0,20251110_162511,2025-11-10T16:25:13.297587,detail,converter,0,0.0,0.0
,Overhead,AC,394,Advanced Aluminum Conductor,100,0.7516253162768428,LCC Converter,0,False,0,,,44.12671021343163,0.02700447236884777,2.2748311572649653,8.0,51.0,20251110_162511,2025-11-10T16:25:13.297587,detail,structure,1146146.6808992438,58453480.72586143,21879067.00072985
,Overhead,AC,394,Advanced Aluminum Conductor,100,0.7516253162768428,LCC Converter,0,False,0,,,44.12671021343163,0.02700447236884777,2.2748311572649653,8.0,51.0,20251110_162511,2025-11-10T16:25:13.297587,detail,vegetation,416146.6808992438,21223480.725861434,7943923.116701243
,Overhead,AC,394,Advanced Aluminum Conductor,100,0.7516253162768428,LCC Converter,0,False,0,,,44.12671021343163,0.02700447236884777,2.2748311572649653,8.0,51.0,20251110_162511,2025-11-10T16:25:13.297587,summary,all,1694594.8014984876,86424334.87642287,32348523.81371005
,Overhead,AC,394,Advanced Aluminum Conductor,100,0.7441539949459525,LCC Converter,0,False,0,,,39.0194142945342,0.025060042697443982,2.8411866579135086,6.0,46.0,20251110_162513,2025-11-10T16:25:15.154786,detail,conductor,132301.4397,6085866.226199999,1943447.4505860724
,Overhead,AC,394,Advanced Aluminum Conductor,100,0.7441539949459525,LCC Converter,0,False,0,,,39.0194142945342,0.025060042697443982,2.8411866579135086,6.0,46.0,20251110_162513,2025-11-10T16:25:15.154786,detail,converter,0,0.0,0.0
,Overhead,AC,394,Advanced Aluminum Conductor,100,0.7441539949459525,LCC Converter,0,False,0,,,39.0194142945342,0.025060042697443982,2.8411866579135086,6.0,46.0,20251110_162513,2025-11-10T16:25:15.154786,detail,structure,1281847.2872472117,58964975.21337174,18829748.55065969
,Overhead,AC,394,Advanced Aluminum Conductor,100,0.7441539949459525,LCC Converter,0,False,0,,,39.0194142945342,0.025060042697443982,2.8411866579135086,6.0,46.0,20251110_162513,2025-11-10T16:25:15.154786,detail,vegetation,551847.2872472118,25384975.213371743,8106383.467521962
,Overhead,AC,394,Advanced Aluminum Conductor,100,0.7441539949459525,LCC Converter,0,False,0,,,39.0194142945342,0.025060042697443982,2.8411866579135086,6.0,46.0,20251110_162513,2025-11-10T16:25:15.154786,summary,all,1965996.0141944233,90435816.65294348,28879579.468767725
,Overhead,AC,394,Advanced Aluminum Conductor,100,0.7124819485827365,LCC Converter,0,False,0,,,66.1802737448927,0.03238645332383602,2.1182093671442885,17.0,56.0,20251110_162515,2025-11-10T16:25:16.965633,detail,conductor,132301.4397,7408880.623199999,3037158.5011683223
,Overhead,AC,394,Advanced Aluminum Conductor,100,0.7124819485827365,LCC Converter,0,False,0,,,66.1802737448927,0.03238645332383602,2.1182093671442885,17.0,56.0,20251110_162515,2025-11-10T16:25:16.965633,detail,converter,0,0.0,0.0
,Overhead,AC,394,Advanced Aluminum Conductor,100,0.7124819485827365,LCC Converter,0,False,0,,,66.1802737448927,0.03238645332383602,2.1182093671442885,17.0,56.0,20251110_162515,2025-11-10T16:25:16.965633,detail,structure,1549944.9338345728,86796916.29473607,35581082.43427109
,Overhead,AC,394,Advanced Aluminum Conductor,100,0.7124819485827365,LCC Converter,0,False,0,,,66.1802737448927,0.03238645332383602,2.1182093671442885,17.0,56.0,20251110_162515,2025-11-10T16:25:16.965633,detail,vegetation,819944.9338345727,45916916.29473607,18822945.0256358
,Overhead,AC,394,Advanced Aluminum Conductor,100,0.7124819485827365,LCC Converter,0,False,0,,,66.1802737448927,0.03238645332383602,2.1182093671442885,17.0,56.0,20251110_162515,2025-11-10T16:25:16.965633,summary,all,2502191.3073691456,140122713.21267214,57441185.96107522
,Overhead,AC,394,Advanced Aluminum Conductor,100,0.666598708341305,LCC Converter,0,False,0,,,51.72681498813245,0.03459463944083957,2.477416658823145,11.0,56.0,20251110_162517,2025-11-10T16:25:18.777772,detail,conductor,132301.4397,7408880.623199999,2200060.3501736615
,Overhead,AC,394,Advanced Aluminum Conductor,100,0.666598708341305,LCC Converter,0,False,0,,,51.72681498813245,0.03459463944083957,2.477416658823145,11.0,56.0,20251110_162517,2025-11-10T16:25:18.777772,detail,converter,0,0.0,0.0
,Overhead,AC,394,Advanced Aluminum Conductor,100,0.666598708341305,LCC Converter,0,False,0,,,51.72681498813245,0.03459463944083957,2.477416658823145,11.0,56.0,20251110_162517,2025-11-10T16:25:18.777772,detail,structure,1262074.6981925482,70676183.0987827,20987228.171870116
,Overhead,AC,394,Advanced Aluminum Conductor,100,0.666598708341305,LCC Converter,0,False,0,,,51.72681498813245,0.03459463944083957,2.477416658823145,11.0,56.0,20251110_162517,2025-11-10T16:25:18.777772,detail,vegetation,532074.6981925482,29796183.098782703,8847949.421249134
,Overhead,AC,394,Advanced Aluminum Conductor,100,0.666598708341305,LCC Converter,0,False,0,,,51.72681498813245,0.03459463944083957,2.477416658823145,11.0,56.0,20251110_162517,2025-11-10T16:25:18.777772,summary,all,1926450.8360850965,107881246.8207654,32035237.943292916
,Overhead,AC,394,Advanced Aluminum Conductor,100,0.5644112668286976,LCC Converter,0,False,0,,,50.536767655809946,0.030370109751303897,2.1019827248247482,4.0,48.0,20251110_162519,2025-11-10T16:25:20.606321,detail,conductor,132301.4397,6350469.105599999,2249558.2198749315
,Overhead,AC,394,Advanced Aluminum Conductor,100,0.5644112668286976,LCC Converter,0,False,0,,,50.536767655809946,0.030370109751303897,2.1019827248247482,4.0,48.0,20251110_162519,2025-11-10T16:25:20.606321,detail,converter,0,0.0,0.0
,Overhead,AC,394,Advanced Aluminum Conductor,100,0.5644112668286976,LCC Converter,0,False,0,,,50.536767655809946,0.030370109751303897,2.1019827248247482,4.0,48.0,20251110_162519,2025-11-10T16:25:20.606321,detail,structure,1289094.8685148181,61876553.68871127,21918839.010684654
,Overhead,AC,394,Advanced Aluminum Conductor,100,0.5644112668286976,LCC Converter,0,False,0,,,50.536767655809946,0.030370109751303897,2.1019827248247482,4.0,48.0,20251110_162519,2025-11-10T16:25:20.606321,detail,vegetation,559094.868514818,26836553.688711263,9506445.734901577
,Overhead,AC,394,Advanced Aluminum Conductor,100,0.5644112668286976,LCC Converter,0,False,0,,,50.536767655809946,0.030370109751303897,2.1019827248247482,4.0,48.0,20251110_162519,2025-11-10T16:25:20.606321,summary,all,1980491.1767296363,95063576.48302254,33674842.965461165
,Overhead,AC,394,Advanced Aluminum Conductor,100,0.7616569347694571,LCC Converter,0,False,0,,,55.24644483882941,0.026418155446155896,2.652978950934262,15.0,42.0,20251110_162520,2025-11-10T16:25:22.431261,detail,conductor,132301.4397,5556660.4673999995,2309588.414998905
,Overhead,AC,394,Advanced Aluminum Conductor,100,0.7616569347694571,LCC Converter,0,False,0,,,55.24644483882941,0.026418155446155896,2.652978950934262,15.0,42.0,20251110_162520,2025-11-10T16:25:22.431261,detail,converter,0,0.0,0.0
,Overhead,AC,394,Advanced Aluminum Conductor,100,0.7616569347694571,LCC Converter,0,False,0,,,55.24644483882941,0.026418155446155896,2.652978950934262,15.0,42.0,20251110_162520,2025-11-10T16:25:22.431261,detail,structure,1333013.3552930467,55986560.92230796,23270436.129831783
,Overhead,AC,394,Advanced Aluminum Conductor,100,0.7616569347694571,LCC Converter,0,False,0,,,55.24644483882941,0.026418155446155896,2.652978950934262,15.0,42.0,20251110_162520,2025-11-10T16:25:22.431261,detail,vegetation,603013.3552930466,25326560.922307957,10526814.089343878
,Overhead,AC,394,Advanced Aluminum Conductor,100,0.7616569347694571,LCC Converter,0,False,0,,,55.24644483882941,0.026418155446155896,2.652978950934262,15.0,42.0,20251110_162520,2025-11-10T16:25:22.431261,summary,all,2068328.1502860934,86869782.31201592,36106838.63417456
,Overhead,AC,394,Advanced Aluminum Conductor,100,0.7498533567062786,LCC Converter,0,False,0,,,47.95329834864853,0.031216676855179683,1.0945057150340296,17.0,45.0,20251110_162522,2025-11-10T16:25:24.275278,detail,conductor,132301.4397,5953564.786499999,3239916.2696040324
,Overhead,AC,394,Advanced Aluminum Conductor,100,0.7498533567062786,LCC Converter,0,False,0,,,47.95329834864853,0.031216676855179683,1.0945057150340296,17.0,45.0,20251110_162522,2025-11-10T16:25:24.275278,detail,converter,0,0.0,0.0
,Overhead,AC,394,Advanced Aluminum Conductor,100,0.7498533567062786,LCC Converter,0,False,0,,,47.95329834864853,0.031216676855179683,1.0945057150340296,17.0,45.0,20251110_162522,2025-11-10T16:25:24.275278,detail,structure,1232922.2687737737,55481502.094819814,30192905.888364747
,Overhead,AC,394,Advanced Aluminum Conductor,100,0.7498533567062786,LCC Converter,0,False,0,,,47.95329834864853,0.031216676855179683,1.0945057150340296,17.0,45.0,20251110_162522,2025-11-10T16:25:24.275278,detail,vegetation,502922.26877377374,22631502.094819818,12316011.410315152
,Overhead,AC,394,Advanced Aluminum Conductor,100,0.7498533567062786,LCC Converter,0,False,0,,,47.95329834864853,0.031216676855179683,1.0945057150340296,17.0,45.0,20251110_162522,2025-11-10T16:25:24.275278,summary,all,1868145.9772475474,84066568.97613963,45748833.56828393
,Overhead,AC,394,Advanced Aluminum Conductor,100,0.6018105725133633,LCC Converter,0,False,0,,,56.31614967937727,0.023840124306483492,2.8777222641049836,10.0,44.0,20251110_162524,2025-11-10T16:25:26.083637,detail,conductor,132301.4397,5821263.3467999995,3005577.791425462
,Overhead,AC,394,Advanced Aluminum Conductor,100,0.6018105725133633,LCC Converter,0,False,0,,,56.31614967937727,0.023840124306483492,2.8777222641049836,10.0,44.0,20251110_162524,2025-11-10T16:25:26.083637,detail,converter,0,0.0,0.0
,Overhead,AC,394,Advanced Aluminum Conductor,100,0.6018105725133633,LCC Converter,0,False,0,,,56.31614967937727,0.023840124306483492,2.8777222641049836,10.0,44.0,20251110_162524,2025-11-10T16:25:26.083637,detail,structure,1300165.161718908,57207267.11563195,29536696.98612844
,Overhead,AC,394,Advanced Aluminum Conductor,100,0.6018105725133633,LCC Converter,0,False,0,,,56.31614967937727,0.023840124306483492,2.8777222641049836,10.0,44.0,20251110_162524,2025-11-10T16:25:26.083637,detail,vegetation,570165.161718908,25087267.115631953,12952812.542272404
,Overhead,AC,394,Advanced Aluminum Conductor,100,0.6018105725133633,LCC Converter,0,False,0,,,56.31614967937727,0.023840124306483492,2.8777222641049836,10.0,44.0,20251110_162524,2025-11-10T16:25:26.083637,summary,all,2002631.763137816,88115797.5780639,45495087.319826305
,Overhead,AC,394,Advanced Aluminum Conductor,100,0.724413348868218,LCC Converter,0,False,0,,,46.04765716235638,0.03670165470488263,1.5387178446723055,3.0,45.0,20251110_162526,2025-11-10T16:25:27.945898,detail,conductor,132301.4397,5953564.786499999,3191895.9770610905
,Overhead,AC,394,Advanced Aluminum Conductor,100,0.724413348868218,LCC Converter,0,False,0,,,46.04765716235638,0.03670165470488263,1.5387178446723055,3.0,45.0,20251110_162526,2025-11-10T16:25:27.945898,detail,converter,0,0.0,0.0
,Overhead,AC,394,Advanced Aluminum Conductor,100,0.724413348868218,LCC Converter,0,False,0,,,46.04765716235638,0.03670165470488263,1.5387178446723055,3.0,45.0,20251110_162526,2025-11-10T16:25:27.945898,detail,structure,1721451.0278673174,77465296.25402929,41531616.156383894
,Overhead,AC,394,Advanced Aluminum Conductor,100,0.724413348868218,LCC Converter,0,False,0,,,46.04765716235638,0.03670165470488263,1.5387178446723055,3.0,45.0,20251110_162526,2025-11-10T16:25:27.945898,detail,vegetation,991451.0278673174,44615296.25402928,23919683.372143794
,Overhead,AC,394,Advanced Aluminum Conductor,100,0.724413348868218,LCC Converter,0,False,0,,,46.04765716235638,0.03670165470488263,1.5387178446723055,3.0,45.0,20251110_162526,2025-11-10T16:25:27.945898,summary,all,2845203.495434635,128034157.29455855,68643195.50558878
,Overhead,AC,394,Advanced Aluminum Conductor,100,0.7586996908125233,LCC Converter,0,False,0,,,74.32078675911518,0.03921669445765261,0.5427993794104821,14.0,52.0,20251110_162528,2025-11-10T16:25:29.801944,detail,conductor,132301.4397,6879674.864399999,1823081.6942713873
,Overhead,AC,394,Advanced Aluminum Conductor,100,0.7586996908125233,LCC Converter,0,False,0,,,74.32078675911518,0.03921669445765261,0.5427993794104821,14.0,52.0,20251110_162528,2025-11-10T16:25:29.801944,detail,converter,0,0.0,0.0
,Overhead,AC,394,Advanced Aluminum Conductor,100,0.7586996908125233,LCC Converter,0,False,0,,,74.32078675911518,0.03921669445765261,0.5427993794104821,14.0,52.0,20251110_162528,2025-11-10T16:25:29.801944,detail,structure,1172976.4225725064,60994773.97377033,16163330.109278297
,Overhead,AC,394,Advanced Aluminum Conductor,100,0.7586996908125233,LCC Converter,0,False,0,,,74.32078675911518,0.03921669445765261,0.5427993794104821,14.0,52.0,20251110_162528,2025-11-10T16:25:29.801944,detail,vegetation,442976.4225725064,23034773.973770335,6104107.47469563
,Overhead,AC,394,Advanced Aluminum Conductor,100,0.7586996908125233,LCC Converter,0,False,0,,,74.32078675911518,0.03921669445765261,0.5427993794104821,14.0,52.0,20251110_162528,2025-11-10T16:25:29.801944,summary,all,1748254.2848450127,90909222.81194066,24090519.278245315
,Overhead,AC,394,Advanced Aluminum Conductor,100,0.7597131135787112,LCC Converter,0,False,0,,,65.73089276322064,0.030440721758000763,2.510333946686716,7.0,45.0,20251110_162530,2025-11-10T16:25:31.689550,detail,conductor,132301.4397,5953564.786499999,1670039.627492504
,Overhead,AC,394,Advanced Aluminum Conductor,100,0.7597131135787112,LCC Converter,0,False,0,,,65.73089276322064,0.030440721758000763,2.510333946686716,7.0,45.0,20251110_162530,2025-11-10T16:25:31.689550,detail,converter,0,0.0,0.0
,Overhead,AC,394,Advanced Aluminum Conductor,100,0.7597131135787112,LCC Converter,0,False,0,,,65.73089276322064,0.030440721758000763,2.510333946686716,7.0,45.0,20251110_162530,2025-11-10T16:25:31.689550,detail,structure,1193886.9055864653,53724910.751390934,15070421.36196647
,Overhead,AC,394,Advanced Aluminum Conductor,100,0.7597131135787112,LCC Converter,0,False,0,,,65.73089276322064,0.030440721758000763,2.510333946686716,7.0,45.0,20251110_162530,2025-11-10T16:25:31.689550,detail,vegetation,463886.90558646526,20874910.751390938,5855639.339684907
,Overhead,AC,394,Advanced Aluminum Conductor,100,0.7597131135787112,LCC Converter,0,False,0,,,65.73089276322064,0.030440721758000763,2.510333946686716,7.0,45.0,20251110_162530,2025-11-10T16:25:31.689550,summary,all,1790075.2508729305,80553386.28928187,22596100.32914388
,Overhead,AC,394,Advanced Aluminum Conductor,100,0.7563042784170966,LCC Converter,0,False,0,,,37.031545160835655,0.03549282231465781,0.6224270959291416,6.0,44.0,20251110_162531,2025-11-10T16:25:33.525076,detail,conductor,132301.4397,5821263.3467999995,3347156.2309099576
,Overhead,AC,394,Advanced Aluminum Conductor,100,0.7563042784170966,LCC Converter,0,False,0,,,37.031545160835655,0.03549282231465781,0.6224270959291416,6.0,44.0,20251110_162531,2025-11-10T16:25:33.525076,detail,converter,0,0.0,0.0
,Overhead,AC,394,Advanced Aluminum Conductor,100,0.7563042784170966,LCC Converter,0,False,0,,,37.031545160835655,0.03549282231465781,0.6224270959291416,6.0,44.0,20251110_162531,2025-11-10T16:25:33.525076,detail,structure,1471059.2498555628,64726606.99364477,37217018.540061854
,Overhead,AC,394,Advanced Aluminum Conductor,100,0.7563042784170966,LCC Converter,0,False,0,,,37.031545160835655,0.03549282231465781,0.6224270959291416,6.0,44.0,20251110_162531,2025-11-10T16:25:33.525076,detail,vegetation,741059.2498555628,32606606.993644763,18748405.846920706
,Overhead,AC,394,Advanced Aluminum Conductor,100,0.7563042784170966,LCC Converter,0,False,0,,,37.031545160835655,0.03549282231465781,0.6224270959291416,6.0,44.0,20251110_162531,2025-11-10T16:25:33.525076,summary,all,2344419.9394111256,103154477.33408953,59312580.61789252
,Overhead,AC,394,Advanced Aluminum Conductor,100,0.5946559039628642,LCC Converter,0,False,0,,,73.63254145574923,0.03772668453586904,2.6951747782650077,13.0,41.0,20251110_162533,2025-11-10T16:25:35.394521,detail,conductor,132301.4397,5424359.0276999995,1891720.3903109923
,Overhead,AC,394,Advanced Aluminum Conductor,100,0.5946559039628642,LCC Converter,0,False,0,,,73.63254145574923,0.03772668453586904,2.6951747782650077,13.0,41.0,20251110_162533,2025-11-10T16:25:35.394521,detail,converter,0,0.0,0.0
,Overhead,AC,394,Advanced Aluminum Conductor,100,0.5946559039628642,LCC Converter,0,False,0,,,73.63254145574923,0.03772668453586904,2.6951747782650077,13.0,41.0,20251110_162533,2025-11-10T16:25:35.394521,detail,structure,1526940.7240197198,62604569.68480851,21833057.2136951
,Overhead,AC,394,Advanced Aluminum Conductor,100,0.5946559039628642,LCC Converter,0,False,0,,,73.63254145574923,0.03772668453586904,2.6951747782650077,13.0,41.0,20251110_162533,2025-11-10T16:25:35.394521,detail,vegetation,796940.7240197198,32674569.68480851,11395106.666381272
,Overhead,AC,394,Advanced Aluminum Conductor,100,0.5946559039628642,LCC Converter,0,False,0,,,73.63254145574923,0.03772668453586904,2.6951747782650077,13.0,41.0,20251110_162533,2025-11-10T16:25:35.394521,summary,all,2456182.8877394395,100703498.397317,35119884.27038737
,Overhead,AC,394,Advanced Aluminum Conductor,100,0.7031454686826512,LCC Converter,0,False,0,,,45.41558308239521,0.03756619027324181,2.9845935659578293,1.0,57.0,20251110_162535,2025-11-10T16:25:37.266226,detail,conductor,132301.4397,7541182.062899999,4825410.708866889
,Overhead,AC,394,Advanced Aluminum Conductor,100,0.7031454686826512,LCC Converter,0,False,0,,,45.41558308239521,0.03756619027324181,2.9845935659578293,1.0,57.0,20251110_162535,2025-11-10T16:25:37.266226,detail,converter,0,0.0,0.0
,Overhead,AC,394,Advanced Aluminum Conductor,100,0.7031454686826512,LCC Converter,0,False,0,,,45.41558308239521,0.03756619027324181,2.9845935659578293,1.0,57.0,20251110_162535,2025-11-10T16:25:37.266226,detail,structure,1539470.7211198583,87749831.10383192,56148886.3652842
,Overhead,AC,394,Advanced Aluminum Conductor,100,0.7031454686826512,LCC Converter,0,False,0,,,45.41558308239521,0.03756619027324181,2.9845935659578293,1.0,57.0,20251110_162535,2025-11-10T16:25:37.266226,detail,vegetation,809470.7211198583,46139831.103831924,29523705.071260594
,Overhead,AC,394,Advanced Aluminum Conductor,100,0.7031454686826512,LCC Converter,0,False,0,,,45.41558308239521,0.03756619027324181,2.9845935659578293,1.0,57.0,20251110_162535,2025-11-10T16:25:37.266226,summary,all,2481242.8819397166,141430844.27056384,90498002.14541167
,Overhead,AC,394,Advanced Aluminum Conductor,100,0.6596824972724764,LCC Converter,0,False,0,,,36.2193114738021,0.03028029644997539,0.6701237681529891,10.0,47.0,20251110_162537,2025-11-10T16:25:39.160556,detail,conductor,132301.4397,6218167.665899999,2996854.564736176
,Overhead,AC,394,Advanced Aluminum Conductor,100,0.6596824972724764,LCC Converter,0,False,0,,,36.2193114738021,0.03028029644997539,0.6701237681529891,10.0,47.0,20251110_162537,2025-11-10T16:25:39.160556,detail,converter,0,0.0,0.0
,Overhead,AC,394,Advanced Aluminum Conductor,100,0.6596824972724764,LCC Converter,0,False,0,,,36.2193114738021,0.03028029644997539,0.6701237681529891,10.0,47.0,20251110_162537,2025-11-10T16:25:39.160556,detail,structure,1643709.5817201352,77254350.34084636,37232841.71546756
,Overhead,AC,394,Advanced Aluminum Conductor,100,0.6596824972724764,LCC Converter,0,False,0,,,36.2193114738021,0.03028029644997539,0.6701237681529891,10.0,47.0,20251110_162537,2025-11-10T16:25:39.160556,detail,vegetation,913709.5817201351,42944350.340846345,20697089.44233936
,Overhead,AC,394,Advanced Aluminum Conductor,100,0.6596824972724764,LCC Converter,0,False,0,,,36.2193114738021,0.03028029644997539,0.6701237681529891,10.0,47.0,20251110_162537,2025-11-10T16:25:39.160556,summary,all,2689720.6031402703,126416868.3475927,60926785.72254309
,Overhead,AC,394,Advanced Aluminum Conductor,100,0.5784156300310852,LCC Converter,0,False,0,,,67.63310524776675,0.04041388076960686,1.7657485829574489,12.0,49.0,20251110_162539,2025-11-10T16:25:41.006626,detail,conductor,132301.4397,6482770.545299999,2460042.737886899
,Overhead,AC,394,Advanced Aluminum Conductor,100,0.5784156300310852,LCC Converter,0,False,0,,,67.63310524776675,0.04041388076960686,1.7657485829574489,12.0,49.0,20251110_162539,2025-11-10T16:25:41.006626,detail,converter,0,0.0,0.0
,Overhead,AC,394,Advanced Aluminum Conductor,100,0.5784156300310852,LCC Converter,0,False,0,,,67.63310524776675,0.04041388076960686,1.7657485829574489,12.0,49.0,20251110_162539,2025-11-10T16:25:41.006626,detail,structure,1299415.76602773,63671372.53535877,24161629.12482849
,Overhead,AC,394,Advanced Aluminum Conductor,100,0.5784156300310852,LCC Converter,0,False,0,,,67.63310524776675,0.04041388076960686,1.7657485829574489,12.0,49.0,20251110_162539,2025-11-10T16:25:41.006626,detail,vegetation,569415.7660277301,27901372.535358775,10587844.873277098
,Overhead,AC,394,Advanced Aluminum Conductor,100,0.5784156300310852,LCC Converter,0,False,0,,,67.63310524776675,0.04041388076960686,1.7657485829574489,12.0,49.0,20251110_162539,2025-11-10T16:25:41.006626,summary,all,2001132.97175546,98055515.61601754,37209516.73599249
,Overhead,AC,394,Advanced Aluminum Conductor,100,0.6403264688171182,LCC Converter,0,False,0,,,69.1279424091476,0.03189643304346818,2.9751282718616587,12.0,41.0,20251110_162541,2025-11-10T16:25:42.845593,detail,conductor,132301.4397,5424359.0276999995,1775597.5598038763
,Overhead,AC,394,Advanced Aluminum Conductor,100,0.6403264688171182,LCC Converter,0,False,0,,,69.1279424091476,0.03189643304346818,2.9751282718616587,12.0,41.0,20251110_162541,2025-11-10T16:25:42.845593,detail,converter,0,0.0,0.0
,Overhead,AC,394,Advanced Aluminum Conductor,100,0.6403264688171182,LCC Converter,0,False,0,,,69.1279424091476,0.03189643304346818,2.9751282718616587,12.0,41.0,20251110_162541,2025-11-10T16:25:42.845593,detail,structure,1225382.2758314651,50240673.30909007,16445669.704932703
,Overhead,AC,394,Advanced Aluminum Conductor,100,0.6403264688171182,LCC Converter,0,False,0,,,69.1279424091476,0.03189643304346818,2.9751282718616587,12.0,41.0,20251110_162541,2025-11-10T16:25:42.845593,detail,vegetation,495382.2758314652,20310673.309090074,6648450.403343877
,Overhead,AC,394,Advanced Aluminum Conductor,100,0.6403264688171182,LCC Converter,0,False,0,,,69.1279424091476,0.03189643304346818,2.9751282718616587,12.0,41.0,20251110_162541,2025-11-10T16:25:42.845593,summary,all,1853065.9913629303,75975705.64588015,24869717.668080457
,Overhead,AC,394,Advanced Aluminum Conductor,100,0.6115827461860985,LCC Converter,0,False,0,,,54.87879319736023,0.03132904960097749,2.589156198421281,6.0,59.0,20251110_162543,2025-11-10T16:25:44.718935,detail,conductor,132301.4397,7805784.942299999,2193702.5575995063
,Overhead,AC,394,Advanced Aluminum Conductor,100,0.6115827461860985,LCC Converter,0,False,0,,,54.87879319736023,0.03132904960097749,2.589156198421281,6.0,59.0,20251110_162543,2025-11-10T16:25:44.718935,detail,converter,0,0.0,0.0
,Overhead,AC,394,Advanced Aluminum Conductor,100,0.6115827461860985,LCC Converter,0,False,0,,,54.87879319736023,0.03132904960097749,2.589156198421281,6.0,59.0,20251110_162543,2025-11-10T16:25:44.718935,detail,structure,1150870.2784715933,67901346.42982401,19082687.8307084
,Overhead,AC,394,Advanced Aluminum Conductor,100,0.6115827461860985,LCC Converter,0,False,0,,,54.87879319736023,0.03132904960097749,2.589156198421281,6.0,59.0,20251110_162543,2025-11-10T16:25:44.718935,detail,vegetation,420870.2784715934,24831346.42982401,6978489.488809025
,Overhead,AC,394,Advanced Aluminum Conductor,100,0.6115827461860985,LCC Converter,0,False,0,,,54.87879319736023,0.03132904960097749,2.589156198421281,6.0,59.0,20251110_162543,2025-11-10T16:25:44.718935,summary,all,1704041.9966431865,100538477.80194803,28254879.877116933
,Overhead,AC,394,Advanced Aluminum Conductor,100,0.6855485888197255,LCC Converter,0,False,0,,,62.468274809478345,0.029907123992114225,1.2249946474691678,6.0,53.0,20251110_162545,2025-11-10T16:25:46.631731,detail,conductor,132301.4397,7011976.304099999,3078491.4932716647
,Overhead,AC,394,Advanced Aluminum Conductor,100,0.6855485888197255,LCC Converter,0,False,0,,,62.468274809478345,0.029907123992114225,1.2249946474691678,6.0,53.0,20251110_162545,2025-11-10T16:25:46.631731,detail,converter,0,0.0,0.0
,Overhead,AC,394,Advanced Aluminum Conductor,100,0.6855485888197255,LCC Converter,0,False,0,,,62.468274809478345,0.029907123992114225,1.2249946474691678,6.0,53.0,20251110_162545,2025-11-10T16:25:46.631731,detail,structure,1361431.485314181,72155868.7216516,31678833.244109552
,Overhead,AC,394,Advanced Aluminum Conductor,100,0.6855485888197255,LCC Converter,0,False,0,,,62.468274809478345,0.029907123992114225,1.2249946474691678,6.0,53.0,20251110_162545,2025-11-10T16:25:46.631731,detail,vegetation,631431.485314181,33465868.72165159,14692632.676797682
,Overhead,AC,394,Advanced Aluminum Conductor,100,0.6855485888197255,LCC Converter,0,False,0,,,62.468274809478345,0.029907123992114225,1.2249946474691678,6.0,53.0,20251110_162545,2025-11-10T16:25:46.631731,summary,all,2125164.410328362,112633713.74740317,49449957.4141789
,Overhead,AC,394,Advanced Aluminum Conductor,100,0.5773918887495602,LCC Converter,0,False,0,,,58.46698027104218,0.021289542257240467,2.620065192125985,14.0,54.0,20251110_162546,2025-11-10T16:25:48.509285,detail,conductor,132301.4397,7144277.743799999,2315747.2203496853
,Overhead,AC,394,Advanced Aluminum Conductor,100,0.5773918887495602,LCC Converter,0,False,0,,,58.46698027104218,0.021289542257240467,2.620065192125985,14.0,54.0,20251110_162546,2025-11-10T16:25:48.509285,detail,converter,0,0.0,0.0
,Overhead,AC,394,Advanced Aluminum Conductor,100,0.5773918887495602,LCC Converter,0,False,0,,,58.46698027104218,0.021289542257240467,2.620065192125985,14.0,54.0,20251110_162546,2025-11-10T16:25:48.509285,detail,structure,1455630.4354946883,78604043.51671317,25478726.025180403
,Overhead,AC,394,Advanced Aluminum Conductor,100,0.5773918887495602,LCC Converter,0,False,0,,,58.46698027104218,0.021289542257240467,2.620065192125985,14.0,54.0,20251110_162546,2025-11-10T16:25:48.509285,detail,vegetation,725630.4354946883,39184043.51671317,12701121.528293964
,Overhead,AC,394,Advanced Aluminum Conductor,100,0.5773918887495602,LCC Converter,0,False,0,,,58.46698027104218,0.021289542257240467,2.620065192125985,14.0,54.0,20251110_162546,2025-11-10T16:25:48.509285,summary,all,2313562.3106893767,124932364.77722634,40495594.77382405
,Overhead,AC,394,Advanced Aluminum Conductor,100,0.6247879871356482,LCC Converter,0,False,0,,,49.079773496599664,0.03893395009185118,1.5641079007003125,14.0,54.0,20251110_162548,2025-11-10T16:25:50.331010,detail,conductor,132301.4397,7144277.743799999,2134214.5086979
,Overhead,AC,394,Advanced Aluminum Conductor,100,0.6247879871356482,LCC Converter,0,False,0,,,49.079773496599664,0.03893395009185118,1.5641079007003125,14.0,54.0,20251110_162548,2025-11-10T16:25:50.331010,detail,converter,0,0.0,0.0
,Overhead,AC,394,Advanced Aluminum Conductor,100,0.6247879871356482,LCC Converter,0,False,0,,,49.079773496599664,0.03893395009185118,1.5641079007003125,14.0,54.0,20251110_162548,2025-11-10T16:25:50.331010,detail,structure,1386789.2800106285,74886621.12057394,22370926.640077952
,Overhead,AC,394,Advanced Aluminum Conductor,100,0.6247879871356482,LCC Converter,0,False,0,,,49.079773496599664,0.03893395009185118,1.5641079007003125,14.0,54.0,20251110_162548,2025-11-10T16:25:50.331010,detail,vegetation,656789.2800106284,35466621.12057393,10594965.661253726
,Overhead,AC,394,Advanced Aluminum Conductor,100,0.6247879871356482,LCC Converter,0,False,0,,,49.079773496599664,0.03893395009185118,1.5641079007003125,14.0,54.0,20251110_162548,2025-11-10T16:25:50.331010,summary,all,2175879.999721257,117497519.98494786,35100106.81002958
,Overhead,AC,394,Advanced Aluminum Conductor,100,0.6935607303018848,LCC Converter,0,False,0,,,57.3787015376503,0.02116647320308828,2.372946034557638,2.0,53.0,20251110_162550,2025-11-10T16:25:52.113179,detail,conductor,132301.4397,7011976.304099999,4173576.842714997
,Overhead,AC,394,Advanced Aluminum Conductor,100,0.6935607303018848,LCC Converter,0,False,0,,,57.3787015376503,0.02116647320308828,2.372946034557638,2.0,53.0,20251110_162550,2025-11-10T16:25:52.113179,detail,converter,0,0.0,0.0
,Overhead,AC,394,Advanced Aluminum Conductor,100,0.6935607303018848,LCC Converter,0,False,0,,,57.3787015376503,0.02116647320308828,2.372946034557638,2.0,53.0,20251110_162550,2025-11-10T16:25:52.113179,detail,structure,1176246.1284823378,62341044.809563905,37105821.48084556
,Overhead,AC,394,Advanced Aluminum Conductor,100,0.6935607303018848,LCC Converter,0,False,0,,,57.3787015376503,0.02116647320308828,2.372946034557638,2.0,53.0,20251110_162550,2025-11-10T16:25:52.113179,detail,vegetation,446246.1284823378,23651044.809563905,14077265.615614504
,Overhead,AC,394,Advanced Aluminum Conductor,100,0.6935607303018848,LCC Converter,0,False,0,,,57.3787015376503,0.02116647320308828,2.372946034557638,2.0,53.0,20251110_162550,2025-11-10T16:25:52.113179,summary,all,1754793.6966646756,93004065.92322782,55356663.93917506
,Overhead,AC,394,Advanced Aluminum Conductor,100,0.6676764779009715,LCC Converter,0,False,0,,,42.55876670315518,0.031074194464399223,2.7348680553722784,14.0,53.0,20251110_162552,2025-11-10T16:25:53.931225,detail,conductor,132301.4397,7011976.304099999,1851366.7983125509
,Overhead,AC,394,Advanced Aluminum Conductor,100,0.6676764779009715,LCC Converter,0,False,0,,,42.55876670315518,0.031074194464399223,2.7348680553722784,14.0,53.0,20251110_162552,2025-11-10T16:25:53.931225,detail,converter,0,0.0,0.0
,Overhead,AC,394,Advanced Aluminum Conductor,100,0.6676764779009715,LCC Converter,0,False,0,,,42.55876670315518,0.031074194464399223,2.7348680553722784,14.0,53.0,20251110_162552,2025-11-10T16:25:53.931225,detail,structure,1136163.5742923394,60216669.43749399,15898961.671669196
,Overhead,AC,394,Advanced Aluminum Conductor,100,0.6676764779009715,LCC Converter,0,False,0,,,42.55876670315518,0.031074194464399223,2.7348680553722784,14.0,53.0,20251110_162552,2025-11-10T16:25:53.931225,detail,vegetation,406163.57429233927,21526669.43749398,5683670.2445105
,Overhead,AC,394,Advanced Aluminum Conductor,100,0.6676764779009715,LCC Converter,0,False,0,,,42.55876670315518,0.031074194464399223,2.7348680553722784,14.0,53.0,20251110_162552,2025-11-10T16:25:53.931225,summary,all,1674628.5882846788,88755315.17908797,23433998.714492247
,Overhead,AC,394,Advanced Aluminum Conductor,100,0.5759052864012754,LCC Converter,0,False,0,,,62.60636187899329,0.024357276242545804,2.3369040349887893,15.0,50.0,20251110_162554,2025-11-10T16:25:55.729524,detail,conductor,132301.4397,6615071.984999999,2380334.0511069424
,Overhead,AC,394,Advanced Aluminum Conductor,100,0.5759052864012754,LCC Converter,0,False,0,,,62.60636187899329,0.024357276242545804,2.3369040349887893,15.0,50.0,20251110_162554,2025-11-10T16:25:55.729524,detail,converter,0,0.0,0.0
,Overhead,AC,394,Advanced Aluminum Conductor,100,0.5759052864012754,LCC Converter,0,False,0,,,62.60636187899329,0.024357276242545804,2.3369040349887893,15.0,50.0,20251110_162554,2025-11-10T16:25:55.729524,detail,structure,1629559.9428407052,81477997.14203526,29318630.4628219
,Overhead,AC,394,Advanced Aluminum Conductor,100,0.5759052864012754,LCC Converter,0,False,0,,,62.60636187899329,0.024357276242545804,2.3369040349887893,15.0,50.0,20251110_162554,2025-11-10T16:25:55.729524,detail,vegetation,899559.942840705,44977997.14203525,16184655.0408744
,Overhead,AC,394,Advanced Aluminum Conductor,100,0.5759052864012754,LCC Converter,0,False,0,,,62.60636187899329,0.024357276242545804,2.3369040349887893,15.0,50.0,20251110_162554,2025-11-10T16:25:55.729524,summary,all,2661421.3253814103,133071066.2690705,47883619.55480324
,Overhead,AC,394,Advanced Aluminum Conductor,100,0.5727719472518878,LCC Converter,0,False,0,,,68.7531950683744,0.024794045179745997,2.4167312732723896,1.0,51.0,20251110_162556,2025-11-10T16:25:57.514466,detail,conductor,132301.4397,6747373.424699999,3613674.102283824
,Overhead,AC,394,Advanced Aluminum Conductor,100,0.5727719472518878,LCC Converter,0,False,0,,,68.7531950683744,0.024794045179745997,2.4167312732723896,1.0,51.0,20251110_162556,2025-11-10T16:25:57.514466,detail,converter,0,0.0,0.0
,Overhead,AC,394,Advanced Aluminum Conductor,100,0.5727719472518878,LCC Converter,0,False,0,,,68.7531950683744,0.024794045179745997,2.4167312732723896,1.0,51.0,20251110_162556,2025-11-10T16:25:57.514466,detail,structure,1269330.217846998,64735841.110196896,34670414.3649616
,Overhead,AC,394,Advanced Aluminum Conductor,100,0.5727719472518878,LCC Converter,0,False,0,,,68.7531950683744,0.024794045179745997,2.4167312732723896,1.0,51.0,20251110_162556,2025-11-10T16:25:57.514466,detail,vegetation,539330.217846998,27505841.1101969,14731235.31559567
,Overhead,AC,394,Advanced Aluminum Conductor,100,0.5727719472518878,LCC Converter,0,False,0,,,68.7531950683744,0.024794045179745997,2.4167312732723896,1.0,51.0,20251110_162556,2025-11-10T16:25:57.514466,summary,all,1940961.875393996,98989055.6450938,53015323.782841094
,Overhead,AC,394,Advanced Aluminum Conductor,100,0.630483299749779,LCC Converter,0,False,0,,,44.696247100604005,0.029050827650280994,2.742696710410409,13.0,44.0,20251110_162557,2025-11-10T16:25:59.289141,detail,conductor,132301.4397,5821263.3467999995,3104571.794592459
,Overhead,AC,394,Advanced Aluminum Conductor,100,0.630483299749779,LCC Converter,0,False,0,,,44.696247100604005,0.029050827650280994,2.742696710410409,13.0,44.0,20251110_162557,2025-11-10T16:25:59.289141,detail,converter,0,0.0,0.0
,Overhead,AC,394,Advanced Aluminum Conductor,100,0.630483299749779,LCC Converter,0,False,0,,,44.696247100604005,0.029050827650280994,2.742696710410409,13.0,44.0,20251110_162557,2025-11-10T16:25:59.289141,detail,structure,1336497.1556521952,58805874.84869659,31362102.955186915
,Overhead,AC,394,Advanced Aluminum Conductor,100,0.630483299749779,LCC Converter,0,False,0,,,44.696247100604005,0.029050827650280994,2.742696710410409,13.0,44.0,20251110_162557,2025-11-10T16:25:59.289141,detail,vegetation,606497.1556521953,26685874.848696593,14231999.041038085
,Overhead,AC,394,Advanced Aluminum Conductor,100,0.630483299749779,LCC Converter,0,False,0,,,44.696247100604005,0.029050827650280994,2.742696710410409,13.0,44.0,20251110_162557,2025-11-10T16:25:59.289141,summary,all,2075295.7510043904,91313013.04419318,48698673.790817454
,Overhead,AC,394,Advanced Aluminum Conductor,100,0.6130416677771385,LCC Converter,0,False,0,,,38.86356119199937,0.03474428369535871,1.9422251664445895,4.0,59.0,20251110_162559,2025-11-10T16:26:01.089430,detail,conductor,132301.4397,7805784.942299999,1857038.3703222414
,Overhead,AC,394,Advanced Aluminum Conductor,100,0.6130416677771385,LCC Converter,0,False,0,,,38.86356119199937,0.03474428369535871,1.9422251664445895,4.0,59.0,20251110_162559,2025-11-10T16:26:01.089430,detail,converter,0,0.0,0.0
,Overhead,AC,394,Advanced Aluminum Conductor,100,0.6130416677771385,LCC Converter,0,False,0,,,38.86356119199937,0.03474428369535871,1.9422251664445895,4.0,59.0,20251110_162559,2025-11-10T16:26:01.089430,detail,structure,1651306.546458681,97427086.24106218,23178429.6897419
,Overhead,AC,394,Advanced Aluminum Conductor,100,0.6130416677771385,LCC Converter,0,False,0,,,38.86356119199937,0.03474428369535871,1.9422251664445895,4.0,59.0,20251110_162559,2025-11-10T16:26:01.089430,detail,vegetation,921306.5464586811,54357086.24106219,12931844.214865647
,Overhead,AC,394,Advanced Aluminum Conductor,100,0.6130416677771385,LCC Converter,0,False,0,,,38.86356119199937,0.03474428369535871,1.9422251664445895,4.0,59.0,20251110_162559,2025-11-10T16:26:01.089430,summary,all,2704914.532617362,159589957.42442438,37967312.27492979
,Overhead,AC,394,Advanced Aluminum Conductor,100,0.7128199186866634,LCC Converter,0,False,0,,,73.88962106148621,0.03447668612957397,1.3643347840133768,6.0,51.0,20251110_162601,2025-11-10T16:26:02.875131,detail,conductor,132301.4397,6747373.424699999,3658646.1818518587
,Overhead,AC,394,Advanced Aluminum Conductor,100,0.7128199186866634,LCC Converter,0,False,0,,,73.88962106148621,0.03447668612957397,1.3643347840133768,6.0,51.0,20251110_162601,2025-11-10T16:26:02.875131,detail,converter,0,0.0,0.0
,Overhead,AC,394,Advanced Aluminum Conductor,100,0.7128199186866634,LCC Converter,0,False,0,,,73.88962106148621,0.03447668612957397,1.3643347840133768,6.0,51.0,20251110_162601,2025-11-10T16:26:02.875131,detail,structure,1688437.719220234,86110323.68023194,46691829.11937556
,Overhead,AC,394,Advanced Aluminum Conductor,100,0.7128199186866634,LCC Converter,0,False,0,,,73.88962106148621,0.03447668612957397,1.3643347840133768,6.0,51.0,20251110_162601,2025-11-10T16:26:02.875131,detail,vegetation,958437.7192202341,48880323.68023194,26504507.508907434
,Overhead,AC,394,Advanced Aluminum Conductor,100,0.7128199186866634,LCC Converter,0,False,0,,,73.88962106148621,0.03447668612957397,1.3643347840133768,6.0,51.0,20251110_162601,2025-11-10T16:26:02.875131,summary,all,2779176.878140468,141738020.78516388,76854982.81013484
,Overhead,AC,394,Advanced Aluminum Conductor,100,0.7543263275702502,LCC Converter,0,False,0,,,35.443212001091254,0.03875731130497789,0.9302771408422503,16.0,47.0,20251110_162603,2025-11-10T16:26:04.655678,detail,conductor,132301.4397,6218167.665899999,2396894.2508504535
,Overhead,AC,394,Advanced Aluminum Conductor,100,0.7543263275702502,LCC Converter,0,False,0,,,35.443212001091254,0.03875731130497789,0.9302771408422503,16.0,47.0,20251110_162603,2025-11-10T16:26:04.655678,detail,converter,0,0.0,0.0
,Overhead,AC,394,Advanced Aluminum Conductor,100,0.7543263275702502,LCC Converter,0,False,0,,,35.443212001091254,0.03875731130497789,0.9302771408422503,16.0,47.0,20251110_162603,2025-11-10T16:26:04.655678,detail,structure,1148315.521612007,53970829.515764326,20803937.418635353
,Overhead,AC,394,Advanced Aluminum Conductor,100,0.7543263275702502,LCC Converter,0,False,0,,,35.443212001091254,0.03875731130497789,0.9302771408422503,16.0,47.0,20251110_162603,2025-11-10T16:26:04.655678,detail,vegetation,418315.5216120069,19660829.515764322,7578587.739233258
,Overhead,AC,394,Advanced Aluminum Conductor,100,0.7543263275702502,LCC Converter,0,False,0,,,35.443212001091254,0.03875731130497789,0.9302771408422503,16.0,47.0,20251110_162603,2025-11-10T16:26:04.655678,summary,all,1698932.4829240139,79849826.69742864,30779419.408719067
,Overhead,AC,394,Advanced Aluminum Conductor,100,0.7350497489880116,LCC Converter,0,False,0,,,61.479991125810955,0.04128996549508533,2.5512550704024295,3.0,57.0,20251110_162604,2025-11-10T16:26:06.448911,detail,conductor,132301.4397,7541182.062899999,3116761.4081437485
,Overhead,AC,394,Advanced Aluminum Conductor,100,0.7350497489880116,LCC Converter,0,False,0,,,61.479991125810955,0.04128996549508533,2.5512550704024295,3.0,57.0,20251110_162604,2025-11-10T16:26:06.448911,detail,converter,0,0.0,0.0
,Overhead,AC,394,Advanced Aluminum Conductor,100,0.7350497489880116,LCC Converter,0,False,0,,,61.479991125810955,0.04128996549508533,2.5512550704024295,3.0,57.0,20251110_162604,2025-11-10T16:26:06.448911,detail,structure,1571560.1029796381,89578925.86983937,37022861.50968737
,Overhead,AC,394,Advanced Aluminum Conductor,100,0.7350497489880116,LCC Converter,0,False,0,,,61.479991125810955,0.04128996549508533,2.5512550704024295,3.0,57.0,20251110_162604,2025-11-10T16:26:06.448911,detail,vegetation,841560.1029796381,47968925.86983938,19825498.932952393
,Overhead,AC,394,Advanced Aluminum Conductor,100,0.7350497489880116,LCC Converter,0,False,0,,,61.479991125810955,0.04128996549508533,2.5512550704024295,3.0,57.0,20251110_162604,2025-11-10T16:26:06.448911,summary,all,2545421.6456592763,145089033.80257875,59965121.85078351
,Overhead,AC,394,Advanced Aluminum Conductor,100,0.6895539396061119,LCC Converter,0,False,0,,,41.465311160893634,0.0393215515236126,1.8387833261063498,9.0,54.0,20251110_162606,2025-11-10T16:26:08.258556,detail,conductor,132301.4397,7144277.743799999,2598171.9523768043
,Overhead,AC,394,Advanced Aluminum Conductor,100,0.6895539396061119,LCC Converter,0,False,0,,,41.465311160893634,0.0393215515236126,1.8387833261063498,9.0,54.0,20251110_162606,2025-11-10T16:26:08.258556,detail,converter,0,0.0,0.0
,Overhead,AC,394,Advanced Aluminum Conductor,100,0.6895539396061119,LCC Converter,0,False,0,,,41.465311160893634,0.0393215515236126,1.8387833261063498,9.0,54.0,20251110_162606,2025-11-10T16:26:08.258556,detail,structure,1380754.0770474402,74560720.16056177,27115627.193848137
,Overhead,AC,394,Advanced Aluminum Conductor,100,0.6895539396061119,LCC Converter,0,False,0,,,41.465311160893634,0.0393215515236126,1.8387833261063498,9.0,54.0,20251110_162606,2025-11-10T16:26:08.258556,detail,vegetation,650754.0770474401,35140720.16056176,12779687.014090095
,Overhead,AC,394,Advanced Aluminum Conductor,100,0.6895539396061119,LCC Converter,0,False,0,,,41.465311160893634,0.0393215515236126,1.8387833261063498,9.0,54.0,20251110_162606,2025-11-10T16:26:08.258556,summary,all,2163809.5937948804,116845718.06492352,42493486.16031504
,Overhead,AC,394,Advanced Aluminum Conductor,100,0.662825798255236,LCC Converter,0,False,0,,,57.11224428484639,0.025133230507703486,1.8921090314298001,18.0,57.0,20251110_162608,2025-11-10T16:26:10.036283,detail,conductor,132301.4397,7541182.062899999,1560026.8174567653
,Overhead,AC,394,Advanced Aluminum Conductor,100,0.662825798255236,LCC Converter,0,False,0,,,57.11224428484639,0.025133230507703486,1.8921090314298001,18.0,57.0,20251110_162608,2025-11-10T16:26:10.036283,detail,converter,0,0.0,0.0
,Overhead,AC,394,Advanced Aluminum Conductor,100,0.662825798255236,LCC Converter,0,False,0,,,57.11224428484639,0.025133230507703486,1.8921090314298001,18.0,57.0,20251110_162608,2025-11-10T16:26:10.036283,detail,structure,1708730.3870288362,97397632.06064366,20148421.91901153
,Overhead,AC,394,Advanced Aluminum Conductor,100,0.662825798255236,LCC Converter,0,False,0,,,57.11224428484639,0.025133230507703486,1.8921090314298001,18.0,57.0,20251110_162608,2025-11-10T16:26:10.036283,detail,vegetation,978730.3870288362,55787632.060643665,11540657.866513176
,Overhead,AC,394,Advanced Aluminum Conductor,100,0.662825798255236,LCC Converter,0,False,0,,,57.11224428484639,0.025133230507703486,1.8921090314298001,18.0,57.0,20251110_162608,2025-11-10T16:26:10.036283,summary,all,2819762.2137576723,160726446.18418732,33249106.60298147
,Overhead,AC,394,Advanced Aluminum Conductor,100,0.6696734985939254,LCC Converter,0,False,0,,,56.75308428590046,0.021267110254799555,2.365994330179878,12.0,41.0,20251110_162610,2025-11-10T16:26:11.824074,detail,conductor,132301.4397,5424359.0276999995,2653843.1499735736
,Overhead,AC,394,Advanced Aluminum Conductor,100,0.6696734985939254,LCC Converter,0,False,0,,,56.75308428590046,0.021267110254799555,2.365994330179878,12.0,41.0,20251110_162610,2025-11-10T16:26:11.824074,detail,converter,0,0.0,0.0
,Overhead,AC,394,Advanced Aluminum Conductor,100,0.6696734985939254,LCC Converter,0,False,0,,,56.75308428590046,0.021267110254799555,2.365994330179878,12.0,41.0,20251110_162610,2025-11-10T16:26:11.824074,detail,structure,1346120.7778990366,55190951.893860504,27001923.891115885
,Overhead,AC,394,Advanced Aluminum Conductor,100,0.6696734985939254,LCC Converter,0,False,0,,,56.75308428590046,0.021267110254799555,2.365994330179878,12.0,41.0,20251110_162610,2025-11-10T16:26:11.824074,detail,vegetation,616120.7778990366,25260951.893860504,12358806.598714197
,Overhead,AC,394,Advanced Aluminum Conductor,100,0.6696734985939254,LCC Converter,0,False,0,,,56.75308428590046,0.021267110254799555,2.365994330179878,12.0,41.0,20251110_162610,2025-11-10T16:26:11.824074,summary,all,2094542.9954980733,85876262.81542102,42014573.639803655
,Overhead,AC,394,Advanced Aluminum Conductor,100,0.5666639783004017,LCC Converter,0,False,0,,,37.42042216333184,0.026569032728426933,1.9528089874080656,15.0,58.0,20251110_162612,2025-11-10T16:26:13.612473,detail,conductor,132301.4397,7673483.502599999,2455746.9002217357
,Overhead,AC,394,Advanced Aluminum Conductor,100,0.5666639783004017,LCC Converter,0,False,0,,,37.42042216333184,0.026569032728426933,1.9528089874080656,15.0,58.0,20251110_162612,2025-11-10T16:26:13.612473,detail,converter,0,0.0,0.0
,Overhead,AC,394,Advanced Aluminum Conductor,100,0.5666639783004017,LCC Converter,0,False,0,,,37.42042216333184,0.026569032728426933,1.9528089874080656,15.0,58.0,20251110_162612,2025-11-10T16:26:13.612473,detail,structure,1480308.1862945433,85857874.80508351,27477117.770666886
,Overhead,AC,394,Advanced Aluminum Conductor,100,0.5666639783004017,LCC Converter,0,False,0,,,37.42042216333184,0.026569032728426933,1.9528089874080656,15.0,58.0,20251110_162612,2025-11-10T16:26:13.612473,detail,vegetation,750308.1862945433,43517874.80508351,13927036.673840646
,Overhead,AC,394,Advanced Aluminum Conductor,100,0.5666639783004017,LCC Converter,0,False,0,,,37.42042216333184,0.026569032728426933,1.9528089874080656,15.0,58.0,20251110_162612,2025-11-10T16:26:13.612473,summary,all,2362917.8122890866,137049233.11276704,43859901.34472927
,Overhead,AC,394,Advanced Aluminum Conductor,100,0.6652897041313782,LCC Converter,0,False,0,,,73.34404552095873,0.03266153812994086,2.865320410612907,16.0,58.0,20251110_162613,2025-11-10T16:26:15.425390,detail,conductor,132301.4397,7673483.502599999,1526601.3186535675
,Overhead,AC,394,Advanced Aluminum Conductor,100,0.6652897041313782,LCC Converter,0,False,0,,,73.34404552095873,0.03266153812994086,2.865320410612907,16.0,58.0,20251110_162613,2025-11-10T16:26:15.425390,detail,converter,0,0.0,0.0
,Overhead,AC,394,Advanced Aluminum Conductor,100,0.6652897041313782,LCC Converter,0,False,0,,,73.34404552095873,0.03266153812994086,2.865320410612907,16.0,58.0,20251110_162613,2025-11-10T16:26:15.425390,detail,structure,1464368.3990435074,84933367.14452343,16897070.311884385
,Overhead,AC,394,Advanced Aluminum Conductor,100,0.6652897041313782,LCC Converter,0,False,0,,,73.34404552095873,0.03266153812994086,2.865320410612907,16.0,58.0,20251110_162613,2025-11-10T16:26:15.425390,detail,vegetation,734368.3990435074,42593367.14452343,8473738.221590398
,Overhead,AC,394,Advanced Aluminum Conductor,100,0.6652897041313782,LCC Converter,0,False,0,,,73.34404552095873,0.03266153812994086,2.865320410612907,16.0,58.0,20251110_162613,2025-11-10T16:26:15.425390,summary,all,2331038.237787015,135200217.79164684,26897409.85212835
,Overhead,AC,394,Advanced Aluminum Conductor,100,0.632319272229021,LCC Converter,0,False,0,,,55.836283504930314,0.02916748643632465,2.8198183650516664,7.0,41.0,20251110_162615,2025-11-10T16:26:17.212550,detail,conductor,132301.4397,5424359.0276999995,2205286.8152666804
,Overhead,AC,394,Advanced Aluminum Conductor,100,0.632319272229021,LCC Converter,0,False,0,,,55.836283504930314,0.02916748643632465,2.8198183650516664,7.0,41.0,20251110_162615,2025-11-10T16:26:17.212550,detail,converter,0,0.0,0.0
,Overhead,AC,394,Advanced Aluminum Conductor,100,0.632319272229021,LCC Converter,0,False,0,,,55.836283504930314,0.02916748643632465,2.8198183650516664,7.0,41.0,20251110_162615,2025-11-10T16:26:17.212550,detail,structure,1294226.6227558053,53063291.53298802,21573014.727597877
,Overhead,AC,394,Advanced Aluminum Conductor,100,0.632319272229021,LCC Converter,0,False,0,,,55.836283504930314,0.02916748643632465,2.8198183650516664,7.0,41.0,20251110_162615,2025-11-10T16:26:17.212550,detail,vegetation,564226.6227558053,23133291.532988016,9404897.896858072
,Overhead,AC,394,Advanced Aluminum Conductor,100,0.632319272229021,LCC Converter,0,False,0,,,55.836283504930314,0.02916748643632465,2.8198183650516664,7.0,41.0,20251110_162615,2025-11-10T16:26:17.212550,summary,all,1990754.6852116105,81620942.09367603,33183199.439722627
,Overhead,AC,394,Advanced Aluminum Conductor,100,0.605142771858047,LCC Converter,0,False,0,,,54.72886885746705,0.027982135377028063,1.2964380900762627,16.0,47.0,20251110_162617,2025-11-10T16:26:18.982478,detail,conductor,132301.4397,6218167.665899999,2057083.9214661643
,Overhead,AC,394,Advanced Aluminum Conductor,100,0.605142771858047,LCC Converter,0,False,0,,,54.72886885746705,0.027982135377028063,1.2964380900762627,16.0,47.0,20251110_162617,2025-11-10T16:26:18.982478,detail,converter,0,0.0,0.0
,Overhead,AC,394,Advanced Aluminum Conductor,100,0.605142771858047,LCC Converter,0,False,0,,,54.72886885746705,0.027982135377028063,1.2964380900762627,16.0,47.0,20251110_162617,2025-11-10T16:26:18.982478,detail,structure,1350202.1757678995,63459502.26109128,20993567.3625234
,Overhead,AC,394,Advanced Aluminum Conductor,100,0.605142771858047,LCC Converter,0,False,0,,,54.72886885746705,0.027982135377028063,1.2964380900762627,16.0,47.0,20251110_162617,2025-11-10T16:26:18.982478,detail,vegetation,620202.1757678995,29149502.261091277,9643190.026680244
,Overhead,AC,394,Advanced Aluminum Conductor,100,0.605142771858047,LCC Converter,0,False,0,,,54.72886885746705,0.027982135377028063,1.2964380900762627,16.0,47.0,20251110_162617,2025-11-10T16:26:18.982478,summary,all,2102705.791235799,98827172.18808256,32693841.31066981
,Overhead,AC,394,Advanced Aluminum Conductor,100,0.7206244594573091,LCC Converter,0,False,0,,,70.33521957327436,0.036559197483569644,2.7299653788698897,17.0,46.0,20251110_162619,2025-11-10T16:26:20.798095,detail,conductor,132301.4397,6085866.226199999,4241410.074232603
,Overhead,AC,394,Advanced Aluminum Conductor,100,0.7206244594573091,LCC Converter,0,False,0,,,70.33521957327436,0.036559197483569644,2.7299653788698897,17.0,46.0,20251110_162619,2025-11-10T16:26:20.798095,detail,converter,0,0.0,0.0
,Overhead,AC,394,Advanced Aluminum Conductor,100,0.7206244594573091,LCC Converter,0,False,0,,,70.33521957327436,0.036559197483569644,2.7299653788698897,17.0,46.0,20251110_162619,2025-11-10T16:26:20.798095,detail,structure,1519082.710003391,69877804.66015598,48699792.87006162
,Overhead,AC,394,Advanced Aluminum Conductor,100,0.7206244594573091,LCC Converter,0,False,0,,,70.33521957327436,0.036559197483569644,2.7299653788698897,17.0,46.0,20251110_162619,2025-11-10T16:26:20.798095,detail,vegetation,789082.7100033908,36297804.660155974,25296953.405799903
,Overhead,AC,394,Advanced Aluminum Conductor,100,0.7206244594573091,LCC Converter,0,False,0,,,70.33521957327436,0.036559197483569644,2.7299653788698897,17.0,46.0,20251110_162619,2025-11-10T16:26:20.798095,summary,all,2440466.859706782,112261475.54651195,78238156.35009412
,Overhead,AC,394,Advanced Aluminum Conductor,100,0.6267699007536133,LCC Converter,0,False,0,,,69.20675280786224,0.027917013306725764,1.3491182122692944,8.0,40.0,20251110_162621,2025-11-10T16:26:22.645078,detail,conductor,132301.4397,5292057.5879999995,1964807.4386999034
,Overhead,AC,394,Advanced Aluminum Conductor,100,0.6267699007536133,LCC Converter,0,False,0,,,69.20675280786224,0.027917013306725764,1.3491182122692944,8.0,40.0,20251110_162621,2025-11-10T16:26:22.645078,detail,converter,0,0.0,0.0
,Overhead,AC,394,Advanced Aluminum Conductor,100,0.6267699007536133,LCC Converter,0,False,0,,,69.20675280786224,0.027917013306725764,1.3491182122692944,8.0,40.0,20251110_162621,2025-11-10T16:26:22.645078,detail,structure,1489396.7845754377,59575871.38301751,22119017.662583597
,Overhead,AC,394,Advanced Aluminum Conductor,100,0.6267699007536133,LCC Converter,0,False,0,,,69.20675280786224,0.027917013306725764,1.3491182122692944,8.0,40.0,20251110_162621,2025-11-10T16:26:22.645078,detail,vegetation,759396.7845754375,30375871.383017503,11277794.51714166
,Overhead,AC,394,Advanced Aluminum Conductor,100,0.6267699007536133,LCC Converter,0,False,0,,,69.20675280786224,0.027917013306725764,1.3491182122692944,8.0,40.0,20251110_162621,2025-11-10T16:26:22.645078,summary,all,2381095.0088508753,95243800.35403502,35361619.61842516
,Overhead,AC,394,Advanced Aluminum Conductor,100,0.615624100043107,LCC Converter,0,False,0,,,46.86389509006988,0.038196181925167515,0.7427653764455912,3.0,53.0,20251110_162622,2025-11-10T16:26:24.431022,detail,conductor,132301.4397,7011976.304099999,3105993.5476736864
,Overhead,AC,394,Advanced Aluminum Conductor,100,0.615624100043107,LCC Converter,0,False,0,,,46.86389509006988,0.038196181925167515,0.7427653764455912,3.0,53.0,20251110_162622,2025-11-10T16:26:24.431022,detail,converter,0,0.0,0.0
,Overhead,AC,394,Advanced Aluminum Conductor,100,0.615624100043107,LCC Converter,0,False,0,,,46.86389509006988,0.038196181925167515,0.7427653764455912,3.0,53.0,20251110_162622,2025-11-10T16:26:24.431022,detail,structure,1706164.4455615086,90426715.61475995,40055012.03313284
,Overhead,AC,394,Advanced Aluminum Conductor,100,0.615624100043107,LCC Converter,0,False,0,,,46.86389509006988,0.038196181925167515,0.7427653764455912,3.0,53.0,20251110_162622,2025-11-10T16:26:24.431022,detail,vegetation,976164.4455615085,51736715.61475995,22917063.3082877
,Overhead,AC,394,Advanced Aluminum Conductor,100,0.615624100043107,LCC Converter,0,False,0,,,46.86389509006988,0.038196181925167515,0.7427653764455912,3.0,53.0,20251110_162622,2025-11-10T16:26:24.431022,summary,all,2814630.3308230173,149175407.5336199,66078068.88909423
,Overhead,AC,394,Advanced Aluminum Conductor,100,0.6958962651431115,LCC Converter,0,False,0,,,61.18459777403225,0.0369490608216018,1.926608975184834,15.0,51.0,20251110_162624,2025-11-10T16:26:26.222789,detail,conductor,132301.4397,6747373.424699999,2471674.3903067983
,Overhead,AC,394,Advanced Aluminum Conductor,100,0.6958962651431115,LCC Converter,0,False,0,,,61.18459777403225,0.0369490608216018,1.926608975184834,15.0,51.0,20251110_162624,2025-11-10T16:26:26.222789,detail,converter,0,0.0,0.0
,Overhead,AC,394,Advanced Aluminum Conductor,100,0.6958962651431115,LCC Converter,0,False,0,,,61.18459777403225,0.0369490608216018,1.926608975184834,15.0,51.0,20251110_162624,2025-11-10T16:26:26.222789,detail,structure,1622343.7638718633,82739531.95746502,30308857.881884582
,Overhead,AC,394,Advanced Aluminum Conductor,100,0.6958962651431115,LCC Converter,0,False,0,,,61.18459777403225,0.0369490608216018,1.926608975184834,15.0,51.0,20251110_162624,2025-11-10T16:26:26.222789,detail,vegetation,892343.7638718633,45509531.95746502,16670893.63134164
,Overhead,AC,394,Advanced Aluminum Conductor,100,0.6958962651431115,LCC Converter,0,False,0,,,61.18459777403225,0.0369490608216018,1.926608975184834,15.0,51.0,20251110_162624,2025-11-10T16:26:26.222789,summary,all,2646988.9674437265,134996437.33963004,49451425.90353302
,Overhead,AC,394,Advanced Aluminum Conductor,100,0.5936420121844065,LCC Converter,0,False,0,,,63.16161867306215,0.02549230327377299,1.7387978517737945,12.0,49.0,20251110_162626,2025-11-10T16:26:28.018896,detail,conductor,132301.4397,6482770.545299999,1637984.8590534218
,Overhead,AC,394,Advanced Aluminum Conductor,100,0.5936420121844065,LCC Converter,0,False,0,,,63.16161867306215,0.02549230327377299,1.7387978517737945,12.0,49.0,20251110_162626,2025-11-10T16:26:28.018896,detail,converter,0,0.0,0.0
,Overhead,AC,394,Advanced Aluminum Conductor,100,0.5936420121844065,LCC Converter,0,False,0,,,63.16161867306215,0.02549230327377299,1.7387978517737945,12.0,49.0,20251110_162626,2025-11-10T16:26:28.018896,detail,structure,1732627.7737109568,84898760.91183688,21451150.238042254
,Overhead,AC,394,Advanced Aluminum Conductor,100,0.5936420121844065,LCC Converter,0,False,0,,,63.16161867306215,0.02549230327377299,1.7387978517737945,12.0,49.0,20251110_162626,2025-11-10T16:26:28.018896,detail,vegetation,1002627.7737109567,49128760.91183688,12413236.895448443
,Overhead,AC,394,Advanced Aluminum Conductor,100,0.5936420121844065,LCC Converter,0,False,0,,,63.16161867306215,0.02549230327377299,1.7387978517737945,12.0,49.0,20251110_162626,2025-11-10T16:26:28.018896,summary,all,2867556.9871219136,140510292.36897373,35502371.992544115
,Overhead,AC,394,Advanced Aluminum Conductor,100,0.7649359930794316,LCC Converter,0,False,0,,,55.04587291865004,0.03467159120970248,0.5952621095412517,5.0,47.0,20251110_162628,2025-11-10T16:26:29.840340,detail,conductor,132301.4397,6218167.665899999,2105437.0860811295
,Overhead,AC,394,Advanced Aluminum Conductor,100,0.7649359930794316,LCC Converter,0,False,0,,,55.04587291865004,0.03467159120970248,0.5952621095412517,5.0,47.0,20251110_162628,2025-11-10T16:26:29.840340,detail,converter,0,0.0,0.0
,Overhead,AC,394,Advanced Aluminum Conductor,100,0.7649359930794316,LCC Converter,0,False,0,,,55.04587291865004,0.03467159120970248,0.5952621095412517,5.0,47.0,20251110_162628,2025-11-10T16:26:29.840340,detail,structure,1239613.167909841,58261818.89176253,19727128.76012561
,Overhead,AC,394,Advanced Aluminum Conductor,100,0.7649359930794316,LCC Converter,0,False,0,,,55.04587291865004,0.03467159120970248,0.5952621095412517,5.0,47.0,20251110_162628,2025-11-10T16:26:29.840340,detail,vegetation,509613.167909841,23951818.89176253,8109953.041370183
,Overhead,AC,394,Advanced Aluminum Conductor,100,0.7649359930794316,LCC Converter,0,False,0,,,55.04587291865004,0.03467159120970248,0.5952621095412517,5.0,47.0,20251110_162628,2025-11-10T16:26:29.840340,summary,all,1881527.775519682,88431805.44942506,29942518.887576923
,Overhead,AC,394,Advanced Aluminum Conductor,100,0.6104726004294567,LCC Converter,0,False,0,,,52.71276751705399,0.02448592886959257,2.1483729864747527,6.0,54.0,20251110_162630,2025-11-10T16:26:31.638340,detail,conductor,132301.4397,7144277.743799999,3170515.411999447
,Overhead,AC,394,Advanced Aluminum Conductor,100,0.6104726004294567,LCC Converter,0,False,0,,,52.71276751705399,0.02448592886959257,2.1483729864747527,6.0,54.0,20251110_162630,2025-11-10T16:26:31.638340,detail,converter,0,0.0,0.0
,Overhead,AC,394,Advanced Aluminum Conductor,100,0.6104726004294567,LCC Converter,0,False,0,,,52.71276751705399,0.02448592886959257,2.1483729864747527,6.0,54.0,20251110_162630,2025-11-10T16:26:31.638340,detail,structure,1547238.9928546795,83550905.61415268,37078546.41654563
,Overhead,AC,394,Advanced Aluminum Conductor,100,0.6104726004294567,LCC Converter,0,False,0,,,52.71276751705399,0.02448592886959257,2.1483729864747527,6.0,54.0,20251110_162630,2025-11-10T16:26:31.638340,detail,vegetation,817238.9928546795,44130905.61415269,19584585.23208849
,Overhead,AC,394,Advanced Aluminum Conductor,100,0.6104726004294567,LCC Converter,0,False,0,,,52.71276751705399,0.02448592886959257,2.1483729864747527,6.0,54.0,20251110_162630,2025-11-10T16:26:31.638340,summary,all,2496779.425409359,134826088.97210538,59833647.06063357
,Overhead,AC,394,Advanced Aluminum Conductor,100,0.7551945430697969,LCC Converter,0,False,0,,,68.91818747497118,0.035673451383458954,2.0021459225745364,3.0,48.0,20251110_162631,2025-11-10T16:26:33.425813,detail,conductor,132301.4397,6350469.105599999,2031056.3678077736
,Overhead,AC,394,Advanced Aluminum Conductor,100,0.7551945430697969,LCC Converter,0,False,0,,,68.91818747497118,0.035673451383458954,2.0021459225745364,3.0,48.0,20251110_162631,2025-11-10T16:26:33.425813,detail,converter,0,0.0,0.0
,Overhead,AC,394,Advanced Aluminum Conductor,100,0.7551945430697969,LCC Converter,0,False,0,,,68.91818747497118,0.035673451383458954,2.0021459225745364,3.0,48.0,20251110_162631,2025-11-10T16:26:33.425813,detail,structure,1426928.6658916497,68492575.96279919,21905827.781152155
,Overhead,AC,394,Advanced Aluminum Conductor,100,0.7551945430697969,LCC Converter,0,False,0,,,68.91818747497118,0.035673451383458954,2.0021459225745364,3.0,48.0,20251110_162631,2025-11-10T16:26:33.425813,detail,vegetation,696928.6658916497,33452575.962799184,10699062.746231105
,Overhead,AC,394,Advanced Aluminum Conductor,100,0.7551945430697969,LCC Converter,0,False,0,,,68.91818747497118,0.035673451383458954,2.0021459225745364,3.0,48.0,20251110_162631,2025-11-10T16:26:33.425813,summary,all,2256158.7714832993,108295621.03119838,34635946.89519103
,Overhead,AC,394,Advanced Aluminum Conductor,100,0.7115116963331589,LCC Converter,0,False,0,,,61.722124887640526,0.037070536181037055,2.720922006694805,13.0,59.0,20251110_162633,2025-11-10T16:26:35.208476,detail,conductor,132301.4397,7805784.942299999,2395368.90975458
,Overhead,AC,394,Advanced Aluminum Conductor,100,0.7115116963331589,LCC Converter,0,False,0,,,61.722124887640526,0.037070536181037055,2.720922006694805,13.0,59.0,20251110_162633,2025-11-10T16:26:35.208476,detail,converter,0,0.0,0.0
,Overhead,AC,394,Advanced Aluminum Conductor,100,0.7115116963331589,LCC Converter,0,False,0,,,61.722124887640526,0.037070536181037055,2.720922006694805,13.0,59.0,20251110_162633,2025-11-10T16:26:35.208476,detail,structure,1302722.5178085917,76860628.55070691,23586296.749844883
,Overhead,AC,394,Advanced Aluminum Conductor,100,0.7115116963331589,LCC Converter,0,False,0,,,61.722124887640526,0.037070536181037055,2.720922006694805,13.0,59.0,20251110_162633,2025-11-10T16:26:35.208476,detail,vegetation,572722.5178085917,33790628.55070691,10369363.448998537
,Overhead,AC,394,Advanced Aluminum Conductor,100,0.7115116963331589,LCC Converter,0,False,0,,,61.722124887640526,0.037070536181037055,2.720922006694805,13.0,59.0,20251110_162633,2025-11-10T16:26:35.208476,summary,all,2007746.4753171834,118457042.04371382,36351029.108597994
,Overhead,AC,394,Advanced Aluminum Conductor,100,0.7271309576575647,LCC Converter,0,False,0,,,67.40051636564819,0.03728496812528438,2.843413222763787,14.0,47.0,20251110_162635,2025-11-10T16:26:37.025020,detail,conductor,132301.4397,6218167.665899999,3159767.414761595
,Overhead,AC,394,Advanced Aluminum Conductor,100,0.7271309576575647,LCC Converter,0,False,0,,,67.40051636564819,0.03728496812528438,2.843413222763787,14.0,47.0,20251110_162635,2025-11-10T16:26:37.025020,detail,converter,0,0.0,0.0
,Overhead,AC,394,Advanced Aluminum Conductor,100,0.7271309576575647,LCC Converter,0,False,0,,,67.40051636564819,0.03728496812528438,2.843413222763787,14.0,47.0,20251110_162635,2025-11-10T16:26:37.025020,detail,structure,1253699.7756139545,58923889.453855865,29942226.689759124
,Overhead,AC,394,Advanced Aluminum Conductor,100,0.7271309576575647,LCC Converter,0,False,0,,,67.40051636564819,0.03728496812528438,2.843413222763787,14.0,47.0,20251110_162635,2025-11-10T16:26:37.025020,detail,vegetation,523699.7756139546,24613889.453855865,12507569.757783467
,Overhead,AC,394,Advanced Aluminum Conductor,100,0.7271309576575647,LCC Converter,0,False,0,,,67.40051636564819,0.03728496812528438,2.843413222763787,14.0,47.0,20251110_162635,2025-11-10T16:26:37.025020,summary,all,1909700.990927909,89755946.57361174,45609563.86230419
,Overhead,AC,394,Advanced Aluminum Conductor,100,0.6427657690423233,LCC Converter,0,False,0,,,38.64248139529282,0.036136057346715315,1.0808454812603987,10.0,56.0,20251110_162637,2025-11-10T16:26:38.823505,detail,conductor,132301.4397,7408880.623199999,2814104.909156658
,Overhead,AC,394,Advanced Aluminum Conductor,100,0.6427657690423233,LCC Converter,0,False,0,,,38.64248139529282,0.036136057346715315,1.0808454812603987,10.0,56.0,20251110_162637,2025-11-10T16:26:38.823505,detail,converter,0,0.0,0.0
,Overhead,AC,394,Advanced Aluminum Conductor,100,0.6427657690423233,LCC Converter,0,False,0,,,38.64248139529282,0.036136057346715315,1.0808454812603987,10.0,56.0,20251110_162637,2025-11-10T16:26:38.823505,detail,structure,1476709.3063574506,82695721.15601723,31410201.71693434
,Overhead,AC,394,Advanced Aluminum Conductor,100,0.6427657690423233,LCC Converter,0,False,0,,,38.64248139529282,0.036136057346715315,1.0808454812603987,10.0,56.0,20251110_162637,2025-11-10T16:26:38.823505,detail,vegetation,746709.3063574506,41815721.15601723,15882807.696562547
,Overhead,AC,394,Advanced Aluminum Conductor,100,0.6427657690423233,LCC Converter,0,False,0,,,38.64248139529282,0.036136057346715315,1.0808454812603987,10.0,56.0,20251110_162637,2025-11-10T16:26:38.823505,summary,all,2355720.052414901,131920322.93523446,50107114.32265355
,Overhead,AC,394,Advanced Aluminum Conductor,100,0.5777269760419076,LCC Converter,0,False,0,,,54.56343485703662,0.03698375914271468,1.6666530762697511,20.0,50.0,20251110_162639,2025-11-10T16:26:40.599788,detail,conductor,132301.4397,6615071.984999999,2146965.7129107784
,Overhead,AC,394,Advanced Aluminum Conductor,100,0.5777269760419076,LCC Converter,0,False,0,,,54.56343485703662,0.03698375914271468,1.6666530762697511,20.0,50.0,20251110_162639,2025-11-10T16:26:40.599788,detail,converter,0,0.0,0.0
,Overhead,AC,394,Advanced Aluminum Conductor,100,0.5777269760419076,LCC Converter,0,False,0,,,54.56343485703662,0.03698375914271468,1.6666530762697511,20.0,50.0,20251110_162639,2025-11-10T16:26:40.599788,detail,structure,1449380.0501566813,72469002.50783406,23520297.88730486
,Overhead,AC,394,Advanced Aluminum Conductor,100,0.5777269760419076,LCC Converter,0,False,0,,,54.56343485703662,0.03698375914271468,1.6666530762697511,20.0,50.0,20251110_162639,2025-11-10T16:26:40.599788,detail,vegetation,719380.0501566813,35969002.50783407,11673979.555631634
,Overhead,AC,394,Advanced Aluminum Conductor,100,0.5777269760419076,LCC Converter,0,False,0,,,54.56343485703662,0.03698375914271468,1.6666530762697511,20.0,50.0,20251110_162639,2025-11-10T16:26:40.599788,summary,all,2301061.5400133627,115053077.00066814,37341243.155847274
,Overhead,AC,394,Advanced Aluminum Conductor,100,0.7184493691324605,LCC Converter,0,False,0,,,72.57575793961017,0.03635638403197708,2.025727192490157,10.0,52.0,20251110_162640,2025-11-10T16:26:42.393995,detail,conductor,132301.4397,6879674.864399999,3029317.59550448
,Overhead,AC,394,Advanced Aluminum Conductor,100,0.7184493691324605,LCC Converter,0,False,0,,,72.57575793961017,0.03635638403197708,2.025727192490157,10.0,52.0,20251110_162640,2025-11-10T16:26:42.393995,detail,converter,0,0.0,0.0
,Overhead,AC,394,Advanced Aluminum Conductor,100,0.7184493691324605,LCC Converter,0,False,0,,,72.57575793961017,0.03635638403197708,2.025727192490157,10.0,52.0,20251110_162640,2025-11-10T16:26:42.393995,detail,structure,1186243.1414501956,61684643.35541017,27161512.59646185
,Overhead,AC,394,Advanced Aluminum Conductor,100,0.7184493691324605,LCC Converter,0,False,0,,,72.57575793961017,0.03635638403197708,2.025727192490157,10.0,52.0,20251110_162640,2025-11-10T16:26:42.393995,detail,vegetation,456243.14145019546,23724643.355410162,10446638.973523712
,Overhead,AC,394,Advanced Aluminum Conductor,100,0.7184493691324605,LCC Converter,0,False,0,,,72.57575793961017,0.03635638403197708,2.025727192490157,10.0,52.0,20251110_162640,2025-11-10T16:26:42.393995,summary,all,1774787.7226003911,92288961.57522033,40637469.165490046
,Overhead,AC,394,Advanced Aluminum Conductor,100,0.7301702795398316,LCC Converter,0,False,0,,,60.02320485296275,0.03233628773398297,0.8863450733639121,1.0,45.0,20251110_162642,2025-11-10T16:26:44.213756,detail,conductor,132301.4397,5953564.786499999,1909416.615517228
,Overhead,AC,394,Advanced Aluminum Conductor,100,0.7301702795398316,LCC Converter,0,False,0,,,60.02320485296275,0.03233628773398297,0.8863450733639121,1.0,45.0,20251110_162642,2025-11-10T16:26:44.213756,detail,converter,0,0.0,0.0
,Overhead,AC,394,Advanced Aluminum Conductor,100,0.7301702795398316,LCC Converter,0,False,0,,,60.02320485296275,0.03233628773398297,0.8863450733639121,1.0,45.0,20251110_162642,2025-11-10T16:26:44.213756,detail,structure,1310687.6886583613,58980945.98962626,18916263.165034533
,Overhead,AC,394,Advanced Aluminum Conductor,100,0.7301702795398316,LCC Converter,0,False,0,,,60.02320485296275,0.03233628773398297,0.8863450733639121,1.0,45.0,20251110_162642,2025-11-10T16:26:44.213756,detail,vegetation,580687.6886583614,26130945.989626266,8380670.1095979875
,Overhead,AC,394,Advanced Aluminum Conductor,100,0.7301702795398316,LCC Converter,0,False,0,,,60.02320485296275,0.03233628773398297,0.8863450733639121,1.0,45.0,20251110_162642,2025-11-10T16:26:44.213756,summary,all,2023676.8170167226,91065456.76575252,29206349.89014975
,Overhead,AC,394,Advanced Aluminum Conductor,100,0.6099979918984241,LCC Converter,0,False,0,,,60.82128740480981,0.03148897376548779,1.857438617919279,19.0,45.0,20251110_162644,2025-11-10T16:26:46.020521,detail,conductor,132301.4397,5953564.786499999,2599719.3292787485
,Overhead,AC,394,Advanced Aluminum Conductor,100,0.6099979918984241,LCC Converter,0,False,0,,,60.82128740480981,0.03148897376548779,1.857438617919279,19.0,45.0,20251110_162644,2025-11-10T16:26:46.020521,detail,converter,0,0.0,0.0
,Overhead,AC,394,Advanced Aluminum Conductor,100,0.6099979918984241,LCC Converter,0,False,0,,,60.82128740480981,0.03148897376548779,1.857438617919279,19.0,45.0,20251110_162644,2025-11-10T16:26:46.020521,detail,structure,1215790.9141510604,54710591.13679772,23890255.06485091
,Overhead,AC,394,Advanced Aluminum Conductor,100,0.6099979918984241,LCC Converter,0,False,0,,,60.82128740480981,0.03148897376548779,1.857438617919279,19.0,45.0,20251110_162644,2025-11-10T16:26:46.020521,detail,vegetation,485790.9141510604,21860591.13679772,9545776.919512277
,Overhead,AC,394,Advanced Aluminum Conductor,100,0.6099979918984241,LCC Converter,0,False,0,,,60.82128740480981,0.03148897376548779,1.857438617919279,19.0,45.0,20251110_162644,2025-11-10T16:26:46.020521,summary,all,1833883.2680021208,82524747.06009543,36035751.313641936
,Overhead,AC,394,Advanced Aluminum Conductor,100,0.5951018311923705,LCC Converter,0,False,0,,,59.08769133250031,0.029799214288352756,1.2356082021560968,7.0,57.0,20251110_162646,2025-11-10T16:26:47.881593,detail,conductor,132301.4397,7541182.062899999,2256092.6760613048
,Overhead,AC,394,Advanced Aluminum Conductor,100,0.5951018311923705,LCC Converter,0,False,0,,,59.08769133250031,0.029799214288352756,1.2356082021560968,7.0,57.0,20251110_162646,2025-11-10T16:26:47.881593,detail,converter,0,0.0,0.0
,Overhead,AC,394,Advanced Aluminum Conductor,100,0.5951018311923705,LCC Converter,0,False,0,,,59.08769133250031,0.029799214288352756,1.2356082021560968,7.0,57.0,20251110_162646,2025-11-10T16:26:47.881593,detail,structure,1168308.1243841914,66593563.08989891,19922771.882021282
,Overhead,AC,394,Advanced Aluminum Conductor,100,0.5951018311923705,LCC Converter,0,False,0,,,59.08769133250031,0.029799214288352756,1.2356082021560968,7.0,57.0,20251110_162646,2025-11-10T16:26:47.881593,detail,vegetation,438308.12438419147,24983563.089898914,7474323.420241222
,Overhead,AC,394,Advanced Aluminum Conductor,100,0.5951018311923705,LCC Converter,0,False,0,,,59.08769133250031,0.029799214288352756,1.2356082021560968,7.0,57.0,20251110_162646,2025-11-10T16:26:47.881593,summary,all,1738917.6884683827,99118308.24269782,29653187.97832381
,Overhead,AC,394,Advanced Aluminum Conductor,100,0.7380763762049978,LCC Converter,0,False,0,,,68.19339534105775,0.03169533970144316,2.9311726266590985,14.0,49.0,20251110_162648,2025-11-10T16:26:49.740932,detail,conductor,132301.4397,6482770.545299999,2440162.6961634527
,Overhead,AC,394,Advanced Aluminum Conductor,100,0.7380763762049978,LCC Converter,0,False,0,,,68.19339534105775,0.03169533970144316,2.9311726266590985,14.0,49.0,20251110_162648,2025-11-10T16:26:49.740932,detail,converter,0,0.0,0.0
,Overhead,AC,394,Advanced Aluminum Conductor,100,0.7380763762049978,LCC Converter,0,False,0,,,68.19339534105775,0.03169533970144316,2.9311726266590985,14.0,49.0,20251110_162648,2025-11-10T16:26:49.740932,detail,structure,1659247.742697361,81303139.39217068,30603101.936036732
,Overhead,AC,394,Advanced Aluminum Conductor,100,0.7380763762049978,LCC Converter,0,False,0,,,68.19339534105775,0.03169533970144316,2.9311726266590985,14.0,49.0,20251110_162648,2025-11-10T16:26:49.740932,detail,vegetation,929247.7426973608,45533139.39217068,17139009.842719007
,Overhead,AC,394,Advanced Aluminum Conductor,100,0.7380763762049978,LCC Converter,0,False,0,,,68.19339534105775,0.03169533970144316,2.9311726266590985,14.0,49.0,20251110_162648,2025-11-10T16:26:49.740932,summary,all,2720796.925094722,133319049.32964136,50182274.47491919
,Overhead,AC,394,Advanced Aluminum Conductor,100,0.7297448732142848,LCC Converter,0,False,0,,,41.666079877079525,0.04178475010574906,1.84231696388164,15.0,48.0,20251110_162650,2025-11-10T16:26:51.617542,detail,conductor,132301.4397,6350469.105599999,2058964.325614001
,Overhead,AC,394,Advanced Aluminum Conductor,100,0.7297448732142848,LCC Converter,0,False,0,,,41.666079877079525,0.04178475010574906,1.84231696388164,15.0,48.0,20251110_162650,2025-11-10T16:26:51.617542,detail,converter,0,0.0,0.0
,Overhead,AC,394,Advanced Aluminum Conductor,100,0.7297448732142848,LCC Converter,0,False,0,,,41.666079877079525,0.04178475010574906,1.84231696388164,15.0,48.0,20251110_162650,2025-11-10T16:26:51.617542,detail,structure,1497964.1046629273,71902277.02382052,23312328.721025128
,Overhead,AC,394,Advanced Aluminum Conductor,100,0.7297448732142848,LCC Converter,0,False,0,,,41.666079877079525,0.04178475010574906,1.84231696388164,15.0,48.0,20251110_162650,2025-11-10T16:26:51.617542,detail,vegetation,767964.1046629273,36862277.02382051,11951575.87429538
,Overhead,AC,394,Advanced Aluminum Conductor,100,0.7297448732142848,LCC Converter,0,False,0,,,41.666079877079525,0.04178475010574906,1.84231696388164,15.0,48.0,20251110_162650,2025-11-10T16:26:51.617542,summary,all,2398229.6490258547,115115023.15324104,37322868.92093451
,Overhead,AC,394,Advanced Aluminum Conductor,100,0.5874101455315306,LCC Converter,0,False,0,,,70.78737297707764,0.02103377463289245,0.7126732227946504,15.0,55.0,20251110_162651,2025-11-10T16:26:53.486149,detail,conductor,132301.4397,7276579.183499999,4084835.9758419367
,Overhead,AC,394,Advanced Aluminum Conductor,100,0.5874101455315306,LCC Converter,0,False,0,,,70.78737297707764,0.02103377463289245,0.7126732227946504,15.0,55.0,20251110_162651,2025-11-10T16:26:53.486149,detail,converter,0,0.0,0.0
,Overhead,AC,394,Advanced Aluminum Conductor,100,0.5874101455315306,LCC Converter,0,False,0,,,70.78737297707764,0.02103377463289245,0.7126732227946504,15.0,55.0,20251110_162651,2025-11-10T16:26:53.486149,detail,structure,1747218.2937905996,96097006.15848297,53945748.1362919
,Overhead,AC,394,Advanced Aluminum Conductor,100,0.5874101455315306,LCC Converter,0,False,0,,,70.78737297707764,0.02103377463289245,0.7126732227946504,15.0,55.0,20251110_162651,2025-11-10T16:26:53.486149,detail,vegetation,1017218.2937905996,55947006.158482976,31406837.984397184
,Overhead,AC,394,Advanced Aluminum Conductor,100,0.5874101455315306,LCC Converter,0,False,0,,,70.78737297707764,0.02103377463289245,0.7126732227946504,15.0,55.0,20251110_162651,2025-11-10T16:26:53.486149,summary,all,2896738.027281199,159320591.50046593,89437422.09653102
,Overhead,AC,394,Advanced Aluminum Conductor,100,0.6308818976539128,LCC Converter,0,False,0,,,64.56334244107062,0.029448897683240834,0.7943142523445023,6.0,56.0,20251110_162653,2025-11-10T16:26:55.349722,detail,conductor,132301.4397,7408880.623199999,2858202.7699819473
,Overhead,AC,394,Advanced Aluminum Conductor,100,0.6308818976539128,LCC Converter,0,False,0,,,64.56334244107062,0.029448897683240834,0.7943142523445023,6.0,56.0,20251110_162653,2025-11-10T16:26:55.349722,detail,converter,0,0.0,0.0
,Overhead,AC,394,Advanced Aluminum Conductor,100,0.6308818976539128,LCC Converter,0,False,0,,,64.56334244107062,0.029448897683240834,0.7943142523445023,6.0,56.0,20251110_162653,2025-11-10T16:26:55.349722,detail,structure,1374509.400931436,76972526.45216042,29694511.15586354
,Overhead,AC,394,Advanced Aluminum Conductor,100,0.6308818976539128,LCC Converter,0,False,0,,,64.56334244107062,0.029448897683240834,0.7943142523445023,6.0,56.0,20251110_162653,2025-11-10T16:26:55.349722,detail,vegetation,644509.400931436,36092526.45216042,13923798.253433788
,Overhead,AC,394,Advanced Aluminum Conductor,100,0.6308818976539128,LCC Converter,0,False,0,,,64.56334244107062,0.029448897683240834,0.7943142523445023,6.0,56.0,20251110_162653,2025-11-10T16:26:55.349722,summary,all,2151320.241562872,120473933.52752084,46476512.179279275
,Overhead,AC,394,Advanced Aluminum Conductor,100,0.7395902306886987,LCC Converter,0,False,0,,,39.175942525187665,0.03386951860542132,1.0313511330296783,16.0,45.0,20251110_162655,2025-11-10T16:26:57.203899,detail,conductor,132301.4397,5953564.786499999,1852498.002201814
,Overhead,AC,394,Advanced Aluminum Conductor,100,0.7395902306886987,LCC Converter,0,False,0,,,39.175942525187665,0.03386951860542132,1.0313511330296783,16.0,45.0,20251110_162655,2025-11-10T16:26:57.203899,detail,converter,0,0.0,0.0
,Overhead,AC,394,Advanced Aluminum Conductor,100,0.7395902306886987,LCC Converter,0,False,0,,,39.175942525187665,0.03386951860542132,1.0313511330296783,16.0,45.0,20251110_162655,2025-11-10T16:26:57.203899,detail,structure,1576462.125152321,70940795.63185444,22073780.482008636
,Overhead,AC,394,Advanced Aluminum Conductor,100,0.7395902306886987,LCC Converter,0,False,0,,,39.175942525187665,0.03386951860542132,1.0313511330296783,16.0,45.0,20251110_162655,2025-11-10T16:26:57.203899,detail,vegetation,846462.1251523211,38090795.631854445,11852247.408190351
,Overhead,AC,394,Advanced Aluminum Conductor,100,0.7395902306886987,LCC Converter,0,False,0,,,39.175942525187665,0.03386951860542132,1.0313511330296783,16.0,45.0,20251110_162655,2025-11-10T16:26:57.203899,summary,all,2555225.690004642,114985156.0502089,35778525.8924008
,Overhead,AC,394,Advanced Aluminum Conductor,100,0.6615851319859691,LCC Converter,0,False,0,,,36.015014276031415,0.041662956841866355,2.056834279460812,15.0,57.0,20251110_162657,2025-11-10T16:26:58.994516,detail,conductor,132301.4397,7541182.062899999,2079838.2851158173
,Overhead,AC,394,Advanced Aluminum Conductor,100,0.6615851319859691,LCC Converter,0,False,0,,,36.015014276031415,0.041662956841866355,2.056834279460812,15.0,57.0,20251110_162657,2025-11-10T16:26:58.994516,detail,converter,0,0.0,0.0
,Overhead,AC,394,Advanced Aluminum Conductor,100,0.6615851319859691,LCC Converter,0,False,0,,,36.015014276031415,0.041662956841866355,2.056834279460812,15.0,57.0,20251110_162657,2025-11-10T16:26:58.994516,detail,structure,1637456.4527472535,93335017.80659345,25741553.745417602
,Overhead,AC,394,Advanced Aluminum Conductor,100,0.6615851319859691,LCC Converter,0,False,0,,,36.015014276031415,0.041662956841866355,2.056834279460812,15.0,57.0,20251110_162657,2025-11-10T16:26:58.994516,detail,vegetation,907456.4527472535,51725017.80659345,14265624.597727867
,Overhead,AC,394,Advanced Aluminum Conductor,100,0.6615851319859691,LCC Converter,0,False,0,,,36.015014276031415,0.041662956841866355,2.056834279460812,15.0,57.0,20251110_162657,2025-11-10T16:26:58.994516,summary,all,2677214.345194507,152601217.6760869,42087016.62826128
,Overhead,AC,394,Advanced Aluminum Conductor,100,0.710057832130094,LCC Converter,0,False,0,,,71.82892155801026,0.04016405321942395,1.7272969992096434,14.0,44.0,20251110_162659,2025-11-10T16:27:00.796148,detail,conductor,132301.4397,5821263.3467999995,3296579.229984225
,Overhead,AC,394,Advanced Aluminum Conductor,100,0.710057832130094,LCC Converter,0,False,0,,,71.82892155801026,0.04016405321942395,1.7272969992096434,14.0,44.0,20251110_162659,2025-11-10T16:27:00.796148,detail,converter,0,0.0,0.0
,Overhead,AC,394,Advanced Aluminum Conductor,100,0.710057832130094,LCC Converter,0,False,0,,,71.82892155801026,0.04016405321942395,1.7272969992096434,14.0,44.0,20251110_162659,2025-11-10T16:27:00.796148,detail,structure,1373476.3742054445,60432960.46503956,34223162.63788709
,Overhead,AC,394,Advanced Aluminum Conductor,100,0.710057832130094,LCC Converter,0,False,0,,,71.82892155801026,0.04016405321942395,1.7272969992096434,14.0,44.0,20251110_162659,2025-11-10T16:27:00.796148,detail,vegetation,643476.3742054444,28312960.46503955,16033618.795088783
,Overhead,AC,394,Advanced Aluminum Conductor,100,0.710057832130094,LCC Converter,0,False,0,,,71.82892155801026,0.04016405321942395,1.7272969992096434,14.0,44.0,20251110_162659,2025-11-10T16:27:00.796148,summary,all,2149254.188110889,94567184.2768791,53553360.6629601
,Overhead,AC,394,Advanced Aluminum Conductor,100,0.7357890361276033,LCC Converter,0,False,0,,,49.8919012976298,0.02230670362395142,1.6890246536424212,9.0,54.0,20251110_162701,2025-11-10T16:27:02.597440,detail,conductor,132301.4397,7144277.743799999,4240950.407674822
,Overhead,AC,394,Advanced Aluminum Conductor,100,0.7357890361276033,LCC Converter,0,False,0,,,49.8919012976298,0.02230670362395142,1.6890246536424212,9.0,54.0,20251110_162701,2025-11-10T16:27:02.597440,detail,converter,0,0.0,0.0
,Overhead,AC,394,Advanced Aluminum Conductor,100,0.7357890361276033,LCC Converter,0,False,0,,,49.8919012976298,0.02230670362395142,1.6890246536424212,9.0,54.0,20251110_162701,2025-11-10T16:27:02.597440,detail,structure,1118985.754238804,60425230.72889542,35869323.12590227
,Overhead,AC,394,Advanced Aluminum Conductor,100,0.7357890361276033,LCC Converter,0,False,0,,,49.8919012976298,0.02230670362395142,1.6890246536424212,9.0,54.0,20251110_162701,2025-11-10T16:27:02.597440,detail,vegetation,388985.75423880405,21005230.72889542,12469019.96500915
,Overhead,AC,394,Advanced Aluminum Conductor,100,0.7357890361276033,LCC Converter,0,False,0,,,49.8919012976298,0.02230670362395142,1.6890246536424212,9.0,54.0,20251110_162701,2025-11-10T16:27:02.597440,summary,all,1640272.9481776082,88574739.20159084,52579293.49858624
,Overhead,AC,394,Advanced Aluminum Conductor,100,0.7072086827957097,LCC Converter,0,False,0,,,47.06843867544753,0.021985636868404292,0.6529101680368822,13.0,55.0,20251110_162702,2025-11-10T16:27:04.401156,detail,conductor,132301.4397,7276579.183499999,1640877.394651783
,Overhead,AC,394,Advanced Aluminum Conductor,100,0.7072086827957097,LCC Converter,0,False,0,,,47.06843867544753,0.021985636868404292,0.6529101680368822,13.0,55.0,20251110_162702,2025-11-10T16:27:04.401156,detail,converter,0,0.0,0.0
,Overhead,AC,394,Advanced Aluminum Conductor,100,0.7072086827957097,LCC Converter,0,False,0,,,47.06843867544753,0.021985636868404292,0.6529101680368822,13.0,55.0,20251110_162702,2025-11-10T16:27:04.401156,detail,structure,1127022.4408783677,61986234.24831022,13977970.690991579
,Overhead,AC,394,Advanced Aluminum Conductor,100,0.7072086827957097,LCC Converter,0,False,0,,,47.06843867544753,0.021985636868404292,0.6529101680368822,13.0,55.0,20251110_162702,2025-11-10T16:27:04.401156,detail,vegetation,397022.44087836775,21836234.248310227,4924097.197158369
,Overhead,AC,394,Advanced Aluminum Conductor,100,0.7072086827957097,LCC Converter,0,False,0,,,47.06843867544753,0.021985636868404292,0.6529101680368822,13.0,55.0,20251110_162702,2025-11-10T16:27:04.401156,summary,all,1656346.3214567355,91099047.68012045,20542945.282801732
,Overhead,AC,394,Advanced Aluminum Conductor,100,0.6066214346036108,LCC Converter,0,False,0,,,35.325524791097614,0.02840077201271234,0.6890313940817814,0.0,47.0,20251110_162704,2025-11-10T16:27:06.206102,detail,conductor,132301.4397,6218167.665899999,1853132.295869827
,Overhead,AC,394,Advanced Aluminum Conductor,100,0.6066214346036108,LCC Converter,0,False,0,,,35.325524791097614,0.02840077201271234,0.6890313940817814,0.0,47.0,20251110_162704,2025-11-10T16:27:06.206102,detail,converter,0,0.0,0.0
,Overhead,AC,394,Advanced Aluminum Conductor,100,0.6066214346036108,LCC Converter,0,False,0,,,35.325524791097614,0.02840077201271234,0.6890313940817814,0.0,47.0,20251110_162704,2025-11-10T16:27:06.206102,detail,structure,1143133.5553584432,53727277.10184683,16011751.003849663
,Overhead,AC,394,Advanced Aluminum Conductor,100,0.6066214346036108,LCC Converter,0,False,0,,,35.325524791097614,0.02840077201271234,0.6890313940817814,0.0,47.0,20251110_162704,2025-11-10T16:27:06.206102,detail,vegetation,413133.5553584432,19417277.10184683,5786718.086199756
,Overhead,AC,394,Advanced Aluminum Conductor,100,0.6066214346036108,LCC Converter,0,False,0,,,35.325524791097614,0.02840077201271234,0.6890313940817814,0.0,47.0,20251110_162704,2025-11-10T16:27:06.206102,summary,all,1688568.5504168863,79362721.86959365,23651601.385919247
,Overhead,AC,394,Advanced Aluminum Conductor,100,0.5716550005371044,LCC Converter,0,False,0,,,71.34449153483575,0.03196114385452186,2.6320874021709226,12.0,59.0,20251110_162706,2025-11-10T16:27:08.025302,detail,conductor,132301.4397,7805784.942299999,4663244.536470559
,Overhead,AC,394,Advanced Aluminum Conductor,100,0.5716550005371044,LCC Converter,0,False,0,,,71.34449153483575,0.03196114385452186,2.6320874021709226,12.0,59.0,20251110_162706,2025-11-10T16:27:08.025302,detail,converter,0,0.0,0.0
,Overhead,AC,394,Advanced Aluminum Conductor,100,0.5716550005371044,LCC Converter,0,False,0,,,71.34449153483575,0.03196114385452186,2.6320874021709226,12.0,59.0,20251110_162706,2025-11-10T16:27:08.025302,detail,structure,1612848.6269002862,95158068.98711689,56848266.841247424
,Overhead,AC,394,Advanced Aluminum Conductor,100,0.5716550005371044,LCC Converter,0,False,0,,,71.34449153483575,0.03196114385452186,2.6320874021709226,12.0,59.0,20251110_162706,2025-11-10T16:27:08.025302,detail,vegetation,882848.6269002862,52088068.98711689,31117870.260963578
,Overhead,AC,394,Advanced Aluminum Conductor,100,0.5716550005371044,LCC Converter,0,False,0,,,71.34449153483575,0.03196114385452186,2.6320874021709226,12.0,59.0,20251110_162706,2025-11-10T16:27:08.025302,summary,all,2627998.6935005723,155051922.91653377,92629381.63868156
,Overhead,AC,394,Advanced Aluminum Conductor,100,0.6286447667357656,LCC Converter,0,False,0,,,71.74244663891983,0.033107069693221525,1.393721928217079,4.0,60.0,20251110_162708,2025-11-10T16:27:09.826780,detail,conductor,132301.4397,7938086.381999999,1812385.5066056899
,Overhead,AC,394,Advanced Aluminum Conductor,100,0.6286447667357656,LCC Converter,0,False,0,,,71.74244663891983,0.033107069693221525,1.393721928217079,4.0,60.0,20251110_162708,2025-11-10T16:27:09.826780,detail,converter,0,0.0,0.0
,Overhead,AC,394,Advanced Aluminum Conductor,100,0.6286447667357656,LCC Converter,0,False,0,,,71.74244663891983,0.033107069693221525,1.393721928217079,4.0,60.0,20251110_162708,2025-11-10T16:27:09.826780,detail,structure,1285599.023245256,77135941.39471535,17611305.23083895
,Overhead,AC,394,Advanced Aluminum Conductor,100,0.6286447667357656,LCC Converter,0,False,0,,,71.74244663891983,0.033107069693221525,1.393721928217079,4.0,60.0,20251110_162708,2025-11-10T16:27:09.826780,detail,vegetation,555599.0232452559,33335941.394715354,7611100.978925931
,Overhead,AC,394,Advanced Aluminum Conductor,100,0.6286447667357656,LCC Converter,0,False,0,,,71.74244663891983,0.033107069693221525,1.393721928217079,4.0,60.0,20251110_162708,2025-11-10T16:27:09.826780,summary,all,1973499.4861905118,118409969.1714307,27034791.71637057
,Overhead,AC,394,Advanced Aluminum Conductor,100,0.5691739975113634,LCC Converter,0,False,0,,,51.1880625873951,0.031570615997845664,1.495972208223199,2.0,57.0,20251110_162710,2025-11-10T16:27:11.613934,detail,conductor,132301.4397,7541182.062899999,2465598.1521937493
,Overhead,AC,394,Advanced Aluminum Conductor,100,0.5691739975113634,LCC Converter,0,False,0,,,51.1880625873951,0.031570615997845664,1.495972208223199,2.0,57.0,20251110_162710,2025-11-10T16:27:11.613934,detail,converter,0,0.0,0.0
,Overhead,AC,394,Advanced Aluminum Conductor,100,0.5691739975113634,LCC Converter,0,False,0,,,51.1880625873951,0.031570615997845664,1.495972208223199,2.0,57.0,20251110_162710,2025-11-10T16:27:11.613934,detail,structure,1533856.8229882682,87429838.9103313,28585286.426702797
,Overhead,AC,394,Advanced Aluminum Conductor,100,0.5691739975113634,LCC Converter,0,False,0,,,51.1880625873951,0.031570615997845664,1.495972208223199,2.0,57.0,20251110_162710,2025-11-10T16:27:11.613934,detail,vegetation,803856.8229882682,45819838.91033129,14980849.051094735
,Overhead,AC,394,Advanced Aluminum Conductor,100,0.5691739975113634,LCC Converter,0,False,0,,,51.1880625873951,0.031570615997845664,1.495972208223199,2.0,57.0,20251110_162710,2025-11-10T16:27:11.613934,summary,all,2470015.0856765364,140790859.88356256,46031733.62999128
,Overhead,AC,394,Advanced Aluminum Conductor,100,0.6162282761919147,LCC Converter,0,False,0,,,63.650345486969265,0.040531804541701515,1.0916399359109568,18.0,48.0,20251110_162711,2025-11-10T16:27:13.426238,detail,conductor,132301.4397,6350469.105599999,2818328.1802834766
,Overhead,AC,394,Advanced Aluminum Conductor,100,0.6162282761919147,LCC Converter,0,False,0,,,63.650345486969265,0.040531804541701515,1.0916399359109568,18.0,48.0,20251110_162711,2025-11-10T16:27:13.426238,detail,converter,0,0.0,0.0
,Overhead,AC,394,Advanced Aluminum Conductor,100,0.6162282761919147,LCC Converter,0,False,0,,,63.650345486969265,0.040531804541701515,1.0916399359109568,18.0,48.0,20251110_162711,2025-11-10T16:27:13.426238,detail,structure,1727877.1193976852,82938101.73108889,36807798.83202988
,Overhead,AC,394,Advanced Aluminum Conductor,100,0.6162282761919147,LCC Converter,0,False,0,,,63.650345486969265,0.040531804541701515,1.0916399359109568,18.0,48.0,20251110_162711,2025-11-10T16:27:13.426238,detail,vegetation,997877.1193976852,47898101.73108889,21257102.057511423
,Overhead,AC,394,Advanced Aluminum Conductor,100,0.6162282761919147,LCC Converter,0,False,0,,,63.650345486969265,0.040531804541701515,1.0916399359109568,18.0,48.0,20251110_162711,2025-11-10T16:27:13.426238,summary,all,2858055.6784953703,137186672.56777778,60883229.069824785
,Overhead,AC,394,Advanced Aluminum Conductor,100,0.6822950072125218,LCC Converter,0,False,0,,,36.866073463358816,0.02171398260894738,1.8246844490279739,11.0,40.0,20251110_162713,2025-11-10T16:27:15.215043,detail,conductor,132301.4397,5292057.5879999995,1611174.36918019
,Overhead,AC,394,Advanced Aluminum Conductor,100,0.6822950072125218,LCC Converter,0,False,0,,,36.866073463358816,0.02171398260894738,1.8246844490279739,11.0,40.0,20251110_162713,2025-11-10T16:27:15.215043,detail,converter,0,0.0,0.0
,Overhead,AC,394,Advanced Aluminum Conductor,100,0.6822950072125218,LCC Converter,0,False,0,,,36.866073463358816,0.02171398260894738,1.8246844490279739,11.0,40.0,20251110_162713,2025-11-10T16:27:15.215043,detail,structure,1411579.9682482858,56463198.72993143,17190300.19663364
,Overhead,AC,394,Advanced Aluminum Conductor,100,0.6822950072125218,LCC Converter,0,False,0,,,36.866073463358816,0.02171398260894738,1.8246844490279739,11.0,40.0,20251110_162713,2025-11-10T16:27:15.215043,detail,vegetation,681579.9682482858,27263198.729931433,8300319.16416315
,Overhead,AC,394,Advanced Aluminum Conductor,100,0.6822950072125218,LCC Converter,0,False,0,,,36.866073463358816,0.02171398260894738,1.8246844490279739,11.0,40.0,20251110_162713,2025-11-10T16:27:15.215043,summary,all,2225461.3761965716,89018455.04786286,27101793.729976982
,Overhead,AC,394,Advanced Aluminum Conductor,100,0.728137176355131,LCC Converter,0,False,0,,,60.17935141180948,0.024916518286413523,1.9145156541695871,2.0,50.0,20251110_162715,2025-11-10T16:27:17.010852,detail,conductor,132301.4397,6615071.984999999,2284030.785263832
,Overhead,AC,394,Advanced Aluminum Conductor,100,0.728137176355131,LCC Converter,0,False,0,,,60.17935141180948,0.024916518286413523,1.9145156541695871,2.0,50.0,20251110_162715,2025-11-10T16:27:17.010852,detail,converter,0,0.0,0.0
,Overhead,AC,394,Advanced Aluminum Conductor,100,0.728137176355131,LCC Converter,0,False,0,,,60.17935141180948,0.024916518286413523,1.9145156541695871,2.0,50.0,20251110_162715,2025-11-10T16:27:17.010852,detail,structure,1380020.984912253,69001049.24561265,23824460.42157243
,Overhead,AC,394,Advanced Aluminum Conductor,100,0.728137176355131,LCC Converter,0,False,0,,,60.17935141180948,0.024916518286413523,1.9145156541695871,2.0,50.0,20251110_162715,2025-11-10T16:27:17.010852,detail,vegetation,650020.984912253,32501049.24561265,11221857.78154539
,Overhead,AC,394,Advanced Aluminum Conductor,100,0.728137176355131,LCC Converter,0,False,0,,,60.17935141180948,0.024916518286413523,1.9145156541695871,2.0,50.0,20251110_162715,2025-11-10T16:27:17.010852,summary,all,2162343.409524506,108117170.4762253,37330348.988381654
,Overhead,AC,394,Advanced Aluminum Conductor,100,0.7417850080944366,LCC Converter,0,False,0,,,61.36781199116121,0.023761218634855048,1.3703764549968618,5.0,47.0,20251110_162717,2025-11-10T16:27:18.802056,detail,conductor,132301.4397,6218167.665899999,2510741.7789918724
,Overhead,AC,394,Advanced Aluminum Conductor,100,0.7417850080944366,LCC Converter,0,False,0,,,61.36781199116121,0.023761218634855048,1.3703764549968618,5.0,47.0,20251110_162717,2025-11-10T16:27:18.802056,detail,converter,0,0.0,0.0
,Overhead,AC,394,Advanced Aluminum Conductor,100,0.7417850080944366,LCC Converter,0,False,0,,,61.36781199116121,0.023761218634855048,1.3703764549968618,5.0,47.0,20251110_162717,2025-11-10T16:27:18.802056,detail,structure,1246181.2666393616,58570519.53205,23649322.164923176
,Overhead,AC,394,Advanced Aluminum Conductor,100,0.7417850080944366,LCC Converter,0,False,0,,,61.36781199116121,0.023761218634855048,1.3703764549968618,5.0,47.0,20251110_162717,2025-11-10T16:27:18.802056,detail,vegetation,516181.26663936157,24260519.532049995,9795795.681612592
,Overhead,AC,394,Advanced Aluminum Conductor,100,0.7417850080944366,LCC Converter,0,False,0,,,61.36781199116121,0.023761218634855048,1.3703764549968618,5.0,47.0,20251110_162717,2025-11-10T16:27:18.802056,summary,all,1894663.9729787232,89049206.72999999,35955859.625527635
,Overhead,AC,394,Advanced Aluminum Conductor,100,0.7657711927599633,LCC Converter,0,False,0,,,62.43376584809637,0.032915707762544134,1.592801458747802,8.0,60.0,20251110_162719,2025-11-10T16:27:20.607938,detail,conductor,132301.4397,7938086.381999999,3443052.083285681
,Overhead,AC,394,Advanced Aluminum Conductor,100,0.7657711927599633,LCC Converter,0,False,0,,,62.43376584809637,0.032915707762544134,1.592801458747802,8.0,60.0,20251110_162719,2025-11-10T16:27:20.607938,detail,converter,0,0.0,0.0
,Overhead,AC,394,Advanced Aluminum Conductor,100,0.7657711927599633,LCC Converter,0,False,0,,,62.43376584809637,0.032915707762544134,1.592801458747802,8.0,60.0,20251110_162719,2025-11-10T16:27:20.607938,detail,structure,1325726.596226089,79543595.77356534,34501103.913561344
,Overhead,AC,394,Advanced Aluminum Conductor,100,0.7657711927599633,LCC Converter,0,False,0,,,62.43376584809637,0.032915707762544134,1.592801458747802,8.0,60.0,20251110_162719,2025-11-10T16:27:20.607938,detail,vegetation,595726.5962260889,35743595.77356534,15503366.424854737
,Overhead,AC,394,Advanced Aluminum Conductor,100,0.7657711927599633,LCC Converter,0,False,0,,,62.43376584809637,0.032915707762544134,1.592801458747802,8.0,60.0,20251110_162719,2025-11-10T16:27:20.607938,summary,all,2053754.6321521779,123225277.92913067,53447522.42170176
,Overhead,AC,394,Advanced Aluminum Conductor,100,0.6227453862143084,LCC Converter,0,False,0,,,46.895458545647905,0.0377898263602141,2.704861088241979,9.0,43.0,20251110_162720,2025-11-10T16:27:22.415238,detail,conductor,132301.4397,5688961.9070999995,2475038.685642128
,Overhead,AC,394,Advanced Aluminum Conductor,100,0.6227453862143084,LCC Converter,0,False,0,,,46.895458545647905,0.0377898263602141,2.704861088241979,9.0,43.0,20251110_162720,2025-11-10T16:27:22.415238,detail,converter,0,0.0,0.0
,Overhead,AC,394,Advanced Aluminum Conductor,100,0.6227453862143084,LCC Converter,0,False,0,,,46.895458545647905,0.0377898263602141,2.704861088241979,9.0,43.0,20251110_162720,2025-11-10T16:27:22.415238,detail,structure,1702616.5355271786,73212511.02766868,31851821.127565123
,Overhead,AC,394,Advanced Aluminum Conductor,100,0.6227453862143084,LCC Converter,0,False,0,,,46.895458545647905,0.0377898263602141,2.704861088241979,9.0,43.0,20251110_162720,2025-11-10T16:27:22.415238,detail,vegetation,972616.5355271786,41822511.02766868,18195293.69584773
,Overhead,AC,394,Advanced Aluminum Conductor,100,0.6227453862143084,LCC Converter,0,False,0,,,46.895458545647905,0.0377898263602141,2.704861088241979,9.0,43.0,20251110_162720,2025-11-10T16:27:22.415238,summary,all,2807534.510754357,120723983.96243736,52522153.50905499
,Overhead,AC,394,Advanced Aluminum Conductor,100,0.7633754020856451,LCC Converter,0,False,0,,,69.61543893290607,0.028718945468853348,2.075180248148146,18.0,40.0,20251110_162722,2025-11-10T16:27:24.411511,detail,conductor,132301.4397,5292057.5879999995,1633028.5510259583
,Overhead,AC,394,Advanced Aluminum Conductor,100,0.7633754020856451,LCC Converter,0,False,0,,,69.61543893290607,0.028718945468853348,2.075180248148146,18.0,40.0,20251110_162722,2025-11-10T16:27:24.411511,detail,converter,0,0.0,0.0
,Overhead,AC,394,Advanced Aluminum Conductor,100,0.7633754020856451,LCC Converter,0,False,0,,,69.61543893290607,0.028718945468853348,2.075180248148146,18.0,40.0,20251110_162722,2025-11-10T16:27:24.411511,detail,structure,1236689.2162149153,49467568.648596615,15264753.001965035
,Overhead,AC,394,Advanced Aluminum Conductor,100,0.7633754020856451,LCC Converter,0,False,0,,,69.61543893290607,0.028718945468853348,2.075180248148146,18.0,40.0,20251110_162722,2025-11-10T16:27:24.411511,detail,vegetation,506689.21621491533,20267568.648596615,6254187.093142581
,Overhead,AC,394,Advanced Aluminum Conductor,100,0.7633754020856451,LCC Converter,0,False,0,,,69.61543893290607,0.028718945468853348,2.075180248148146,18.0,40.0,20251110_162722,2025-11-10T16:27:24.411511,summary,all,1875679.8721298305,75027194.88519323,23151968.646133572
,Overhead,AC,394,Advanced Aluminum Conductor,100,0.7042505132473418,LCC Converter,0,False,0,,,46.17277484804773,0.040660958506272826,1.184855087188196,15.0,45.0,20251110_162724,2025-11-10T16:27:26.269049,detail,conductor,132301.4397,5953564.786499999,3423295.476840285
,Overhead,AC,394,Advanced Aluminum Conductor,100,0.7042505132473418,LCC Converter,0,False,0,,,46.17277484804773,0.040660958506272826,1.184855087188196,15.0,45.0,20251110_162724,2025-11-10T16:27:26.269049,detail,converter,0,0.0,0.0
,Overhead,AC,394,Advanced Aluminum Conductor,100,0.7042505132473418,LCC Converter,0,False,0,,,46.17277484804773,0.040660958506272826,1.184855087188196,15.0,45.0,20251110_162724,2025-11-10T16:27:26.269049,detail,structure,1435753.0751932776,64608888.38369749,37150064.42343859
,Overhead,AC,394,Advanced Aluminum Conductor,100,0.7042505132473418,LCC Converter,0,False,0,,,46.17277484804773,0.040660958506272826,1.184855087188196,15.0,45.0,20251110_162724,2025-11-10T16:27:26.269049,detail,vegetation,705753.0751932777,31758888.383697495,18261338.013809003
,Overhead,AC,394,Advanced Aluminum Conductor,100,0.7042505132473418,LCC Converter,0,False,0,,,46.17277484804773,0.040660958506272826,1.184855087188196,15.0,45.0,20251110_162724,2025-11-10T16:27:26.269049,summary,all,2273807.590086555,102321341.55389498,58834697.91408788
,Overhead,AC,394,Advanced Aluminum Conductor,100,0.6378820395057727,LCC Converter,0,False,0,,,45.67406921915696,0.0320510196002936,0.6991148545968631,16.0,56.0,20251110_162726,2025-11-10T16:27:28.140920,detail,conductor,132301.4397,7408880.623199999,2562139.3259495785
,Overhead,AC,394,Advanced Aluminum Conductor,100,0.6378820395057727,LCC Converter,0,False,0,,,45.67406921915696,0.0320510196002936,0.6991148545968631,16.0,56.0,20251110_162726,2025-11-10T16:27:28.140920,detail,converter,0,0.0,0.0
,Overhead,AC,394,Advanced Aluminum Conductor,100,0.6378820395057727,LCC Converter,0,False,0,,,45.67406921915696,0.0320510196002936,0.6991148545968631,16.0,56.0,20251110_162726,2025-11-10T16:27:28.140920,detail,structure,1528585.0922058441,85600765.16352727,29602459.252760924
,Overhead,AC,394,Advanced Aluminum Conductor,100,0.6378820395057727,LCC Converter,0,False,0,,,45.67406921915696,0.0320510196002936,0.6991148545968631,16.0,56.0,20251110_162726,2025-11-10T16:27:28.140920,detail,vegetation,798585.0922058441,44720765.16352727,15465336.390119895
,Overhead,AC,394,Advanced Aluminum Conductor,100,0.6378820395057727,LCC Converter,0,False,0,,,45.67406921915696,0.0320510196002936,0.6991148545968631,16.0,56.0,20251110_162726,2025-11-10T16:27:28.140920,summary,all,2459471.624111688,137730410.95025453,47629934.9688304
,Overhead,AC,394,Advanced Aluminum Conductor,100,0.7412835303231238,LCC Converter,0,False,0,,,50.67999666722874,0.033172919975067064,2.3474478369921927,7.0,60.0,20251110_162728,2025-11-10T16:27:29.964429,detail,conductor,132301.4397,7938086.381999999,4120981.1976355705
,Overhead,AC,394,Advanced Aluminum Conductor,100,0.7412835303231238,LCC Converter,0,False,0,,,50.67999666722874,0.033172919975067064,2.3474478369921927,7.0,60.0,20251110_162728,2025-11-10T16:27:29.964429,detail,converter,0,0.0,0.0
,Overhead,AC,394,Advanced Aluminum Conductor,100,0.7412835303231238,LCC Converter,0,False,0,,,50.67999666722874,0.033172919975067064,2.3474478369921927,7.0,60.0,20251110_162728,2025-11-10T16:27:29.964429,detail,structure,1557079.7946940209,93424787.68164125,48500579.976321414
,Overhead,AC,394,Advanced Aluminum Conductor,100,0.7412835303231238,LCC Converter,0,False,0,,,50.67999666722874,0.033172919975067064,2.3474478369921927,7.0,60.0,20251110_162728,2025-11-10T16:27:29.964429,detail,vegetation,827079.794694021,49624787.68164126,25762231.23956185
,Overhead,AC,394,Advanced Aluminum Conductor,100,0.7412835303231238,LCC Converter,0,False,0,,,50.67999666722874,0.033172919975067064,2.3474478369921927,7.0,60.0,20251110_162728,2025-11-10T16:27:29.964429,summary,all,2516461.0290880417,150987661.7452825,78383792.41351883
,Overhead,AC,394,Advanced Aluminum Conductor,100,0.6647572732512173,LCC Converter,0,False,0,,,69.32020898644457,0.034209696650865845,2.1540098812570516,7.0,44.0,20251110_162730,2025-11-10T16:27:31.770371,detail,conductor,132301.4397,5821263.3467999995,1504787.279523755
,Overhead,AC,394,Advanced Aluminum Conductor,100,0.6647572732512173,LCC Converter,0,False,0,,,69.32020898644457,0.034209696650865845,2.1540098812570516,7.0,44.0,20251110_162730,2025-11-10T16:27:31.770371,detail,converter,0,0.0,0.0
,Overhead,AC,394,Advanced Aluminum Conductor,100,0.6647572732512173,LCC Converter,0,False,0,,,69.32020898644457,0.034209696650865845,2.1540098812570516,7.0,44.0,20251110_162730,2025-11-10T16:27:31.770371,detail,structure,1593223.7935338123,70101846.91548774,18121215.486245856
,Overhead,AC,394,Advanced Aluminum Conductor,100,0.6647572732512173,LCC Converter,0,False,0,,,69.32020898644457,0.034209696650865845,2.1540098812570516,7.0,44.0,20251110_162730,2025-11-10T16:27:31.770371,detail,vegetation,863223.7935338123,37981846.91548774,9818246.776734974
,Overhead,AC,394,Advanced Aluminum Conductor,100,0.6647572732512173,LCC Converter,0,False,0,,,69.32020898644457,0.034209696650865845,2.1540098812570516,7.0,44.0,20251110_162730,2025-11-10T16:27:31.770371,summary,all,2588749.0267676245,113904957.17777547,29444249.542504586
,Overhead,AC,394,Advanced Aluminum Conductor,100,0.6893641288153559,LCC Converter,0,False,0,,,36.10976818273474,0.033761123040820754,0.8570319564705144,17.0,44.0,20251110_162732,2025-11-10T16:27:33.605144,detail,conductor,132301.4397,5821263.3467999995,2450721.9032384665
,Overhead,AC,394,Advanced Aluminum Conductor,100,0.6893641288153559,LCC Converter,0,False,0,,,36.10976818273474,0.033761123040820754,0.8570319564705144,17.0,44.0,20251110_162732,2025-11-10T16:27:33.605144,detail,converter,0,0.0,0.0
,Overhead,AC,394,Advanced Aluminum Conductor,100,0.6893641288153559,LCC Converter,0,False,0,,,36.10976818273474,0.033761123040820754,0.8570319564705144,17.0,44.0,20251110_162732,2025-11-10T16:27:33.605144,detail,structure,1408580.775996706,61977554.143855065,26092231.256465793
,Overhead,AC,394,Advanced Aluminum Conductor,100,0.6893641288153559,LCC Converter,0,False,0,,,36.10976818273474,0.033761123040820754,0.8570319564705144,17.0,44.0,20251110_162732,2025-11-10T16:27:33.605144,detail,vegetation,678580.775996706,29857554.143855065,12569876.59864205
,Overhead,AC,394,Advanced Aluminum Conductor,100,0.6893641288153559,LCC Converter,0,False,0,,,36.10976818273474,0.033761123040820754,0.8570319564705144,17.0,44.0,20251110_162732,2025-11-10T16:27:33.605144,summary,all,2219462.991693412,97656371.63451013,41112829.75834631
,Overhead,AC,394,Advanced Aluminum Conductor,100,0.6076627113621178,LCC Converter,0,False,0,,,35.761747490155685,0.04156412109607574,0.5591893027705575,12.0,51.0,20251110_162733,2025-11-10T16:27:35.456833,detail,conductor,132301.4397,6747373.424699999,2915875.397358369
,Overhead,AC,394,Advanced Aluminum Conductor,100,0.6076627113621178,LCC Converter,0,False,0,,,35.761747490155685,0.04156412109607574,0.5591893027705575,12.0,51.0,20251110_162733,2025-11-10T16:27:35.456833,detail,converter,0,0.0,0.0
,Overhead,AC,394,Advanced Aluminum Conductor,100,0.6076627113621178,LCC Converter,0,False,0,,,35.761747490155685,0.04156412109607574,0.5591893027705575,12.0,51.0,20251110_162733,2025-11-10T16:27:35.456833,detail,structure,1162683.1536900376,59296840.83819191,25625111.944778174
,Overhead,AC,394,Advanced Aluminum Conductor,100,0.6076627113621178,LCC Converter,0,False,0,,,35.761747490155685,0.04156412109607574,0.5591893027705575,12.0,51.0,20251110_162733,2025-11-10T16:27:35.456833,detail,vegetation,432683.15369003755,22066840.838191915,9536178.635372857
,Overhead,AC,394,Advanced Aluminum Conductor,100,0.6076627113621178,LCC Converter,0,False,0,,,35.761747490155685,0.04156412109607574,0.5591893027705575,12.0,51.0,20251110_162733,2025-11-10T16:27:35.456833,summary,all,1727667.747080075,88111055.10108383,38077165.9775094
,Overhead,AC,394,Advanced Aluminum Conductor,100,0.7279663240303883,LCC Converter,0,False,0,,,50.322498040807,0.03437816331725359,0.9107382846043368,16.0,45.0,20251110_162735,2025-11-10T16:27:37.260186,detail,conductor,132301.4397,5953564.786499999,2244866.9160231855
,Overhead,AC,394,Advanced Aluminum Conductor,100,0.7279663240303883,LCC Converter,0,False,0,,,50.322498040807,0.03437816331725359,0.9107382846043368,16.0,45.0,20251110_162735,2025-11-10T16:27:37.260186,detail,converter,0,0.0,0.0
,Overhead,AC,394,Advanced Aluminum Conductor,100,0.7279663240303883,LCC Converter,0,False,0,,,50.322498040807,0.03437816331725359,0.9107382846043368,16.0,45.0,20251110_162735,2025-11-10T16:27:37.260186,detail,structure,1503851.4303207654,67673314.36443444,25517079.256252687
,Overhead,AC,394,Advanced Aluminum Conductor,100,0.7279663240303883,LCC Converter,0,False,0,,,50.322498040807,0.03437816331725359,0.9107382846043368,16.0,45.0,20251110_162735,2025-11-10T16:27:37.260186,detail,vegetation,773851.4303207654,34823314.36443444,13130571.200007197
,Overhead,AC,394,Advanced Aluminum Conductor,100,0.7279663240303883,LCC Converter,0,False,0,,,50.322498040807,0.03437816331725359,0.9107382846043368,16.0,45.0,20251110_162735,2025-11-10T16:27:37.260186,summary,all,2410004.3003415307,108450193.51536888,40892517.37228307
,Overhead,AC,394,Advanced Aluminum Conductor,100,0.5974156015961801,LCC Converter,0,False,0,,,56.71022549868054,0.041508936692672256,1.4386526277081488,17.0,54.0,20251110_162737,2025-11-10T16:27:39.096000,detail,conductor,132301.4397,7144277.743799999,3077361.302199817
,Overhead,AC,394,Advanced Aluminum Conductor,100,0.5974156015961801,LCC Converter,0,False,0,,,56.71022549868054,0.041508936692672256,1.4386526277081488,17.0,54.0,20251110_162737,2025-11-10T16:27:39.096000,detail,converter,0,0.0,0.0
,Overhead,AC,394,Advanced Aluminum Conductor,100,0.5974156015961801,LCC Converter,0,False,0,,,56.71022549868054,0.041508936692672256,1.4386526277081488,17.0,54.0,20251110_162737,2025-11-10T16:27:39.096000,detail,structure,1378325.9463727255,74429601.10412718,32060172.125136483
,Overhead,AC,394,Advanced Aluminum Conductor,100,0.5974156015961801,LCC Converter,0,False,0,,,56.71022549868054,0.041508936692672256,1.4386526277081488,17.0,54.0,20251110_162737,2025-11-10T16:27:39.096000,detail,vegetation,648325.9463727255,35009601.104127176,15080207.616058916
,Overhead,AC,394,Advanced Aluminum Conductor,100,0.5974156015961801,LCC Converter,0,False,0,,,56.71022549868054,0.041508936692672256,1.4386526277081488,17.0,54.0,20251110_162737,2025-11-10T16:27:39.096000,summary,all,2158953.332445451,116583479.95205435,50217741.043395214
,Overhead,AC,394,Advanced Aluminum Conductor,100,0.661459663569917,LCC Converter,0,False,0,,,62.7337657769141,0.022976562906209967,0.6596724702327688,2.0,55.0,20251110_162739,2025-11-10T16:27:40.909855,detail,conductor,132301.4397,7276579.183499999,4587387.378937726
,Overhead,AC,394,Advanced Aluminum Conductor,100,0.661459663569917,LCC Converter,0,False,0,,,62.7337657769141,0.022976562906209967,0.6596724702327688,2.0,55.0,20251110_162739,2025-11-10T16:27:40.909855,detail,converter,0,0.0,0.0
,Overhead,AC,394,Advanced Aluminum Conductor,100,0.661459663569917,LCC Converter,0,False,0,,,62.7337657769141,0.022976562906209967,0.6596724702327688,2.0,55.0,20251110_162739,2025-11-10T16:27:40.909855,detail,structure,1648159.4833990391,90648771.58694716,57147874.05009076
,Overhead,AC,394,Advanced Aluminum Conductor,100,0.661459663569917,LCC Converter,0,False,0,,,62.7337657769141,0.022976562906209967,0.6596724702327688,2.0,55.0,20251110_162739,2025-11-10T16:27:40.909855,detail,vegetation,918159.4833990393,50498771.58694716,31836034.70640642
,Overhead,AC,394,Advanced Aluminum Conductor,100,0.661459663569917,LCC Converter,0,False,0,,,62.7337657769141,0.022976562906209967,0.6596724702327688,2.0,55.0,20251110_162739,2025-11-10T16:27:40.909855,summary,all,2698620.4064980783,148424122.35739434,93571296.13543491
,Overhead,AC,394,Advanced Aluminum Conductor,100,0.7455721400457167,LCC Converter,0,False,0,,,53.03204363946826,0.02326733577790373,1.110102060676117,3.0,43.0,20251110_162741,2025-11-10T16:27:42.753458,detail,conductor,132301.4397,5688961.9070999995,2178927.6645590845
,Overhead,AC,394,Advanced Aluminum Conductor,100,0.7455721400457167,LCC Converter,0,False,0,,,53.03204363946826,0.02326733577790373,1.110102060676117,3.0,43.0,20251110_162741,2025-11-10T16:27:42.753458,detail,converter,0,0.0,0.0
,Overhead,AC,394,Advanced Aluminum Conductor,100,0.7455721400457167,LCC Converter,0,False,0,,,53.03204363946826,0.02326733577790373,1.110102060676117,3.0,43.0,20251110_162741,2025-11-10T16:27:42.753458,detail,structure,1395864.8648673508,60022189.18929608,22989081.426039085
,Overhead,AC,394,Advanced Aluminum Conductor,100,0.7455721400457167,LCC Converter,0,False,0,,,53.03204363946826,0.02326733577790373,1.110102060676117,3.0,43.0,20251110_162741,2025-11-10T16:27:42.753458,detail,vegetation,665864.8648673508,28632189.189296085,10966406.550127422
,Overhead,AC,394,Advanced Aluminum Conductor,100,0.7455721400457167,LCC Converter,0,False,0,,,53.03204363946826,0.02326733577790373,1.110102060676117,3.0,43.0,20251110_162741,2025-11-10T16:27:42.753458,summary,all,2194031.1694347016,94343340.28569217,36134415.64072559
,Overhead,AC,394,Advanced Aluminum Conductor,100,0.5909932509043129,LCC Converter,0,False,0,,,51.558044497855896,0.026892600703655484,0.9204251560505405,16.0,57.0,20251110_162743,2025-11-10T16:27:44.594023,detail,conductor,132301.4397,7541182.062899999,2717869.8078212575
,Overhead,AC,394,Advanced Aluminum Conductor,100,0.5909932509043129,LCC Converter,0,False,0,,,51.558044497855896,0.026892600703655484,0.9204251560505405,16.0,57.0,20251110_162743,2025-11-10T16:27:44.594023,detail,converter,0,0.0,0.0
,Overhead,AC,394,Advanced Aluminum Conductor,100,0.5909932509043129,LCC Converter,0,False,0,,,51.558044497855896,0.026892600703655484,0.9204251560505405,16.0,57.0,20251110_162743,2025-11-10T16:27:44.594023,detail,structure,1509295.435626865,86029839.8307313,31005471.330276776
,Overhead,AC,394,Advanced Aluminum Conductor,100,0.5909932509043129,LCC Converter,0,False,0,,,51.558044497855896,0.026892600703655484,0.9204251560505405,16.0,57.0,20251110_162743,2025-11-10T16:27:44.594023,detail,vegetation,779295.4356268648,44419839.830731295,16009073.980342867
,Overhead,AC,394,Advanced Aluminum Conductor,100,0.5909932509043129,LCC Converter,0,False,0,,,51.558044497855896,0.026892600703655484,0.9204251560505405,16.0,57.0,20251110_162743,2025-11-10T16:27:44.594023,summary,all,2420892.31095373,137990861.7243626,49732415.118440896
,Overhead,AC,394,Advanced Aluminum Conductor,100,0.5657984218641987,LCC Converter,0,False,0,,,65.43721090798951,0.04009891104005865,2.2943415830985874,7.0,41.0,20251110_162744,2025-11-10T16:27:46.385668,detail,conductor,132301.4397,5424359.0276999995,3099216.014608466
,Overhead,AC,394,Advanced Aluminum Conductor,100,0.5657984218641987,LCC Converter,0,False,0,,,65.43721090798951,0.04009891104005865,2.2943415830985874,7.0,41.0,20251110_162744,2025-11-10T16:27:46.385668,detail,converter,0,0.0,0.0
,Overhead,AC,394,Advanced Aluminum Conductor,100,0.5657984218641987,LCC Converter,0,False,0,,,65.43721090798951,0.04009891104005865,2.2943415830985874,7.0,41.0,20251110_162744,2025-11-10T16:27:46.385668,detail,structure,1117556.6402937279,45819822.252042845,26179227.109577358
,Overhead,AC,394,Advanced Aluminum Conductor,100,0.5657984218641987,LCC Converter,0,False,0,,,65.43721090798951,0.04009891104005865,2.2943415830985874,7.0,41.0,20251110_162744,2025-11-10T16:27:46.385668,detail,vegetation,387556.64029372786,15889822.252042843,9078674.796659634
,Overhead,AC,394,Advanced Aluminum Conductor,100,0.5657984218641987,LCC Converter,0,False,0,,,65.43721090798951,0.04009891104005865,2.2943415830985874,7.0,41.0,20251110_162744,2025-11-10T16:27:46.385668,summary,all,1637414.7202874557,67134003.53178568,38357117.92084546
,Overhead,AC,394,Advanced Aluminum Conductor,100,0.590729926199863,LCC Converter,0,False,0,,,36.398170861177725,0.037407885314160276,2.014837721423099,8.0,42.0,20251110_162746,2025-11-10T16:27:48.203474,detail,conductor,132301.4397,5556660.4673999995,2253143.2822696352
,Overhead,AC,394,Advanced Aluminum Conductor,100,0.590729926199863,LCC Converter,0,False,0,,,36.398170861177725,0.037407885314160276,2.014837721423099,8.0,42.0,20251110_162746,2025-11-10T16:27:48.203474,detail,converter,0,0.0,0.0
,Overhead,AC,394,Advanced Aluminum Conductor,100,0.590729926199863,LCC Converter,0,False,0,,,36.398170861177725,0.037407885314160276,2.014837721423099,8.0,42.0,20251110_162746,2025-11-10T16:27:48.203474,detail,structure,1296170.9110326837,54439178.26337271,22074278.15970021
,Overhead,AC,394,Advanced Aluminum Conductor,100,0.590729926199863,LCC Converter,0,False,0,,,36.398170861177725,0.037407885314160276,2.014837721423099,8.0,42.0,20251110_162746,2025-11-10T16:27:48.203474,detail,vegetation,566170.9110326837,23779178.263372716,9642103.575761547
,Overhead,AC,394,Advanced Aluminum Conductor,100,0.590729926199863,LCC Converter,0,False,0,,,36.398170861177725,0.037407885314160276,2.014837721423099,8.0,42.0,20251110_162746,2025-11-10T16:27:48.203474,summary,all,1994643.2617653674,83775016.99414542,33969525.01773139
,Overhead,AC,394,Advanced Aluminum Conductor,100,0.6405281303169442,LCC Converter,0,False,0,,,48.530968028390106,0.023535599307541507,1.2434566155338067,16.0,55.0,20251110_162748,2025-11-10T16:27:50.035898,detail,conductor,132301.4397,7276579.183499999,2960848.7425096375
,Overhead,AC,394,Advanced Aluminum Conductor,100,0.6405281303169442,LCC Converter,0,False,0,,,48.530968028390106,0.023535599307541507,1.2434566155338067,16.0,55.0,20251110_162748,2025-11-10T16:27:50.035898,detail,converter,0,0.0,0.0
,Overhead,AC,394,Advanced Aluminum Conductor,100,0.6405281303169442,LCC Converter,0,False,0,,,48.530968028390106,0.023535599307541507,1.2434566155338067,16.0,55.0,20251110_162748,2025-11-10T16:27:50.035898,detail,structure,1442309.7649298273,79327037.0711405,32278265.931839652
,Overhead,AC,394,Advanced Aluminum Conductor,100,0.6405281303169442,LCC Converter,0,False,0,,,48.530968028390106,0.023535599307541507,1.2434566155338067,16.0,55.0,20251110_162748,2025-11-10T16:27:50.035898,detail,vegetation,712309.7649298273,39177037.0711405,15941183.078220226
,Overhead,AC,394,Advanced Aluminum Conductor,100,0.6405281303169442,LCC Converter,0,False,0,,,48.530968028390106,0.023535599307541507,1.2434566155338067,16.0,55.0,20251110_162748,2025-11-10T16:27:50.035898,summary,all,2286920.9695596546,125780653.32578099,51180297.75256952
,Overhead,AC,394,Advanced Aluminum Conductor,100,0.7637918388175645,LCC Converter,0,False,0,,,39.69103037076289,0.024500527890315746,0.9018568376430727,18.0,51.0,20251110_162750,2025-11-10T16:27:51.885373,detail,conductor,132301.4397,6747373.424699999,3284755.7893712656
,Overhead,AC,394,Advanced Aluminum Conductor,100,0.7637918388175645,LCC Converter,0,False,0,,,39.69103037076289,0.024500527890315746,0.9018568376430727,18.0,51.0,20251110_162750,2025-11-10T16:27:51.885373,detail,converter,0,0.0,0.0
,Overhead,AC,394,Advanced Aluminum Conductor,100,0.7637918388175645,LCC Converter,0,False,0,,,39.69103037076289,0.024500527890315746,0.9018568376430727,18.0,51.0,20251110_162750,2025-11-10T16:27:51.885373,detail,structure,1696278.2743105453,86510191.98983781,42114884.72506973
,Overhead,AC,394,Advanced Aluminum Conductor,100,0.7637918388175645,LCC Converter,0,False,0,,,39.69103037076289,0.024500527890315746,0.9018568376430727,18.0,51.0,20251110_162750,2025-11-10T16:27:51.885373,detail,vegetation,966278.2743105453,49280191.98983781,23990579.111477647
,Overhead,AC,394,Advanced Aluminum Conductor,100,0.7637918388175645,LCC Converter,0,False,0,,,39.69103037076289,0.024500527890315746,0.9018568376430727,18.0,51.0,20251110_162750,2025-11-10T16:27:51.885373,summary,all,2794857.9883210906,142537757.4043756,69390219.62591864
,Overhead,AC,394,Advanced Aluminum Conductor,100,0.6376680935424327,LCC Converter,0,False,0,,,64.00032537902445,0.0419831542567104,2.937850324915282,15.0,43.0,20251110_162752,2025-11-10T16:27:53.763508,detail,conductor,132301.4397,5688961.9070999995,2659288.8884915095
,Overhead,AC,394,Advanced Aluminum Conductor,100,0.6376680935424327,LCC Converter,0,False,0,,,64.00032537902445,0.0419831542567104,2.937850324915282,15.0,43.0,20251110_162752,2025-11-10T16:27:53.763508,detail,converter,0,0.0,0.0
,Overhead,AC,394,Advanced Aluminum Conductor,100,0.6376680935424327,LCC Converter,0,False,0,,,64.00032537902445,0.0419831542567104,2.937850324915282,15.0,43.0,20251110_162752,2025-11-10T16:27:53.763508,detail,structure,1351782.9748103344,58126667.916844375,27171143.811559904
,Overhead,AC,394,Advanced Aluminum Conductor,100,0.6376680935424327,LCC Converter,0,False,0,,,64.00032537902445,0.0419831542567104,2.937850324915282,15.0,43.0,20251110_162752,2025-11-10T16:27:53.763508,detail,vegetation,621782.9748103344,26736667.91684438,12497978.553489005
,Overhead,AC,394,Advanced Aluminum Conductor,100,0.6376680935424327,LCC Converter,0,False,0,,,64.00032537902445,0.0419831542567104,2.937850324915282,15.0,43.0,20251110_162752,2025-11-10T16:27:53.763508,summary,all,2105867.3893206688,90552297.74078876,42328411.25354042
,Overhead,AC,394,Advanced Aluminum Conductor,100,0.6755349758757571,LCC Converter,0,False,0,,,49.29120919170676,0.03713811665350908,0.6051832074388638,5.0,47.0,20251110_162754,2025-11-10T16:27:55.664808,detail,conductor,132301.4397,6218167.665899999,2287539.094566197
,Overhead,AC,394,Advanced Aluminum Conductor,100,0.6755349758757571,LCC Converter,0,False,0,,,49.29120919170676,0.03713811665350908,0.6051832074388638,5.0,47.0,20251110_162754,2025-11-10T16:27:55.664808,detail,converter,0,0.0,0.0
,Overhead,AC,394,Advanced Aluminum Conductor,100,0.6755349758757571,LCC Converter,0,False,0,,,49.29120919170676,0.03713811665350908,0.6051832074388638,5.0,47.0,20251110_162754,2025-11-10T16:27:55.664808,detail,structure,1636332.9874088413,76907650.40821554,28292781.158798076
,Overhead,AC,394,Advanced Aluminum Conductor,100,0.6755349758757571,LCC Converter,0,False,0,,,49.29120919170676,0.03713811665350908,0.6051832074388638,5.0,47.0,20251110_162754,2025-11-10T16:27:55.664808,detail,vegetation,906332.9874088413,42597650.40821554,15670820.711353881
,Overhead,AC,394,Advanced Aluminum Conductor,100,0.6755349758757571,LCC Converter,0,False,0,,,49.29120919170676,0.03713811665350908,0.6051832074388638,5.0,47.0,20251110_162754,2025-11-10T16:27:55.664808,summary,all,2674967.4145176825,125723468.48233108,46251140.964718156
,Overhead,AC,394,Advanced Aluminum Conductor,100,0.5698851320813525,LCC Converter,0,False,0,,,73.1167409962894,0.02401863399286155,1.3905589495751915,6.0,46.0,20251110_162755,2025-11-10T16:27:57.532547,detail,conductor,132301.4397,6085866.226199999,2136110.113312997
,Overhead,AC,394,Advanced Aluminum Conductor,100,0.5698851320813525,LCC Converter,0,False,0,,,73.1167409962894,0.02401863399286155,1.3905589495751915,6.0,46.0,20251110_162755,2025-11-10T16:27:57.532547,detail,converter,0,0.0,0.0
,Overhead,AC,394,Advanced Aluminum Conductor,100,0.5698851320813525,LCC Converter,0,False,0,,,73.1167409962894,0.02401863399286155,1.3905589495751915,6.0,46.0,20251110_162755,2025-11-10T16:27:57.532547,detail,structure,1716570.5925424146,78962247.25695106,27715373.40228607
,Overhead,AC,394,Advanced Aluminum Conductor,100,0.5698851320813525,LCC Converter,0,False,0,,,73.1167409962894,0.02401863399286155,1.3905589495751915,6.0,46.0,20251110_162755,2025-11-10T16:27:57.532547,detail,vegetation,986570.5925424147,45382247.25695107,15928953.040917264
,Overhead,AC,394,Advanced Aluminum Conductor,100,0.5698851320813525,LCC Converter,0,False,0,,,73.1167409962894,0.02401863399286155,1.3905589495751915,6.0,46.0,20251110_162755,2025-11-10T16:27:57.532547,summary,all,2835442.624784829,130430360.74010214,45780436.556516334
,Overhead,AC,394,Advanced Aluminum Conductor,100,0.7400342706329734,LCC Converter,0,False,0,,,65.2365072133394,0.03514569901856516,2.286912641793297,4.0,58.0,20251110_162757,2025-11-10T16:27:59.372379,detail,conductor,132301.4397,7673483.502599999,2706491.764464863
,Overhead,AC,394,Advanced Aluminum Conductor,100,0.7400342706329734,LCC Converter,0,False,0,,,65.2365072133394,0.03514569901856516,2.286912641793297,4.0,58.0,20251110_162757,2025-11-10T16:27:59.372379,detail,converter,0,0.0,0.0
,Overhead,AC,394,Advanced Aluminum Conductor,100,0.7400342706329734,LCC Converter,0,False,0,,,65.2365072133394,0.03514569901856516,2.286912641793297,4.0,58.0,20251110_162757,2025-11-10T16:27:59.372379,detail,structure,1447884.566209455,83977304.84014839,29619387.840582
,Overhead,AC,394,Advanced Aluminum Conductor,100,0.7400342706329734,LCC Converter,0,False,0,,,65.2365072133394,0.03514569901856516,2.286912641793297,4.0,58.0,20251110_162757,2025-11-10T16:27:59.372379,detail,vegetation,717884.566209455,41637304.84014839,14685771.150246378
,Overhead,AC,394,Advanced Aluminum Conductor,100,0.7400342706329734,LCC Converter,0,False,0,,,65.2365072133394,0.03514569901856516,2.286912641793297,4.0,58.0,20251110_162757,2025-11-10T16:27:59.372379,summary,all,2298070.57211891,133288093.18289678,47011650.755293235
,Overhead,AC,394,Advanced Aluminum Conductor,100,0.682775119785873,LCC Converter,0,False,0,,,51.95403599228252,0.0352123279766641,1.061531149708412,9.0,53.0,20251110_162759,2025-11-10T16:28:01.221823,detail,conductor,132301.4397,7011976.304099999,3457682.3424029006
,Overhead,AC,394,Advanced Aluminum Conductor,100,0.682775119785873,LCC Converter,0,False,0,,,51.95403599228252,0.0352123279766641,1.061531149708412,9.0,53.0,20251110_162759,2025-11-10T16:28:01.221823,detail,converter,0,0.0,0.0
,Overhead,AC,394,Advanced Aluminum Conductor,100,0.682775119785873,LCC Converter,0,False,0,,,51.95403599228252,0.0352123279766641,1.061531149708412,9.0,53.0,20251110_162759,2025-11-10T16:28:01.221823,detail,structure,1401222.6466007528,74264800.2698399,36620786.69674888
,Overhead,AC,394,Advanced Aluminum Conductor,100,0.682775119785873,LCC Converter,0,False,0,,,51.95403599228252,0.0352123279766641,1.061531149708412,9.0,53.0,20251110_162759,2025-11-10T16:28:01.221823,detail,vegetation,671222.6466007528,35574800.2698399,17542323.789031047
,Overhead,AC,394,Advanced Aluminum Conductor,100,0.682775119785873,LCC Converter,0,False,0,,,51.95403599228252,0.0352123279766641,1.061531149708412,9.0,53.0,20251110_162759,2025-11-10T16:28:01.221823,summary,all,2204746.7329015057,116851576.84377979,57620792.82818283
,Overhead,AC,394,Advanced Aluminum Conductor,100,0.6359256386607738,LCC Converter,0,False,0,,,41.374597369735014,0.021616748554855958,1.3582881683348484,19.0,53.0,20251110_162801,2025-11-10T16:28:03.111549,detail,conductor,132301.4397,7011976.304099999,1873362.3913511971
,Overhead,AC,394,Advanced Aluminum Conductor,100,0.6359256386607738,LCC Converter,0,False,0,,,41.374597369735014,0.021616748554855958,1.3582881683348484,19.0,53.0,20251110_162801,2025-11-10T16:28:03.111549,detail,converter,0,0.0,0.0
,Overhead,AC,394,Advanced Aluminum Conductor,100,0.6359256386607738,LCC Converter,0,False,0,,,41.374597369735014,0.021616748554855958,1.3582881683348484,19.0,53.0,20251110_162801,2025-11-10T16:28:03.111549,detail,structure,1223970.6015966593,64870441.88462294,17331183.230885748
,Overhead,AC,394,Advanced Aluminum Conductor,100,0.6359256386607738,LCC Converter,0,False,0,,,41.374597369735014,0.021616748554855958,1.3582881683348484,19.0,53.0,20251110_162801,2025-11-10T16:28:03.111549,detail,vegetation,493970.6015966593,26180441.884622943,6994526.662466147
,Overhead,AC,394,Advanced Aluminum Conductor,100,0.6359256386607738,LCC Converter,0,False,0,,,41.374597369735014,0.021616748554855958,1.3582881683348484,19.0,53.0,20251110_162801,2025-11-10T16:28:03.111549,summary,all,1850242.6428933186,98062860.07334588,26199072.28470309
,Overhead,AC,394,Advanced Aluminum Conductor,100,0.5638006233897205,LCC Converter,0,False,0,,,38.41437263946477,0.028770656265864204,0.7221574830048079,3.0,41.0,20251110_162803,2025-11-10T16:28:05.047279,detail,conductor,132301.4397,5424359.0276999995,2599334.044104854
,Overhead,AC,394,Advanced Aluminum Conductor,100,0.5638006233897205,LCC Converter,0,False,0,,,38.41437263946477,0.028770656265864204,0.7221574830048079,3.0,41.0,20251110_162803,2025-11-10T16:28:05.047279,detail,converter,0,0.0,0.0
,Overhead,AC,394,Advanced Aluminum Conductor,100,0.5638006233897205,LCC Converter,0,False,0,,,38.41437263946477,0.028770656265864204,0.7221574830048079,3.0,41.0,20251110_162803,2025-11-10T16:28:05.047279,detail,structure,1461443.0457347552,59919164.87512496,28713056.115735047
,Overhead,AC,394,Advanced Aluminum Conductor,100,0.5638006233897205,LCC Converter,0,False,0,,,38.41437263946477,0.028770656265864204,0.7221574830048079,3.0,41.0,20251110_162803,2025-11-10T16:28:05.047279,detail,vegetation,731443.0457347552,29989164.875124965,14370703.859408515
,Overhead,AC,394,Advanced Aluminum Conductor,100,0.5638006233897205,LCC Converter,0,False,0,,,38.41437263946477,0.028770656265864204,0.7221574830048079,3.0,41.0,20251110_162803,2025-11-10T16:28:05.047279,summary,all,2325187.5311695104,95332688.77794993,45683094.01924842
,Overhead,AC,394,Advanced Aluminum Conductor,100,0.6569780358841444,LCC Converter,0,False,0,,,44.82801244957127,0.034087736979390854,2.4570940467168,1.0,41.0,20251110_162805,2025-11-10T16:28:07.048536,detail,conductor,132301.4397,5424359.0276999995,3009105.1695322925
,Overhead,AC,394,Advanced Aluminum Conductor,100,0.6569780358841444,LCC Converter,0,False,0,,,44.82801244957127,0.034087736979390854,2.4570940467168,1.0,41.0,20251110_162805,2025-11-10T16:28:07.048536,detail,converter,0,0.0,0.0
,Overhead,AC,394,Advanced Aluminum Conductor,100,0.6569780358841444,LCC Converter,0,False,0,,,44.82801244957127,0.034087736979390854,2.4570940467168,1.0,41.0,20251110_162805,2025-11-10T16:28:07.048536,detail,structure,1213230.842861109,49742464.55730547,27594100.331542984
,Overhead,AC,394,Advanced Aluminum Conductor,100,0.6569780358841444,LCC Converter,0,False,0,,,44.82801244957127,0.034087736979390854,2.4570940467168,1.0,41.0,20251110_162805,2025-11-10T16:28:07.048536,detail,vegetation,483230.84286110906,19812464.55730547,10990752.86427749
,Overhead,AC,394,Advanced Aluminum Conductor,100,0.6569780358841444,LCC Converter,0,False,0,,,44.82801244957127,0.034087736979390854,2.4570940467168,1.0,41.0,20251110_162805,2025-11-10T16:28:07.048536,summary,all,1828763.1254222179,74979288.14231095,41593958.365352765
,Overhead,AC,394,Advanced Aluminum Conductor,100,0.7481420433249618,LCC Converter,0,False,0,,,58.19503919490221,0.024003618132512707,0.7765125091343594,19.0,58.0,20251110_162807,2025-11-10T16:28:08.998163,detail,conductor,132301.4397,7673483.502599999,2885624.09933799
,Overhead,AC,394,Advanced Aluminum Conductor,100,0.7481420433249618,LCC Converter,0,False,0,,,58.19503919490221,0.024003618132512707,0.7765125091343594,19.0,58.0,20251110_162807,2025-11-10T16:28:08.998163,detail,converter,0,0.0,0.0
,Overhead,AC,394,Advanced Aluminum Conductor,100,0.7481420433249618,LCC Converter,0,False,0,,,58.19503919490221,0.024003618132512707,0.7765125091343594,19.0,58.0,20251110_162807,2025-11-10T16:28:08.998163,detail,structure,1723838.0740287653,99982608.29366839,37598598.3300966
,Overhead,AC,394,Advanced Aluminum Conductor,100,0.7481420433249618,LCC Converter,0,False,0,,,58.19503919490221,0.024003618132512707,0.7765125091343594,19.0,58.0,20251110_162807,2025-11-10T16:28:08.998163,detail,vegetation,993838.0740287654,57642608.2936684,21676582.68693096
,Overhead,AC,394,Advanced Aluminum Conductor,100,0.7481420433249618,LCC Converter,0,False,0,,,58.19503919490221,0.024003618132512707,0.7765125091343594,19.0,58.0,20251110_162807,2025-11-10T16:28:08.998163,summary,all,2849977.5877575306,165298700.0899368,62160805.11636555
,Overhead,AC,394,Advanced Aluminum Conductor,100,0.645373865673009,LCC Converter,0,False,0,,,57.84581105017856,0.0210861172231875,2.4266576988949344,13.0,53.0,20251110_162809,2025-11-10T16:28:10.941744,detail,conductor,132301.4397,7011976.304099999,1884629.9680408973
,Overhead,AC,394,Advanced Aluminum Conductor,100,0.645373865673009,LCC Converter,0,False,0,,,57.84581105017856,0.0210861172231875,2.4266576988949344,13.0,53.0,20251110_162809,2025-11-10T16:28:10.941744,detail,converter,0,0.0,0.0
,Overhead,AC,394,Advanced Aluminum Conductor,100,0.645373865673009,LCC Converter,0,False,0,,,57.84581105017856,0.0210861172231875,2.4266576988949344,13.0,53.0,20251110_162809,2025-11-10T16:28:10.941744,detail,structure,1724550.4120427785,91401171.83826725,24566167.951784562
,Overhead,AC,394,Advanced Aluminum Conductor,100,0.645373865673009,LCC Converter,0,False,0,,,57.84581105017856,0.0210861172231875,2.4266576988949344,13.0,53.0,20251110_162809,2025-11-10T16:28:10.941744,detail,vegetation,994550.4120427786,52711171.83826727,14167340.245982548
,Overhead,AC,394,Advanced Aluminum Conductor,100,0.645373865673009,LCC Converter,0,False,0,,,57.84581105017856,0.0210861172231875,2.4266576988949344,13.0,53.0,20251110_162809,2025-11-10T16:28:10.941744,summary,all,2851402.263785557,151124319.9806345,40618138.16580801
,Overhead,AC,394,Advanced Aluminum Conductor,100,0.6319867194586147,LCC Converter,0,False,0,,,47.53972910685957,0.03664459182324104,1.5873209407265068,4.0,56.0,20251110_162811,2025-11-10T16:28:12.883416,detail,conductor,132301.4397,7408880.623199999,3347936.4483712716
,Overhead,AC,394,Advanced Aluminum Conductor,100,0.6319867194586147,LCC Converter,0,False,0,,,47.53972910685957,0.03664459182324104,1.5873209407265068,4.0,56.0,20251110_162811,2025-11-10T16:28:12.883416,detail,converter,0,0.0,0.0
,Overhead,AC,394,Advanced Aluminum Conductor,100,0.6319867194586147,LCC Converter,0,False,0,,,47.53972910685957,0.03664459182324104,1.5873209407265068,4.0,56.0,20251110_162811,2025-11-10T16:28:12.883416,detail,structure,1641023.760371367,91897330.58079655,41526708.04224499
,Overhead,AC,394,Advanced Aluminum Conductor,100,0.6319867194586147,LCC Converter,0,False,0,,,47.53972910685957,0.03664459182324104,1.5873209407265068,4.0,56.0,20251110_162811,2025-11-10T16:28:12.883416,detail,vegetation,911023.760371367,51017330.580796555,23053790.341176115
,Overhead,AC,394,Advanced Aluminum Conductor,100,0.6319867194586147,LCC Converter,0,False,0,,,47.53972910685957,0.03664459182324104,1.5873209407265068,4.0,56.0,20251110_162811,2025-11-10T16:28:12.883416,summary,all,2684348.960442734,150323541.7847931,67928434.83179238
,Overhead,AC,394,Advanced Aluminum Conductor,100,0.6368943561712694,LCC Converter,0,False,0,,,68.36972658024419,0.03095592234612819,2.6721921022369033,4.0,50.0,20251110_162813,2025-11-10T16:28:14.921144,detail,conductor,132301.4397,6615071.984999999,4139375.8294479405
,Overhead,AC,394,Advanced Aluminum Conductor,100,0.6368943561712694,LCC Converter,0,False,0,,,68.36972658024419,0.03095592234612819,2.6721921022369033,4.0,50.0,20251110_162813,2025-11-10T16:28:14.921144,detail,converter,0,0.0,0.0
,Overhead,AC,394,Advanced Aluminum Conductor,100,0.6368943561712694,LCC Converter,0,False,0,,,68.36972658024419,0.03095592234612819,2.6721921022369033,4.0,50.0,20251110_162813,2025-11-10T16:28:14.921144,detail,structure,1125877.1660160893,56293858.300804466,35225835.323501356
,Overhead,AC,394,Advanced Aluminum Conductor,100,0.6368943561712694,LCC Converter,0,False,0,,,68.36972658024419,0.03095592234612819,2.6721921022369033,4.0,50.0,20251110_162813,2025-11-10T16:28:14.921144,detail,vegetation,395877.16601608926,19793858.300804462,12385990.478661051
,Overhead,AC,394,Advanced Aluminum Conductor,100,0.6368943561712694,LCC Converter,0,False,0,,,68.36972658024419,0.03095592234612819,2.6721921022369033,4.0,50.0,20251110_162813,2025-11-10T16:28:14.921144,summary,all,1654055.7717321785,82702788.58660893,51751201.63161035
,Overhead,AC,394,Advanced Aluminum Conductor,100,0.7177073275805859,LCC Converter,0,False,0,,,38.912190511687186,0.027518581452061618,1.1668889007525052,11.0,48.0,20251110_162815,2025-11-10T16:28:16.844093,detail,conductor,132301.4397,6350469.105599999,2685452.329614801
,Overhead,AC,394,Advanced Aluminum Conductor,100,0.7177073275805859,LCC Converter,0,False,0,,,38.912190511687186,0.027518581452061618,1.1668889007525052,11.0,48.0,20251110_162815,2025-11-10T16:28:16.844093,detail,converter,0,0.0,0.0
,Overhead,AC,394,Advanced Aluminum Conductor,100,0.7177073275805859,LCC Converter,0,False,0,,,38.912190511687186,0.027518581452061618,1.1668889007525052,11.0,48.0,20251110_162815,2025-11-10T16:28:16.844093,detail,structure,1356756.9445295557,65124333.337418675,27539428.940983456
,Overhead,AC,394,Advanced Aluminum Conductor,100,0.7177073275805859,LCC Converter,0,False,0,,,38.912190511687186,0.027518581452061618,1.1668889007525052,11.0,48.0,20251110_162815,2025-11-10T16:28:16.844093,detail,vegetation,626756.9445295559,30084333.337418683,12721901.5953698
,Overhead,AC,394,Advanced Aluminum Conductor,100,0.7177073275805859,LCC Converter,0,False,0,,,38.912190511687186,0.027518581452061618,1.1668889007525052,11.0,48.0,20251110_162815,2025-11-10T16:28:16.844093,summary,all,2115815.3287591115,101559135.78043735,42946782.865968056
,Overhead,AC,394,Advanced Aluminum Conductor,100,0.6778456320917655,LCC Converter,0,False,0,,,56.439614427359196,0.02741611328367417,1.623260370925008,16.0,41.0,20251110_162817,2025-11-10T16:28:18.837651,detail,conductor,132301.4397,5424359.0276999995,1570260.0443538337
,Overhead,AC,394,Advanced Aluminum Conductor,100,0.6778456320917655,LCC Converter,0,False,0,,,56.439614427359196,0.02741611328367417,1.623260370925008,16.0,41.0,20251110_162817,2025-11-10T16:28:18.837651,detail,converter,0,0.0,0.0
,Overhead,AC,394,Advanced Aluminum Conductor,100,0.6778456320917655,LCC Converter,0,False,0,,,56.439614427359196,0.02741611328367417,1.623260370925008,16.0,41.0,20251110_162817,2025-11-10T16:28:18.837651,detail,structure,1520385.2646752594,62335795.851685636,18045156.86720746
,Overhead,AC,394,Advanced Aluminum Conductor,100,0.6778456320917655,LCC Converter,0,False,0,,,56.439614427359196,0.02741611328367417,1.623260370925008,16.0,41.0,20251110_162817,2025-11-10T16:28:18.837651,detail,vegetation,790385.2646752594,32405795.851685632,9380928.911883859
,Overhead,AC,394,Advanced Aluminum Conductor,100,0.6778456320917655,LCC Converter,0,False,0,,,56.439614427359196,0.02741611328367417,1.623260370925008,16.0,41.0,20251110_162817,2025-11-10T16:28:18.837651,summary,all,2443071.9690505187,100165950.73107126,28996345.823445156
,Overhead,AC,394,Advanced Aluminum Conductor,100,0.5853310386760019,LCC Converter,0,False,0,,,40.667889124498906,0.039777728868788345,2.7680168358480497,13.0,58.0,20251110_162819,2025-11-10T16:28:20.907392,detail,conductor,132301.4397,7673483.502599999,3231755.490087151
,Overhead,AC,394,Advanced Aluminum Conductor,100,0.5853310386760019,LCC Converter,0,False,0,,,40.667889124498906,0.039777728868788345,2.7680168358480497,13.0,58.0,20251110_162819,2025-11-10T16:28:20.907392,detail,converter,0,0.0,0.0
,Overhead,AC,394,Advanced Aluminum Conductor,100,0.5853310386760019,LCC Converter,0,False,0,,,40.667889124498906,0.039777728868788345,2.7680168358480497,13.0,58.0,20251110_162819,2025-11-10T16:28:20.907392,detail,structure,1678037.956836292,97326201.49650493,40989791.13059731
,Overhead,AC,394,Advanced Aluminum Conductor,100,0.5853310386760019,LCC Converter,0,False,0,,,40.667889124498906,0.039777728868788345,2.7680168358480497,13.0,58.0,20251110_162819,2025-11-10T16:28:20.907392,detail,vegetation,948037.9568362919,54986201.49650493,23157925.407040697
,Overhead,AC,394,Advanced Aluminum Conductor,100,0.5853310386760019,LCC Converter,0,False,0,,,40.667889124498906,0.039777728868788345,2.7680168358480497,13.0,58.0,20251110_162819,2025-11-10T16:28:20.907392,summary,all,2758377.353372584,159985886.49560988,67379472.02772516
,Overhead,AC,394,Advanced Aluminum Conductor,100,0.6578272309765596,LCC Converter,0,False,0,,,54.778792102292996,0.024761729572383817,1.9881364306216514,4.0,55.0,20251110_162821,2025-11-10T16:28:22.851111,detail,conductor,132301.4397,7276579.183499999,2495926.330991547
,Overhead,AC,394,Advanced Aluminum Conductor,100,0.6578272309765596,LCC Converter,0,False,0,,,54.778792102292996,0.024761729572383817,1.9881364306216514,4.0,55.0,20251110_162821,2025-11-10T16:28:22.851111,detail,converter,0,0.0,0.0
,Overhead,AC,394,Advanced Aluminum Conductor,100,0.6578272309765596,LCC Converter,0,False,0,,,54.778792102292996,0.024761729572383817,1.9881364306216514,4.0,55.0,20251110_162821,2025-11-10T16:28:22.851111,detail,structure,1457588.7130365279,80167379.21700904,27498068.478116132
,Overhead,AC,394,Advanced Aluminum Conductor,100,0.6578272309765596,LCC Converter,0,False,0,,,54.778792102292996,0.024761729572383817,1.9881364306216514,4.0,55.0,20251110_162821,2025-11-10T16:28:22.851111,detail,vegetation,727588.7130365277,40017379.21700902,13726289.231001636
,Overhead,AC,394,Advanced Aluminum Conductor,100,0.6578272309765596,LCC Converter,0,False,0,,,54.778792102292996,0.024761729572383817,1.9881364306216514,4.0,55.0,20251110_162821,2025-11-10T16:28:22.851111,summary,all,2317478.8657730557,127461337.61751805,43720284.040109314
,Overhead,AC,394,Advanced Aluminum Conductor,100,0.6861735251470832,LCC Converter,0,False,0,,,72.06073900314182,0.026600035741699377,2.956838580066144,5.0,56.0,20251110_162823,2025-11-10T16:28:24.736155,detail,conductor,132301.4397,7408880.623199999,2110177.324751353
,Overhead,AC,394,Advanced Aluminum Conductor,100,0.6861735251470832,LCC Converter,0,False,0,,,72.06073900314182,0.026600035741699377,2.956838580066144,5.0,56.0,20251110_162823,2025-11-10T16:28:24.736155,detail,converter,0,0.0,0.0
,Overhead,AC,394,Advanced Aluminum Conductor,100,0.6861735251470832,LCC Converter,0,False,0,,,72.06073900314182,0.026600035741699377,2.956838580066144,5.0,56.0,20251110_162823,2025-11-10T16:28:24.736155,detail,structure,1666007.0787041457,93296396.40743217,26572427.090199918
,Overhead,AC,394,Advanced Aluminum Conductor,100,0.6861735251470832,LCC Converter,0,False,0,,,72.06073900314182,0.026600035741699377,2.956838580066144,5.0,56.0,20251110_162823,2025-11-10T16:28:24.736155,detail,vegetation,936007.0787041457,52416396.40743216,14929096.144130956
,Overhead,AC,394,Advanced Aluminum Conductor,100,0.6861735251470832,LCC Converter,0,False,0,,,72.06073900314182,0.026600035741699377,2.956838580066144,5.0,56.0,20251110_162823,2025-11-10T16:28:24.736155,summary,all,2734315.5971082915,153121673.43806434,43611700.559082225
,Overhead,AC,394,Advanced Aluminum Conductor,100,0.642094864925479,LCC Converter,0,False,0,,,52.980721951316426,0.03545832441209838,0.945337421854392,17.0,41.0,20251110_162825,2025-11-10T16:28:26.642300,detail,conductor,132301.4397,5424359.0276999995,2679104.8512015794
,Overhead,AC,394,Advanced Aluminum Conductor,100,0.642094864925479,LCC Converter,0,False,0,,,52.980721951316426,0.03545832441209838,0.945337421854392,17.0,41.0,20251110_162825,2025-11-10T16:28:26.642300,detail,converter,0,0.0,0.0
,Overhead,AC,394,Advanced Aluminum Conductor,100,0.642094864925479,LCC Converter,0,False,0,,,52.980721951316426,0.03545832441209838,0.945337421854392,17.0,41.0,20251110_162825,2025-11-10T16:28:26.642300,detail,structure,1398920.3844263165,57355735.761478975,28328145.15745078
,Overhead,AC,394,Advanced Aluminum Conductor,100,0.642094864925479,LCC Converter,0,False,0,,,52.980721951316426,0.03545832441209838,0.945337421854392,17.0,41.0,20251110_162825,2025-11-10T16:28:26.642300,detail,vegetation,668920.3844263165,27425735.761478975,13545641.310085975
,Overhead,AC,394,Advanced Aluminum Conductor,100,0.642094864925479,LCC Converter,0,False,0,,,52.980721951316426,0.03545832441209838,0.945337421854392,17.0,41.0,20251110_162825,2025-11-10T16:28:26.642300,summary,all,2200142.208552633,90205830.55065796,44552891.318738334
,Overhead,AC,394,Advanced Aluminum Conductor,100,0.6396753661933198,LCC Converter,0,False,0,,,70.67535985539335,0.021815564217475707,2.6020889000994107,7.0,52.0,20251110_162826,2025-11-10T16:28:28.517373,detail,conductor,132301.4397,6879674.864399999,2035229.3356804964
,Overhead,AC,394,Advanced Aluminum Conductor,100,0.6396753661933198,LCC Converter,0,False,0,,,70.67535985539335,0.021815564217475707,2.6020889000994107,7.0,52.0,20251110_162826,2025-11-10T16:28:28.517373,detail,converter,0,0.0,0.0
,Overhead,AC,394,Advanced Aluminum Conductor,100,0.6396753661933198,LCC Converter,0,False,0,,,70.67535985539335,0.021815564217475707,2.6020889000994107,7.0,52.0,20251110_162826,2025-11-10T16:28:28.517373,detail,structure,1407852.5509419977,73208332.64898388,21657381.949032363
,Overhead,AC,394,Advanced Aluminum Conductor,100,0.6396753661933198,LCC Converter,0,False,0,,,70.67535985539335,0.021815564217475707,2.6020889000994107,7.0,52.0,20251110_162826,2025-11-10T16:28:28.517373,detail,vegetation,677852.5509419977,35248332.64898388,10427591.718361408
,Overhead,AC,394,Advanced Aluminum Conductor,100,0.6396753661933198,LCC Converter,0,False,0,,,70.67535985539335,0.021815564217475707,2.6020889000994107,7.0,52.0,20251110_162826,2025-11-10T16:28:28.517373,summary,all,2218006.5415839953,115336340.16236776,34120203.003074266
,Overhead,AC,394,Advanced Aluminum Conductor,100,0.5934285791360637,LCC Converter,0,False,0,,,40.52226476450384,0.025572592174942513,2.5429029208138796,5.0,42.0,20251110_162828,2025-11-10T16:28:30.340364,detail,conductor,132301.4397,5556660.4673999995,2785237.3731489056
,Overhead,AC,394,Advanced Aluminum Conductor,100,0.5934285791360637,LCC Converter,0,False,0,,,40.52226476450384,0.025572592174942513,2.5429029208138796,5.0,42.0,20251110_162828,2025-11-10T16:28:30.340364,detail,converter,0,0.0,0.0
,Overhead,AC,394,Advanced Aluminum Conductor,100,0.5934285791360637,LCC Converter,0,False,0,,,40.52226476450384,0.025572592174942513,2.5429029208138796,5.0,42.0,20251110_162828,2025-11-10T16:28:30.340364,detail,structure,1160779.7423655712,48752749.17935399,24436976.103675373
,Overhead,AC,394,Advanced Aluminum Conductor,100,0.5934285791360637,LCC Converter,0,False,0,,,40.52226476450384,0.025572592174942513,2.5429029208138796,5.0,42.0,20251110_162828,2025-11-10T16:28:30.340364,detail,vegetation,430779.74236557126,18092749.179353993,9068864.562265579
,Overhead,AC,394,Advanced Aluminum Conductor,100,0.5934285791360637,LCC Converter,0,False,0,,,40.52226476450384,0.025572592174942513,2.5429029208138796,5.0,42.0,20251110_162828,2025-11-10T16:28:30.340364,summary,all,1723860.9244311424,72402158.82610798,36291078.03908986
,Overhead,AC,394,Advanced Aluminum Conductor,100,0.7689324336429006,LCC Converter,0,False,0,,,65.64856188991645,0.025639905953495683,0.5110879100536505,13.0,51.0,20251110_162830,2025-11-10T16:28:32.173801,detail,conductor,132301.4397,6747373.424699999,1633325.4920229253
,Overhead,AC,394,Advanced Aluminum Conductor,100,0.7689324336429006,LCC Converter,0,False,0,,,65.64856188991645,0.025639905953495683,0.5110879100536505,13.0,51.0,20251110_162830,2025-11-10T16:28:32.173801,detail,converter,0,0.0,0.0
,Overhead,AC,394,Advanced Aluminum Conductor,100,0.7689324336429006,LCC Converter,0,False,0,,,65.64856188991645,0.025639905953495683,0.5110879100536505,13.0,51.0,20251110_162830,2025-11-10T16:28:32.173801,detail,structure,1615572.8830143106,82394217.03372984,19945031.437539566
,Overhead,AC,394,Advanced Aluminum Conductor,100,0.7689324336429006,LCC Converter,0,False,0,,,65.64856188991645,0.025639905953495683,0.5110879100536505,13.0,51.0,20251110_162830,2025-11-10T16:28:32.173801,detail,vegetation,885572.8830143105,45164217.03372984,10932827.096601197
,Overhead,AC,394,Advanced Aluminum Conductor,100,0.7689324336429006,LCC Converter,0,False,0,,,65.64856188991645,0.025639905953495683,0.5110879100536505,13.0,51.0,20251110_162830,2025-11-10T16:28:32.173801,summary,all,2633447.205728621,134305807.49215966,32511184.02616369
,Overhead,AC,394,Advanced Aluminum Conductor,100,0.7038094329121178,LCC Converter,0,False,0,,,39.38357858855028,0.03428361276040226,2.317616874057561,18.0,42.0,20251110_162832,2025-11-10T16:28:33.990993,detail,conductor,132301.4397,5556660.4673999995,2379769.080015273
,Overhead,AC,394,Advanced Aluminum Conductor,100,0.7038094329121178,LCC Converter,0,False,0,,,39.38357858855028,0.03428361276040226,2.317616874057561,18.0,42.0,20251110_162832,2025-11-10T16:28:33.990993,detail,converter,0,0.0,0.0
,Overhead,AC,394,Advanced Aluminum Conductor,100,0.7038094329121178,LCC Converter,0,False,0,,,39.38357858855028,0.03428361276040226,2.317616874057561,18.0,42.0,20251110_162832,2025-11-10T16:28:33.990993,detail,structure,1530554.8914533728,64283305.441041656,27530820.633593358
,Overhead,AC,394,Advanced Aluminum Conductor,100,0.7038094329121178,LCC Converter,0,False,0,,,39.38357858855028,0.03428361276040226,2.317616874057561,18.0,42.0,20251110_162832,2025-11-10T16:28:33.990993,detail,vegetation,800554.8914533727,33623305.44104165,14399962.55411663
,Overhead,AC,394,Advanced Aluminum Conductor,100,0.7038094329121178,LCC Converter,0,False,0,,,39.38357858855028,0.03428361276040226,2.317616874057561,18.0,42.0,20251110_162832,2025-11-10T16:28:33.990993,summary,all,2463411.2226067455,103463271.34948331,44310552.26772526
,Overhead,AC,394,Advanced Aluminum Conductor,100,0.6985094835234924,LCC Converter,0,False,0,,,61.019455497936626,0.02303160955423888,0.996513390850757,3.0,54.0,20251110_162834,2025-11-10T16:28:35.850355,detail,conductor,132301.4397,7144277.743799999,1729203.7658525775
,Overhead,AC,394,Advanced Aluminum Conductor,100,0.6985094835234924,LCC Converter,0,False,0,,,61.019455497936626,0.02303160955423888,0.996513390850757,3.0,54.0,20251110_162834,2025-11-10T16:28:35.850355,detail,converter,0,0.0,0.0
,Overhead,AC,394,Advanced Aluminum Conductor,100,0.6985094835234924,LCC Converter,0,False,0,,,61.019455497936626,0.02303160955423888,0.996513390850757,3.0,54.0,20251110_162834,2025-11-10T16:28:35.850355,detail,structure,1371555.2352396464,74063982.70294091,17926475.20109498
,Overhead,AC,394,Advanced Aluminum Conductor,100,0.6985094835234924,LCC Converter,0,False,0,,,61.019455497936626,0.02303160955423888,0.996513390850757,3.0,54.0,20251110_162834,2025-11-10T16:28:35.850355,detail,vegetation,641555.2352396465,34643982.70294091,8385243.057780818
,Overhead,AC,394,Advanced Aluminum Conductor,100,0.6985094835234924,LCC Converter,0,False,0,,,61.019455497936626,0.02303160955423888,0.996513390850757,3.0,54.0,20251110_162834,2025-11-10T16:28:35.850355,summary,all,2145411.910179293,115852243.14968182,28040922.024728376
,Overhead,AC,394,Advanced Aluminum Conductor,100,0.6661104378105144,LCC Converter,0,False,0,,,43.736555992086736,0.03805560460249829,2.784290246389394,12.0,53.0,20251110_162836,2025-11-10T16:28:37.652437,detail,conductor,132301.4397,7011976.304099999,1927707.457377836
,Overhead,AC,394,Advanced Aluminum Conductor,100,0.6661104378105144,LCC Converter,0,False,0,,,43.736555992086736,0.03805560460249829,2.784290246389394,12.0,53.0,20251110_162836,2025-11-10T16:28:37.652437,detail,converter,0,0.0,0.0
,Overhead,AC,394,Advanced Aluminum Conductor,100,0.6661104378105144,LCC Converter,0,False,0,,,43.736555992086736,0.03805560460249829,2.784290246389394,12.0,53.0,20251110_162836,2025-11-10T16:28:37.652437,detail,structure,1590900.2109561884,84317711.18067798,23180323.718005743
,Overhead,AC,394,Advanced Aluminum Conductor,100,0.6661104378105144,LCC Converter,0,False,0,,,43.736555992086736,0.03805560460249829,2.784290246389394,12.0,53.0,20251110_162836,2025-11-10T16:28:37.652437,detail,vegetation,860900.2109561884,45627711.18067799,12543807.23657686
,Overhead,AC,394,Advanced Aluminum Conductor,100,0.6661104378105144,LCC Converter,0,False,0,,,43.736555992086736,0.03805560460249829,2.784290246389394,12.0,53.0,20251110_162836,2025-11-10T16:28:37.652437,summary,all,2584101.8616123768,136957398.66545597,37651838.41196044
,Overhead,AC,394,Advanced Aluminum Conductor,100,0.7016927365986017,LCC Converter,0,False,0,,,54.13425711889144,0.03900590219998517,1.610713815820879,10.0,49.0,20251110_162837,2025-11-10T16:28:39.491436,detail,conductor,132301.4397,6482770.545299999,1709137.6308341825
,Overhead,AC,394,Advanced Aluminum Conductor,100,0.7016927365986017,LCC Converter,0,False,0,,,54.13425711889144,0.03900590219998517,1.610713815820879,10.0,49.0,20251110_162837,2025-11-10T16:28:39.491436,detail,converter,0,0.0,0.0
,Overhead,AC,394,Advanced Aluminum Conductor,100,0.7016927365986017,LCC Converter,0,False,0,,,54.13425711889144,0.03900590219998517,1.610713815820879,10.0,49.0,20251110_162837,2025-11-10T16:28:39.491436,detail,structure,1653868.9047152884,81039576.33104913,21365523.97256651
,Overhead,AC,394,Advanced Aluminum Conductor,100,0.7016927365986017,LCC Converter,0,False,0,,,54.13425711889144,0.03900590219998517,1.610713815820879,10.0,49.0,20251110_162837,2025-11-10T16:28:39.491436,detail,vegetation,923868.9047152885,45269576.33104914,11935010.794946475
,Overhead,AC,394,Advanced Aluminum Conductor,100,0.7016927365986017,LCC Converter,0,False,0,,,54.13425711889144,0.03900590219998517,1.610713815820879,10.0,49.0,20251110_162837,2025-11-10T16:28:39.491436,summary,all,2710039.249130577,132791923.20739827,35009672.39834717
,Overhead,AC,394,Advanced Aluminum Conductor,100,0.6057660205235685,LCC Converter,0,False,0,,,37.71517707558861,0.02333085268027595,2.9011563162966514,17.0,58.0,20251110_162839,2025-11-10T16:28:41.493024,detail,conductor,132301.4397,7673483.502599999,1989120.7991679208
,Overhead,AC,394,Advanced Aluminum Conductor,100,0.6057660205235685,LCC Converter,0,False,0,,,37.71517707558861,0.02333085268027595,2.9011563162966514,17.0,58.0,20251110_162839,2025-11-10T16:28:41.493024,detail,converter,0,0.0,0.0
,Overhead,AC,394,Advanced Aluminum Conductor,100,0.6057660205235685,LCC Converter,0,False,0,,,37.71517707558861,0.02333085268027595,2.9011563162966514,17.0,58.0,20251110_162839,2025-11-10T16:28:41.493024,detail,structure,1653235.4737094063,95887657.47514556,24856003.639373932
,Overhead,AC,394,Advanced Aluminum Conductor,100,0.6057660205235685,LCC Converter,0,False,0,,,37.71517707558861,0.02333085268027595,2.9011563162966514,17.0,58.0,20251110_162839,2025-11-10T16:28:41.493024,detail,vegetation,923235.4737094064,53547657.47514557,13880626.601261614
,Overhead,AC,394,Advanced Aluminum Conductor,100,0.6057660205235685,LCC Converter,0,False,0,,,37.71517707558861,0.02333085268027595,2.9011563162966514,17.0,58.0,20251110_162839,2025-11-10T16:28:41.493024,summary,all,2708772.3871188127,157108798.45289114,40725751.03980347
,Overhead,AC,394,Advanced Aluminum Conductor,100,0.6990726703493714,LCC Converter,0,False,0,,,66.00827952234324,0.03559499525912354,2.024289819368529,4.0,50.0,20251110_162841,2025-11-10T16:28:43.359955,detail,conductor,132301.4397,6615071.984999999,3199886.668536851
,Overhead,AC,394,Advanced Aluminum Conductor,100,0.6990726703493714,LCC Converter,0,False,0,,,66.00827952234324,0.03559499525912354,2.024289819368529,4.0,50.0,20251110_162841,2025-11-10T16:28:43.359955,detail,converter,0,0.0,0.0
,Overhead,AC,394,Advanced Aluminum Conductor,100,0.6990726703493714,LCC Converter,0,False,0,,,66.00827952234324,0.03559499525912354,2.024289819368529,4.0,50.0,20251110_162841,2025-11-10T16:28:43.359955,detail,structure,1633846.872290733,81692343.61453666,39516764.420166366
,Overhead,AC,394,Advanced Aluminum Conductor,100,0.6990726703493714,LCC Converter,0,False,0,,,66.00827952234324,0.03559499525912354,2.024289819368529,4.0,50.0,20251110_162841,2025-11-10T16:28:43.359955,detail,vegetation,903846.872290733,45192343.61453665,21860741.376662787
,Overhead,AC,394,Advanced Aluminum Conductor,100,0.6990726703493714,LCC Converter,0,False,0,,,66.00827952234324,0.03559499525912354,2.024289819368529,4.0,50.0,20251110_162841,2025-11-10T16:28:43.359955,summary,all,2669995.184281466,133499759.2140733,64577392.465366006
,Overhead,AC,394,Advanced Aluminum Conductor,100,0.7198786995825346,LCC Converter,0,False,0,,,71.02554007846761,0.03389770361159449,0.5915512696168836,1.0,58.0,20251110_162843,2025-11-10T16:28:45.207670,detail,conductor,132301.4397,7673483.502599999,2399257.0671626115
,Overhead,AC,394,Advanced Aluminum Conductor,100,0.7198786995825346,LCC Converter,0,False,0,,,71.02554007846761,0.03389770361159449,0.5915512696168836,1.0,58.0,20251110_162843,2025-11-10T16:28:45.207670,detail,converter,0,0.0,0.0
,Overhead,AC,394,Advanced Aluminum Conductor,100,0.7198786995825346,LCC Converter,0,False,0,,,71.02554007846761,0.03389770361159449,0.5915512696168836,1.0,58.0,20251110_162843,2025-11-10T16:28:45.207670,detail,structure,1439844.2295355895,83510965.31306419,26111253.597541694
,Overhead,AC,394,Advanced Aluminum Conductor,100,0.7198786995825346,LCC Converter,0,False,0,,,71.02554007846761,0.03389770361159449,0.5915512696168836,1.0,58.0,20251110_162843,2025-11-10T16:28:45.207670,detail,vegetation,709844.2295355893,41170965.31306418,12872866.600391667
,Overhead,AC,394,Advanced Aluminum Conductor,100,0.7198786995825346,LCC Converter,0,False,0,,,71.02554007846761,0.03389770361159449,0.5915512696168836,1.0,58.0,20251110_162843,2025-11-10T16:28:45.207670,summary,all,2281989.898771179,132355414.12872836,41383377.26509597
,Overhead,AC,394,Advanced Aluminum Conductor,100,0.7219121909653327,LCC Converter,0,False,0,,,54.39352640231737,0.030535827313243846,0.770217472553568,20.0,54.0,20251110_162845,2025-11-10T16:28:47.047236,detail,conductor,132301.4397,7144277.743799999,2209960.992158978
,Overhead,AC,394,Advanced Aluminum Conductor,100,0.7219121909653327,LCC Converter,0,False,0,,,54.39352640231737,0.030535827313243846,0.770217472553568,20.0,54.0,20251110_162845,2025-11-10T16:28:47.047236,detail,converter,0,0.0,0.0
,Overhead,AC,394,Advanced Aluminum Conductor,100,0.7219121909653327,LCC Converter,0,False,0,,,54.39352640231737,0.030535827313243846,0.770217472553568,20.0,54.0,20251110_162845,2025-11-10T16:28:47.047236,detail,structure,1640558.491748902,88590158.5544407,27403861.064107813
,Overhead,AC,394,Advanced Aluminum Conductor,100,0.7219121909653327,LCC Converter,0,False,0,,,54.39352640231737,0.030535827313243846,0.770217472553568,20.0,54.0,20251110_162845,2025-11-10T16:28:47.047236,detail,vegetation,910558.4917489021,49170158.554440714,15209953.515299393
,Overhead,AC,394,Advanced Aluminum Conductor,100,0.7219121909653327,LCC Converter,0,False,0,,,54.39352640231737,0.030535827313243846,0.770217472553568,20.0,54.0,20251110_162845,2025-11-10T16:28:47.047236,summary,all,2683418.423197804,144904594.85268143,44823775.57156619
,Overhead,AC,394,Advanced Aluminum Conductor,100,0.7023816532817281,LCC Converter,0,False,0,,,66.44043225854415,0.030592183039301574,2.11522335761139,1.0,47.0,20251110_162847,2025-11-10T16:28:48.947832,detail,conductor,132301.4397,6218167.665899999,1749977.420679064
,Overhead,AC,394,Advanced Aluminum Conductor,100,0.7023816532817281,LCC Converter,0,False,0,,,66.44043225854415,0.030592183039301574,2.11522335761139,1.0,47.0,20251110_162847,2025-11-10T16:28:48.947832,detail,converter,0,0.0,0.0
,Overhead,AC,394,Advanced Aluminum Conductor,100,0.7023816532817281,LCC Converter,0,False,0,,,66.44043225854415,0.030592183039301574,2.11522335761139,1.0,47.0,20251110_162847,2025-11-10T16:28:48.947832,detail,structure,1656432.1213896736,77852309.70531465,21909956.670860413
,Overhead,AC,394,Advanced Aluminum Conductor,100,0.7023816532817281,LCC Converter,0,False,0,,,66.44043225854415,0.030592183039301574,2.11522335761139,1.0,47.0,20251110_162847,2025-11-10T16:28:48.947832,detail,vegetation,926432.1213896736,43542309.70531466,12254101.677955773
,Overhead,AC,394,Advanced Aluminum Conductor,100,0.7023816532817281,LCC Converter,0,False,0,,,66.44043225854415,0.030592183039301574,2.11522335761139,1.0,47.0,20251110_162847,2025-11-10T16:28:48.947832,summary,all,2715165.682479347,127612787.07652932,35914035.76949525
,Overhead,AC,394,Advanced Aluminum Conductor,100,0.6485299978990265,LCC Converter,0,False,0,,,43.132599843461364,0.03969227135963095,1.7450111377295194,1.0,53.0,20251110_162849,2025-11-10T16:28:50.885755,detail,conductor,132301.4397,7011976.304099999,3745569.621676971
,Overhead,AC,394,Advanced Aluminum Conductor,100,0.6485299978990265,LCC Converter,0,False,0,,,43.132599843461364,0.03969227135963095,1.7450111377295194,1.0,53.0,20251110_162849,2025-11-10T16:28:50.885755,detail,converter,0,0.0,0.0
,Overhead,AC,394,Advanced Aluminum Conductor,100,0.6485299978990265,LCC Converter,0,False,0,,,43.132599843461364,0.03969227135963095,1.7450111377295194,1.0,53.0,20251110_162849,2025-11-10T16:28:50.885755,detail,structure,1230844.9412814765,65234781.887918256,34846298.20743119
,Overhead,AC,394,Advanced Aluminum Conductor,100,0.6485299978990265,LCC Converter,0,False,0,,,43.132599843461364,0.03969227135963095,1.7450111377295194,1.0,53.0,20251110_162849,2025-11-10T16:28:50.885755,detail,vegetation,500844.9412814764,26544781.88791825,14179358.90560445
,Overhead,AC,394,Advanced Aluminum Conductor,100,0.6485299978990265,LCC Converter,0,False,0,,,43.132599843461364,0.03969227135963095,1.7450111377295194,1.0,53.0,20251110_162849,2025-11-10T16:28:50.885755,summary,all,1863991.322262953,98791540.0799365,52771226.734712616
,Overhead,AC,394,Advanced Aluminum Conductor,100,0.6734790841866092,LCC Converter,0,False,0,,,51.48989446118699,0.024221423628384108,1.5271789032581606,8.0,53.0,20251110_162851,2025-11-10T16:28:52.799744,detail,conductor,132301.4397,7011976.304099999,3497019.3544586077
,Overhead,AC,394,Advanced Aluminum Conductor,100,0.6734790841866092,LCC Converter,0,False,0,,,51.48989446118699,0.024221423628384108,1.5271789032581606,8.0,53.0,20251110_162851,2025-11-10T16:28:52.799744,detail,converter,0,0.0,0.0
,Overhead,AC,394,Advanced Aluminum Conductor,100,0.6734790841866092,LCC Converter,0,False,0,,,51.48989446118699,0.024221423628384108,1.5271789032581606,8.0,53.0,20251110_162851,2025-11-10T16:28:52.799744,detail,structure,1586064.671443461,84061427.58650343,41923193.474219
,Overhead,AC,394,Advanced Aluminum Conductor,100,0.6734790841866092,LCC Converter,0,False,0,,,51.48989446118699,0.024221423628384108,1.5271789032581606,8.0,53.0,20251110_162851,2025-11-10T16:28:52.799744,detail,vegetation,856064.671443461,45371427.58650343,22627680.6321559
,Overhead,AC,394,Advanced Aluminum Conductor,100,0.6734790841866092,LCC Converter,0,False,0,,,51.48989446118699,0.024221423628384108,1.5271789032581606,8.0,53.0,20251110_162851,2025-11-10T16:28:52.799744,summary,all,2574430.782586922,136444831.47710687,68047893.4608335
,Overhead,AC,394,Advanced Aluminum Conductor,100,0.5673291193266216,LCC Converter,0,False,0,,,65.29401098892113,0.022907027513128432,2.172470145789728,10.0,45.0,20251110_162853,2025-11-10T16:28:54.618801,detail,conductor,132301.4397,5953564.786499999,3035872.043655158
,Overhead,AC,394,Advanced Aluminum Conductor,100,0.5673291193266216,LCC Converter,0,False,0,,,65.29401098892113,0.022907027513128432,2.172470145789728,10.0,45.0,20251110_162853,2025-11-10T16:28:54.618801,detail,converter,0,0.0,0.0
,Overhead,AC,394,Advanced Aluminum Conductor,100,0.5673291193266216,LCC Converter,0,False,0,,,65.29401098892113,0.022907027513128432,2.172470145789728,10.0,45.0,20251110_162853,2025-11-10T16:28:54.618801,detail,structure,1473986.9519622088,66329412.8382994,33823031.63383149
,Overhead,AC,394,Advanced Aluminum Conductor,100,0.5673291193266216,LCC Converter,0,False,0,,,65.29401098892113,0.022907027513128432,2.172470145789728,10.0,45.0,20251110_162853,2025-11-10T16:28:54.618801,detail,vegetation,743986.9519622088,33479412.838299397,17071992.515182607
,Overhead,AC,394,Advanced Aluminum Conductor,100,0.5673291193266216,LCC Converter,0,False,0,,,65.29401098892113,0.022907027513128432,2.172470145789728,10.0,45.0,20251110_162853,2025-11-10T16:28:54.618801,summary,all,2350275.3436244177,105762390.4630988,53930896.19266926
,Overhead,AC,394,Advanced Aluminum Conductor,100,0.5793637639838478,LCC Converter,0,False,0,,,59.70799662503592,0.032732059105901636,2.595265087011928,9.0,44.0,20251110_162854,2025-11-10T16:28:56.504280,detail,conductor,132301.4397,5821263.3467999995,1873482.7453870852
,Overhead,AC,394,Advanced Aluminum Conductor,100,0.5793637639838478,LCC Converter,0,False,0,,,59.70799662503592,0.032732059105901636,2.595265087011928,9.0,44.0,20251110_162854,2025-11-10T16:28:56.504280,detail,converter,0,0.0,0.0
,Overhead,AC,394,Advanced Aluminum Conductor,100,0.5793637639838478,LCC Converter,0,False,0,,,59.70799662503592,0.032732059105901636,2.595265087011928,9.0,44.0,20251110_162854,2025-11-10T16:28:56.504280,detail,structure,1751576.5986345378,77069370.33991966,24803573.885565236
,Overhead,AC,394,Advanced Aluminum Conductor,100,0.5793637639838478,LCC Converter,0,False,0,,,59.70799662503592,0.032732059105901636,2.595265087011928,9.0,44.0,20251110_162854,2025-11-10T16:28:56.504280,detail,vegetation,1021576.5986345378,44949370.339919664,14466253.23936693
,Overhead,AC,394,Advanced Aluminum Conductor,100,0.5793637639838478,LCC Converter,0,False,0,,,59.70799662503592,0.032732059105901636,2.595265087011928,9.0,44.0,20251110_162854,2025-11-10T16:28:56.504280,summary,all,2905454.6369690755,127840004.02663931,41143309.87031925
,Overhead,AC,394,Advanced Aluminum Conductor,100,0.7293335831749298,LCC Converter,0,False,0,,,44.46676534643927,0.030047900839787905,2.6436210967964167,17.0,45.0,20251110_162856,2025-11-10T16:28:58.356220,detail,conductor,132301.4397,5953564.786499999,1542580.937712216
,Overhead,AC,394,Advanced Aluminum Conductor,100,0.7293335831749298,LCC Converter,0,False,0,,,44.46676534643927,0.030047900839787905,2.6436210967964167,17.0,45.0,20251110_162856,2025-11-10T16:28:58.356220,detail,converter,0,0.0,0.0
,Overhead,AC,394,Advanced Aluminum Conductor,100,0.7293335831749298,LCC Converter,0,False,0,,,44.46676534643927,0.030047900839787905,2.6436210967964167,17.0,45.0,20251110_162856,2025-11-10T16:28:58.356220,detail,structure,1251503.2822205322,56317647.69992395,14592018.885170646
,Overhead,AC,394,Advanced Aluminum Conductor,100,0.7293335831749298,LCC Converter,0,False,0,,,44.46676534643927,0.030047900839787905,2.6436210967964167,17.0,45.0,20251110_162856,2025-11-10T16:28:58.356220,detail,vegetation,521503.28222053224,23467647.69992395,6080516.008986013
,Overhead,AC,394,Advanced Aluminum Conductor,100,0.7293335831749298,LCC Converter,0,False,0,,,44.46676534643927,0.030047900839787905,2.6436210967964167,17.0,45.0,20251110_162856,2025-11-10T16:28:58.356220,summary,all,1905308.0041410644,85738860.1863479,22215115.831868876
,Overhead,AC,394,Advanced Aluminum Conductor,100,0.5880543667891792,LCC Converter,0,False,0,,,64.69000933183851,0.02593313583467283,1.5085578278873546,10.0,52.0,20251110_162858,2025-11-10T16:29:00.185160,detail,conductor,132301.4397,6879674.864399999,2110898.4465699825
,Overhead,AC,394,Advanced Aluminum Conductor,100,0.5880543667891792,LCC Converter,0,False,0,,,64.69000933183851,0.02593313583467283,1.5085578278873546,10.0,52.0,20251110_162858,2025-11-10T16:29:00.185160,detail,converter,0,0.0,0.0
,Overhead,AC,394,Advanced Aluminum Conductor,100,0.5880543667891792,LCC Converter,0,False,0,,,64.69000933183851,0.02593313583467283,1.5085578278873546,10.0,52.0,20251110_162858,2025-11-10T16:29:00.185160,detail,structure,1242973.2931799632,64634611.24535809,19831911.123954
,Overhead,AC,394,Advanced Aluminum Conductor,100,0.5880543667891792,LCC Converter,0,False,0,,,64.69000933183851,0.02593313583467283,1.5085578278873546,10.0,52.0,20251110_162858,2025-11-10T16:29:00.185160,detail,vegetation,512973.2931799633,26674611.24535809,8184601.242139559
,Overhead,AC,394,Advanced Aluminum Conductor,100,0.5880543667891792,LCC Converter,0,False,0,,,64.69000933183851,0.02593313583467283,1.5085578278873546,10.0,52.0,20251110_162858,2025-11-10T16:29:00.185160,summary,all,1888248.0260599265,98188897.35511617,30127410.812663544
,Overhead,AC,394,Advanced Aluminum Conductor,100,0.5889789950268145,LCC Converter,0,False,0,,,41.06349570787952,0.022462644521873586,0.5278438109129555,10.0,57.0,20251110_162900,2025-11-10T16:29:02.007551,detail,conductor,132301.4397,7541182.062899999,2138719.2286798535
,Overhead,AC,394,Advanced Aluminum Conductor,100,0.5889789950268145,LCC Converter,0,False,0,,,41.06349570787952,0.022462644521873586,0.5278438109129555,10.0,57.0,20251110_162900,2025-11-10T16:29:02.007551,detail,converter,0,0.0,0.0
,Overhead,AC,394,Advanced Aluminum Conductor,100,0.5889789950268145,LCC Converter,0,False,0,,,41.06349570787952,0.022462644521873586,0.5278438109129555,10.0,57.0,20251110_162900,2025-11-10T16:29:02.007551,detail,structure,1418448.2310999911,80851549.1726995,22929928.152100652
,Overhead,AC,394,Advanced Aluminum Conductor,100,0.5889789950268145,LCC Converter,0,False,0,,,41.06349570787952,0.022462644521873586,0.5278438109129555,10.0,57.0,20251110_162900,2025-11-10T16:29:02.007551,detail,vegetation,688448.2310999912,39241549.1726995,11129111.468045374
,Overhead,AC,394,Advanced Aluminum Conductor,100,0.5889789950268145,LCC Converter,0,False,0,,,41.06349570787952,0.022462644521873586,0.5278438109129555,10.0,57.0,20251110_162900,2025-11-10T16:29:02.007551,summary,all,2239197.9018999822,127634280.408299,36197758.84882588
,Overhead,AC,394,Advanced Aluminum Conductor,100,0.6945492708894907,LCC Converter,0,False,0,,,59.545594458393936,0.04067812054024943,2.9983587110861207,4.0,48.0,20251110_162902,2025-11-10T16:29:03.866202,detail,conductor,132301.4397,6350469.105599999,1832459.3519275894
,Overhead,AC,394,Advanced Aluminum Conductor,100,0.6945492708894907,LCC Converter,0,False,0,,,59.545594458393936,0.04067812054024943,2.9983587110861207,4.0,48.0,20251110_162902,2025-11-10T16:29:03.866202,detail,converter,0,0.0,0.0
,Overhead,AC,394,Advanced Aluminum Conductor,100,0.6945492708894907,LCC Converter,0,False,0,,,59.545594458393936,0.04067812054024943,2.9983587110861207,4.0,48.0,20251110_162902,2025-11-10T16:29:03.866202,detail,structure,1183562.8440528703,56811016.514537774,16393100.53689988
,Overhead,AC,394,Advanced Aluminum Conductor,100,0.6945492708894907,LCC Converter,0,False,0,,,59.545594458393936,0.04067812054024943,2.9983587110861207,4.0,48.0,20251110_162902,2025-11-10T16:29:03.866202,detail,vegetation,453562.8440528703,21771016.514537774,6282134.776130909
,Overhead,AC,394,Advanced Aluminum Conductor,100,0.6945492708894907,LCC Converter,0,False,0,,,59.545594458393936,0.04067812054024943,2.9983587110861207,4.0,48.0,20251110_162902,2025-11-10T16:29:03.866202,summary,all,1769427.1278057406,84932502.13467555,24507694.66495838
,Overhead,AC,394,Advanced Aluminum Conductor,100,0.7433070909969185,LCC Converter,0,False,0,,,67.68947586913501,0.027721127373535666,2.0903479151588327,3.0,58.0,20251110_162904,2025-11-10T16:29:05.765487,detail,conductor,132301.4397,7673483.502599999,3321876.7935932046
,Overhead,AC,394,Advanced Aluminum Conductor,100,0.7433070909969185,LCC Converter,0,False,0,,,67.68947586913501,0.027721127373535666,2.0903479151588327,3.0,58.0,20251110_162904,2025-11-10T16:29:05.765487,detail,converter,0,0.0,0.0
,Overhead,AC,394,Advanced Aluminum Conductor,100,0.7433070909969185,LCC Converter,0,False,0,,,67.68947586913501,0.027721127373535666,2.0903479151588327,3.0,58.0,20251110_162904,2025-11-10T16:29:05.765487,detail,structure,1179535.9129768815,68413082.95265913,29616253.49967886
,Overhead,AC,394,Advanced Aluminum Conductor,100,0.7433070909969185,LCC Converter,0,False,0,,,67.68947586913501,0.027721127373535666,2.0903479151588327,3.0,58.0,20251110_162904,2025-11-10T16:29:05.765487,detail,vegetation,449535.9129768816,26073082.952659134,11287125.223964117
,Overhead,AC,394,Advanced Aluminum Conductor,100,0.7433070909969185,LCC Converter,0,False,0,,,67.68947586913501,0.027721127373535666,2.0903479151588327,3.0,58.0,20251110_162904,2025-11-10T16:29:05.765487,summary,all,1761373.265653763,102159649.40791826,44225255.51723619
,Overhead,AC,394,Advanced Aluminum Conductor,100,0.7164789913232866,LCC Converter,0,False,0,,,42.276165612899234,0.038485191974111134,2.3919097279178576,11.0,55.0,20251110_162906,2025-11-10T16:29:07.610311,detail,conductor,132301.4397,7276579.183499999,1912039.033377232
,Overhead,AC,394,Advanced Aluminum Conductor,100,0.7164789913232866,LCC Converter,0,False,0,,,42.276165612899234,0.038485191974111134,2.3919097279178576,11.0,55.0,20251110_162906,2025-11-10T16:29:07.610311,detail,converter,0,0.0,0.0
,Overhead,AC,394,Advanced Aluminum Conductor,100,0.7164789913232866,LCC Converter,0,False,0,,,42.276165612899234,0.038485191974111134,2.3919097279178576,11.0,55.0,20251110_162906,2025-11-10T16:29:07.610311,detail,structure,1578341.7294164407,86808795.11790425,22810416.889608197
,Overhead,AC,394,Advanced Aluminum Conductor,100,0.7164789913232866,LCC Converter,0,False,0,,,42.276165612899234,0.038485191974111134,2.3919097279178576,11.0,55.0,20251110_162906,2025-11-10T16:29:07.610311,detail,vegetation,848341.7294164408,46658795.117904246,12260354.11228394
,Overhead,AC,394,Advanced Aluminum Conductor,100,0.7164789913232866,LCC Converter,0,False,0,,,42.276165612899234,0.038485191974111134,2.3919097279178576,11.0,55.0,20251110_162906,2025-11-10T16:29:07.610311,summary,all,2558984.8985328814,140744169.41930848,36982810.035269365
,Overhead,AC,394,Advanced Aluminum Conductor,100,0.5630972178066643,LCC Converter,0,False,0,,,44.347052020805776,0.03828359708351311,1.2003921123831265,17.0,49.0,20251110_162907,2025-11-10T16:29:09.462445,detail,conductor,132301.4397,6482770.545299999,2995642.5157680786
,Overhead,AC,394,Advanced Aluminum Conductor,100,0.5630972178066643,LCC Converter,0,False,0,,,44.347052020805776,0.03828359708351311,1.2003921123831265,17.0,49.0,20251110_162907,2025-11-10T16:29:09.462445,detail,converter,0,0.0,0.0
,Overhead,AC,394,Advanced Aluminum Conductor,100,0.5630972178066643,LCC Converter,0,False,0,,,44.347052020805776,0.03828359708351311,1.2003921123831265,17.0,49.0,20251110_162907,2025-11-10T16:29:09.462445,detail,structure,1433191.6065888521,70226388.72285375,32451118.594588663
,Overhead,AC,394,Advanced Aluminum Conductor,100,0.5630972178066643,LCC Converter,0,False,0,,,44.347052020805776,0.03828359708351311,1.2003921123831265,17.0,49.0,20251110_162907,2025-11-10T16:29:09.462445,detail,vegetation,703191.6065888522,34456388.72285376,15922054.04722308
,Overhead,AC,394,Advanced Aluminum Conductor,100,0.5630972178066643,LCC Converter,0,False,0,,,44.347052020805776,0.03828359708351311,1.2003921123831265,17.0,49.0,20251110_162907,2025-11-10T16:29:09.462445,summary,all,2268684.6528777042,111165547.9910075,51368815.157579824
,Overhead,AC,394,Advanced Aluminum Conductor,100,0.7671758779042552,LCC Converter,0,False,0,,,66.82407816987951,0.032162385354336465,0.7905955270169921,5.0,41.0,20251110_162909,2025-11-10T16:29:11.356767,detail,conductor,132301.4397,5424359.0276999995,3590218.7992612896
,Overhead,AC,394,Advanced Aluminum Conductor,100,0.7671758779042552,LCC Converter,0,False,0,,,66.82407816987951,0.032162385354336465,0.7905955270169921,5.0,41.0,20251110_162909,2025-11-10T16:29:11.356767,detail,converter,0,0.0,0.0
,Overhead,AC,394,Advanced Aluminum Conductor,100,0.7671758779042552,LCC Converter,0,False,0,,,66.82407816987951,0.032162385354336465,0.7905955270169921,5.0,41.0,20251110_162909,2025-11-10T16:29:11.356767,detail,structure,1508227.0054849754,61837307.22488399,40928239.03446698
,Overhead,AC,394,Advanced Aluminum Conductor,100,0.7671758779042552,LCC Converter,0,False,0,,,66.82407816987951,0.032162385354336465,0.7905955270169921,5.0,41.0,20251110_162909,2025-11-10T16:29:11.356767,detail,vegetation,778227.0054849754,31907307.224883992,21118479.37195939
,Overhead,AC,394,Advanced Aluminum Conductor,100,0.7671758779042552,LCC Converter,0,False,0,,,66.82407816987951,0.032162385354336465,0.7905955270169921,5.0,41.0,20251110_162909,2025-11-10T16:29:11.356767,summary,all,2418755.450669951,99168973.47746797,65636937.20568766
,Overhead,AC,394,Advanced Aluminum Conductor,100,0.5708525159368781,LCC Converter,0,False,0,,,59.83793426709455,0.04091960958509477,2.9726437441167888,18.0,50.0,20251110_162911,2025-11-10T16:29:13.261835,detail,conductor,132301.4397,6615071.984999999,1999764.7483098414
,Overhead,AC,394,Advanced Aluminum Conductor,100,0.5708525159368781,LCC Converter,0,False,0,,,59.83793426709455,0.04091960958509477,2.9726437441167888,18.0,50.0,20251110_162911,2025-11-10T16:29:13.261835,detail,converter,0,0.0,0.0
,Overhead,AC,394,Advanced Aluminum Conductor,100,0.5708525159368781,LCC Converter,0,False,0,,,59.83793426709455,0.04091960958509477,2.9726437441167888,18.0,50.0,20251110_162911,2025-11-10T16:29:13.261835,detail,structure,1217863.1112279305,60893155.561396524,18408263.15740057
,Overhead,AC,394,Advanced Aluminum Conductor,100,0.5708525159368781,LCC Converter,0,False,0,,,59.83793426709455,0.04091960958509477,2.9726437441167888,18.0,50.0,20251110_162911,2025-11-10T16:29:13.261835,detail,vegetation,487863.1112279304,24393155.56139652,7374155.97325793
,Overhead,AC,394,Advanced Aluminum Conductor,100,0.5708525159368781,LCC Converter,0,False,0,,,59.83793426709455,0.04091960958509477,2.9726437441167888,18.0,50.0,20251110_162911,2025-11-10T16:29:13.261835,summary,all,1838027.662155861,91901383.10779305,27782183.878968343
,Overhead,AC,394,Advanced Aluminum Conductor,100,0.691520544315084,LCC Converter,0,False,0,,,41.775974110172136,0.041147586643569226,1.1266083241467038,16.0,49.0,20251110_162913,2025-11-10T16:29:15.148907,detail,conductor,132301.4397,6482770.545299999,2806183.6621076656
,Overhead,AC,394,Advanced Aluminum Conductor,100,0.691520544315084,LCC Converter,0,False,0,,,41.775974110172136,0.041147586643569226,1.1266083241467038,16.0,49.0,20251110_162913,2025-11-10T16:29:15.148907,detail,converter,0,0.0,0.0
,Overhead,AC,394,Advanced Aluminum Conductor,100,0.691520544315084,LCC Converter,0,False,0,,,41.775974110172136,0.041147586643569226,1.1266083241467038,16.0,49.0,20251110_162913,2025-11-10T16:29:15.148907,detail,structure,1403569.4472256321,68774902.91405597,29770451.934379485
,Overhead,AC,394,Advanced Aluminum Conductor,100,0.691520544315084,LCC Converter,0,False,0,,,41.775974110172136,0.041147586643569226,1.1266083241467038,16.0,49.0,20251110_162913,2025-11-10T16:29:15.148907,detail,vegetation,673569.447225632,33004902.91405597,14286764.999575885
,Overhead,AC,394,Advanced Aluminum Conductor,100,0.691520544315084,LCC Converter,0,False,0,,,41.775974110172136,0.041147586643569226,1.1266083241467038,16.0,49.0,20251110_162913,2025-11-10T16:29:15.148907,summary,all,2209440.3341512643,108262576.37341195,46863400.59606303
,Overhead,AC,394,Advanced Aluminum Conductor,100,0.6348243102853739,LCC Converter,0,False,0,,,42.70823661708049,0.02255851042396285,2.1853147478031705,0.0,59.0,20251110_162915,2025-11-10T16:29:17.047404,detail,conductor,132301.4397,7805784.942299999,1637685.5977070166
,Overhead,AC,394,Advanced Aluminum Conductor,100,0.6348243102853739,LCC Converter,0,False,0,,,42.70823661708049,0.02255851042396285,2.1853147478031705,0.0,59.0,20251110_162915,2025-11-10T16:29:17.047404,detail,converter,0,0.0,0.0
,Overhead,AC,394,Advanced Aluminum Conductor,100,0.6348243102853739,LCC Converter,0,False,0,,,42.70823661708049,0.02255851042396285,2.1853147478031705,0.0,59.0,20251110_162915,2025-11-10T16:29:17.047404,detail,structure,1514316.1637084978,89344653.65880136,18744873.655976914
,Overhead,AC,394,Advanced Aluminum Conductor,100,0.6348243102853739,LCC Converter,0,False,0,,,42.70823661708049,0.02255851042396285,2.1853147478031705,0.0,59.0,20251110_162915,2025-11-10T16:29:17.047404,detail,vegetation,784316.1637084977,46274653.65880136,9708611.548497196
,Overhead,AC,394,Advanced Aluminum Conductor,100,0.6348243102853739,LCC Converter,0,False,0,,,42.70823661708049,0.02255851042396285,2.1853147478031705,0.0,59.0,20251110_162915,2025-11-10T16:29:17.047404,summary,all,2430933.7671169955,143425092.25990272,30091170.80218113
,Overhead,AC,394,Advanced Aluminum Conductor,100,0.6458319427102104,LCC Converter,0,False,0,,,62.09031404575531,0.022193741748881914,2.568572601325402,18.0,49.0,20251110_162917,2025-11-10T16:29:18.908369,detail,conductor,132301.4397,6482770.545299999,3668905.164156614
,Overhead,AC,394,Advanced Aluminum Conductor,100,0.6458319427102104,LCC Converter,0,False,0,,,62.09031404575531,0.022193741748881914,2.568572601325402,18.0,49.0,20251110_162917,2025-11-10T16:29:18.908369,detail,converter,0,0.0,0.0
,Overhead,AC,394,Advanced Aluminum Conductor,100,0.6458319427102104,LCC Converter,0,False,0,,,62.09031404575531,0.022193741748881914,2.568572601325402,18.0,49.0,20251110_162917,2025-11-10T16:29:18.908369,detail,structure,1309628.5032724221,64171796.66034868,36317841.96512328
,Overhead,AC,394,Advanced Aluminum Conductor,100,0.6458319427102104,LCC Converter,0,False,0,,,62.09031404575531,0.022193741748881914,2.568572601325402,18.0,49.0,20251110_162917,2025-11-10T16:29:18.908369,detail,vegetation,579628.5032724221,28401796.660348684,16073914.341149513
,Overhead,AC,394,Advanced Aluminum Conductor,100,0.6458319427102104,LCC Converter,0,False,0,,,62.09031404575531,0.022193741748881914,2.568572601325402,18.0,49.0,20251110_162917,2025-11-10T16:29:18.908369,summary,all,2021558.4462448442,99056363.86599737,56060661.470429406
,Overhead,AC,394,Advanced Aluminum Conductor,100,0.695492001699601,LCC Converter,0,False,0,,,71.25657873831666,0.028071317135946638,2.782330728603364,11.0,44.0,20251110_162919,2025-11-10T16:29:20.794558,detail,conductor,132301.4397,5821263.3467999995,2504932.3315623696
,Overhead,AC,394,Advanced Aluminum Conductor,100,0.695492001699601,LCC Converter,0,False,0,,,71.25657873831666,0.028071317135946638,2.782330728603364,11.0,44.0,20251110_162919,2025-11-10T16:29:20.794558,detail,converter,0,0.0,0.0
,Overhead,AC,394,Advanced Aluminum Conductor,100,0.695492001699601,LCC Converter,0,False,0,,,71.25657873831666,0.028071317135946638,2.782330728603364,11.0,44.0,20251110_162919,2025-11-10T16:29:20.794558,detail,structure,1493934.446441321,65733115.64341812,28285441.97713364
,Overhead,AC,394,Advanced Aluminum Conductor,100,0.695492001699601,LCC Converter,0,False,0,,,71.25657873831666,0.028071317135946638,2.782330728603364,11.0,44.0,20251110_162919,2025-11-10T16:29:20.794558,detail,vegetation,763934.4464413209,33613115.64341812,14463970.297105284
,Overhead,AC,394,Advanced Aluminum Conductor,100,0.695492001699601,LCC Converter,0,False,0,,,71.25657873831666,0.028071317135946638,2.782330728603364,11.0,44.0,20251110_162919,2025-11-10T16:29:20.794558,summary,all,2390170.332582642,105167494.63363624,45254344.60580129
,Overhead,AC,394,Advanced Aluminum Conductor,100,0.5821168865803257,LCC Converter,0,False,0,,,46.324642072272184,0.024586215324590464,2.810802448873639,14.0,59.0,20251110_162921,2025-11-10T16:29:22.810679,detail,conductor,132301.4397,7805784.942299999,3228658.6106267287
,Overhead,AC,394,Advanced Aluminum Conductor,100,0.5821168865803257,LCC Converter,0,False,0,,,46.324642072272184,0.024586215324590464,2.810802448873639,14.0,59.0,20251110_162921,2025-11-10T16:29:22.810679,detail,converter,0,0.0,0.0
,Overhead,AC,394,Advanced Aluminum Conductor,100,0.5821168865803257,LCC Converter,0,False,0,,,46.324642072272184,0.024586215324590464,2.810802448873639,14.0,59.0,20251110_162921,2025-11-10T16:29:22.810679,detail,structure,1521578.243580874,89773116.37127157,37132299.61079314
,Overhead,AC,394,Advanced Aluminum Conductor,100,0.5821168865803257,LCC Converter,0,False,0,,,46.324642072272184,0.024586215324590464,2.810802448873639,14.0,59.0,20251110_162921,2025-11-10T16:29:22.810679,detail,vegetation,791578.2435808739,46703116.371271566,19317521.547138326
,Overhead,AC,394,Advanced Aluminum Conductor,100,0.5821168865803257,LCC Converter,0,False,0,,,46.324642072272184,0.024586215324590464,2.810802448873639,14.0,59.0,20251110_162921,2025-11-10T16:29:22.810679,summary,all,2445457.926861748,144282017.68484312,59678479.7685582
,Overhead,AC,394,Advanced Aluminum Conductor,100,0.7569961178590456,LCC Converter,0,False,0,,,37.889712445218926,0.04079222817870418,2.7926089069225153,2.0,44.0,20251110_162923,2025-11-10T16:29:24.758611,detail,conductor,132301.4397,5821263.3467999995,1965362.8292038832
,Overhead,AC,394,Advanced Aluminum Conductor,100,0.7569961178590456,LCC Converter,0,False,0,,,37.889712445218926,0.04079222817870418,2.7926089069225153,2.0,44.0,20251110_162923,2025-11-10T16:29:24.758611,detail,converter,0,0.0,0.0
,Overhead,AC,394,Advanced Aluminum Conductor,100,0.7569961178590456,LCC Converter,0,False,0,,,37.889712445218926,0.04079222817870418,2.7926089069225153,2.0,44.0,20251110_162923,2025-11-10T16:29:24.758611,detail,structure,1205751.4959001704,53053065.819607496,17911665.788918648
,Overhead,AC,394,Advanced Aluminum Conductor,100,0.7569961178590456,LCC Converter,0,False,0,,,37.889712445218926,0.04079222817870418,2.7926089069225153,2.0,44.0,20251110_162923,2025-11-10T16:29:24.758611,detail,vegetation,475751.49590017047,20933065.8196075,7067378.163839733
,Overhead,AC,394,Advanced Aluminum Conductor,100,0.7569961178590456,LCC Converter,0,False,0,,,37.889712445218926,0.04079222817870418,2.7926089069225153,2.0,44.0,20251110_162923,2025-11-10T16:29:24.758611,summary,all,1813804.4315003408,79807394.98601499,26944406.781962268
,Overhead,AC,394,Advanced Aluminum Conductor,100,0.5735572440526924,LCC Converter,0,False,0,,,56.47151234098523,0.033460215629945333,2.2386011855997463,12.0,60.0,20251110_162925,2025-11-10T16:29:26.680915,detail,conductor,132301.4397,7938086.381999999,1614895.8137138037
,Overhead,AC,394,Advanced Aluminum Conductor,100,0.5735572440526924,LCC Converter,0,False,0,,,56.47151234098523,0.033460215629945333,2.2386011855997463,12.0,60.0,20251110_162925,2025-11-10T16:29:26.680915,detail,converter,0,0.0,0.0
,Overhead,AC,394,Advanced Aluminum Conductor,100,0.5735572440526924,LCC Converter,0,False,0,,,56.47151234098523,0.033460215629945333,2.2386011855997463,12.0,60.0,20251110_162925,2025-11-10T16:29:26.680915,detail,structure,1388522.087589249,83311325.25535494,16948557.110048063
,Overhead,AC,394,Advanced Aluminum Conductor,100,0.5735572440526924,LCC Converter,0,False,0,,,56.47151234098523,0.033460215629945333,2.2386011855997463,12.0,60.0,20251110_162925,2025-11-10T16:29:26.680915,detail,vegetation,658522.087589249,39511325.25535494,8038042.253337268
,Overhead,AC,394,Advanced Aluminum Conductor,100,0.5735572440526924,LCC Converter,0,False,0,,,56.47151234098523,0.033460215629945333,2.2386011855997463,12.0,60.0,20251110_162925,2025-11-10T16:29:26.680915,summary,all,2179345.614878498,130760736.89270988,26601495.177099135
,Overhead,AC,394,Advanced Aluminum Conductor,100,0.706550391619432,LCC Converter,0,False,0,,,36.543201053523504,0.026736830034243583,1.678728784275414,0.0,56.0,20251110_162927,2025-11-10T16:29:28.687668,detail,conductor,132301.4397,7408880.623199999,1791855.5478874107
,Overhead,AC,394,Advanced Aluminum Conductor,100,0.706550391619432,LCC Converter,0,False,0,,,36.543201053523504,0.026736830034243583,1.678728784275414,0.0,56.0,20251110_162927,2025-11-10T16:29:28.687668,detail,converter,0,0.0,0.0
,Overhead,AC,394,Advanced Aluminum Conductor,100,0.706550391619432,LCC Converter,0,False,0,,,36.543201053523504,0.026736830034243583,1.678728784275414,0.0,56.0,20251110_162927,2025-11-10T16:29:28.687668,detail,structure,1597331.9212134415,89450587.58795273,21633839.142900586
,Overhead,AC,394,Advanced Aluminum Conductor,100,0.706550391619432,LCC Converter,0,False,0,,,36.543201053523504,0.026736830034243583,1.678728784275414,0.0,56.0,20251110_162927,2025-11-10T16:29:28.687668,detail,vegetation,867331.9212134416,48570587.58795273,11746913.09792416
,Overhead,AC,394,Advanced Aluminum Conductor,100,0.706550391619432,LCC Converter,0,False,0,,,36.543201053523504,0.026736830034243583,1.678728784275414,0.0,56.0,20251110_162927,2025-11-10T16:29:28.687668,summary,all,2596965.282126883,145430055.79910547,35172607.78871216
,Overhead,AC,394,Advanced Aluminum Conductor,100,0.6040356929691792,LCC Converter,0,False,0,,,64.24738452931685,0.02892002062756774,2.3546637067280214,11.0,47.0,20251110_162928,2025-11-10T16:29:30.673213,detail,conductor,132301.4397,6218167.665899999,1791428.8978145067
,Overhead,AC,394,Advanced Aluminum Conductor,100,0.6040356929691792,LCC Converter,0,False,0,,,64.24738452931685,0.02892002062756774,2.3546637067280214,11.0,47.0,20251110_162928,2025-11-10T16:29:30.673213,detail,converter,0,0.0,0.0
,Overhead,AC,394,Advanced Aluminum Conductor,100,0.6040356929691792,LCC Converter,0,False,0,,,64.24738452931685,0.02892002062756774,2.3546637067280214,11.0,47.0,20251110_162928,2025-11-10T16:29:30.673213,detail,structure,1436714.544954977,67525583.61288393,19453846.908838794
,Overhead,AC,394,Advanced Aluminum Conductor,100,0.6040356929691792,LCC Converter,0,False,0,,,64.24738452931685,0.02892002062756774,2.3546637067280214,11.0,47.0,20251110_162928,2025-11-10T16:29:30.673213,detail,vegetation,706714.5449549769,33215583.612883914,9569274.99208594
,Overhead,AC,394,Advanced Aluminum Conductor,100,0.6040356929691792,LCC Converter,0,False,0,,,64.24738452931685,0.02892002062756774,2.3546637067280214,11.0,47.0,20251110_162928,2025-11-10T16:29:30.673213,summary,all,2275730.529609954,106959334.89166783,30814550.79873924
,Overhead,AC,394,Advanced Aluminum Conductor,100,0.6027331644180757,LCC Converter,0,False,0,,,64.9326780350439,0.032412440592120395,0.9909319324422987,18.0,58.0,20251110_162930,2025-11-10T16:29:32.640922,detail,conductor,132301.4397,7673483.502599999,2882273.337494197
,Overhead,AC,394,Advanced Aluminum Conductor,100,0.6027331644180757,LCC Converter,0,False,0,,,64.9326780350439,0.032412440592120395,0.9909319324422987,18.0,58.0,20251110_162930,2025-11-10T16:29:32.640922,detail,converter,0,0.0,0.0
,Overhead,AC,394,Advanced Aluminum Conductor,100,0.6027331644180757,LCC Converter,0,False,0,,,64.9326780350439,0.032412440592120395,0.9909319324422987,18.0,58.0,20251110_162930,2025-11-10T16:29:32.640922,detail,structure,1169884.434486607,67853297.20022321,25486697.05421372
,Overhead,AC,394,Advanced Aluminum Conductor,100,0.6027331644180757,LCC Converter,0,False,0,,,64.9326780350439,0.032412440592120395,0.9909319324422987,18.0,58.0,20251110_162930,2025-11-10T16:29:32.640922,detail,vegetation,439884.434486607,25513297.200223204,9583169.918440886
,Overhead,AC,394,Advanced Aluminum Conductor,100,0.6027331644180757,LCC Converter,0,False,0,,,64.9326780350439,0.032412440592120395,0.9909319324422987,18.0,58.0,20251110_162930,2025-11-10T16:29:32.640922,summary,all,1742070.3086732142,101040077.90304641,37952140.310148805
,Overhead,AC,394,Advanced Aluminum Conductor,100,0.64753844443024,LCC Converter,0,False,0,,,49.57875630963143,0.029004624877181,0.9805047895920556,19.0,46.0,20251110_162932,2025-11-10T16:29:34.586919,detail,conductor,132301.4397,6085866.226199999,2166255.484179726
,Overhead,AC,394,Advanced Aluminum Conductor,100,0.64753844443024,LCC Converter,0,False,0,,,49.57875630963143,0.029004624877181,0.9805047895920556,19.0,46.0,20251110_162932,2025-11-10T16:29:34.586919,detail,converter,0,0.0,0.0
,Overhead,AC,394,Advanced Aluminum Conductor,100,0.64753844443024,LCC Converter,0,False,0,,,49.57875630963143,0.029004624877181,0.9805047895920556,19.0,46.0,20251110_162932,2025-11-10T16:29:34.586919,detail,structure,1141177.096538119,52494146.440753475,18685217.253882963
,Overhead,AC,394,Advanced Aluminum Conductor,100,0.64753844443024,LCC Converter,0,False,0,,,49.57875630963143,0.029004624877181,0.9805047895920556,19.0,46.0,20251110_162932,2025-11-10T16:29:34.586919,detail,vegetation,411177.096538119,18914146.440753475,6732463.700807309
,Overhead,AC,394,Advanced Aluminum Conductor,100,0.64753844443024,LCC Converter,0,False,0,,,49.57875630963143,0.029004624877181,0.9805047895920556,19.0,46.0,20251110_162932,2025-11-10T16:29:34.586919,summary,all,1684655.632776238,77494159.10770695,27583936.438869998
,Overhead,AC,394,Advanced Aluminum Conductor,100,0.6239800925086206,LCC Converter,0,False,0,,,60.255834720712606,0.0358545553887436,2.5077511297835433,6.0,58.0,20251110_162934,2025-11-10T16:29:36.544730,detail,conductor,132301.4397,7673483.502599999,2017468.3065832064
,Overhead,AC,394,Advanced Aluminum Conductor,100,0.6239800925086206,LCC Converter,0,False,0,,,60.255834720712606,0.0358545553887436,2.5077511297835433,6.0,58.0,20251110_162934,2025-11-10T16:29:36.544730,detail,converter,0,0.0,0.0
,Overhead,AC,394,Advanced Aluminum Conductor,100,0.6239800925086206,LCC Converter,0,False,0,,,60.255834720712606,0.0358545553887436,2.5077511297835433,6.0,58.0,20251110_162934,2025-11-10T16:29:36.544730,detail,structure,1431774.2255926176,83042905.08437182,21833164.694698475
,Overhead,AC,394,Advanced Aluminum Conductor,100,0.6239800925086206,LCC Converter,0,False,0,,,60.255834720712606,0.0358545553887436,2.5077511297835433,6.0,58.0,20251110_162934,2025-11-10T16:29:36.544730,detail,vegetation,701774.2255926176,40702905.08437182,10701374.540749457
,Overhead,AC,394,Advanced Aluminum Conductor,100,0.6239800925086206,LCC Converter,0,False,0,,,60.255834720712606,0.0358545553887436,2.5077511297835433,6.0,58.0,20251110_162934,2025-11-10T16:29:36.544730,summary,all,2265849.8908852353,131419293.67134364,34552007.54203114
,Overhead,AC,394,Advanced Aluminum Conductor,100,0.5740206383353735,LCC Converter,0,False,0,,,44.304087248557465,0.03937251541341759,2.401856455672437,9.0,47.0,20251110_162936,2025-11-10T16:29:38.486427,detail,conductor,132301.4397,6218167.665899999,2266153.436249835
,Overhead,AC,394,Advanced Aluminum Conductor,100,0.5740206383353735,LCC Converter,0,False,0,,,44.304087248557465,0.03937251541341759,2.401856455672437,9.0,47.0,20251110_162936,2025-11-10T16:29:38.486427,detail,converter,0,0.0,0.0
,Overhead,AC,394,Advanced Aluminum Conductor,100,0.5740206383353735,LCC Converter,0,False,0,,,44.304087248557465,0.03937251541341759,2.401856455672437,9.0,47.0,20251110_162936,2025-11-10T16:29:38.486427,detail,structure,1607613.2054848578,75557820.65778832,27536345.772434715
,Overhead,AC,394,Advanced Aluminum Conductor,100,0.5740206383353735,LCC Converter,0,False,0,,,44.304087248557465,0.03937251541341759,2.401856455672437,9.0,47.0,20251110_162936,2025-11-10T16:29:38.486427,detail,vegetation,877613.2054848577,41247820.657788314,15032385.02783838
,Overhead,AC,394,Advanced Aluminum Conductor,100,0.5740206383353735,LCC Converter,0,False,0,,,44.304087248557465,0.03937251541341759,2.401856455672437,9.0,47.0,20251110_162936,2025-11-10T16:29:38.486427,summary,all,2617527.8506697156,123023808.98147663,44834884.23652293
,Overhead,AC,394,Advanced Aluminum Conductor,100,0.6902886383732075,LCC Converter,0,False,0,,,45.02484425645152,0.02889643599699354,1.104908920603928,5.0,50.0,20251110_162938,2025-11-10T16:29:40.428894,detail,conductor,132301.4397,6615071.984999999,2387942.106011514
,Overhead,AC,394,Advanced Aluminum Conductor,100,0.6902886383732075,LCC Converter,0,False,0,,,45.02484425645152,0.02889643599699354,1.104908920603928,5.0,50.0,20251110_162938,2025-11-10T16:29:40.428894,detail,converter,0,0.0,0.0
,Overhead,AC,394,Advanced Aluminum Conductor,100,0.6902886383732075,LCC Converter,0,False,0,,,45.02484425645152,0.02889643599699354,1.104908920603928,5.0,50.0,20251110_162938,2025-11-10T16:29:40.428894,detail,structure,1734026.2264337495,86701311.32168747,31297877.395883005
,Overhead,AC,394,Advanced Aluminum Conductor,100,0.6902886383732075,LCC Converter,0,False,0,,,45.02484425645152,0.02889643599699354,1.104908920603928,5.0,50.0,20251110_162938,2025-11-10T16:29:40.428894,detail,vegetation,1004026.2264337495,50201311.321687475,18121922.989482038
,Overhead,AC,394,Advanced Aluminum Conductor,100,0.6902886383732075,LCC Converter,0,False,0,,,45.02484425645152,0.02889643599699354,1.104908920603928,5.0,50.0,20251110_162938,2025-11-10T16:29:40.428894,summary,all,2870353.892567499,143517694.62837493,51807742.49137656
,Overhead,AC,394,Advanced Aluminum Conductor,100,0.6731991252443714,LCC Converter,0,False,0,,,47.499153154330145,0.033590066152766926,1.8715510062640304,11.0,42.0,20251110_162940,2025-11-10T16:29:42.373900,detail,conductor,132301.4397,5556660.4673999995,2414829.3309130305
,Overhead,AC,394,Advanced Aluminum Conductor,100,0.6731991252443714,LCC Converter,0,False,0,,,47.499153154330145,0.033590066152766926,1.8715510062640304,11.0,42.0,20251110_162940,2025-11-10T16:29:42.373900,detail,converter,0,0.0,0.0
,Overhead,AC,394,Advanced Aluminum Conductor,100,0.6731991252443714,LCC Converter,0,False,0,,,47.499153154330145,0.033590066152766926,1.8715510062640304,11.0,42.0,20251110_162940,2025-11-10T16:29:42.373900,detail,structure,1562343.7167744762,65618436.104528,28516646.839140065
,Overhead,AC,394,Advanced Aluminum Conductor,100,0.6731991252443714,LCC Converter,0,False,0,,,47.499153154330145,0.033590066152766926,1.8715510062640304,11.0,42.0,20251110_162940,2025-11-10T16:29:42.373900,detail,vegetation,832343.7167744762,34958436.104528,15192336.721549472
,Overhead,AC,394,Advanced Aluminum Conductor,100,0.6731991252443714,LCC Converter,0,False,0,,,47.499153154330145,0.033590066152766926,1.8715510062640304,11.0,42.0,20251110_162940,2025-11-10T16:29:42.373900,summary,all,2526988.8732489524,106133532.676456,46123812.89160257
,Overhead,AC,394,Advanced Aluminum Conductor,100,0.5649190148361773,LCC Converter,0,False,0,,,49.25414181378772,0.03959626250634474,1.5756088433720232,13.0,41.0,20251110_162942,2025-11-10T16:29:44.380584,detail,conductor,132301.4397,5424359.0276999995,3336443.512047421
,Overhead,AC,394,Advanced Aluminum Conductor,100,0.5649190148361773,LCC Converter,0,False,0,,,49.25414181378772,0.03959626250634474,1.5756088433720232,13.0,41.0,20251110_162942,2025-11-10T16:29:44.380584,detail,converter,0,0.0,0.0
,Overhead,AC,394,Advanced Aluminum Conductor,100,0.5649190148361773,LCC Converter,0,False,0,,,49.25414181378772,0.03959626250634474,1.5756088433720232,13.0,41.0,20251110_162942,2025-11-10T16:29:44.380584,detail,structure,1545531.2811784162,63366782.52831507,38975976.58382903
,Overhead,AC,394,Advanced Aluminum Conductor,100,0.5649190148361773,LCC Converter,0,False,0,,,49.25414181378772,0.03959626250634474,1.5756088433720232,13.0,41.0,20251110_162942,2025-11-10T16:29:44.380584,detail,vegetation,815531.2811784163,33436782.52831507,20566473.48758556
,Overhead,AC,394,Advanced Aluminum Conductor,100,0.5649190148361773,LCC Converter,0,False,0,,,49.25414181378772,0.03959626250634474,1.5756088433720232,13.0,41.0,20251110_162942,2025-11-10T16:29:44.380584,summary,all,2493364.0020568324,102227924.08433014,62878893.583462015
,Overhead,AC,394,Advanced Aluminum Conductor,100,0.713768284498619,LCC Converter,0,False,0,,,70.23606279502013,0.023618619696914412,1.7107510728796904,3.0,54.0,20251110_162944,2025-11-10T16:29:46.295914,detail,conductor,132301.4397,7144277.743799999,2759375.376509862
,Overhead,AC,394,Advanced Aluminum Conductor,100,0.713768284498619,LCC Converter,0,False,0,,,70.23606279502013,0.023618619696914412,1.7107510728796904,3.0,54.0,20251110_162944,2025-11-10T16:29:46.295914,detail,converter,0,0.0,0.0
,Overhead,AC,394,Advanced Aluminum Conductor,100,0.713768284498619,LCC Converter,0,False,0,,,70.23606279502013,0.023618619696914412,1.7107510728796904,3.0,54.0,20251110_162944,2025-11-10T16:29:46.295914,detail,structure,1603140.8366294298,86569605.17798921,33436275.21895114
,Overhead,AC,394,Advanced Aluminum Conductor,100,0.713768284498619,LCC Converter,0,False,0,,,70.23606279502013,0.023618619696914412,1.7107510728796904,3.0,54.0,20251110_162944,2025-11-10T16:29:46.295914,detail,vegetation,873140.8366294297,47149605.17798921,18210862.484064624
,Overhead,AC,394,Advanced Aluminum Conductor,100,0.713768284498619,LCC Converter,0,False,0,,,70.23606279502013,0.023618619696914412,1.7107510728796904,3.0,54.0,20251110_162944,2025-11-10T16:29:46.295914,summary,all,2608583.1129588597,140863488.0997784,54406513.07952563
,Overhead,AC,394,Advanced Aluminum Conductor,100,0.6918078611030647,LCC Converter,0,False,0,,,53.99411878470377,0.022809038276533557,2.6590927161956355,5.0,46.0,20251110_162946,2025-11-10T16:29:48.274982,detail,conductor,132301.4397,6085866.226199999,2284055.6270057973
,Overhead,AC,394,Advanced Aluminum Conductor,100,0.6918078611030647,LCC Converter,0,False,0,,,53.99411878470377,0.022809038276533557,2.6590927161956355,5.0,46.0,20251110_162946,2025-11-10T16:29:48.274982,detail,converter,0,0.0,0.0
,Overhead,AC,394,Advanced Aluminum Conductor,100,0.6918078611030647,LCC Converter,0,False,0,,,53.99411878470377,0.022809038276533557,2.6590927161956355,5.0,46.0,20251110_162946,2025-11-10T16:29:48.274982,detail,structure,1121220.769945933,51576155.417512916,19356785.64434232
,Overhead,AC,394,Advanced Aluminum Conductor,100,0.6918078611030647,LCC Converter,0,False,0,,,53.99411878470377,0.022809038276533557,2.6590927161956355,5.0,46.0,20251110_162946,2025-11-10T16:29:48.274982,detail,vegetation,391220.7699459331,17996155.41751292,6754045.93497065
,Overhead,AC,394,Advanced Aluminum Conductor,100,0.6918078611030647,LCC Converter,0,False,0,,,53.99411878470377,0.022809038276533557,2.6590927161956355,5.0,46.0,20251110_162946,2025-11-10T16:29:48.274982,summary,all,1644742.979591866,75658177.06122583,28394887.206318766
,Overhead,AC,394,Advanced Aluminum Conductor,100,0.7682761014819837,LCC Converter,0,False,0,,,66.66280040918436,0.022106066509640043,1.5568917765995876,2.0,48.0,20251110_162948,2025-11-10T16:29:50.262304,detail,conductor,132301.4397,6350469.105599999,2423959.84265775
,Overhead,AC,394,Advanced Aluminum Conductor,100,0.7682761014819837,LCC Converter,0,False,0,,,66.66280040918436,0.022106066509640043,1.5568917765995876,2.0,48.0,20251110_162948,2025-11-10T16:29:50.262304,detail,converter,0,0.0,0.0
,Overhead,AC,394,Advanced Aluminum Conductor,100,0.7682761014819837,LCC Converter,0,False,0,,,66.66280040918436,0.022106066509640043,1.5568917765995876,2.0,48.0,20251110_162948,2025-11-10T16:29:50.262304,detail,structure,1682357.6103427883,80753165.29645383,30823302.435011767
,Overhead,AC,394,Advanced Aluminum Conductor,100,0.7682761014819837,LCC Converter,0,False,0,,,66.66280040918436,0.022106066509640043,1.5568917765995876,2.0,48.0,20251110_162948,2025-11-10T16:29:50.262304,detail,vegetation,952357.6103427883,45713165.29645383,17448612.868877307
,Overhead,AC,394,Advanced Aluminum Conductor,100,0.7682761014819837,LCC Converter,0,False,0,,,66.66280040918436,0.022106066509640043,1.5568917765995876,2.0,48.0,20251110_162948,2025-11-10T16:29:50.262304,summary,all,2767016.6603855765,132816799.69850767,50695875.146546826
,Overhead,AC,394,Advanced Aluminum Conductor,100,0.6529632375018859,LCC Converter,0,False,0,,,43.42662885111394,0.027830641765549162,1.4524125041945966,7.0,51.0,20251110_162950,2025-11-10T16:29:52.229624,detail,conductor,132301.4397,6747373.424699999,2874794.55203377
,Overhead,AC,394,Advanced Aluminum Conductor,100,0.6529632375018859,LCC Converter,0,False,0,,,43.42662885111394,0.027830641765549162,1.4524125041945966,7.0,51.0,20251110_162950,2025-11-10T16:29:52.229624,detail,converter,0,0.0,0.0
,Overhead,AC,394,Advanced Aluminum Conductor,100,0.6529632375018859,LCC Converter,0,False,0,,,43.42662885111394,0.027830641765549162,1.4524125041945966,7.0,51.0,20251110_162950,2025-11-10T16:29:52.229624,detail,structure,1595022.8034683964,81346162.97688822,34658450.24950683
,Overhead,AC,394,Advanced Aluminum Conductor,100,0.6529632375018859,LCC Converter,0,False,0,,,43.42662885111394,0.027830641765549162,1.4524125041945966,7.0,51.0,20251110_162950,2025-11-10T16:29:52.229624,detail,vegetation,865022.8034683963,44116162.97688821,18796188.827837247
,Overhead,AC,394,Advanced Aluminum Conductor,100,0.6529632375018859,LCC Converter,0,False,0,,,43.42662885111394,0.027830641765549162,1.4524125041945966,7.0,51.0,20251110_162950,2025-11-10T16:29:52.229624,summary,all,2592347.046636793,132209699.37847644,56329433.62937784
,Overhead,AC,394,Advanced Aluminum Conductor,100,0.5801311716828422,LCC Converter,0,False,0,,,67.80318443466129,0.024152472575144263,1.2815438311709397,5.0,45.0,20251110_162952,2025-11-10T16:29:54.210992,detail,conductor,132301.4397,5953564.786499999,2344011.1808475982
,Overhead,AC,394,Advanced Aluminum Conductor,100,0.5801311716828422,LCC Converter,0,False,0,,,67.80318443466129,0.024152472575144263,1.2815438311709397,5.0,45.0,20251110_162952,2025-11-10T16:29:54.210992,detail,converter,0,0.0,0.0
,Overhead,AC,394,Advanced Aluminum Conductor,100,0.5801311716828422,LCC Converter,0,False,0,,,67.80318443466129,0.024152472575144263,1.2815438311709397,5.0,45.0,20251110_162952,2025-11-10T16:29:54.210992,detail,structure,1482269.0249353796,66702106.12209208,26261658.039028868
,Overhead,AC,394,Advanced Aluminum Conductor,100,0.5801311716828422,LCC Converter,0,False,0,,,67.80318443466129,0.024152472575144263,1.2815438311709397,5.0,45.0,20251110_162952,2025-11-10T16:29:54.210992,detail,vegetation,752269.0249353795,33852106.122092076,13328101.413350305
,Overhead,AC,394,Advanced Aluminum Conductor,100,0.5801311716828422,LCC Converter,0,False,0,,,67.80318443466129,0.024152472575144263,1.2815438311709397,5.0,45.0,20251110_162952,2025-11-10T16:29:54.210992,summary,all,2366839.4895707592,106507777.03068414,41933770.633226775
,Overhead,AC,394,Advanced Aluminum Conductor,100,0.678352785212677,LCC Converter,0,False,0,,,53.89878046457197,0.03399405648658527,2.965716911774661,4.0,46.0,20251110_162954,2025-11-10T16:29:56.174988,detail,conductor,132301.4397,6085866.226199999,2463453.6087527294
,Overhead,AC,394,Advanced Aluminum Conductor,100,0.678352785212677,LCC Converter,0,False,0,,,53.89878046457197,0.03399405648658527,2.965716911774661,4.0,46.0,20251110_162954,2025-11-10T16:29:56.174988,detail,converter,0,0.0,0.0
,Overhead,AC,394,Advanced Aluminum Conductor,100,0.678352785212677,LCC Converter,0,False,0,,,53.89878046457197,0.03399405648658527,2.965716911774661,4.0,46.0,20251110_162954,2025-11-10T16:29:56.174988,detail,structure,1421661.616520609,65396434.35994802,26471347.912648093
,Overhead,AC,394,Advanced Aluminum Conductor,100,0.678352785212677,LCC Converter,0,False,0,,,53.89878046457197,0.03399405648658527,2.965716911774661,4.0,46.0,20251110_162954,2025-11-10T16:29:56.174988,detail,vegetation,691661.616520609,31816434.359948013,12878743.489995752
,Overhead,AC,394,Advanced Aluminum Conductor,100,0.678352785212677,LCC Converter,0,False,0,,,53.89878046457197,0.03399405648658527,2.965716911774661,4.0,46.0,20251110_162954,2025-11-10T16:29:56.174988,summary,all,2245624.672741218,103298734.94609603,41813545.01139657
,Overhead,AC,394,Advanced Aluminum Conductor,100,0.6468354458647978,LCC Converter,0,False,0,,,74.39732675840078,0.03282586017745959,1.6486429395577937,0.0,53.0,20251110_162956,2025-11-10T16:29:58.116707,detail,conductor,132301.4397,7011976.304099999,2511200.548452519
,Overhead,AC,394,Advanced Aluminum Conductor,100,0.6468354458647978,LCC Converter,0,False,0,,,74.39732675840078,0.03282586017745959,1.6486429395577937,0.0,53.0,20251110_162956,2025-11-10T16:29:58.116707,detail,converter,0,0.0,0.0
,Overhead,AC,394,Advanced Aluminum Conductor,100,0.6468354458647978,LCC Converter,0,False,0,,,74.39732675840078,0.03282586017745959,1.6486429395577937,0.0,53.0,20251110_162956,2025-11-10T16:29:58.116707,detail,structure,1257430.7238551297,66643828.36432187,23867168.2677543
,Overhead,AC,394,Advanced Aluminum Conductor,100,0.6468354458647978,LCC Converter,0,False,0,,,74.39732675840078,0.03282586017745959,1.6486429395577937,0.0,53.0,20251110_162956,2025-11-10T16:29:58.116707,detail,vegetation,527430.7238551297,27953828.364321873,10011110.430990346
,Overhead,AC,394,Advanced Aluminum Conductor,100,0.6468354458647978,LCC Converter,0,False,0,,,74.39732675840078,0.03282586017745959,1.6486429395577937,0.0,53.0,20251110_162956,2025-11-10T16:29:58.116707,summary,all,1917162.8874102593,101609633.03274374,36389479.247197166
,Overhead,AC,394,Advanced Aluminum Conductor,100,0.5614422429554412,LCC Converter,0,False,0,,,59.13669607625898,0.021463996981688237,2.1597707540849416,2.0,43.0,20251110_162958,2025-11-10T16:30:00.030596,detail,conductor,132301.4397,5688961.9070999995,1801645.5952472205
,Overhead,AC,394,Advanced Aluminum Conductor,100,0.5614422429554412,LCC Converter,0,False,0,,,59.13669607625898,0.021463996981688237,2.1597707540849416,2.0,43.0,20251110_162958,2025-11-10T16:30:00.030596,detail,converter,0,0.0,0.0
,Overhead,AC,394,Advanced Aluminum Conductor,100,0.5614422429554412,LCC Converter,0,False,0,,,59.13669607625898,0.021463996981688237,2.1597707540849416,2.0,43.0,20251110_162958,2025-11-10T16:30:00.030596,detail,structure,1690108.5223123697,72674666.4594319,23015445.4979364
,Overhead,AC,394,Advanced Aluminum Conductor,100,0.5614422429554412,LCC Converter,0,False,0,,,59.13669607625898,0.021463996981688237,2.1597707540849416,2.0,43.0,20251110_162958,2025-11-10T16:30:00.030596,detail,vegetation,960108.5223123698,41284666.4594319,13074500.88302704
,Overhead,AC,394,Advanced Aluminum Conductor,100,0.5614422429554412,LCC Converter,0,False,0,,,59.13669607625898,0.021463996981688237,2.1597707540849416,2.0,43.0,20251110_162958,2025-11-10T16:30:00.030596,summary,all,2782518.4843247393,119648294.82596381,37891591.97621066
,Overhead,AC,394,Advanced Aluminum Conductor,100,0.6635983142993281,LCC Converter,0,False,0,,,44.911020796826136,0.03577737062903637,1.01435236236809,15.0,55.0,20251110_163000,2025-11-10T16:30:01.867864,detail,conductor,132301.4397,7276579.183499999,3280301.8591325255
,Overhead,AC,394,Advanced Aluminum Conductor,100,0.6635983142993281,LCC Converter,0,False,0,,,44.911020796826136,0.03577737062903637,1.01435236236809,15.0,55.0,20251110_163000,2025-11-10T16:30:01.867864,detail,converter,0,0.0,0.0
,Overhead,AC,394,Advanced Aluminum Conductor,100,0.6635983142993281,LCC Converter,0,False,0,,,44.911020796826136,0.03577737062903637,1.01435236236809,15.0,55.0,20251110_163000,2025-11-10T16:30:01.867864,detail,structure,1626641.3468162944,89465274.07489619,40331190.99990661
,Overhead,AC,394,Advanced Aluminum Conductor,100,0.6635983142993281,LCC Converter,0,False,0,,,44.911020796826136,0.03577737062903637,1.01435236236809,15.0,55.0,20251110_163000,2025-11-10T16:30:01.867864,detail,vegetation,896641.3468162944,49315274.07489619,22231460.848846536
,Overhead,AC,394,Advanced Aluminum Conductor,100,0.6635983142993281,LCC Converter,0,False,0,,,44.911020796826136,0.03577737062903637,1.01435236236809,15.0,55.0,20251110_163000,2025-11-10T16:30:01.867864,summary,all,2655584.1333325887,146057127.33329237,65842953.70788567
,Overhead,AC,394,Advanced Aluminum Conductor,100,0.7695907884061822,LCC Converter,0,False,0,,,66.51042146908324,0.030204253927046724,1.724330997275034,16.0,42.0,20251110_163002,2025-11-10T16:30:03.704357,detail,conductor,132301.4397,5556660.4673999995,1714126.5796696113
,Overhead,AC,394,Advanced Aluminum Conductor,100,0.7695907884061822,LCC Converter,0,False,0,,,66.51042146908324,0.030204253927046724,1.724330997275034,16.0,42.0,20251110_163002,2025-11-10T16:30:03.704357,detail,converter,0,0.0,0.0
,Overhead,AC,394,Advanced Aluminum Conductor,100,0.7695907884061822,LCC Converter,0,False,0,,,66.51042146908324,0.030204253927046724,1.724330997275034,16.0,42.0,20251110_163002,2025-11-10T16:30:03.704357,detail,structure,1276344.5149244359,53606469.62682631,16536600.52988442
,Overhead,AC,394,Advanced Aluminum Conductor,100,0.7695907884061822,LCC Converter,0,False,0,,,66.51042146908324,0.030204253927046724,1.724330997275034,16.0,42.0,20251110_163002,2025-11-10T16:30:03.704357,detail,vegetation,546344.5149244358,22946469.6268263,7078559.816221529
,Overhead,AC,394,Advanced Aluminum Conductor,100,0.7695907884061822,LCC Converter,0,False,0,,,66.51042146908324,0.030204253927046724,1.724330997275034,16.0,42.0,20251110_163002,2025-11-10T16:30:03.704357,summary,all,1954990.4695488717,82109599.72105262,25329286.925775558
,Overhead,AC,394,Advanced Aluminum Conductor,100,0.5611659718964291,LCC Converter,0,False,0,,,50.35514606227501,0.023135231550588137,2.302025426260066,5.0,52.0,20251110_163004,2025-11-10T16:30:05.549492,detail,conductor,132301.4397,6879674.864399999,2732528.3562149843
,Overhead,AC,394,Advanced Aluminum Conductor,100,0.5611659718964291,LCC Converter,0,False,0,,,50.35514606227501,0.023135231550588137,2.302025426260066,5.0,52.0,20251110_163004,2025-11-10T16:30:05.549492,detail,converter,0,0.0,0.0
,Overhead,AC,394,Advanced Aluminum Conductor,100,0.5611659718964291,LCC Converter,0,False,0,,,50.35514606227501,0.023135231550588137,2.302025426260066,5.0,52.0,20251110_163004,2025-11-10T16:30:05.549492,detail,structure,1469099.034000602,76393149.76803131,30342487.41054846
,Overhead,AC,394,Advanced Aluminum Conductor,100,0.5611659718964291,LCC Converter,0,False,0,,,50.35514606227501,0.023135231550588137,2.302025426260066,5.0,52.0,20251110_163004,2025-11-10T16:30:05.549492,detail,vegetation,739099.0340006021,38433149.76803131,15265208.54978835
,Overhead,AC,394,Advanced Aluminum Conductor,100,0.5611659718964291,LCC Converter,0,False,0,,,50.35514606227501,0.023135231550588137,2.302025426260066,5.0,52.0,20251110_163004,2025-11-10T16:30:05.549492,summary,all,2340499.507701204,121705974.40046263,48340224.3165518
,Overhead,AC,394,Advanced Aluminum Conductor,100,0.6175159907793012,LCC Converter,0,False,0,,,37.9817365037166,0.030462059956667818,0.8450978252363902,2.0,52.0,20251110_163005,2025-11-10T16:30:07.449770,detail,conductor,132301.4397,6879674.864399999,1880851.5900899624
,Overhead,AC,394,Advanced Aluminum Conductor,100,0.6175159907793012,LCC Converter,0,False,0,,,37.9817365037166,0.030462059956667818,0.8450978252363902,2.0,52.0,20251110_163005,2025-11-10T16:30:07.449770,detail,converter,0,0.0,0.0
,Overhead,AC,394,Advanced Aluminum Conductor,100,0.6175159907793012,LCC Converter,0,False,0,,,37.9817365037166,0.030462059956667818,0.8450978252363902,2.0,52.0,20251110_163005,2025-11-10T16:30:07.449770,detail,structure,1502213.006345327,78115076.32995701,21356076.910767205
,Overhead,AC,394,Advanced Aluminum Conductor,100,0.6175159907793012,LCC Converter,0,False,0,,,37.9817365037166,0.030462059956667818,0.8450978252363902,2.0,52.0,20251110_163005,2025-11-10T16:30:07.449770,detail,vegetation,772213.006345327,40155076.32995701,10978097.170871207
,Overhead,AC,394,Advanced Aluminum Conductor,100,0.6175159907793012,LCC Converter,0,False,0,,,37.9817365037166,0.030462059956667818,0.8450978252363902,2.0,52.0,20251110_163005,2025-11-10T16:30:07.449770,summary,all,2406727.452390654,125149827.52431402,34215025.67172837
,Overhead,AC,394,Advanced Aluminum Conductor,100,0.6188437272886312,LCC Converter,0,False,0,,,53.709326980057426,0.026254066818147185,1.8016782396154807,2.0,45.0,20251110_163007,2025-11-10T16:30:09.355581,detail,conductor,132301.4397,5953564.786499999,2319625.288897205
,Overhead,AC,394,Advanced Aluminum Conductor,100,0.6188437272886312,LCC Converter,0,False,0,,,53.709326980057426,0.026254066818147185,1.8016782396154807,2.0,45.0,20251110_163007,2025-11-10T16:30:09.355581,detail,converter,0,0.0,0.0
,Overhead,AC,394,Advanced Aluminum Conductor,100,0.6188437272886312,LCC Converter,0,False,0,,,53.709326980057426,0.026254066818147185,1.8016782396154807,2.0,45.0,20251110_163007,2025-11-10T16:30:09.355581,detail,structure,1452368.5941378167,65356586.73620175,25464204.52718745
,Overhead,AC,394,Advanced Aluminum Conductor,100,0.6188437272886312,LCC Converter,0,False,0,,,53.709326980057426,0.026254066818147185,1.8016782396154807,2.0,45.0,20251110_163007,2025-11-10T16:30:09.355581,detail,vegetation,722368.5941378167,32506586.736201752,12665202.001329396
,Overhead,AC,394,Advanced Aluminum Conductor,100,0.6188437272886312,LCC Converter,0,False,0,,,53.709326980057426,0.026254066818147185,1.8016782396154807,2.0,45.0,20251110_163007,2025-11-10T16:30:09.355581,summary,all,2307038.6279756334,103816738.25890349,40449031.81741405
,Overhead,AC,394,Advanced Aluminum Conductor,100,0.5809821081633552,LCC Converter,0,False,0,,,45.55640602408056,0.03606132767896665,2.854862388594367,19.0,52.0,20251110_163009,2025-11-10T16:30:11.249844,detail,conductor,132301.4397,6879674.864399999,2673343.5648803883
,Overhead,AC,394,Advanced Aluminum Conductor,100,0.5809821081633552,LCC Converter,0,False,0,,,45.55640602408056,0.03606132767896665,2.854862388594367,19.0,52.0,20251110_163009,2025-11-10T16:30:11.249844,detail,converter,0,0.0,0.0
,Overhead,AC,394,Advanced Aluminum Conductor,100,0.5809821081633552,LCC Converter,0,False,0,,,45.55640602408056,0.03606132767896665,2.854862388594367,19.0,52.0,20251110_163009,2025-11-10T16:30:11.249844,detail,structure,1445141.050442628,75147334.62301666,29201182.816344548
,Overhead,AC,394,Advanced Aluminum Conductor,100,0.5809821081633552,LCC Converter,0,False,0,,,45.55640602408056,0.03606132767896665,2.854862388594367,19.0,52.0,20251110_163009,2025-11-10T16:30:11.249844,detail,vegetation,715141.0504426281,37187334.62301666,14450468.033588607
,Overhead,AC,394,Advanced Aluminum Conductor,100,0.5809821081633552,LCC Converter,0,False,0,,,45.55640602408056,0.03606132767896665,2.854862388594367,19.0,52.0,20251110_163009,2025-11-10T16:30:11.249844,summary,all,2292583.540585256,119214344.11043331,46324994.41481355
,Overhead,AC,394,Advanced Aluminum Conductor,100,0.5684375792008424,LCC Converter,0,False,0,,,68.04495852650979,0.041396775074772706,1.864664510450091,17.0,52.0,20251110_163011,2025-11-10T16:30:13.142800,detail,conductor,132301.4397,6879674.864399999,1638651.5433891395
,Overhead,AC,394,Advanced Aluminum Conductor,100,0.5684375792008424,LCC Converter,0,False,0,,,68.04495852650979,0.041396775074772706,1.864664510450091,17.0,52.0,20251110_163011,2025-11-10T16:30:13.142800,detail,converter,0,0.0,0.0
,Overhead,AC,394,Advanced Aluminum Conductor,100,0.5684375792008424,LCC Converter,0,False,0,,,68.04495852650979,0.041396775074772706,1.864664510450091,17.0,52.0,20251110_163011,2025-11-10T16:30:13.142800,detail,structure,1561762.3827423588,81211643.90260266,19343586.46958751
,Overhead,AC,394,Advanced Aluminum Conductor,100,0.5684375792008424,LCC Converter,0,False,0,,,68.04495852650979,0.041396775074772706,1.864664510450091,17.0,52.0,20251110_163011,2025-11-10T16:30:13.142800,detail,vegetation,831762.3827423588,43251643.90260266,10301994.56109014
,Overhead,AC,394,Advanced Aluminum Conductor,100,0.5684375792008424,LCC Converter,0,False,0,,,68.04495852650979,0.041396775074772706,1.864664510450091,17.0,52.0,20251110_163011,2025-11-10T16:30:13.142800,summary,all,2525826.2051847177,131342962.66960531,31284232.574066788
,Overhead,AC,394,Advanced Aluminum Conductor,100,0.6832180747898808,LCC Converter,0,False,0,,,39.56011141838957,0.03344980816532015,0.705715543549183,18.0,49.0,20251110_163013,2025-11-10T16:30:15.191445,detail,conductor,132301.4397,6482770.545299999,3621751.2719482416
,Overhead,AC,394,Advanced Aluminum Conductor,100,0.6832180747898808,LCC Converter,0,False,0,,,39.56011141838957,0.03344980816532015,0.705715543549183,18.0,49.0,20251110_163013,2025-11-10T16:30:15.191445,detail,converter,0,0.0,0.0
,Overhead,AC,394,Advanced Aluminum Conductor,100,0.6832180747898808,LCC Converter,0,False,0,,,39.56011141838957,0.03344980816532015,0.705715543549183,18.0,49.0,20251110_163013,2025-11-10T16:30:15.191445,detail,structure,1698653.451736907,83234019.13510844,46500630.026231036
,Overhead,AC,394,Advanced Aluminum Conductor,100,0.6832180747898808,LCC Converter,0,False,0,,,39.56011141838957,0.03344980816532015,0.705715543549183,18.0,49.0,20251110_163013,2025-11-10T16:30:15.191445,detail,vegetation,968653.4517369069,47464019.13510844,26516883.55667377
,Overhead,AC,394,Advanced Aluminum Conductor,100,0.6832180747898808,LCC Converter,0,False,0,,,39.56011141838957,0.03344980816532015,0.705715543549183,18.0,49.0,20251110_163013,2025-11-10T16:30:15.191445,summary,all,2799608.343173814,137180808.8155169,76639264.85485305
,Overhead,AC,394,Advanced Aluminum Conductor,100,0.6463647892890739,LCC Converter,0,False,0,,,63.07494455239932,0.022503280629175337,1.4478332226695592,13.0,40.0,20251110_163015,2025-11-10T16:30:17.049067,detail,conductor,132301.4397,5292057.5879999995,3189113.020343637
,Overhead,AC,394,Advanced Aluminum Conductor,100,0.6463647892890739,LCC Converter,0,False,0,,,63.07494455239932,0.022503280629175337,1.4478332226695592,13.0,40.0,20251110_163015,2025-11-10T16:30:17.049067,detail,converter,0,0.0,0.0
,Overhead,AC,394,Advanced Aluminum Conductor,100,0.6463647892890739,LCC Converter,0,False,0,,,63.07494455239932,0.022503280629175337,1.4478332226695592,13.0,40.0,20251110_163015,2025-11-10T16:30:17.049067,detail,structure,1599925.6253803938,63997025.015215755,38566047.76978894
,Overhead,AC,394,Advanced Aluminum Conductor,100,0.6463647892890739,LCC Converter,0,False,0,,,63.07494455239932,0.022503280629175337,1.4478332226695592,13.0,40.0,20251110_163015,2025-11-10T16:30:17.049067,detail,vegetation,869925.6253803938,34797025.015215755,20969470.513110343
,Overhead,AC,394,Advanced Aluminum Conductor,100,0.6463647892890739,LCC Converter,0,False,0,,,63.07494455239932,0.022503280629175337,1.4478332226695592,13.0,40.0,20251110_163015,2025-11-10T16:30:17.049067,summary,all,2602152.6904607876,104086107.61843151,62724631.30324292
,Overhead,AC,394,Advanced Aluminum Conductor,100,0.6152511357304402,LCC Converter,0,False,0,,,66.9738493307143,0.028626549857752995,2.2029765812142603,14.0,46.0,20251110_163017,2025-11-10T16:30:18.951110,detail,conductor,132301.4397,6085866.226199999,4262117.863621886
,Overhead,AC,394,Advanced Aluminum Conductor,100,0.6152511357304402,LCC Converter,0,False,0,,,66.9738493307143,0.028626549857752995,2.2029765812142603,14.0,46.0,20251110_163017,2025-11-10T16:30:18.951110,detail,converter,0,0.0,0.0
,Overhead,AC,394,Advanced Aluminum Conductor,100,0.6152511357304402,LCC Converter,0,False,0,,,66.9738493307143,0.028626549857752995,2.2029765812142603,14.0,46.0,20251110_163017,2025-11-10T16:30:18.951110,detail,structure,1485222.1612068438,68320219.41551481,47846734.84340617
,Overhead,AC,394,Advanced Aluminum Conductor,100,0.6152511357304402,LCC Converter,0,False,0,,,66.9738493307143,0.028626549857752995,2.2029765812142603,14.0,46.0,20251110_163017,2025-11-10T16:30:18.951110,detail,vegetation,755222.1612068438,34740219.41551481,24329635.955449216
,Overhead,AC,394,Advanced Aluminum Conductor,100,0.6152511357304402,LCC Converter,0,False,0,,,66.9738493307143,0.028626549857752995,2.2029765812142603,14.0,46.0,20251110_163017,2025-11-10T16:30:18.951110,summary,all,2372745.7621136876,109146305.05722962,76438488.66247727
,Overhead,AC,394,Advanced Aluminum Conductor,100,0.7605778114591047,LCC Converter,0,False,0,,,68.26786935488822,0.023500921158883185,1.4646021350109752,2.0,60.0,20251110_163019,2025-11-10T16:30:20.820133,detail,conductor,132301.4397,7938086.381999999,3073276.173698141
,Overhead,AC,394,Advanced Aluminum Conductor,100,0.7605778114591047,LCC Converter,0,False,0,,,68.26786935488822,0.023500921158883185,1.4646021350109752,2.0,60.0,20251110_163019,2025-11-10T16:30:20.820133,detail,converter,0,0.0,0.0
,Overhead,AC,394,Advanced Aluminum Conductor,100,0.7605778114591047,LCC Converter,0,False,0,,,68.26786935488822,0.023500921158883185,1.4646021350109752,2.0,60.0,20251110_163019,2025-11-10T16:30:20.820133,detail,structure,1404608.138325296,84276488.29951777,32628131.142685004
,Overhead,AC,394,Advanced Aluminum Conductor,100,0.7605778114591047,LCC Converter,0,False,0,,,68.26786935488822,0.023500921158883185,1.4646021350109752,2.0,60.0,20251110_163019,2025-11-10T16:30:20.820133,detail,vegetation,674608.1383252961,40476488.299517766,15670707.157829905
,Overhead,AC,394,Advanced Aluminum Conductor,100,0.7605778114591047,LCC Converter,0,False,0,,,68.26786935488822,0.023500921158883185,1.4646021350109752,2.0,60.0,20251110_163019,2025-11-10T16:30:20.820133,summary,all,2211517.716350592,132691062.98103553,51372114.47421305
,Overhead,AC,394,Advanced Aluminum Conductor,100,0.6874941383755728,LCC Converter,0,False,0,,,58.46514278596913,0.02166572058805246,2.535192694312004,10.0,42.0,20251110_163021,2025-11-10T16:30:22.732865,detail,conductor,132301.4397,5556660.4673999995,1934327.9001986722
,Overhead,AC,394,Advanced Aluminum Conductor,100,0.6874941383755728,LCC Converter,0,False,0,,,58.46514278596913,0.02166572058805246,2.535192694312004,10.0,42.0,20251110_163021,2025-11-10T16:30:22.732865,detail,converter,0,0.0,0.0
,Overhead,AC,394,Advanced Aluminum Conductor,100,0.6874941383755728,LCC Converter,0,False,0,,,58.46514278596913,0.02166572058805246,2.535192694312004,10.0,42.0,20251110_163021,2025-11-10T16:30:22.732865,detail,structure,1307853.3220293773,54929839.52523385,19121614.820711154
,Overhead,AC,394,Advanced Aluminum Conductor,100,0.6874941383755728,LCC Converter,0,False,0,,,58.46514278596913,0.02166572058805246,2.535192694312004,10.0,42.0,20251110_163021,2025-11-10T16:30:22.732865,detail,vegetation,577853.3220293775,24269839.525233854,8448568.704607323
,Overhead,AC,394,Advanced Aluminum Conductor,100,0.6874941383755728,LCC Converter,0,False,0,,,58.46514278596913,0.02166572058805246,2.535192694312004,10.0,42.0,20251110_163021,2025-11-10T16:30:22.732865,summary,all,2018008.0837587547,84756339.5178677,29504511.42551715
,Overhead,AC,394,Advanced Aluminum Conductor,100,0.6520280598263108,LCC Converter,0,False,0,,,44.018771375198064,0.029384365227208997,1.1995323257412451,13.0,55.0,20251110_163023,2025-11-10T16:30:24.594823,detail,conductor,132301.4397,7276579.183499999,2677393.5690379376
,Overhead,AC,394,Advanced Aluminum Conductor,100,0.6520280598263108,LCC Converter,0,False,0,,,44.018771375198064,0.029384365227208997,1.1995323257412451,13.0,55.0,20251110_163023,2025-11-10T16:30:24.594823,detail,converter,0,0.0,0.0
,Overhead,AC,394,Advanced Aluminum Conductor,100,0.6520280598263108,LCC Converter,0,False,0,,,44.018771375198064,0.029384365227208997,1.1995323257412451,13.0,55.0,20251110_163023,2025-11-10T16:30:24.594823,detail,structure,1505052.6582843577,82777896.20563968,30457856.826738633
,Overhead,AC,394,Advanced Aluminum Conductor,100,0.6520280598263108,LCC Converter,0,False,0,,,44.018771375198064,0.029384365227208997,1.1995323257412451,13.0,55.0,20251110_163023,2025-11-10T16:30:24.594823,detail,vegetation,775052.6582843577,42627896.205639675,15684795.325445717
,Overhead,AC,394,Advanced Aluminum Conductor,100,0.6520280598263108,LCC Converter,0,False,0,,,44.018771375198064,0.029384365227208997,1.1995323257412451,13.0,55.0,20251110_163023,2025-11-10T16:30:24.594823,summary,all,2412406.7562687155,132682371.59477936,48820045.72122229
,Overhead,AC,394,Advanced Aluminum Conductor,100,0.599319663675864,LCC Converter,0,False,0,,,70.16401077959642,0.03861049760807026,1.0184247823203072,4.0,46.0,20251110_163024,2025-11-10T16:30:26.470244,detail,conductor,132301.4397,6085866.226199999,2058103.4963674657
,Overhead,AC,394,Advanced Aluminum Conductor,100,0.599319663675864,LCC Converter,0,False,0,,,70.16401077959642,0.03861049760807026,1.0184247823203072,4.0,46.0,20251110_163024,2025-11-10T16:30:26.470244,detail,converter,0,0.0,0.0
,Overhead,AC,394,Advanced Aluminum Conductor,100,0.599319663675864,LCC Converter,0,False,0,,,70.16401077959642,0.03861049760807026,1.0184247823203072,4.0,46.0,20251110_163024,2025-11-10T16:30:26.470244,detail,structure,1145664.849274158,52700583.06661127,17822155.505662646
,Overhead,AC,394,Advanced Aluminum Conductor,100,0.599319663675864,LCC Converter,0,False,0,,,70.16401077959642,0.03861049760807026,1.0184247823203072,4.0,46.0,20251110_163024,2025-11-10T16:30:26.470244,detail,vegetation,415664.8492741579,19120583.066611264,6466152.458718865
,Overhead,AC,394,Advanced Aluminum Conductor,100,0.599319663675864,LCC Converter,0,False,0,,,70.16401077959642,0.03861049760807026,1.0184247823203072,4.0,46.0,20251110_163024,2025-11-10T16:30:26.470244,summary,all,1693631.138248316,77907032.35942253,26346411.460748978
,Overhead,AC,394,Advanced Aluminum Conductor,100,0.7319701003275816,LCC Converter,0,False,0,,,53.31996518027082,0.02728756297666084,0.8778394641081446,1.0,51.0,20251110_163026,2025-11-10T16:30:28.344516,detail,conductor,132301.4397,6747373.424699999,2364372.515798012
,Overhead,AC,394,Advanced Aluminum Conductor,100,0.7319701003275816,LCC Converter,0,False,0,,,53.31996518027082,0.02728756297666084,0.8778394641081446,1.0,51.0,20251110_163026,2025-11-10T16:30:28.344516,detail,converter,0,0.0,0.0
,Overhead,AC,394,Advanced Aluminum Conductor,100,0.7319701003275816,LCC Converter,0,False,0,,,53.31996518027082,0.02728756297666084,0.8778394641081446,1.0,51.0,20251110_163026,2025-11-10T16:30:28.344516,detail,structure,1389491.341320414,70864058.40734112,24831741.406645495
,Overhead,AC,394,Advanced Aluminum Conductor,100,0.7319701003275816,LCC Converter,0,False,0,,,53.31996518027082,0.02728756297666084,0.8778394641081446,1.0,51.0,20251110_163026,2025-11-10T16:30:28.344516,detail,vegetation,659491.3413204142,33634058.40734112,11785836.989835517
,Overhead,AC,394,Advanced Aluminum Conductor,100,0.7319701003275816,LCC Converter,0,False,0,,,53.31996518027082,0.02728756297666084,0.8778394641081446,1.0,51.0,20251110_163026,2025-11-10T16:30:28.344516,summary,all,2181284.122340828,111245490.23938224,38981950.912279025
,Overhead,AC,394,Advanced Aluminum Conductor,100,0.71418353682353,LCC Converter,0,False,0,,,40.45464040573224,0.029674287339794832,1.6029995640899697,15.0,42.0,20251110_163028,2025-11-10T16:30:30.256179,detail,conductor,132301.4397,5556660.4673999995,2546029.8999542287
,Overhead,AC,394,Advanced Aluminum Conductor,100,0.71418353682353,LCC Converter,0,False,0,,,40.45464040573224,0.029674287339794832,1.6029995640899697,15.0,42.0,20251110_163028,2025-11-10T16:30:30.256179,detail,converter,0,0.0,0.0
,Overhead,AC,394,Advanced Aluminum Conductor,100,0.71418353682353,LCC Converter,0,False,0,,,40.45464040573224,0.029674287339794832,1.6029995640899697,15.0,42.0,20251110_163028,2025-11-10T16:30:30.256179,detail,structure,1719546.7900225557,72220965.18094733,33091231.294951245
,Overhead,AC,394,Advanced Aluminum Conductor,100,0.71418353682353,LCC Converter,0,False,0,,,40.45464040573224,0.029674287339794832,1.6029995640899697,15.0,42.0,20251110_163028,2025-11-10T16:30:30.256179,detail,vegetation,989546.7900225559,41560965.18094735,19042995.45427514
,Overhead,AC,394,Advanced Aluminum Conductor,100,0.71418353682353,LCC Converter,0,False,0,,,40.45464040573224,0.029674287339794832,1.6029995640899697,15.0,42.0,20251110_163028,2025-11-10T16:30:30.256179,summary,all,2841395.0197451115,119338590.82929468,54680256.64918061
,Overhead,AC,394,Advanced Aluminum Conductor,100,0.6942227490498277,LCC Converter,0,False,0,,,74.54583811813221,0.02544153822231258,1.7670270969295485,18.0,55.0,20251110_163030,2025-11-10T16:30:32.086580,detail,conductor,132301.4397,7276579.183499999,2521068.3169631106
,Overhead,AC,394,Advanced Aluminum Conductor,100,0.6942227490498277,LCC Converter,0,False,0,,,74.54583811813221,0.02544153822231258,1.7670270969295485,18.0,55.0,20251110_163030,2025-11-10T16:30:32.086580,detail,converter,0,0.0,0.0
,Overhead,AC,394,Advanced Aluminum Conductor,100,0.6942227490498277,LCC Converter,0,False,0,,,74.54583811813221,0.02544153822231258,1.7670270969295485,18.0,55.0,20251110_163030,2025-11-10T16:30:32.086580,detail,structure,1589631.4036256536,87429727.19941095,30291199.978001714
,Overhead,AC,394,Advanced Aluminum Conductor,100,0.6942227490498277,LCC Converter,0,False,0,,,74.54583811813221,0.02544153822231258,1.7670270969295485,18.0,55.0,20251110_163030,2025-11-10T16:30:32.086580,detail,vegetation,859631.4036256536,47279727.199410945,16380694.729107806
,Overhead,AC,394,Advanced Aluminum Conductor,100,0.6942227490498277,LCC Converter,0,False,0,,,74.54583811813221,0.02544153822231258,1.7670270969295485,18.0,55.0,20251110_163030,2025-11-10T16:30:32.086580,summary,all,2581564.246951307,141986033.58232188,49192963.02407263
,Overhead,AC,394,Advanced Aluminum Conductor,100,0.562628690139099,LCC Converter,0,False,0,,,49.69548085135792,0.037993275410104534,2.4104001092652636,6.0,51.0,20251110_163032,2025-11-10T16:30:33.984045,detail,conductor,132301.4397,6747373.424699999,2508602.8662740113
,Overhead,AC,394,Advanced Aluminum Conductor,100,0.562628690139099,LCC Converter,0,False,0,,,49.69548085135792,0.037993275410104534,2.4104001092652636,6.0,51.0,20251110_163032,2025-11-10T16:30:33.984045,detail,converter,0,0.0,0.0
,Overhead,AC,394,Advanced Aluminum Conductor,100,0.562628690139099,LCC Converter,0,False,0,,,49.69548085135792,0.037993275410104534,2.4104001092652636,6.0,51.0,20251110_163032,2025-11-10T16:30:33.984045,detail,structure,1541205.91392633,78601501.61024283,29223216.17936292
,Overhead,AC,394,Advanced Aluminum Conductor,100,0.562628690139099,LCC Converter,0,False,0,,,49.69548085135792,0.037993275410104534,2.4104001092652636,6.0,51.0,20251110_163032,2025-11-10T16:30:33.984045,detail,vegetation,811205.9139263299,41371501.61024283,15381491.58035217
,Overhead,AC,394,Advanced Aluminum Conductor,100,0.562628690139099,LCC Converter,0,False,0,,,49.69548085135792,0.037993275410104534,2.4104001092652636,6.0,51.0,20251110_163032,2025-11-10T16:30:33.984045,summary,all,2484713.26755266,126720376.64518566,47113310.6259891
,Overhead,AC,394,Advanced Aluminum Conductor,100,0.7389340020086901,LCC Converter,0,False,0,,,48.197625438004046,0.021970317226278978,1.1336432714369855,11.0,52.0,20251110_163034,2025-11-10T16:30:35.832057,detail,conductor,132301.4397,6879674.864399999,2640192.1120148823
,Overhead,AC,394,Advanced Aluminum Conductor,100,0.7389340020086901,LCC Converter,0,False,0,,,48.197625438004046,0.021970317226278978,1.1336432714369855,11.0,52.0,20251110_163034,2025-11-10T16:30:35.832057,detail,converter,0,0.0,0.0
,Overhead,AC,394,Advanced Aluminum Conductor,100,0.7389340020086901,LCC Converter,0,False,0,,,48.197625438004046,0.021970317226278978,1.1336432714369855,11.0,52.0,20251110_163034,2025-11-10T16:30:35.832057,detail,structure,1620297.2470848681,84255456.84841314,32334463.03058557
,Overhead,AC,394,Advanced Aluminum Conductor,100,0.7389340020086901,LCC Converter,0,False,0,,,48.197625438004046,0.021970317226278978,1.1336432714369855,11.0,52.0,20251110_163034,2025-11-10T16:30:35.832057,detail,vegetation,890297.2470848683,46295456.84841315,17766668.106046572
,Overhead,AC,394,Advanced Aluminum Conductor,100,0.7389340020086901,LCC Converter,0,False,0,,,48.197625438004046,0.021970317226278978,1.1336432714369855,11.0,52.0,20251110_163034,2025-11-10T16:30:35.832057,summary,all,2642895.9338697363,137430588.56122628,52741323.24864702
,Overhead,AC,394,Advanced Aluminum Conductor,100,0.5897098296452925,LCC Converter,0,False,0,,,41.956341711494936,0.039964527684686876,0.9524470925772096,3.0,46.0,20251110_163036,2025-11-10T16:30:37.692494,detail,conductor,132301.4397,6085866.226199999,2556956.6650422453
,Overhead,AC,394,Advanced Aluminum Conductor,100,0.5897098296452925,LCC Converter,0,False,0,,,41.956341711494936,0.039964527684686876,0.9524470925772096,3.0,46.0,20251110_163036,2025-11-10T16:30:37.692494,detail,converter,0,0.0,0.0
,Overhead,AC,394,Advanced Aluminum Conductor,100,0.5897098296452925,LCC Converter,0,False,0,,,41.956341711494936,0.039964527684686876,0.9524470925772096,3.0,46.0,20251110_163036,2025-11-10T16:30:37.692494,detail,structure,1288548.2176796026,59273218.01326172,24903447.467353337
,Overhead,AC,394,Advanced Aluminum Conductor,100,0.5897098296452925,LCC Converter,0,False,0,,,41.956341711494936,0.039964527684686876,0.9524470925772096,3.0,46.0,20251110_163036,2025-11-10T16:30:37.692494,detail,vegetation,558548.2176796027,25693218.013261724,10794920.986361174
,Overhead,AC,394,Advanced Aluminum Conductor,100,0.5897098296452925,LCC Converter,0,False,0,,,41.956341711494936,0.039964527684686876,0.9524470925772096,3.0,46.0,20251110_163036,2025-11-10T16:30:37.692494,summary,all,1979397.875059205,91052302.25272344,38255325.118756756
,Overhead,AC,394,Advanced Aluminum Conductor,100,0.762318917429383,LCC Converter,0,False,0,,,73.99362556838523,0.041058588102059805,1.971132586352579,18.0,48.0,20251110_163037,2025-11-10T16:30:39.532695,detail,conductor,132301.4397,6350469.105599999,1878487.7312636564
,Overhead,AC,394,Advanced Aluminum Conductor,100,0.762318917429383,LCC Converter,0,False,0,,,73.99362556838523,0.041058588102059805,1.971132586352579,18.0,48.0,20251110_163037,2025-11-10T16:30:39.532695,detail,converter,0,0.0,0.0
,Overhead,AC,394,Advanced Aluminum Conductor,100,0.762318917429383,LCC Converter,0,False,0,,,73.99362556838523,0.041058588102059805,1.971132586352579,18.0,48.0,20251110_163037,2025-11-10T16:30:39.532695,detail,structure,1524110.0148219797,73157280.71145502,21640142.166488916
,Overhead,AC,394,Advanced Aluminum Conductor,100,0.762318917429383,LCC Converter,0,False,0,,,73.99362556838523,0.041058588102059805,1.971132586352579,18.0,48.0,20251110_163037,2025-11-10T16:30:39.532695,detail,vegetation,794110.0148219797,38117280.711455025,11275205.496623859
,Overhead,AC,394,Advanced Aluminum Conductor,100,0.762318917429383,LCC Converter,0,False,0,,,73.99362556838523,0.041058588102059805,1.971132586352579,18.0,48.0,20251110_163037,2025-11-10T16:30:39.532695,summary,all,2450521.4693439594,117625030.52851003,34793835.39437643
,Overhead,AC,394,Advanced Aluminum Conductor,100,0.7210787414493587,LCC Converter,0,False,0,,,46.551355161278586,0.03737541306563646,1.3383477201404717,19.0,42.0,20251110_163039,2025-11-10T16:30:41.350146,detail,conductor,132301.4397,5556660.4673999995,2589180.2264906745
,Overhead,AC,394,Advanced Aluminum Conductor,100,0.7210787414493587,LCC Converter,0,False,0,,,46.551355161278586,0.03737541306563646,1.3383477201404717,19.0,42.0,20251110_163039,2025-11-10T16:30:41.350146,detail,converter,0,0.0,0.0
,Overhead,AC,394,Advanced Aluminum Conductor,100,0.7210787414493587,LCC Converter,0,False,0,,,46.551355161278586,0.03737541306563646,1.3383477201404717,19.0,42.0,20251110_163039,2025-11-10T16:30:41.350146,detail,structure,1728577.705833041,72600263.64498773,33828802.060235806
,Overhead,AC,394,Advanced Aluminum Conductor,100,0.7210787414493587,LCC Converter,0,False,0,,,46.551355161278586,0.03737541306563646,1.3383477201404717,19.0,42.0,20251110_163039,2025-11-10T16:30:41.350146,detail,vegetation,998577.7058330411,41940263.644987725,19542475.54992655
,Overhead,AC,394,Advanced Aluminum Conductor,100,0.7210787414493587,LCC Converter,0,False,0,,,46.551355161278586,0.03737541306563646,1.3383477201404717,19.0,42.0,20251110_163039,2025-11-10T16:30:41.350146,summary,all,2859456.851366082,120097187.75737545,55960457.83665303
,Overhead,AC,394,Advanced Aluminum Conductor,100,0.7345271076449892,LCC Converter,0,False,0,,,37.174913626461205,0.028527330212086543,2.753365219577817,2.0,58.0,20251110_163041,2025-11-10T16:30:43.172273,detail,conductor,132301.4397,7673483.502599999,2266986.9797101673
,Overhead,AC,394,Advanced Aluminum Conductor,100,0.7345271076449892,LCC Converter,0,False,0,,,37.174913626461205,0.028527330212086543,2.753365219577817,2.0,58.0,20251110_163041,2025-11-10T16:30:43.172273,detail,converter,0,0.0,0.0
,Overhead,AC,394,Advanced Aluminum Conductor,100,0.7345271076449892,LCC Converter,0,False,0,,,37.174913626461205,0.028527330212086543,2.753365219577817,2.0,58.0,20251110_163041,2025-11-10T16:30:43.172273,detail,structure,1187681.8680187962,68885548.34509018,20350945.061079793
,Overhead,AC,394,Advanced Aluminum Conductor,100,0.7345271076449892,LCC Converter,0,False,0,,,37.174913626461205,0.028527330212086543,2.753365219577817,2.0,58.0,20251110_163041,2025-11-10T16:30:43.172273,detail,vegetation,457681.8680187961,26545548.345090173,7842385.071551407
,Overhead,AC,394,Advanced Aluminum Conductor,100,0.7345271076449892,LCC Converter,0,False,0,,,37.174913626461205,0.028527330212086543,2.753365219577817,2.0,58.0,20251110_163041,2025-11-10T16:30:43.172273,summary,all,1777665.1757375924,103104580.19278035,30460317.112341367
,Overhead,AC,394,Advanced Aluminum Conductor,100,0.649798349877778,LCC Converter,0,False,0,,,74.13364442302107,0.03494080580421762,0.8126635832029657,8.0,43.0,20251110_163043,2025-11-10T16:30:45.025587,detail,conductor,132301.4397,5688961.9070999995,2508367.7451354912
,Overhead,AC,394,Advanced Aluminum Conductor,100,0.649798349877778,LCC Converter,0,False,0,,,74.13364442302107,0.03494080580421762,0.8126635832029657,8.0,43.0,20251110_163043,2025-11-10T16:30:45.025587,detail,converter,0,0.0,0.0
,Overhead,AC,394,Advanced Aluminum Conductor,100,0.649798349877778,LCC Converter,0,False,0,,,74.13364442302107,0.03494080580421762,0.8126635832029657,8.0,43.0,20251110_163043,2025-11-10T16:30:45.025587,detail,structure,1221233.7322200127,52513050.48546055,23153968.01515012
,Overhead,AC,394,Advanced Aluminum Conductor,100,0.649798349877778,LCC Converter,0,False,0,,,74.13364442302107,0.03494080580421762,0.8126635832029657,8.0,43.0,20251110_163043,2025-11-10T16:30:45.025587,detail,vegetation,491233.7322200126,21123050.485460542,9313540.744660582
,Overhead,AC,394,Advanced Aluminum Conductor,100,0.649798349877778,LCC Converter,0,False,0,,,74.13364442302107,0.03494080580421762,0.8126635832029657,8.0,43.0,20251110_163043,2025-11-10T16:30:45.025587,summary,all,1844768.9041400254,79325062.87802109,34975876.50494619
,Overhead,AC,394,Advanced Aluminum Conductor,100,0.5604790324193367,LCC Converter,0,False,0,,,57.73979772530276,0.030005809263324173,1.0447895749359346,7.0,56.0,20251110_163045,2025-11-10T16:30:46.849039,detail,conductor,132301.4397,7408880.623199999,1587340.1328306736
,Overhead,AC,394,Advanced Aluminum Conductor,100,0.5604790324193367,LCC Converter,0,False,0,,,57.73979772530276,0.030005809263324173,1.0447895749359346,7.0,56.0,20251110_163045,2025-11-10T16:30:46.849039,detail,converter,0,0.0,0.0
,Overhead,AC,394,Advanced Aluminum Conductor,100,0.5604790324193367,LCC Converter,0,False,0,,,57.73979772530276,0.030005809263324173,1.0447895749359346,7.0,56.0,20251110_163045,2025-11-10T16:30:46.849039,detail,structure,1319627.322795025,73899130.0765214,15832763.533052024
,Overhead,AC,394,Advanced Aluminum Conductor,100,0.5604790324193367,LCC Converter,0,False,0,,,57.73979772530276,0.030005809263324173,1.0447895749359346,7.0,56.0,20251110_163045,2025-11-10T16:30:46.849039,detail,vegetation,589627.3227950251,33019130.076521404,7074292.728849643
,Overhead,AC,394,Advanced Aluminum Conductor,100,0.5604790324193367,LCC Converter,0,False,0,,,57.73979772530276,0.030005809263324173,1.0447895749359346,7.0,56.0,20251110_163045,2025-11-10T16:30:46.849039,summary,all,2041556.0852900501,114327140.7762428,24494396.394732337
,Overhead,AC,394,Advanced Aluminum Conductor,100,0.6690878757558333,LCC Converter,0,False,0,,,55.47987648231248,0.036471046788702034,1.058126930654948,5.0,46.0,20251110_163047,2025-11-10T16:30:48.700795,detail,conductor,132301.4397,6085866.226199999,1897659.7634790097
,Overhead,AC,394,Advanced Aluminum Conductor,100,0.6690878757558333,LCC Converter,0,False,0,,,55.47987648231248,0.036471046788702034,1.058126930654948,5.0,46.0,20251110_163047,2025-11-10T16:30:48.700795,detail,converter,0,0.0,0.0
,Overhead,AC,394,Advanced Aluminum Conductor,100,0.6690878757558333,LCC Converter,0,False,0,,,55.47987648231248,0.036471046788702034,1.058126930654948,5.0,46.0,20251110_163047,2025-11-10T16:30:48.700795,detail,structure,1278346.9229149101,58803958.454085864,18335911.7246464
,Overhead,AC,394,Advanced Aluminum Conductor,100,0.6690878757558333,LCC Converter,0,False,0,,,55.47987648231248,0.036471046788702034,1.058126930654948,5.0,46.0,20251110_163047,2025-11-10T16:30:48.700795,detail,vegetation,548346.92291491,25223958.45408586,7865189.482462986
,Overhead,AC,394,Advanced Aluminum Conductor,100,0.6690878757558333,LCC Converter,0,False,0,,,55.47987648231248,0.036471046788702034,1.058126930654948,5.0,46.0,20251110_163047,2025-11-10T16:30:48.700795,summary,all,1958995.2855298202,90113783.13437173,28098760.970588397
,Overhead,AC,394,Advanced Aluminum Conductor,100,0.625628127040463,LCC Converter,0,False,0,,,47.26762429963286,0.02261156033808608,2.4631966237096554,14.0,50.0,20251110_163048,2025-11-10T16:30:50.537815,detail,conductor,132301.4397,6615071.984999999,2706265.265635453
,Overhead,AC,394,Advanced Aluminum Conductor,100,0.625628127040463,LCC Converter,0,False,0,,,47.26762429963286,0.02261156033808608,2.4631966237096554,14.0,50.0,20251110_163048,2025-11-10T16:30:50.537815,detail,converter,0,0.0,0.0
,Overhead,AC,394,Advanced Aluminum Conductor,100,0.625628127040463,LCC Converter,0,False,0,,,47.26762429963286,0.02261156033808608,2.4631966237096554,14.0,50.0,20251110_163048,2025-11-10T16:30:50.537815,detail,structure,1315897.2668720568,65794863.343602836,26917069.644560125
,Overhead,AC,394,Advanced Aluminum Conductor,100,0.625628127040463,LCC Converter,0,False,0,,,47.26762429963286,0.02261156033808608,2.4631966237096554,14.0,50.0,20251110_163048,2025-11-10T16:30:50.537815,detail,vegetation,585897.2668720568,29294863.343602836,11984702.7074082
,Overhead,AC,394,Advanced Aluminum Conductor,100,0.625628127040463,LCC Converter,0,False,0,,,47.26762429963286,0.02261156033808608,2.4631966237096554,14.0,50.0,20251110_163048,2025-11-10T16:30:50.537815,summary,all,2034095.9734441135,101704798.67220567,41608037.61760378
,Overhead,AC,394,Advanced Aluminum Conductor,100,0.7439229084853237,LCC Converter,0,False,0,,,68.50601018004173,0.036875346814677204,2.3830919922493226,20.0,52.0,20251110_163050,2025-11-10T16:30:52.430423,detail,conductor,132301.4397,6879674.864399999,1820186.0695175952
,Overhead,AC,394,Advanced Aluminum Conductor,100,0.7439229084853237,LCC Converter,0,False,0,,,68.50601018004173,0.036875346814677204,2.3830919922493226,20.0,52.0,20251110_163050,2025-11-10T16:30:52.430423,detail,converter,0,0.0,0.0
,Overhead,AC,394,Advanced Aluminum Conductor,100,0.7439229084853237,LCC Converter,0,False,0,,,68.50601018004173,0.036875346814677204,2.3830919922493226,20.0,52.0,20251110_163050,2025-11-10T16:30:52.430423,detail,structure,1660652.0420761278,86353906.18795864,22847035.679710094
,Overhead,AC,394,Advanced Aluminum Conductor,100,0.7439229084853237,LCC Converter,0,False,0,,,68.50601018004173,0.036875346814677204,2.3830919922493226,20.0,52.0,20251110_163050,2025-11-10T16:30:52.430423,detail,vegetation,930652.0420761278,48393906.18795865,12803790.241407862
,Overhead,AC,394,Advanced Aluminum Conductor,100,0.7439229084853237,LCC Converter,0,False,0,,,68.50601018004173,0.036875346814677204,2.3830919922493226,20.0,52.0,20251110_163050,2025-11-10T16:30:52.430423,summary,all,2723605.5238522557,141627487.24031729,37471011.99063555
,Overhead,AC,394,Advanced Aluminum Conductor,100,0.7256805432755308,LCC Converter,0,False,0,,,40.92526170223113,0.02538163315262283,2.041279970326424,8.0,55.0,20251110_163052,2025-11-10T16:30:54.255233,detail,conductor,132301.4397,7276579.183499999,1883851.0476374899
,Overhead,AC,394,Advanced Aluminum Conductor,100,0.7256805432755308,LCC Converter,0,False,0,,,40.92526170223113,0.02538163315262283,2.041279970326424,8.0,55.0,20251110_163052,2025-11-10T16:30:54.255233,detail,converter,0,0.0,0.0
,Overhead,AC,394,Advanced Aluminum Conductor,100,0.7256805432755308,LCC Converter,0,False,0,,,40.92526170223113,0.02538163315262283,2.041279970326424,8.0,55.0,20251110_163052,2025-11-10T16:30:54.255233,detail,structure,1363933.2160147303,75016326.88081017,19421156.895369142
,Overhead,AC,394,Advanced Aluminum Conductor,100,0.7256805432755308,LCC Converter,0,False,0,,,40.92526170223113,0.02538163315262283,2.041279970326424,8.0,55.0,20251110_163052,2025-11-10T16:30:54.255233,detail,vegetation,633933.2160147302,34866326.88081016,9026627.040715056
,Overhead,AC,394,Advanced Aluminum Conductor,100,0.7256805432755308,LCC Converter,0,False,0,,,40.92526170223113,0.02538163315262283,2.041279970326424,8.0,55.0,20251110_163052,2025-11-10T16:30:54.255233,summary,all,2130167.8717294605,117159232.94512032,30331634.98372169
,Overhead,AC,394,Advanced Aluminum Conductor,100,0.7339000504439608,LCC Converter,0,False,0,,,41.91524776417655,0.031812890227878865,2.222883102282057,8.0,59.0,20251110_163054,2025-11-10T16:30:56.076560,detail,conductor,132301.4397,7805784.942299999,4244427.388603402
,Overhead,AC,394,Advanced Aluminum Conductor,100,0.7339000504439608,LCC Converter,0,False,0,,,41.91524776417655,0.031812890227878865,2.222883102282057,8.0,59.0,20251110_163054,2025-11-10T16:30:56.076560,detail,converter,0,0.0,0.0
,Overhead,AC,394,Advanced Aluminum Conductor,100,0.7339000504439608,LCC Converter,0,False,0,,,41.91524776417655,0.031812890227878865,2.222883102282057,8.0,59.0,20251110_163054,2025-11-10T16:30:56.076560,detail,structure,1677190.9846907626,98954268.096755,53806786.740055285
,Overhead,AC,394,Advanced Aluminum Conductor,100,0.7339000504439608,LCC Converter,0,False,0,,,41.91524776417655,0.031812890227878865,2.222883102282057,8.0,59.0,20251110_163054,2025-11-10T16:30:56.076560,detail,vegetation,947190.9846907625,55884268.09675498,30387298.632394988
,Overhead,AC,394,Advanced Aluminum Conductor,100,0.7339000504439608,LCC Converter,0,False,0,,,41.91524776417655,0.031812890227878865,2.222883102282057,8.0,59.0,20251110_163054,2025-11-10T16:30:56.076560,summary,all,2756683.409081525,162644321.13580996,88438512.76105368
,Overhead,AC,394,Advanced Aluminum Conductor,100,0.5721111188830147,LCC Converter,0,False,0,,,73.7135055351051,0.03869044768537586,2.493054222427495,0.0,60.0,20251110_163056,2025-11-10T16:30:57.953551,detail,conductor,132301.4397,7938086.381999999,2127106.3522730013
,Overhead,AC,394,Advanced Aluminum Conductor,100,0.5721111188830147,LCC Converter,0,False,0,,,73.7135055351051,0.03869044768537586,2.493054222427495,0.0,60.0,20251110_163056,2025-11-10T16:30:57.953551,detail,converter,0,0.0,0.0
,Overhead,AC,394,Advanced Aluminum Conductor,100,0.5721111188830147,LCC Converter,0,False,0,,,73.7135055351051,0.03869044768537586,2.493054222427495,0.0,60.0,20251110_163056,2025-11-10T16:30:57.953551,detail,structure,1346535.9918810148,80792159.5128609,21649237.29015423
,Overhead,AC,394,Advanced Aluminum Conductor,100,0.5721111188830147,LCC Converter,0,False,0,,,73.7135055351051,0.03869044768537586,2.493054222427495,0.0,60.0,20251110_163056,2025-11-10T16:30:57.953551,detail,vegetation,616535.9918810149,36992159.512860894,9912497.004634196
,Overhead,AC,394,Advanced Aluminum Conductor,100,0.5721111188830147,LCC Converter,0,False,0,,,73.7135055351051,0.03869044768537586,2.493054222427495,0.0,60.0,20251110_163056,2025-11-10T16:30:57.953551,summary,all,2095373.4234620295,125722405.40772179,33688840.64706143
,Overhead,AC,394,Advanced Aluminum Conductor,100,0.6636504116199612,LCC Converter,0,False,0,,,52.526286651651944,0.04083313225021721,0.6125729925290786,3.0,43.0,20251110_163058,2025-11-10T16:30:59.838548,detail,conductor,132301.4397,5688961.9070999995,3260356.7838813234
,Overhead,AC,394,Advanced Aluminum Conductor,100,0.6636504116199612,LCC Converter,0,False,0,,,52.526286651651944,0.04083313225021721,0.6125729925290786,3.0,43.0,20251110_163058,2025-11-10T16:30:59.838548,detail,converter,0,0.0,0.0
,Overhead,AC,394,Advanced Aluminum Conductor,100,0.6636504116199612,LCC Converter,0,False,0,,,52.526286651651944,0.04083313225021721,0.6125729925290786,3.0,43.0,20251110_163058,2025-11-10T16:30:59.838548,detail,structure,1424706.5105787413,61262379.95488588,35109606.87455987
,Overhead,AC,394,Advanced Aluminum Conductor,100,0.6636504116199612,LCC Converter,0,False,0,,,52.526286651651944,0.04083313225021721,0.6125729925290786,3.0,43.0,20251110_163058,2025-11-10T16:30:59.838548,detail,vegetation,694706.5105787412,29872379.95488587,17119927.717399742
,Overhead,AC,394,Advanced Aluminum Conductor,100,0.6636504116199612,LCC Converter,0,False,0,,,52.526286651651944,0.04083313225021721,0.6125729925290786,3.0,43.0,20251110_163058,2025-11-10T16:30:59.838548,summary,all,2251714.4608574826,96823721.81687175,55489891.37584093
,Overhead,AC,394,Advanced Aluminum Conductor,100,0.6212305902767118,LCC Converter,0,False,0,,,50.8079189034414,0.025795255913697454,2.043859789469196,9.0,44.0,20251110_163100,2025-11-10T16:31:01.682188,detail,conductor,132301.4397,5821263.3467999995,1721002.1908623525
,Overhead,AC,394,Advanced Aluminum Conductor,100,0.6212305902767118,LCC Converter,0,False,0,,,50.8079189034414,0.025795255913697454,2.043859789469196,9.0,44.0,20251110_163100,2025-11-10T16:31:01.682188,detail,converter,0,0.0,0.0
,Overhead,AC,394,Advanced Aluminum Conductor,100,0.6212305902767118,LCC Converter,0,False,0,,,50.8079189034414,0.025795255913697454,2.043859789469196,9.0,44.0,20251110_163100,2025-11-10T16:31:01.682188,detail,structure,1735775.5971465788,76374126.27444947,22579297.793799214
,Overhead,AC,394,Advanced Aluminum Conductor,100,0.6212305902767118,LCC Converter,0,False,0,,,50.8079189034414,0.025795255913697454,2.043859789469196,9.0,44.0,20251110_163100,2025-11-10T16:31:01.682188,detail,vegetation,1005775.5971465788,44254126.27444947,13083319.502268068
,Overhead,AC,394,Advanced Aluminum Conductor,100,0.6212305902767118,LCC Converter,0,False,0,,,50.8079189034414,0.025795255913697454,2.043859789469196,9.0,44.0,20251110_163100,2025-11-10T16:31:01.682188,summary,all,2873852.6339931577,126449515.89569893,37383619.48692964
,Overhead,AC,394,Advanced Aluminum Conductor,100,0.6505328405939915,LCC Converter,0,False,0,,,58.030169783405015,0.031273507283578146,1.5433247746364085,6.0,49.0,20251110_163101,2025-11-10T16:31:03.613012,detail,conductor,132301.4397,6482770.545299999,1953555.6641607264
,Overhead,AC,394,Advanced Aluminum Conductor,100,0.6505328405939915,LCC Converter,0,False,0,,,58.030169783405015,0.031273507283578146,1.5433247746364085,6.0,49.0,20251110_163101,2025-11-10T16:31:03.613012,detail,converter,0,0.0,0.0
,Overhead,AC,394,Advanced Aluminum Conductor,100,0.6505328405939915,LCC Converter,0,False,0,,,58.030169783405015,0.031273507283578146,1.5433247746364085,6.0,49.0,20251110_163101,2025-11-10T16:31:03.613012,detail,structure,1158036.7767673982,56743802.06160251,17099506.322004013
,Overhead,AC,394,Advanced Aluminum Conductor,100,0.6505328405939915,LCC Converter,0,False,0,,,58.030169783405015,0.031273507283578146,1.5433247746364085,6.0,49.0,20251110_163101,2025-11-10T16:31:03.613012,detail,vegetation,428036.77676739823,20973802.061602514,6320367.122377215
,Overhead,AC,394,Advanced Aluminum Conductor,100,0.6505328405939915,LCC Converter,0,False,0,,,58.030169783405015,0.031273507283578146,1.5433247746364085,6.0,49.0,20251110_163101,2025-11-10T16:31:03.613012,summary,all,1718374.9932347964,84200374.66850503,25373429.10854195
,Overhead,AC,394,Advanced Aluminum Conductor,100,0.6538305181481658,LCC Converter,0,False,0,,,72.31893425138013,0.03852164017923615,2.67907494790448,13.0,59.0,20251110_163103,2025-11-10T16:31:05.450912,detail,conductor,132301.4397,7805784.942299999,1786520.2573661192
,Overhead,AC,394,Advanced Aluminum Conductor,100,0.6538305181481658,LCC Converter,0,False,0,,,72.31893425138013,0.03852164017923615,2.67907494790448,13.0,59.0,20251110_163103,2025-11-10T16:31:05.450912,detail,converter,0,0.0,0.0
,Overhead,AC,394,Advanced Aluminum Conductor,100,0.6538305181481658,LCC Converter,0,False,0,,,72.31893425138013,0.03852164017923615,2.67907494790448,13.0,59.0,20251110_163103,2025-11-10T16:31:05.450912,detail,structure,1114246.2612729147,65740529.41510197,15046121.35720035
,Overhead,AC,394,Advanced Aluminum Conductor,100,0.6538305181481658,LCC Converter,0,False,0,,,72.31893425138013,0.03852164017923615,2.67907494790448,13.0,59.0,20251110_163103,2025-11-10T16:31:05.450912,detail,vegetation,384246.2612729148,22670529.415101975,5188633.858693052
,Overhead,AC,394,Advanced Aluminum Conductor,100,0.6538305181481658,LCC Converter,0,False,0,,,72.31893425138013,0.03852164017923615,2.67907494790448,13.0,59.0,20251110_163103,2025-11-10T16:31:05.450912,summary,all,1630793.9622458294,96216843.77250394,22021275.473259524
,Overhead,AC,394,Advanced Aluminum Conductor,100,0.5981423004098069,LCC Converter,0,False,0,,,69.67169272885666,0.02216515998610566,1.9664018034821382,14.0,56.0,20251110_163105,2025-11-10T16:31:07.323246,detail,conductor,132301.4397,7408880.623199999,2279063.376655951
,Overhead,AC,394,Advanced Aluminum Conductor,100,0.5981423004098069,LCC Converter,0,False,0,,,69.67169272885666,0.02216515998610566,1.9664018034821382,14.0,56.0,20251110_163105,2025-11-10T16:31:07.323246,detail,converter,0,0.0,0.0
,Overhead,AC,394,Advanced Aluminum Conductor,100,0.5981423004098069,LCC Converter,0,False,0,,,69.67169272885666,0.02216515998610566,1.9664018034821382,14.0,56.0,20251110_163105,2025-11-10T16:31:07.323246,detail,structure,1190554.570490996,66671055.94749577,20508841.972309902
,Overhead,AC,394,Advanced Aluminum Conductor,100,0.5981423004098069,LCC Converter,0,False,0,,,69.67169272885666,0.02216515998610566,1.9664018034821382,14.0,56.0,20251110_163105,2025-11-10T16:31:07.323246,detail,vegetation,460554.570490996,25791055.947495777,7933648.0157558005
,Overhead,AC,394,Advanced Aluminum Conductor,100,0.5981423004098069,LCC Converter,0,False,0,,,69.67169272885666,0.02216515998610566,1.9664018034821382,14.0,56.0,20251110_163105,2025-11-10T16:31:07.323246,summary,all,1783410.5806819918,99870992.51819155,30721553.364721656
,Overhead,AC,394,Advanced Aluminum Conductor,100,0.7661349190461871,LCC Converter,0,False,0,,,47.69189797106903,0.023721571192488442,2.26133681196315,14.0,60.0,20251110_163107,2025-11-10T16:31:09.213136,detail,conductor,132301.4397,7938086.381999999,1826497.7399385213
,Overhead,AC,394,Advanced Aluminum Conductor,100,0.7661349190461871,LCC Converter,0,False,0,,,47.69189797106903,0.023721571192488442,2.26133681196315,14.0,60.0,20251110_163107,2025-11-10T16:31:09.213136,detail,converter,0,0.0,0.0
,Overhead,AC,394,Advanced Aluminum Conductor,100,0.7661349190461871,LCC Converter,0,False,0,,,47.69189797106903,0.023721571192488442,2.26133681196315,14.0,60.0,20251110_163107,2025-11-10T16:31:09.213136,detail,structure,1574104.3202355441,94446259.21413265,21731418.719683703
,Overhead,AC,394,Advanced Aluminum Conductor,100,0.7661349190461871,LCC Converter,0,False,0,,,47.69189797106903,0.023721571192488442,2.26133681196315,14.0,60.0,20251110_163107,2025-11-10T16:31:09.213136,detail,vegetation,844104.3202355441,50646259.214132644,11653347.360985396
,Overhead,AC,394,Advanced Aluminum Conductor,100,0.7661349190461871,LCC Converter,0,False,0,,,47.69189797106903,0.023721571192488442,2.26133681196315,14.0,60.0,20251110_163107,2025-11-10T16:31:09.213136,summary,all,2550510.080171088,153030604.8102653,35211263.82060762
,Overhead,AC,394,Advanced Aluminum Conductor,100,0.651253882872242,LCC Converter,0,False,0,,,52.77461835840618,0.040463935067388254,0.9590562449281095,2.0,42.0,20251110_163109,2025-11-10T16:31:11.215433,detail,conductor,132301.4397,5556660.4673999995,1954373.5043402906
,Overhead,AC,394,Advanced Aluminum Conductor,100,0.651253882872242,LCC Converter,0,False,0,,,52.77461835840618,0.040463935067388254,0.9590562449281095,2.0,42.0,20251110_163109,2025-11-10T16:31:11.215433,detail,converter,0,0.0,0.0
,Overhead,AC,394,Advanced Aluminum Conductor,100,0.651253882872242,LCC Converter,0,False,0,,,52.77461835840618,0.040463935067388254,0.9590562449281095,2.0,42.0,20251110_163109,2025-11-10T16:31:11.215433,detail,structure,1353503.9991196292,56847167.96302442,19994131.280024372
,Overhead,AC,394,Advanced Aluminum Conductor,100,0.651253882872242,LCC Converter,0,False,0,,,52.77461835840618,0.040463935067388254,0.9590562449281095,2.0,42.0,20251110_163109,2025-11-10T16:31:11.215433,detail,vegetation,623503.9991196293,26187167.96302443,9210479.481498914
,Overhead,AC,394,Advanced Aluminum Conductor,100,0.651253882872242,LCC Converter,0,False,0,,,52.77461835840618,0.040463935067388254,0.9590562449281095,2.0,42.0,20251110_163109,2025-11-10T16:31:11.215433,summary,all,2109309.4379392583,88590996.39344886,31158984.265863575
,Overhead,AC,394,Advanced Aluminum Conductor,100,0.6020355131260611,LCC Converter,0,False,0,,,48.75884154939807,0.03508931271416647,1.4803259171487013,16.0,47.0,20251110_163111,2025-11-10T16:31:13.133035,detail,conductor,132301.4397,6218167.665899999,2209064.426087433
,Overhead,AC,394,Advanced Aluminum Conductor,100,0.6020355131260611,LCC Converter,0,False,0,,,48.75884154939807,0.03508931271416647,1.4803259171487013,16.0,47.0,20251110_163111,2025-11-10T16:31:13.133035,detail,converter,0,0.0,0.0
,Overhead,AC,394,Advanced Aluminum Conductor,100,0.6020355131260611,LCC Converter,0,False,0,,,48.75884154939807,0.03508931271416647,1.4803259171487013,16.0,47.0,20251110_163111,2025-11-10T16:31:13.133035,detail,structure,1200558.6507876327,56426256.587018736,20045975.409642387
,Overhead,AC,394,Advanced Aluminum Conductor,100,0.6020355131260611,LCC Converter,0,False,0,,,48.75884154939807,0.03508931271416647,1.4803259171487013,16.0,47.0,20251110_163111,2025-11-10T16:31:13.133035,detail,vegetation,470558.6507876327,22116256.587018736,7857014.845792784
,Overhead,AC,394,Advanced Aluminum Conductor,100,0.6020355131260611,LCC Converter,0,False,0,,,48.75884154939807,0.03508931271416647,1.4803259171487013,16.0,47.0,20251110_163111,2025-11-10T16:31:13.133035,summary,all,1803418.7412752653,84760680.83993748,30112054.681522604
,Overhead,AC,394,Advanced Aluminum Conductor,100,0.6532156764537829,LCC Converter,0,False,0,,,70.87628045415808,0.03793235129225092,2.2811335648709,20.0,50.0,20251110_163113,2025-11-10T16:31:15.081258,detail,conductor,132301.4397,6615071.984999999,2501761.176381743
,Overhead,AC,394,Advanced Aluminum Conductor,100,0.6532156764537829,LCC Converter,0,False,0,,,70.87628045415808,0.03793235129225092,2.2811335648709,20.0,50.0,20251110_163113,2025-11-10T16:31:15.081258,detail,converter,0,0.0,0.0
,Overhead,AC,394,Advanced Aluminum Conductor,100,0.6532156764537829,LCC Converter,0,False,0,,,70.87628045415808,0.03793235129225092,2.2811335648709,20.0,50.0,20251110_163113,2025-11-10T16:31:15.081258,detail,structure,1196803.8310974585,59840191.55487292,22631026.292486783
,Overhead,AC,394,Advanced Aluminum Conductor,100,0.6532156764537829,LCC Converter,0,False,0,,,70.87628045415808,0.03793235129225092,2.2811335648709,20.0,50.0,20251110_163113,2025-11-10T16:31:15.081258,detail,vegetation,466803.83109745855,23340191.554872926,8827052.103695912
,Overhead,AC,394,Advanced Aluminum Conductor,100,0.6532156764537829,LCC Converter,0,False,0,,,70.87628045415808,0.03793235129225092,2.2811335648709,20.0,50.0,20251110_163113,2025-11-10T16:31:15.081258,summary,all,1795909.101894917,89795455.09474584,33959839.57256444
,Overhead,AC,394,Advanced Aluminum Conductor,100,0.7488927885722259,LCC Converter,0,False,0,,,67.2767809586417,0.03620307369590726,1.90479369068587,18.0,54.0,20251110_163115,2025-11-10T16:31:16.930220,detail,conductor,132301.4397,7144277.743799999,2558884.985074302
,Overhead,AC,394,Advanced Aluminum Conductor,100,0.7488927885722259,LCC Converter,0,False,0,,,67.2767809586417,0.03620307369590726,1.90479369068587,18.0,54.0,20251110_163115,2025-11-10T16:31:16.930220,detail,converter,0,0.0,0.0
,Overhead,AC,394,Advanced Aluminum Conductor,100,0.7488927885722259,LCC Converter,0,False,0,,,67.2767809586417,0.03620307369590726,1.90479369068587,18.0,54.0,20251110_163115,2025-11-10T16:31:16.930220,detail,structure,1552954.129079946,83859522.9703171,30036188.664482202
,Overhead,AC,394,Advanced Aluminum Conductor,100,0.7488927885722259,LCC Converter,0,False,0,,,67.2767809586417,0.03620307369590726,1.90479369068587,18.0,54.0,20251110_163115,2025-11-10T16:31:16.930220,detail,vegetation,822954.1290799461,44439522.97031709,15917022.287003681
,Overhead,AC,394,Advanced Aluminum Conductor,100,0.7488927885722259,LCC Converter,0,False,0,,,67.2767809586417,0.03620307369590726,1.90479369068587,18.0,54.0,20251110_163115,2025-11-10T16:31:16.930220,summary,all,2508209.697859892,135443323.68443418,48512095.936560184
,Overhead,AC,394,Advanced Aluminum Conductor,100,0.6207766444843554,LCC Converter,0,False,0,,,51.85650698874375,0.027034507442025308,0.7250555558211642,19.0,55.0,20251110_163117,2025-11-10T16:31:18.768163,detail,conductor,132301.4397,7276579.183499999,1687255.7372573873
,Overhead,AC,394,Advanced Aluminum Conductor,100,0.6207766444843554,LCC Converter,0,False,0,,,51.85650698874375,0.027034507442025308,0.7250555558211642,19.0,55.0,20251110_163117,2025-11-10T16:31:18.768163,detail,converter,0,0.0,0.0
,Overhead,AC,394,Advanced Aluminum Conductor,100,0.6207766444843554,LCC Converter,0,False,0,,,51.85650698874375,0.027034507442025308,0.7250555558211642,19.0,55.0,20251110_163117,2025-11-10T16:31:18.768163,detail,structure,1393386.2619824745,76636244.4090361,17770017.998871066
,Overhead,AC,394,Advanced Aluminum Conductor,100,0.6207766444843554,LCC Converter,0,False,0,,,51.85650698874375,0.027034507442025308,0.7250555558211642,19.0,55.0,20251110_163117,2025-11-10T16:31:18.768163,detail,vegetation,663386.2619824745,36486244.4090361,8460242.602693783
,Overhead,AC,394,Advanced Aluminum Conductor,100,0.6207766444843554,LCC Converter,0,False,0,,,51.85650698874375,0.027034507442025308,0.7250555558211642,19.0,55.0,20251110_163117,2025-11-10T16:31:18.768163,summary,all,2189073.963664949,120399068.00157219,27917516.33882224
,Overhead,AC,394,Advanced Aluminum Conductor,100,0.6281145904473314,LCC Converter,0,False,0,,,53.44566809329382,0.02392732741855587,0.5362336629750195,10.0,44.0,20251110_163119,2025-11-10T16:31:20.643250,detail,conductor,132301.4397,5821263.3467999995,2494311.3654622156
,Overhead,AC,394,Advanced Aluminum Conductor,100,0.6281145904473314,LCC Converter,0,False,0,,,53.44566809329382,0.02392732741855587,0.5362336629750195,10.0,44.0,20251110_163119,2025-11-10T16:31:20.643250,detail,converter,0,0.0,0.0
,Overhead,AC,394,Advanced Aluminum Conductor,100,0.6281145904473314,LCC Converter,0,False,0,,,53.44566809329382,0.02392732741855587,0.5362336629750195,10.0,44.0,20251110_163119,2025-11-10T16:31:20.643250,detail,structure,1131029.0136010428,49765276.598445885,21323566.317113936
,Overhead,AC,394,Advanced Aluminum Conductor,100,0.6281145904473314,LCC Converter,0,False,0,,,53.44566809329382,0.02392732741855587,0.5362336629750195,10.0,44.0,20251110_163119,2025-11-10T16:31:20.643250,detail,vegetation,401029.0136010429,17645276.59844589,7560697.9695262
,Overhead,AC,394,Advanced Aluminum Conductor,100,0.6281145904473314,LCC Converter,0,False,0,,,53.44566809329382,0.02392732741855587,0.5362336629750195,10.0,44.0,20251110_163119,2025-11-10T16:31:20.643250,summary,all,1664359.4669020856,73231816.54369177,31378575.65210235
,Overhead,AC,394,Advanced Aluminum Conductor,100,0.6707880637152493,LCC Converter,0,False,0,,,42.7827194896938,0.039677786329257315,2.8275964644540084,20.0,55.0,20251110_163120,2025-11-10T16:31:22.560855,detail,conductor,132301.4397,7276579.183499999,1784049.8035536811
,Overhead,AC,394,Advanced Aluminum Conductor,100,0.6707880637152493,LCC Converter,0,False,0,,,42.7827194896938,0.039677786329257315,2.8275964644540084,20.0,55.0,20251110_163120,2025-11-10T16:31:22.560855,detail,converter,0,0.0,0.0
,Overhead,AC,394,Advanced Aluminum Conductor,100,0.6707880637152493,LCC Converter,0,False,0,,,42.7827194896938,0.039677786329257315,2.8275964644540084,20.0,55.0,20251110_163120,2025-11-10T16:31:22.560855,detail,structure,1414321.128349904,77787662.05924472,19071745.076364927
,Overhead,AC,394,Advanced Aluminum Conductor,100,0.6707880637152493,LCC Converter,0,False,0,,,42.7827194896938,0.039677786329257315,2.8275964644540084,20.0,55.0,20251110_163120,2025-11-10T16:31:22.560855,detail,vegetation,684321.1283499039,37637662.059244715,9227888.807322474
,Overhead,AC,394,Advanced Aluminum Conductor,100,0.6707880637152493,LCC Converter,0,False,0,,,42.7827194896938,0.039677786329257315,2.8275964644540084,20.0,55.0,20251110_163120,2025-11-10T16:31:22.560855,summary,all,2230943.696399808,122701903.30198944,30083683.687241085
,Overhead,AC,394,Advanced Aluminum Conductor,100,0.613304621728777,LCC Converter,0,False,0,,,60.948024046871716,0.028682214079510278,1.1794079428996271,11.0,53.0,20251110_163122,2025-11-10T16:31:24.423770,detail,conductor,132301.4397,7011976.304099999,2135650.437841243
,Overhead,AC,394,Advanced Aluminum Conductor,100,0.613304621728777,LCC Converter,0,False,0,,,60.948024046871716,0.028682214079510278,1.1794079428996271,11.0,53.0,20251110_163122,2025-11-10T16:31:24.423770,detail,converter,0,0.0,0.0
,Overhead,AC,394,Advanced Aluminum Conductor,100,0.613304621728777,LCC Converter,0,False,0,,,60.948024046871716,0.028682214079510278,1.1794079428996271,11.0,53.0,20251110_163122,2025-11-10T16:31:24.423770,detail,structure,1135332.1150796732,60172602.09922268,18326879.391208377
,Overhead,AC,394,Advanced Aluminum Conductor,100,0.613304621728777,LCC Converter,0,False,0,,,60.948024046871716,0.028682214079510278,1.1794079428996271,11.0,53.0,20251110_163122,2025-11-10T16:31:24.423770,detail,vegetation,405332.11507967324,21482602.099222682,6542995.382392812
,Overhead,AC,394,Advanced Aluminum Conductor,100,0.613304621728777,LCC Converter,0,False,0,,,60.948024046871716,0.028682214079510278,1.1794079428996271,11.0,53.0,20251110_163122,2025-11-10T16:31:24.423770,summary,all,1672965.6698593465,88667180.50254536,27005525.211442433
,Overhead,AC,394,Advanced Aluminum Conductor,100,0.6144251849967799,LCC Converter,0,False,0,,,48.247140081662806,0.027659380155854858,1.6361946848932034,9.0,47.0,20251110_163124,2025-11-10T16:31:26.295588,detail,conductor,132301.4397,6218167.665899999,1936545.7681628643
,Overhead,AC,394,Advanced Aluminum Conductor,100,0.6144251849967799,LCC Converter,0,False,0,,,48.247140081662806,0.027659380155854858,1.6361946848932034,9.0,47.0,20251110_163124,2025-11-10T16:31:26.295588,detail,converter,0,0.0,0.0
,Overhead,AC,394,Advanced Aluminum Conductor,100,0.6144251849967799,LCC Converter,0,False,0,,,48.247140081662806,0.027659380155854858,1.6361946848932034,9.0,47.0,20251110_163124,2025-11-10T16:31:26.295588,detail,structure,1567968.8531099032,73694536.09616545,22950947.88073695
,Overhead,AC,394,Advanced Aluminum Conductor,100,0.6144251849967799,LCC Converter,0,False,0,,,48.247140081662806,0.027659380155854858,1.6361946848932034,9.0,47.0,20251110_163124,2025-11-10T16:31:26.295588,detail,vegetation,837968.8531099032,39384536.09616545,12265664.228764031
,Overhead,AC,394,Advanced Aluminum Conductor,100,0.6144251849967799,LCC Converter,0,False,0,,,48.247140081662806,0.027659380155854858,1.6361946848932034,9.0,47.0,20251110_163124,2025-11-10T16:31:26.295588,summary,all,2538239.1459198063,119297239.85823089,37153157.87766385
,Overhead,AC,394,Advanced Aluminum Conductor,100,0.6808767928508449,LCC Converter,0,False,0,,,49.47828375792464,0.03456567263595889,1.2101025546027817,9.0,46.0,20251110_163126,2025-11-10T16:31:28.192644,detail,conductor,132301.4397,6085866.226199999,3338473.3125693775
,Overhead,AC,394,Advanced Aluminum Conductor,100,0.6808767928508449,LCC Converter,0,False,0,,,49.47828375792464,0.03456567263595889,1.2101025546027817,9.0,46.0,20251110_163126,2025-11-10T16:31:28.192644,detail,converter,0,0.0,0.0
,Overhead,AC,394,Advanced Aluminum Conductor,100,0.6808767928508449,LCC Converter,0,False,0,,,49.47828375792464,0.03456567263595889,1.2101025546027817,9.0,46.0,20251110_163126,2025-11-10T16:31:28.192644,detail,structure,1202992.9458443662,55337675.508840844,30356131.074744724
,Overhead,AC,394,Advanced Aluminum Conductor,100,0.6808767928508449,LCC Converter,0,False,0,,,49.47828375792464,0.03456567263595889,1.2101025546027817,9.0,46.0,20251110_163126,2025-11-10T16:31:28.192644,detail,vegetation,472992.9458443662,21757675.508840844,11935428.142850282
,Overhead,AC,394,Advanced Aluminum Conductor,100,0.6808767928508449,LCC Converter,0,False,0,,,49.47828375792464,0.03456567263595889,1.2101025546027817,9.0,46.0,20251110_163126,2025-11-10T16:31:28.192644,summary,all,1808287.3313887324,83181217.24388169,45630032.53016438
,Overhead,AC,394,Advanced Aluminum Conductor,100,0.5749988680964303,LCC Converter,0,False,0,,,38.49142275255998,0.03720663840343864,2.1267802950371433,3.0,46.0,20251110_163128,2025-11-10T16:31:30.059199,detail,conductor,132301.4397,6085866.226199999,1586163.2318264996
,Overhead,AC,394,Advanced Aluminum Conductor,100,0.5749988680964303,LCC Converter,0,False,0,,,38.49142275255998,0.03720663840343864,2.1267802950371433,3.0,46.0,20251110_163128,2025-11-10T16:31:30.059199,detail,converter,0,0.0,0.0
,Overhead,AC,394,Advanced Aluminum Conductor,100,0.5749988680964303,LCC Converter,0,False,0,,,38.49142275255998,0.03720663840343864,2.1267802950371433,3.0,46.0,20251110_163128,2025-11-10T16:31:30.059199,detail,structure,1493532.6707007142,68702502.85223286,17905977.540145457
,Overhead,AC,394,Advanced Aluminum Conductor,100,0.5749988680964303,LCC Converter,0,False,0,,,38.49142275255998,0.03720663840343864,2.1267802950371433,3.0,46.0,20251110_163128,2025-11-10T16:31:30.059199,detail,vegetation,763532.6707007142,35122502.85223285,9154000.525693167
,Overhead,AC,394,Advanced Aluminum Conductor,100,0.5749988680964303,LCC Converter,0,False,0,,,38.49142275255998,0.03720663840343864,2.1267802950371433,3.0,46.0,20251110_163128,2025-11-10T16:31:30.059199,summary,all,2389366.7811014284,109910871.9306657,28646141.297665123
,Overhead,AC,394,Advanced Aluminum Conductor,100,0.6775263004003685,LCC Converter,0,False,0,,,63.824767609204216,0.03630957834281311,0.551329530441146,11.0,49.0,20251110_163130,2025-11-10T16:31:32.028635,detail,conductor,132301.4397,6482770.545299999,2512512.9719696017
,Overhead,AC,394,Advanced Aluminum Conductor,100,0.6775263004003685,LCC Converter,0,False,0,,,63.824767609204216,0.03630957834281311,0.551329530441146,11.0,49.0,20251110_163130,2025-11-10T16:31:32.028635,detail,converter,0,0.0,0.0
,Overhead,AC,394,Advanced Aluminum Conductor,100,0.6775263004003685,LCC Converter,0,False,0,,,63.824767609204216,0.03630957834281311,0.551329530441146,11.0,49.0,20251110_163130,2025-11-10T16:31:32.028635,detail,structure,1292355.65124434,63325426.91097266,24542894.964049473
,Overhead,AC,394,Advanced Aluminum Conductor,100,0.6775263004003685,LCC Converter,0,False,0,,,63.824767609204216,0.03630957834281311,0.551329530441146,11.0,49.0,20251110_163130,2025-11-10T16:31:32.028635,detail,vegetation,562355.6512443399,27555426.910972655,10679595.564611355
,Overhead,AC,394,Advanced Aluminum Conductor,100,0.6775263004003685,LCC Converter,0,False,0,,,63.824767609204216,0.03630957834281311,0.551329530441146,11.0,49.0,20251110_163130,2025-11-10T16:31:32.028635,summary,all,1987012.74218868,97363624.36724532,37735003.50063043
,Overhead,AC,394,Advanced Aluminum Conductor,100,0.7537868169872871,LCC Converter,0,False,0,,,35.225090395882106,0.04024095547747565,2.9496339321368885,14.0,59.0,20251110_163132,2025-11-10T16:31:33.907248,detail,conductor,132301.4397,7805784.942299999,2299800.9391806102
,Overhead,AC,394,Advanced Aluminum Conductor,100,0.7537868169872871,LCC Converter,0,False,0,,,35.225090395882106,0.04024095547747565,2.9496339321368885,14.0,59.0,20251110_163132,2025-11-10T16:31:33.907248,detail,converter,0,0.0,0.0
,Overhead,AC,394,Advanced Aluminum Conductor,100,0.7537868169872871,LCC Converter,0,False,0,,,35.225090395882106,0.04024095547747565,2.9496339321368885,14.0,59.0,20251110_163132,2025-11-10T16:31:33.907248,detail,structure,1339067.7983958498,79005000.10535514,23277066.276530385
,Overhead,AC,394,Advanced Aluminum Conductor,100,0.7537868169872871,LCC Converter,0,False,0,,,35.225090395882106,0.04024095547747565,2.9496339321368885,14.0,59.0,20251110_163132,2025-11-10T16:31:33.907248,detail,vegetation,609067.7983958498,35935000.105355136,10587448.616974065
,Overhead,AC,394,Advanced Aluminum Conductor,100,0.7537868169872871,LCC Converter,0,False,0,,,35.225090395882106,0.04024095547747565,2.9496339321368885,14.0,59.0,20251110_163132,2025-11-10T16:31:33.907248,summary,all,2080437.0364916995,122745785.15301028,36164315.83268506
,Overhead,AC,394,Advanced Aluminum Conductor,100,0.6167265053607115,LCC Converter,0,False,0,,,65.08158901998485,0.04095814422844542,2.1797641207477065,12.0,57.0,20251110_163134,2025-11-10T16:31:35.767752,detail,conductor,132301.4397,7541182.062899999,3451614.28902073
,Overhead,AC,394,Advanced Aluminum Conductor,100,0.6167265053607115,LCC Converter,0,False,0,,,65.08158901998485,0.04095814422844542,2.1797641207477065,12.0,57.0,20251110_163134,2025-11-10T16:31:35.767752,detail,converter,0,0.0,0.0
,Overhead,AC,394,Advanced Aluminum Conductor,100,0.6167265053607115,LCC Converter,0,False,0,,,65.08158901998485,0.04095814422844542,2.1797641207477065,12.0,57.0,20251110_163134,2025-11-10T16:31:35.767752,detail,structure,1673878.34252504,95411065.52392729,43669837.74509723
,Overhead,AC,394,Advanced Aluminum Conductor,100,0.6167265053607115,LCC Converter,0,False,0,,,65.08158901998485,0.04095814422844542,2.1797641207477065,12.0,57.0,20251110_163134,2025-11-10T16:31:35.767752,detail,vegetation,943878.34252504,53801065.52392728,24624856.551403277
,Overhead,AC,394,Advanced Aluminum Conductor,100,0.6167265053607115,LCC Converter,0,False,0,,,65.08158901998485,0.04095814422844542,2.1797641207477065,12.0,57.0,20251110_163134,2025-11-10T16:31:35.767752,summary,all,2750058.12475008,156753313.11075455,71746308.58552124
,Overhead,AC,394,Advanced Aluminum Conductor,100,0.5859299214660781,LCC Converter,0,False,0,,,55.64667240675622,0.03880377086747408,0.865564217564625,16.0,48.0,20251110_163136,2025-11-10T16:31:37.687595,detail,conductor,132301.4397,6350469.105599999,3536796.2601403426
,Overhead,AC,394,Advanced Aluminum Conductor,100,0.5859299214660781,LCC Converter,0,False,0,,,55.64667240675622,0.03880377086747408,0.865564217564625,16.0,48.0,20251110_163136,2025-11-10T16:31:37.687595,detail,converter,0,0.0,0.0
,Overhead,AC,394,Advanced Aluminum Conductor,100,0.5859299214660781,LCC Converter,0,False,0,,,55.64667240675622,0.03880377086747408,0.865564217564625,16.0,48.0,20251110_163136,2025-11-10T16:31:37.687595,detail,structure,1369364.9186340782,65729516.09443575,36607044.7455032
,Overhead,AC,394,Advanced Aluminum Conductor,100,0.5859299214660781,LCC Converter,0,False,0,,,55.64667240675622,0.03880377086747408,0.865564217564625,16.0,48.0,20251110_163136,2025-11-10T16:31:37.687595,detail,vegetation,639364.9186340782,30689516.094435755,17092054.766883563
,Overhead,AC,394,Advanced Aluminum Conductor,100,0.5859299214660781,LCC Converter,0,False,0,,,55.64667240675622,0.03880377086747408,0.865564217564625,16.0,48.0,20251110_163136,2025-11-10T16:31:37.687595,summary,all,2141031.2769681565,102769501.2944715,57235895.77252711
,Overhead,AC,394,Advanced Aluminum Conductor,100,0.7262846879468992,LCC Converter,0,False,0,,,64.07331414858757,0.029198433070819967,0.5704780303734766,19.0,51.0,20251110_163137,2025-11-10T16:31:39.546855,detail,conductor,132301.4397,6747373.424699999,2549683.422386682
,Overhead,AC,394,Advanced Aluminum Conductor,100,0.7262846879468992,LCC Converter,0,False,0,,,64.07331414858757,0.029198433070819967,0.5704780303734766,19.0,51.0,20251110_163137,2025-11-10T16:31:39.546855,detail,converter,0,0.0,0.0
,Overhead,AC,394,Advanced Aluminum Conductor,100,0.7262846879468992,LCC Converter,0,False,0,,,64.07331414858757,0.029198433070819967,0.5704780303734766,19.0,51.0,20251110_163137,2025-11-10T16:31:39.546855,detail,structure,1165181.907489019,59424277.28193997,22455122.184053198
,Overhead,AC,394,Advanced Aluminum Conductor,100,0.7262846879468992,LCC Converter,0,False,0,,,64.07331414858757,0.029198433070819967,0.5704780303734766,19.0,51.0,20251110_163137,2025-11-10T16:31:39.546855,detail,vegetation,435181.9074890189,22194277.281939965,8386727.293092083
,Overhead,AC,394,Advanced Aluminum Conductor,100,0.7262846879468992,LCC Converter,0,False,0,,,64.07331414858757,0.029198433070819967,0.5704780303734766,19.0,51.0,20251110_163137,2025-11-10T16:31:39.546855,summary,all,1732665.254678038,88365927.98857993,33391532.899531964
,Overhead,AC,394,Advanced Aluminum Conductor,100,0.5828619013912494,LCC Converter,0,False,0,,,52.41665492991125,0.032483257600726734,1.9829659620371878,12.0,59.0,20251110_163139,2025-11-10T16:31:41.404658,detail,conductor,132301.4397,7805784.942299999,3027785.841832728
,Overhead,AC,394,Advanced Aluminum Conductor,100,0.5828619013912494,LCC Converter,0,False,0,,,52.41665492991125,0.032483257600726734,1.9829659620371878,12.0,59.0,20251110_163139,2025-11-10T16:31:41.404658,detail,converter,0,0.0,0.0
,Overhead,AC,394,Advanced Aluminum Conductor,100,0.5828619013912494,LCC Converter,0,False,0,,,52.41665492991125,0.032483257600726734,1.9829659620371878,12.0,59.0,20251110_163139,2025-11-10T16:31:41.404658,detail,structure,1663099.4957370986,98122870.24848881,38060879.1421333
,Overhead,AC,394,Advanced Aluminum Conductor,100,0.5828619013912494,LCC Converter,0,False,0,,,52.41665492991125,0.032483257600726734,1.9829659620371878,12.0,59.0,20251110_163139,2025-11-10T16:31:41.404658,detail,vegetation,933099.4957370987,55052870.24848883,21354457.28043765
,Overhead,AC,394,Advanced Aluminum Conductor,100,0.5828619013912494,LCC Converter,0,False,0,,,52.41665492991125,0.032483257600726734,1.9829659620371878,12.0,59.0,20251110_163139,2025-11-10T16:31:41.404658,summary,all,2728500.4311741972,160981525.43927765,62443122.26440368
,Overhead,AC,394,Advanced Aluminum Conductor,100,0.755829825115823,LCC Converter,0,False,0,,,53.57567058657517,0.03299440285886065,1.272098184549661,11.0,58.0,20251110_163141,2025-11-10T16:31:43.254836,detail,conductor,132301.4397,7673483.502599999,2161285.0171200233
,Overhead,AC,394,Advanced Aluminum Conductor,100,0.755829825115823,LCC Converter,0,False,0,,,53.57567058657517,0.03299440285886065,1.272098184549661,11.0,58.0,20251110_163141,2025-11-10T16:31:43.254836,detail,converter,0,0.0,0.0
,Overhead,AC,394,Advanced Aluminum Conductor,100,0.755829825115823,LCC Converter,0,False,0,,,53.57567058657517,0.03299440285886065,1.272098184549661,11.0,58.0,20251110_163141,2025-11-10T16:31:43.254836,detail,structure,1330120.4907238297,77146988.46198213,21728935.785464063
,Overhead,AC,394,Advanced Aluminum Conductor,100,0.755829825115823,LCC Converter,0,False,0,,,53.57567058657517,0.03299440285886065,1.272098184549661,11.0,58.0,20251110_163141,2025-11-10T16:31:43.254836,detail,vegetation,600120.4907238296,34806988.461982116,9803607.79148898
,Overhead,AC,394,Advanced Aluminum Conductor,100,0.755829825115823,LCC Converter,0,False,0,,,53.57567058657517,0.03299440285886065,1.272098184549661,11.0,58.0,20251110_163141,2025-11-10T16:31:43.254836,summary,all,2062542.4211476594,119627460.42656425,33693828.594073065
,Overhead,AC,394,Advanced Aluminum Conductor,100,0.6330048321353319,LCC Converter,0,False,0,,,66.28870562416121,0.028472546420398218,1.161141564645387,6.0,46.0,20251110_163143,2025-11-10T16:31:45.106313,detail,conductor,132301.4397,6085866.226199999,1920376.18807131
,Overhead,AC,394,Advanced Aluminum Conductor,100,0.6330048321353319,LCC Converter,0,False,0,,,66.28870562416121,0.028472546420398218,1.161141564645387,6.0,46.0,20251110_163143,2025-11-10T16:31:45.106313,detail,converter,0,0.0,0.0
,Overhead,AC,394,Advanced Aluminum Conductor,100,0.6330048321353319,LCC Converter,0,False,0,,,66.28870562416121,0.028472546420398218,1.161141564645387,6.0,46.0,20251110_163143,2025-11-10T16:31:45.106313,detail,structure,1165238.0552549588,53600950.5417281,16913613.48614367
,Overhead,AC,394,Advanced Aluminum Conductor,100,0.6330048321353319,LCC Converter,0,False,0,,,66.28870562416121,0.028472546420398218,1.161141564645387,6.0,46.0,20251110_163143,2025-11-10T16:31:45.106313,detail,vegetation,435238.0552549588,20020950.541728105,6317548.768549703
,Overhead,AC,394,Advanced Aluminum Conductor,100,0.6330048321353319,LCC Converter,0,False,0,,,66.28870562416121,0.028472546420398218,1.161141564645387,6.0,46.0,20251110_163143,2025-11-10T16:31:45.106313,summary,all,1732777.5502099176,79707767.3096562,25151538.442764685
,Overhead,AC,394,Advanced Aluminum Conductor,100,0.655636878720667,LCC Converter,0,False,0,,,57.62780367625777,0.02284124378806906,1.2299103927502721,10.0,54.0,20251110_163145,2025-11-10T16:31:46.961993,detail,conductor,132301.4397,7144277.743799999,3400841.305646865
,Overhead,AC,394,Advanced Aluminum Conductor,100,0.655636878720667,LCC Converter,0,False,0,,,57.62780367625777,0.02284124378806906,1.2299103927502721,10.0,54.0,20251110_163145,2025-11-10T16:31:46.961993,detail,converter,0,0.0,0.0
,Overhead,AC,394,Advanced Aluminum Conductor,100,0.655636878720667,LCC Converter,0,False,0,,,57.62780367625777,0.02284124378806906,1.2299103927502721,10.0,54.0,20251110_163145,2025-11-10T16:31:46.961993,detail,structure,1536633.9525658232,82978233.43855445,39499556.68959557
,Overhead,AC,394,Advanced Aluminum Conductor,100,0.655636878720667,LCC Converter,0,False,0,,,57.62780367625777,0.02284124378806906,1.2299103927502721,10.0,54.0,20251110_163145,2025-11-10T16:31:46.961993,detail,vegetation,806633.9525658232,43558233.43855445,20734725.719111335
,Overhead,AC,394,Advanced Aluminum Conductor,100,0.655636878720667,LCC Converter,0,False,0,,,57.62780367625777,0.02284124378806906,1.2299103927502721,10.0,54.0,20251110_163145,2025-11-10T16:31:46.961993,summary,all,2475569.3448316464,133680744.6209089,63635123.71435377
,Overhead,AC,394,Advanced Aluminum Conductor,100,0.7053566416765786,LCC Converter,0,False,0,,,73.18520527819166,0.03908764947276545,1.4179500674333223,4.0,50.0,20251110_163147,2025-11-10T16:31:48.817791,detail,conductor,132301.4397,6615071.984999999,1745245.250596145
,Overhead,AC,394,Advanced Aluminum Conductor,100,0.7053566416765786,LCC Converter,0,False,0,,,73.18520527819166,0.03908764947276545,1.4179500674333223,4.0,50.0,20251110_163147,2025-11-10T16:31:48.817791,detail,converter,0,0.0,0.0
,Overhead,AC,394,Advanced Aluminum Conductor,100,0.7053566416765786,LCC Converter,0,False,0,,,73.18520527819166,0.03908764947276545,1.4179500674333223,4.0,50.0,20251110_163147,2025-11-10T16:31:48.817791,detail,structure,1475544.5565488117,73777227.82744059,19464543.50911957
,Overhead,AC,394,Advanced Aluminum Conductor,100,0.7053566416765786,LCC Converter,0,False,0,,,73.18520527819166,0.03908764947276545,1.4179500674333223,4.0,50.0,20251110_163147,2025-11-10T16:31:48.817791,detail,vegetation,745544.5565488117,37277227.82744059,9834799.223463194
,Overhead,AC,394,Advanced Aluminum Conductor,100,0.7053566416765786,LCC Converter,0,False,0,,,73.18520527819166,0.03908764947276545,1.4179500674333223,4.0,50.0,20251110_163147,2025-11-10T16:31:48.817791,summary,all,2353390.5527976234,117669527.63988118,31044587.983178906
,Overhead,AC,394,Advanced Aluminum Conductor,100,0.7452403551759605,LCC Converter,0,False,0,,,38.209393752190365,0.029695958238807187,1.6567238013970411,1.0,53.0,20251110_163149,2025-11-10T16:31:50.650366,detail,conductor,132301.4397,7011976.304099999,3954434.886545463
,Overhead,AC,394,Advanced Aluminum Conductor,100,0.7452403551759605,LCC Converter,0,False,0,,,38.209393752190365,0.029695958238807187,1.6567238013970411,1.0,53.0,20251110_163149,2025-11-10T16:31:50.650366,detail,converter,0,0.0,0.0
,Overhead,AC,394,Advanced Aluminum Conductor,100,0.7452403551759605,LCC Converter,0,False,0,,,38.209393752190365,0.029695958238807187,1.6567238013970411,1.0,53.0,20251110_163149,2025-11-10T16:31:50.650366,detail,structure,1667631.3725944576,88384462.74750625,49844806.6222005
,Overhead,AC,394,Advanced Aluminum Conductor,100,0.7452403551759605,LCC Converter,0,False,0,,,38.209393752190365,0.029695958238807187,1.6567238013970411,1.0,53.0,20251110_163149,2025-11-10T16:31:50.650366,detail,vegetation,937631.3725944577,49694462.74750626,28025410.90191199
,Overhead,AC,394,Advanced Aluminum Conductor,100,0.7452403551759605,LCC Converter,0,False,0,,,38.209393752190365,0.029695958238807187,1.6567238013970411,1.0,53.0,20251110_163149,2025-11-10T16:31:50.650366,summary,all,2737564.184888915,145090901.7991125,81824652.41065794
,Overhead,AC,394,Advanced Aluminum Conductor,100,0.7247242514108667,LCC Converter,0,False,0,,,46.45181698539762,0.034875692457761065,0.7400560153010842,19.0,56.0,20251110_163150,2025-11-10T16:31:52.507715,detail,conductor,132301.4397,7408880.623199999,1765917.523655974
,Overhead,AC,394,Advanced Aluminum Conductor,100,0.7247242514108667,LCC Converter,0,False,0,,,46.45181698539762,0.034875692457761065,0.7400560153010842,19.0,56.0,20251110_163150,2025-11-10T16:31:52.507715,detail,converter,0,0.0,0.0
,Overhead,AC,394,Advanced Aluminum Conductor,100,0.7247242514108667,LCC Converter,0,False,0,,,46.45181698539762,0.034875692457761065,0.7400560153010842,19.0,56.0,20251110_163150,2025-11-10T16:31:52.507715,detail,structure,1218675.0898212907,68245805.02999228,16266487.361274235
,Overhead,AC,394,Advanced Aluminum Conductor,100,0.7247242514108667,LCC Converter,0,False,0,,,46.45181698539762,0.034875692457761065,0.7400560153010842,19.0,56.0,20251110_163150,2025-11-10T16:31:52.507715,detail,vegetation,488675.0898212907,27365805.02999228,6522679.620466554
,Overhead,AC,394,Advanced Aluminum Conductor,100,0.7247242514108667,LCC Converter,0,False,0,,,46.45181698539762,0.034875692457761065,0.7400560153010842,19.0,56.0,20251110_163150,2025-11-10T16:31:52.507715,summary,all,1839651.6193425814,103020490.68318456,24555084.50539676
,Overhead,AC,394,Advanced Aluminum Conductor,100,0.5964698234529174,LCC Converter,0,False,0,,,55.97708641105971,0.026004526140302693,2.5633624679439606,1.0,42.0,20251110_163152,2025-11-10T16:31:54.352720,detail,conductor,132301.4397,5556660.4673999995,1956501.2326223464
,Overhead,AC,394,Advanced Aluminum Conductor,100,0.5964698234529174,LCC Converter,0,False,0,,,55.97708641105971,0.026004526140302693,2.5633624679439606,1.0,42.0,20251110_163152,2025-11-10T16:31:54.352720,detail,converter,0,0.0,0.0
,Overhead,AC,394,Advanced Aluminum Conductor,100,0.5964698234529174,LCC Converter,0,False,0,,,55.97708641105971,0.026004526140302693,2.5633624679439606,1.0,42.0,20251110_163152,2025-11-10T16:31:54.352720,detail,structure,1199095.5720501817,50362014.02610763,17732474.945608467
,Overhead,AC,394,Advanced Aluminum Conductor,100,0.5964698234529174,LCC Converter,0,False,0,,,55.97708641105971,0.026004526140302693,2.5633624679439606,1.0,42.0,20251110_163152,2025-11-10T16:31:54.352720,detail,vegetation,469095.5720501818,19702014.026107635,6937082.975173895
,Overhead,AC,394,Advanced Aluminum Conductor,100,0.5964698234529174,LCC Converter,0,False,0,,,55.97708641105971,0.026004526140302693,2.5633624679439606,1.0,42.0,20251110_163152,2025-11-10T16:31:54.352720,summary,all,1800492.5838003634,75620688.51961526,26626059.15340471
,Overhead,AC,394,Advanced Aluminum Conductor,100,0.6086539404797531,LCC Converter,0,False,0,,,61.80142145501443,0.02687748574830624,1.0393095845247422,10.0,48.0,20251110_163154,2025-11-10T16:31:56.183242,detail,conductor,132301.4397,6350469.105599999,4466838.634636166
,Overhead,AC,394,Advanced Aluminum Conductor,100,0.6086539404797531,LCC Converter,0,False,0,,,61.80142145501443,0.02687748574830624,1.0393095845247422,10.0,48.0,20251110_163154,2025-11-10T16:31:56.183242,detail,converter,0,0.0,0.0
,Overhead,AC,394,Advanced Aluminum Conductor,100,0.6086539404797531,LCC Converter,0,False,0,,,61.80142145501443,0.02687748574830624,1.0393095845247422,10.0,48.0,20251110_163154,2025-11-10T16:31:56.183242,detail,structure,1342988.134282973,64463430.4455827,45342751.35384735
,Overhead,AC,394,Advanced Aluminum Conductor,100,0.6086539404797531,LCC Converter,0,False,0,,,61.80142145501443,0.02687748574830624,1.0393095845247422,10.0,48.0,20251110_163154,2025-11-10T16:31:56.183242,detail,vegetation,612988.1342829729,29423430.4455827,20696064.132012066
,Overhead,AC,394,Advanced Aluminum Conductor,100,0.6086539404797531,LCC Converter,0,False,0,,,61.80142145501443,0.02687748574830624,1.0393095845247422,10.0,48.0,20251110_163154,2025-11-10T16:31:56.183242,summary,all,2088277.7082659458,100237329.9967654,70505654.12049557
,Overhead,AC,394,Advanced Aluminum Conductor,100,0.7003724369694428,LCC Converter,0,False,0,,,40.14216246972955,0.03325180962228855,2.073336541352047,8.0,40.0,20251110_163156,2025-11-10T16:31:58.010198,detail,conductor,132301.4397,5292057.5879999995,2117070.7706001974
,Overhead,AC,394,Advanced Aluminum Conductor,100,0.7003724369694428,LCC Converter,0,False,0,,,40.14216246972955,0.03325180962228855,2.073336541352047,8.0,40.0,20251110_163156,2025-11-10T16:31:58.010198,detail,converter,0,0.0,0.0
,Overhead,AC,394,Advanced Aluminum Conductor,100,0.7003724369694428,LCC Converter,0,False,0,,,40.14216246972955,0.03325180962228855,2.073336541352047,8.0,40.0,20251110_163156,2025-11-10T16:31:58.010198,detail,structure,1601799.1331923394,64071965.32769358,25631785.51150894
,Overhead,AC,394,Advanced Aluminum Conductor,100,0.7003724369694428,LCC Converter,0,False,0,,,40.14216246972955,0.03325180962228855,2.073336541352047,8.0,40.0,20251110_163156,2025-11-10T16:31:58.010198,detail,vegetation,871799.1331923394,34871965.32769358,13950418.581243075
,Overhead,AC,394,Advanced Aluminum Conductor,100,0.7003724369694428,LCC Converter,0,False,0,,,40.14216246972955,0.03325180962228855,2.073336541352047,8.0,40.0,20251110_163156,2025-11-10T16:31:58.010198,summary,all,2605899.706084679,104235988.24338716,41699274.86335221
